10,25,2013,5,19.37,14.145,11.605,1.765,7.18,9.12,5.9,3.795,-1.17,-0.255,-0.405,-2.885,-3.835,-2.19,-1.725,-1.335,-0.25,0.415,0.54,-7.775,-8.52,-7.355,-7.88,-5.26,-3.41,-0.645,0.135,-0.815,-4.385,-4.015,0.185
10,26,2013,6,18.5,19.37,14.145,11.605,1.765,7.18,9.12,5.9,3.795,-1.17,-0.255,-0.405,-2.885,-3.835,-2.19,-1.725,-1.335,-0.25,0.415,0.54,-7.775,-8.52,-7.355,-7.88,-5.26,-3.41,-0.645,0.135,-0.815,-4.385,-4.015
10,27,2013,7,11.03,18.5,19.37,14.145,11.605,1.765,7.18,9.12,5.9,3.795,-1.17,-0.255,-0.405,-2.885,-3.835,-2.19,-1.725,-1.335,-0.25,0.415,0.54,-7.775,-8.52,-7.355,-7.88,-5.26,-3.41,-0.645,0.135,-0.815,-4.385
10,28,2013,1,5.665,11.03,18.5,19.37,14.145,11.605,1.765,7.18,9.12,5.9,3.795,-1.17,-0.255,-0.405,-2.885,-3.835,-2.19,-1.725,-1.335,-0.25,0.415,0.54,-7.775,-8.52,-7.355,-7.88,-5.26,-3.41,-0.645,0.135,-0.815
10,29,2013,2,1.535,5.665,11.03,18.5,19.37,14.145,11.605,1.765,7.18,9.12,5.9,3.795,-1.17,-0.255,-0.405,-2.885,-3.835,-2.19,-1.725,-1.335,-0.25,0.415,0.54,-7.775,-8.52,-7.355,-7.88,-5.26,-3.41,-0.645,0.135
10,30,2013,3,-0.535,1.535,5.665,11.03,18.5,19.37,14.145,11.605,1.765,7.18,9.12,5.9,3.795,-1.17,-0.255,-0.405,-2.885,-3.835,-2.19,-1.725,-1.335,-0.25,0.415,0.54,-7.775,-8.52,-7.355,-7.88,-5.26,-3.41,-0.645
10,31,2013,4,-1.55,-0.535,1.535,5.665,11.03,18.5,19.37,14.145,11.605,1.765,7.18,9.12,5.9,3.795,-1.17,-0.255,-0.405,-2.885,-3.835,-2.19,-1.725,-1.335,-0.25,0.415,0.54,-7.775,-8.52,-7.355,-7.88,-5.26,-3.41
11,1,2013,5,-1.985,-1.55,-0.535,1.535,5.665,11.03,18.5,19.37,14.145,11.605,1.765,7.18,9.12,5.9,3.795,-1.17,-0.255,-0.405,-2.885,-3.835,-2.19,-1.725,-1.335,-0.25,0.415,0.54,-7.775,-8.52,-7.355,-7.88,-5.26
11,2,2013,6,7.91,-1.985,-1.55,-0.535,1.535,5.665,11.03,18.5,19.37,14.145,11.605,1.765,7.18,9.12,5.9,3.795,-1.17,-0.255,-0.405,-2.885,-3.835,-2.19,-1.725,-1.335,-0.25,0.415,0.54,-7.775,-8.52,-7.355,-7.88
11,3,2013,7,11.77,7.91,-1.985,-1.55,-0.535,1.535,5.665,11.03,18.5,19.37,14.145,11.605,1.765,7.18,9.12,5.9,3.795,-1.17,-0.255,-0.405,-2.885,-3.835,-2.19,-1.725,-1.335,-0.25,0.415,0.54,-7.775,-8.52,-7.355
11,4,2013,1,12.885,11.77,7.91,-1.985,-1.55,-0.535,1.535,5.665,11.03,18.5,19.37,14.145,11.605,1.765,7.18,9.12,5.9,3.795,-1.17,-0.255,-0.405,-2.885,-3.835,-2.19,-1.725,-1.335,-0.25,0.415,0.54,-7.775,-8.52
11,5,2013,2,11.19,12.885,11.77,7.91,-1.985,-1.55,-0.535,1.535,5.665,11.03,18.5,19.37,14.145,11.605,1.765,7.18,9.12,5.9,3.795,-1.17,-0.255,-0.405,-2.885,-3.835,-2.19,-1.725,-1.335,-0.25,0.415,0.54,-7.775
11,6,2013,3,3.76,11.19,12.885,11.77,7.91,-1.985,-1.55,-0.535,1.535,5.665,11.03,18.5,19.37,14.145,11.605,1.765,7.18,9.12,5.9,3.795,-1.17,-0.255,-0.405,-2.885,-3.835,-2.19,-1.725,-1.335,-0.25,0.415,0.54
11,7,2013,4,11.225,3.76,11.19,12.885,11.77,7.91,-1.985,-1.55,-0.535,1.535,5.665,11.03,18.5,19.37,14.145,11.605,1.765,7.18,9.12,5.9,3.795,-1.17,-0.255,-0.405,-2.885,-3.835,-2.19,-1.725,-1.335,-0.25,0.415
11,8,2013,5,15.395,11.225,3.76,11.19,12.885,11.77,7.91,-1.985,-1.55,-0.535,1.535,5.665,11.03,18.5,19.37,14.145,11.605,1.765,7.18,9.12,5.9,3.795,-1.17,-0.255,-0.405,-2.885,-3.835,-2.19,-1.725,-1.335,-0.25
11,9,2013,6,16.64,15.395,11.225,3.76,11.19,12.885,11.77,7.91,-1.985,-1.55,-0.535,1.535,5.665,11.03,18.5,19.37,14.145,11.605,1.765,7.18,9.12,5.9,3.795,-1.17,-0.255,-0.405,-2.885,-3.835,-2.19,-1.725,-1.335
11,10,2013,7,6.475,16.64,15.395,11.225,3.76,11.19,12.885,11.77,7.91,-1.985,-1.55,-0.535,1.535,5.665,11.03,18.5,19.37,14.145,11.605,1.765,7.18,9.12,5.9,3.795,-1.17,-0.255,-0.405,-2.885,-3.835,-2.19,-1.725
11,11,2013,1,12.47,6.475,16.64,15.395,11.225,3.76,11.19,12.885,11.77,7.91,-1.985,-1.55,-0.535,1.535,5.665,11.03,18.5,19.37,14.145,11.605,1.765,7.18,9.12,5.9,3.795,-1.17,-0.255,-0.405,-2.885,-3.835,-2.19
11,12,2013,2,18.135,12.47,6.475,16.64,15.395,11.225,3.76,11.19,12.885,11.77,7.91,-1.985,-1.55,-0.535,1.535,5.665,11.03,18.5,19.37,14.145,11.605,1.765,7.18,9.12,5.9,3.795,-1.17,-0.255,-0.405,-2.885,-3.835
11,13,2013,3,27.19,18.135,12.47,6.475,16.64,15.395,11.225,3.76,11.19,12.885,11.77,7.91,-1.985,-1.55,-0.535,1.535,5.665,11.03,18.5,19.37,14.145,11.605,1.765,7.18,9.12,5.9,3.795,-1.17,-0.255,-0.405,-2.885
11,14,2013,4,22.945,27.19,18.135,12.47,6.475,16.64,15.395,11.225,3.76,11.19,12.885,11.77,7.91,-1.985,-1.55,-0.535,1.535,5.665,11.03,18.5,19.37,14.145,11.605,1.765,7.18,9.12,5.9,3.795,-1.17,-0.255,-0.405
11,15,2013,5,20.76,22.945,27.19,18.135,12.47,6.475,16.64,15.395,11.225,3.76,11.19,12.885,11.77,7.91,-1.985,-1.55,-0.535,1.535,5.665,11.03,18.5,19.37,14.145,11.605,1.765,7.18,9.12,5.9,3.795,-1.17,-0.255
11,16,2013,6,9.91,20.76,22.945,27.19,18.135,12.47,6.475,16.64,15.395,11.225,3.76,11.19,12.885,11.77,7.91,-1.985,-1.55,-0.535,1.535,5.665,11.03,18.5,19.37,14.145,11.605,1.765,7.18,9.12,5.9,3.795,-1.17
11,17,2013,7,1.42,9.91,20.76,22.945,27.19,18.135,12.47,6.475,16.64,15.395,11.225,3.76,11.19,12.885,11.77,7.91,-1.985,-1.55,-0.535,1.535,5.665,11.03,18.5,19.37,14.145,11.605,1.765,7.18,9.12,5.9,3.795
11,18,2013,1,3.865,1.42,9.91,20.76,22.945,27.19,18.135,12.47,6.475,16.64,15.395,11.225,3.76,11.19,12.885,11.77,7.91,-1.985,-1.55,-0.535,1.535,5.665,11.03,18.5,19.37,14.145,11.605,1.765,7.18,9.12,5.9
11,19,2013,2,14.555,3.865,1.42,9.91,20.76,22.945,27.19,18.135,12.47,6.475,16.64,15.395,11.225,3.76,11.19,12.885,11.77,7.91,-1.985,-1.55,-0.535,1.535,5.665,11.03,18.5,19.37,14.145,11.605,1.765,7.18,9.12
11,20,2013,3,16.94,14.555,3.865,1.42,9.91,20.76,22.945,27.19,18.135,12.47,6.475,16.64,15.395,11.225,3.76,11.19,12.885,11.77,7.91,-1.985,-1.55,-0.535,1.535,5.665,11.03,18.5,19.37,14.145,11.605,1.765,7.18
11,21,2013,4,12.855,16.94,14.555,3.865,1.42,9.91,20.76,22.945,27.19,18.135,12.47,6.475,16.64,15.395,11.225,3.76,11.19,12.885,11.77,7.91,-1.985,-1.55,-0.535,1.535,5.665,11.03,18.5,19.37,14.145,11.605,1.765
11,22,2013,5,7.845,12.855,16.94,14.555,3.865,1.42,9.91,20.76,22.945,27.19,18.135,12.47,6.475,16.64,15.395,11.225,3.76,11.19,12.885,11.77,7.91,-1.985,-1.55,-0.535,1.535,5.665,11.03,18.5,19.37,14.145,11.605
11,23,2013,6,14.335,7.845,12.855,16.94,14.555,3.865,1.42,9.91,20.76,22.945,27.19,18.135,12.47,6.475,16.64,15.395,11.225,3.76,11.19,12.885,11.77,7.91,-1.985,-1.55,-0.535,1.535,5.665,11.03,18.5,19.37,14.145
11,24,2013,7,27.305,14.335,7.845,12.855,16.94,14.555,3.865,1.42,9.91,20.76,22.945,27.19,18.135,12.47,6.475,16.64,15.395,11.225,3.76,11.19,12.885,11.77,7.91,-1.985,-1.55,-0.535,1.535,5.665,11.03,18.5,19.37
11,25,2013,1,27.73,27.305,14.335,7.845,12.855,16.94,14.555,3.865,1.42,9.91,20.76,22.945,27.19,18.135,12.47,6.475,16.64,15.395,11.225,3.76,11.19,12.885,11.77,7.91,-1.985,-1.55,-0.535,1.535,5.665,11.03,18.5
11,26,2013,2,24.175,27.73,27.305,14.335,7.845,12.855,16.94,14.555,3.865,1.42,9.91,20.76,22.945,27.19,18.135,12.47,6.475,16.64,15.395,11.225,3.76,11.19,12.885,11.77,7.91,-1.985,-1.55,-0.535,1.535,5.665,11.03
11,27,2013,3,29.385,24.175,27.73,27.305,14.335,7.845,12.855,16.94,14.555,3.865,1.42,9.91,20.76,22.945,27.19,18.135,12.47,6.475,16.64,15.395,11.225,3.76,11.19,12.885,11.77,7.91,-1.985,-1.55,-0.535,1.535,5.665
11,28,2013,4,29.545,29.385,24.175,27.73,27.305,14.335,7.845,12.855,16.94,14.555,3.865,1.42,9.91,20.76,22.945,27.19,18.135,12.47,6.475,16.64,15.395,11.225,3.76,11.19,12.885,11.77,7.91,-1.985,-1.55,-0.535,1.535
11,29,2013,5,22.55,29.545,29.385,24.175,27.73,27.305,14.335,7.845,12.855,16.94,14.555,3.865,1.42,9.91,20.76,22.945,27.19,18.135,12.47,6.475,16.64,15.395,11.225,3.76,11.19,12.885,11.77,7.91,-1.985,-1.55,-0.535
11,30,2013,6,21.565,22.55,29.545,29.385,24.175,27.73,27.305,14.335,7.845,12.855,16.94,14.555,3.865,1.42,9.91,20.76,22.945,27.19,18.135,12.47,6.475,16.64,15.395,11.225,3.76,11.19,12.885,11.77,7.91,-1.985,-1.55
12,1,2013,7,14.575,21.565,22.55,29.545,29.385,24.175,27.73,27.305,14.335,7.845,12.855,16.94,14.555,3.865,1.42,9.91,20.76,22.945,27.19,18.135,12.47,6.475,16.64,15.395,11.225,3.76,11.19,12.885,11.77,7.91,-1.985
12,2,2013,1,16.015,14.575,21.565,22.55,29.545,29.385,24.175,27.73,27.305,14.335,7.845,12.855,16.94,14.555,3.865,1.42,9.91,20.76,22.945,27.19,18.135,12.47,6.475,16.64,15.395,11.225,3.76,11.19,12.885,11.77,7.91
12,3,2013,2,11.78,16.015,14.575,21.565,22.55,29.545,29.385,24.175,27.73,27.305,14.335,7.845,12.855,16.94,14.555,3.865,1.42,9.91,20.76,22.945,27.19,18.135,12.47,6.475,16.64,15.395,11.225,3.76,11.19,12.885,11.77
12,4,2013,3,2.11,11.78,16.015,14.575,21.565,22.55,29.545,29.385,24.175,27.73,27.305,14.335,7.845,12.855,16.94,14.555,3.865,1.42,9.91,20.76,22.945,27.19,18.135,12.47,6.475,16.64,15.395,11.225,3.76,11.19,12.885
12,5,2013,4,-3.355,2.11,11.78,16.015,14.575,21.565,22.55,29.545,29.385,24.175,27.73,27.305,14.335,7.845,12.855,16.94,14.555,3.865,1.42,9.91,20.76,22.945,27.19,18.135,12.47,6.475,16.64,15.395,11.225,3.76,11.19
12,6,2013,5,-0.715,-3.355,2.11,11.78,16.015,14.575,21.565,22.55,29.545,29.385,24.175,27.73,27.305,14.335,7.845,12.855,16.94,14.555,3.865,1.42,9.91,20.76,22.945,27.19,18.135,12.47,6.475,16.64,15.395,11.225,3.76
12,7,2013,6,17.17,-0.715,-3.355,2.11,11.78,16.015,14.575,21.565,22.55,29.545,29.385,24.175,27.73,27.305,14.335,7.845,12.855,16.94,14.555,3.865,1.42,9.91,20.76,22.945,27.19,18.135,12.47,6.475,16.64,15.395,11.225
12,8,2013,7,20.21,17.17,-0.715,-3.355,2.11,11.78,16.015,14.575,21.565,22.55,29.545,29.385,24.175,27.73,27.305,14.335,7.845,12.855,16.94,14.555,3.865,1.42,9.91,20.76,22.945,27.19,18.135,12.47,6.475,16.64,15.395
12,9,2013,1,20.025,20.21,17.17,-0.715,-3.355,2.11,11.78,16.015,14.575,21.565,22.55,29.545,29.385,24.175,27.73,27.305,14.335,7.845,12.855,16.94,14.555,3.865,1.42,9.91,20.76,22.945,27.19,18.135,12.47,6.475,16.64
12,10,2013,2,23.395,20.025,20.21,17.17,-0.715,-3.355,2.11,11.78,16.015,14.575,21.565,22.55,29.545,29.385,24.175,27.73,27.305,14.335,7.845,12.855,16.94,14.555,3.865,1.42,9.91,20.76,22.945,27.19,18.135,12.47,6.475
12,11,2013,3,24.45,23.395,20.025,20.21,17.17,-0.715,-3.355,2.11,11.78,16.015,14.575,21.565,22.55,29.545,29.385,24.175,27.73,27.305,14.335,7.845,12.855,16.94,14.555,3.865,1.42,9.91,20.76,22.945,27.19,18.135,12.47
12,12,2013,4,27.18,24.45,23.395,20.025,20.21,17.17,-0.715,-3.355,2.11,11.78,16.015,14.575,21.565,22.55,29.545,29.385,24.175,27.73,27.305,14.335,7.845,12.855,16.94,14.555,3.865,1.42,9.91,20.76,22.945,27.19,18.135
12,13,2013,5,23.54,27.18,24.45,23.395,20.025,20.21,17.17,-0.715,-3.355,2.11,11.78,16.015,14.575,21.565,22.55,29.545,29.385,24.175,27.73,27.305,14.335,7.845,12.855,16.94,14.555,3.865,1.42,9.91,20.76,22.945,27.19
12,14,2013,6,16.085,23.54,27.18,24.45,23.395,20.025,20.21,17.17,-0.715,-3.355,2.11,11.78,16.015,14.575,21.565,22.55,29.545,29.385,24.175,27.73,27.305,14.335,7.845,12.855,16.94,14.555,3.865,1.42,9.91,20.76,22.945
12,15,2013,7,23.005,16.085,23.54,27.18,24.45,23.395,20.025,20.21,17.17,-0.715,-3.355,2.11,11.78,16.015,14.575,21.565,22.55,29.545,29.385,24.175,27.73,27.305,14.335,7.845,12.855,16.94,14.555,3.865,1.42,9.91,20.76
12,16,2013,1,22.915,23.005,16.085,23.54,27.18,24.45,23.395,20.025,20.21,17.17,-0.715,-3.355,2.11,11.78,16.015,14.575,21.565,22.55,29.545,29.385,24.175,27.73,27.305,14.335,7.845,12.855,16.94,14.555,3.865,1.42,9.91
12,17,2013,2,18.44,22.915,23.005,16.085,23.54,27.18,24.45,23.395,20.025,20.21,17.17,-0.715,-3.355,2.11,11.78,16.015,14.575,21.565,22.55,29.545,29.385,24.175,27.73,27.305,14.335,7.845,12.855,16.94,14.555,3.865,1.42
12,18,2013,3,21.625,18.44,22.915,23.005,16.085,23.54,27.18,24.45,23.395,20.025,20.21,17.17,-0.715,-3.355,2.11,11.78,16.015,14.575,21.565,22.55,29.545,29.385,24.175,27.73,27.305,14.335,7.845,12.855,16.94,14.555,3.865
12,19,2013,4,19.14,21.625,18.44,22.915,23.005,16.085,23.54,27.18,24.45,23.395,20.025,20.21,17.17,-0.715,-3.355,2.11,11.78,16.015,14.575,21.565,22.55,29.545,29.385,24.175,27.73,27.305,14.335,7.845,12.855,16.94,14.555
12,20,2013,5,16.94,19.14,21.625,18.44,22.915,23.005,16.085,23.54,27.18,24.45,23.395,20.025,20.21,17.17,-0.715,-3.355,2.11,11.78,16.015,14.575,21.565,22.55,29.545,29.385,24.175,27.73,27.305,14.335,7.845,12.855,16.94
12,21,2013,6,4.57,16.94,19.14,21.625,18.44,22.915,23.005,16.085,23.54,27.18,24.45,23.395,20.025,20.21,17.17,-0.715,-3.355,2.11,11.78,16.015,14.575,21.565,22.55,29.545,29.385,24.175,27.73,27.305,14.335,7.845,12.855
12,22,2013,7,1.495,4.57,16.94,19.14,21.625,18.44,22.915,23.005,16.085,23.54,27.18,24.45,23.395,20.025,20.21,17.17,-0.715,-3.355,2.11,11.78,16.015,14.575,21.565,22.55,29.545,29.385,24.175,27.73,27.305,14.335,7.845
12,23,2013,1,18.385,1.495,4.57,16.94,19.14,21.625,18.44,22.915,23.005,16.085,23.54,27.18,24.45,23.395,20.025,20.21,17.17,-0.715,-3.355,2.11,11.78,16.015,14.575,21.565,22.55,29.545,29.385,24.175,27.73,27.305,14.335
12,24,2013,2,31.415,18.385,1.495,4.57,16.94,19.14,21.625,18.44,22.915,23.005,16.085,23.54,27.18,24.45,23.395,20.025,20.21,17.17,-0.715,-3.355,2.11,11.78,16.015,14.575,21.565,22.55,29.545,29.385,24.175,27.73,27.305
12,25,2013,3,29.655,31.415,18.385,1.495,4.57,16.94,19.14,21.625,18.44,22.915,23.005,16.085,23.54,27.18,24.45,23.395,20.025,20.21,17.17,-0.715,-3.355,2.11,11.78,16.015,14.575,21.565,22.55,29.545,29.385,24.175,27.73
12,26,2013,4,22.645,29.655,31.415,18.385,1.495,4.57,16.94,19.14,21.625,18.44,22.915,23.005,16.085,23.54,27.18,24.45,23.395,20.025,20.21,17.17,-0.715,-3.355,2.11,11.78,16.015,14.575,21.565,22.55,29.545,29.385,24.175
12,27,2013,5,24.58,22.645,29.655,31.415,18.385,1.495,4.57,16.94,19.14,21.625,18.44,22.915,23.005,16.085,23.54,27.18,24.45,23.395,20.025,20.21,17.17,-0.715,-3.355,2.11,11.78,16.015,14.575,21.565,22.55,29.545,29.385
12,28,2013,6,26.045,24.58,22.645,29.655,31.415,18.385,1.495,4.57,16.94,19.14,21.625,18.44,22.915,23.005,16.085,23.54,27.18,24.45,23.395,20.025,20.21,17.17,-0.715,-3.355,2.11,11.78,16.015,14.575,21.565,22.55,29.545
12,29,2013,7,20.54,26.045,24.58,22.645,29.655,31.415,18.385,1.495,4.57,16.94,19.14,21.625,18.44,22.915,23.005,16.085,23.54,27.18,24.45,23.395,20.025,20.21,17.17,-0.715,-3.355,2.11,11.78,16.015,14.575,21.565,22.55
12,30,2013,1,21.155,20.54,26.045,24.58,22.645,29.655,31.415,18.385,1.495,4.57,16.94,19.14,21.625,18.44,22.915,23.005,16.085,23.54,27.18,24.45,23.395,20.025,20.21,17.17,-0.715,-3.355,2.11,11.78,16.015,14.575,21.565
12,31,2013,2,25.895,21.155,20.54,26.045,24.58,22.645,29.655,31.415,18.385,1.495,4.57,16.94,19.14,21.625,18.44,22.915,23.005,16.085,23.54,27.18,24.45,23.395,20.025,20.21,17.17,-0.715,-3.355,2.11,11.78,16.015,14.575
1,1,2014,3,24.545,25.895,21.155,20.54,26.045,24.58,22.645,29.655,31.415,18.385,1.495,4.57,16.94,19.14,21.625,18.44,22.915,23.005,16.085,23.54,27.18,24.45,23.395,20.025,20.21,17.17,-0.715,-3.355,2.11,11.78,16.015
1,2,2014,4,26.045,24.545,25.895,21.155,20.54,26.045,24.58,22.645,29.655,31.415,18.385,1.495,4.57,16.94,19.14,21.625,18.44,22.915,23.005,16.085,23.54,27.18,24.45,23.395,20.025,20.21,17.17,-0.715,-3.355,2.11,11.78
1,3,2014,5,37.89,26.045,24.545,25.895,21.155,20.54,26.045,24.58,22.645,29.655,31.415,18.385,1.495,4.57,16.94,19.14,21.625,18.44,22.915,23.005,16.085,23.54,27.18,24.45,23.395,20.025,20.21,17.17,-0.715,-3.355,2.11
1,4,2014,6,35.29,37.89,26.045,24.545,25.895,21.155,20.54,26.045,24.58,22.645,29.655,31.415,18.385,1.495,4.57,16.94,19.14,21.625,18.44,22.915,23.005,16.085,23.54,27.18,24.45,23.395,20.025,20.21,17.17,-0.715,-3.355
1,5,2014,7,23.99,35.29,37.89,26.045,24.545,25.895,21.155,20.54,26.045,24.58,22.645,29.655,31.415,18.385,1.495,4.57,16.94,19.14,21.625,18.44,22.915,23.005,16.085,23.54,27.18,24.45,23.395,20.025,20.21,17.17,-0.715
1,6,2014,1,34.725,23.99,35.29,37.89,26.045,24.545,25.895,21.155,20.54,26.045,24.58,22.645,29.655,31.415,18.385,1.495,4.57,16.94,19.14,21.625,18.44,22.915,23.005,16.085,23.54,27.18,24.45,23.395,20.025,20.21,17.17
1,7,2014,2,50.305,34.725,23.99,35.29,37.89,26.045,24.545,25.895,21.155,20.54,26.045,24.58,22.645,29.655,31.415,18.385,1.495,4.57,16.94,19.14,21.625,18.44,22.915,23.005,16.085,23.54,27.18,24.45,23.395,20.025,20.21
1,8,2014,3,34.245,50.305,34.725,23.99,35.29,37.89,26.045,24.545,25.895,21.155,20.54,26.045,24.58,22.645,29.655,31.415,18.385,1.495,4.57,16.94,19.14,21.625,18.44,22.915,23.005,16.085,23.54,27.18,24.45,23.395,20.025
1,9,2014,4,27.48,34.245,50.305,34.725,23.99,35.29,37.89,26.045,24.545,25.895,21.155,20.54,26.045,24.58,22.645,29.655,31.415,18.385,1.495,4.57,16.94,19.14,21.625,18.44,22.915,23.005,16.085,23.54,27.18,24.45,23.395
1,10,2014,5,21.63,27.48,34.245,50.305,34.725,23.99,35.29,37.89,26.045,24.545,25.895,21.155,20.54,26.045,24.58,22.645,29.655,31.415,18.385,1.495,4.57,16.94,19.14,21.625,18.44,22.915,23.005,16.085,23.54,27.18,24.45
1,11,2014,6,9.62,21.63,27.48,34.245,50.305,34.725,23.99,35.29,37.89,26.045,24.545,25.895,21.155,20.54,26.045,24.58,22.645,29.655,31.415,18.385,1.495,4.57,16.94,19.14,21.625,18.44,22.915,23.005,16.085,23.54,27.18
1,12,2014,7,17.72,9.62,21.63,27.48,34.245,50.305,34.725,23.99,35.29,37.89,26.045,24.545,25.895,21.155,20.54,26.045,24.58,22.645,29.655,31.415,18.385,1.495,4.57,16.94,19.14,21.625,18.44,22.915,23.005,16.085,23.54
1,13,2014,1,19.995,17.72,9.62,21.63,27.48,34.245,50.305,34.725,23.99,35.29,37.89,26.045,24.545,25.895,21.155,20.54,26.045,24.58,22.645,29.655,31.415,18.385,1.495,4.57,16.94,19.14,21.625,18.44,22.915,23.005,16.085
1,14,2014,2,16.165,19.995,17.72,9.62,21.63,27.48,34.245,50.305,34.725,23.99,35.29,37.89,26.045,24.545,25.895,21.155,20.54,26.045,24.58,22.645,29.655,31.415,18.385,1.495,4.57,16.94,19.14,21.625,18.44,22.915,23.005
1,15,2014,3,25.955,16.165,19.995,17.72,9.62,21.63,27.48,34.245,50.305,34.725,23.99,35.29,37.89,26.045,24.545,25.895,21.155,20.54,26.045,24.58,22.645,29.655,31.415,18.385,1.495,4.57,16.94,19.14,21.625,18.44,22.915
1,16,2014,4,30.54,25.955,16.165,19.995,17.72,9.62,21.63,27.48,34.245,50.305,34.725,23.99,35.29,37.89,26.045,24.545,25.895,21.155,20.54,26.045,24.58,22.645,29.655,31.415,18.385,1.495,4.57,16.94,19.14,21.625,18.44
1,17,2014,5,23.43,30.54,25.955,16.165,19.995,17.72,9.62,21.63,27.48,34.245,50.305,34.725,23.99,35.29,37.89,26.045,24.545,25.895,21.155,20.54,26.045,24.58,22.645,29.655,31.415,18.385,1.495,4.57,16.94,19.14,21.625
1,18,2014,6,31.28,23.43,30.54,25.955,16.165,19.995,17.72,9.62,21.63,27.48,34.245,50.305,34.725,23.99,35.29,37.89,26.045,24.545,25.895,21.155,20.54,26.045,24.58,22.645,29.655,31.415,18.385,1.495,4.57,16.94,19.14
1,19,2014,7,20.81,31.28,23.43,30.54,25.955,16.165,19.995,17.72,9.62,21.63,27.48,34.245,50.305,34.725,23.99,35.29,37.89,26.045,24.545,25.895,21.155,20.54,26.045,24.58,22.645,29.655,31.415,18.385,1.495,4.57,16.94
1,20,2014,1,16.52,20.81,31.28,23.43,30.54,25.955,16.165,19.995,17.72,9.62,21.63,27.48,34.245,50.305,34.725,23.99,35.29,37.89,26.045,24.545,25.895,21.155,20.54,26.045,24.58,22.645,29.655,31.415,18.385,1.495,4.57
1,21,2014,2,28.84,16.52,20.81,31.28,23.43,30.54,25.955,16.165,19.995,17.72,9.62,21.63,27.48,34.245,50.305,34.725,23.99,35.29,37.89,26.045,24.545,25.895,21.155,20.54,26.045,24.58,22.645,29.655,31.415,18.385,1.495
1,22,2014,3,39.53,28.84,16.52,20.81,31.28,23.43,30.54,25.955,16.165,19.995,17.72,9.62,21.63,27.48,34.245,50.305,34.725,23.99,35.29,37.89,26.045,24.545,25.895,21.155,20.54,26.045,24.58,22.645,29.655,31.415,18.385
1,23,2014,4,35.52,39.53,28.84,16.52,20.81,31.28,23.43,30.54,25.955,16.165,19.995,17.72,9.62,21.63,27.48,34.245,50.305,34.725,23.99,35.29,37.89,26.045,24.545,25.895,21.155,20.54,26.045,24.58,22.645,29.655,31.415
1,24,2014,5,42.79,35.52,39.53,28.84,16.52,20.81,31.28,23.43,30.54,25.955,16.165,19.995,17.72,9.62,21.63,27.48,34.245,50.305,34.725,23.99,35.29,37.89,26.045,24.545,25.895,21.155,20.54,26.045,24.58,22.645,29.655
1,25,2014,6,35.015,42.79,35.52,39.53,28.84,16.52,20.81,31.28,23.43,30.54,25.955,16.165,19.995,17.72,9.62,21.63,27.48,34.245,50.305,34.725,23.99,35.29,37.89,26.045,24.545,25.895,21.155,20.54,26.045,24.58,22.645
1,26,2014,7,24.39,35.015,42.79,35.52,39.53,28.84,16.52,20.81,31.28,23.43,30.54,25.955,16.165,19.995,17.72,9.62,21.63,27.48,34.245,50.305,34.725,23.99,35.29,37.89,26.045,24.545,25.895,21.155,20.54,26.045,24.58
1,27,2014,1,20.675,24.39,35.015,42.79,35.52,39.53,28.84,16.52,20.81,31.28,23.43,30.54,25.955,16.165,19.995,17.72,9.62,21.63,27.48,34.245,50.305,34.725,23.99,35.29,37.89,26.045,24.545,25.895,21.155,20.54,26.045
1,28,2014,2,40.16,20.675,24.39,35.015,42.79,35.52,39.53,28.84,16.52,20.81,31.28,23.43,30.54,25.955,16.165,19.995,17.72,9.62,21.63,27.48,34.245,50.305,34.725,23.99,35.29,37.89,26.045,24.545,25.895,21.155,20.54
1,29,2014,3,44.875,40.16,20.675,24.39,35.015,42.79,35.52,39.53,28.84,16.52,20.81,31.28,23.43,30.54,25.955,16.165,19.995,17.72,9.62,21.63,27.48,34.245,50.305,34.725,23.99,35.29,37.89,26.045,24.545,25.895,21.155
1,30,2014,4,40.9,44.875,40.16,20.675,24.39,35.015,42.79,35.52,39.53,28.84,16.52,20.81,31.28,23.43,30.54,25.955,16.165,19.995,17.72,9.62,21.63,27.48,34.245,50.305,34.725,23.99,35.29,37.89,26.045,24.545,25.895
1,31,2014,5,26.93,40.9,44.875,40.16,20.675,24.39,35.015,42.79,35.52,39.53,28.84,16.52,20.81,31.28,23.43,30.54,25.955,16.165,19.995,17.72,9.62,21.63,27.48,34.245,50.305,34.725,23.99,35.29,37.89,26.045,24.545
2,1,2014,6,22.7,26.93,40.9,44.875,40.16,20.675,24.39,35.015,42.79,35.52,39.53,28.84,16.52,20.81,31.28,23.43,30.54,25.955,16.165,19.995,17.72,9.62,21.63,27.48,34.245,50.305,34.725,23.99,35.29,37.89,26.045
2,2,2014,7,8.4,22.7,26.93,40.9,44.875,40.16,20.675,24.39,35.015,42.79,35.52,39.53,28.84,16.52,20.81,31.28,23.43,30.54,25.955,16.165,19.995,17.72,9.62,21.63,27.48,34.245,50.305,34.725,23.99,35.29,37.89
2,3,2014,1,13.415,8.4,22.7,26.93,40.9,44.875,40.16,20.675,24.39,35.015,42.79,35.52,39.53,28.84,16.52,20.81,31.28,23.43,30.54,25.955,16.165,19.995,17.72,9.62,21.63,27.48,34.245,50.305,34.725,23.99,35.29
2,4,2014,2,24.275,13.415,8.4,22.7,26.93,40.9,44.875,40.16,20.675,24.39,35.015,42.79,35.52,39.53,28.84,16.52,20.81,31.28,23.43,30.54,25.955,16.165,19.995,17.72,9.62,21.63,27.48,34.245,50.305,34.725,23.99
2,5,2014,3,23.59,24.275,13.415,8.4,22.7,26.93,40.9,44.875,40.16,20.675,24.39,35.015,42.79,35.52,39.53,28.84,16.52,20.81,31.28,23.43,30.54,25.955,16.165,19.995,17.72,9.62,21.63,27.48,34.245,50.305,34.725
2,6,2014,4,31.085,23.59,24.275,13.415,8.4,22.7,26.93,40.9,44.875,40.16,20.675,24.39,35.015,42.79,35.52,39.53,28.84,16.52,20.81,31.28,23.43,30.54,25.955,16.165,19.995,17.72,9.62,21.63,27.48,34.245,50.305
2,7,2014,5,27.11,31.085,23.59,24.275,13.415,8.4,22.7,26.93,40.9,44.875,40.16,20.675,24.39,35.015,42.79,35.52,39.53,28.84,16.52,20.81,31.28,23.43,30.54,25.955,16.165,19.995,17.72,9.62,21.63,27.48,34.245
2,8,2014,6,18.525,27.11,31.085,23.59,24.275,13.415,8.4,22.7,26.93,40.9,44.875,40.16,20.675,24.39,35.015,42.79,35.52,39.53,28.84,16.52,20.81,31.28,23.43,30.54,25.955,16.165,19.995,17.72,9.62,21.63,27.48
2,9,2014,7,17.065,18.525,27.11,31.085,23.59,24.275,13.415,8.4,22.7,26.93,40.9,44.875,40.16,20.675,24.39,35.015,42.79,35.52,39.53,28.84,16.52,20.81,31.28,23.43,30.54,25.955,16.165,19.995,17.72,9.62,21.63
2,10,2014,1,21.975,17.065,18.525,27.11,31.085,23.59,24.275,13.415,8.4,22.7,26.93,40.9,44.875,40.16,20.675,24.39,35.015,42.79,35.52,39.53,28.84,16.52,20.81,31.28,23.43,30.54,25.955,16.165,19.995,17.72,9.62
2,11,2014,2,27.67,21.975,17.065,18.525,27.11,31.085,23.59,24.275,13.415,8.4,22.7,26.93,40.9,44.875,40.16,20.675,24.39,35.015,42.79,35.52,39.53,28.84,16.52,20.81,31.28,23.43,30.54,25.955,16.165,19.995,17.72
2,12,2014,3,33.345,27.67,21.975,17.065,18.525,27.11,31.085,23.59,24.275,13.415,8.4,22.7,26.93,40.9,44.875,40.16,20.675,24.39,35.015,42.79,35.52,39.53,28.84,16.52,20.81,31.28,23.43,30.54,25.955,16.165,19.995
2,13,2014,4,28.245,33.345,27.67,21.975,17.065,18.525,27.11,31.085,23.59,24.275,13.415,8.4,22.7,26.93,40.9,44.875,40.16,20.675,24.39,35.015,42.79,35.52,39.53,28.84,16.52,20.81,31.28,23.43,30.54,25.955,16.165
2,14,2014,5,22.85,28.245,33.345,27.67,21.975,17.065,18.525,27.11,31.085,23.59,24.275,13.415,8.4,22.7,26.93,40.9,44.875,40.16,20.675,24.39,35.015,42.79,35.52,39.53,28.84,16.52,20.81,31.28,23.43,30.54,25.955
2,15,2014,6,25.475,22.85,28.245,33.345,27.67,21.975,17.065,18.525,27.11,31.085,23.59,24.275,13.415,8.4,22.7,26.93,40.9,44.875,40.16,20.675,24.39,35.015,42.79,35.52,39.53,28.84,16.52,20.81,31.28,23.43,30.54
2,16,2014,7,18.575,25.475,22.85,28.245,33.345,27.67,21.975,17.065,18.525,27.11,31.085,23.59,24.275,13.415,8.4,22.7,26.93,40.9,44.875,40.16,20.675,24.39,35.015,42.79,35.52,39.53,28.84,16.52,20.81,31.28,23.43
2,17,2014,1,15.54,18.575,25.475,22.85,28.245,33.345,27.67,21.975,17.065,18.525,27.11,31.085,23.59,24.275,13.415,8.4,22.7,26.93,40.9,44.875,40.16,20.675,24.39,35.015,42.79,35.52,39.53,28.84,16.52,20.81,31.28
2,18,2014,2,9.31,15.54,18.575,25.475,22.85,28.245,33.345,27.67,21.975,17.065,18.525,27.11,31.085,23.59,24.275,13.415,8.4,22.7,26.93,40.9,44.875,40.16,20.675,24.39,35.015,42.79,35.52,39.53,28.84,16.52,20.81
2,19,2014,3,3.22,9.31,15.54,18.575,25.475,22.85,28.245,33.345,27.67,21.975,17.065,18.525,27.11,31.085,23.59,24.275,13.415,8.4,22.7,26.93,40.9,44.875,40.16,20.675,24.39,35.015,42.79,35.52,39.53,28.84,16.52
2,20,2014,4,-0.315,3.22,9.31,15.54,18.575,25.475,22.85,28.245,33.345,27.67,21.975,17.065,18.525,27.11,31.085,23.59,24.275,13.415,8.4,22.7,26.93,40.9,44.875,40.16,20.675,24.39,35.015,42.79,35.52,39.53,28.84
2,21,2014,5,9.885,-0.315,3.22,9.31,15.54,18.575,25.475,22.85,28.245,33.345,27.67,21.975,17.065,18.525,27.11,31.085,23.59,24.275,13.415,8.4,22.7,26.93,40.9,44.875,40.16,20.675,24.39,35.015,42.79,35.52,39.53
2,22,2014,6,14.37,9.885,-0.315,3.22,9.31,15.54,18.575,25.475,22.85,28.245,33.345,27.67,21.975,17.065,18.525,27.11,31.085,23.59,24.275,13.415,8.4,22.7,26.93,40.9,44.875,40.16,20.675,24.39,35.015,42.79,35.52
2,23,2014,7,11.015,14.37,9.885,-0.315,3.22,9.31,15.54,18.575,25.475,22.85,28.245,33.345,27.67,21.975,17.065,18.525,27.11,31.085,23.59,24.275,13.415,8.4,22.7,26.93,40.9,44.875,40.16,20.675,24.39,35.015,42.79
2,24,2014,1,11.88,11.015,14.37,9.885,-0.315,3.22,9.31,15.54,18.575,25.475,22.85,28.245,33.345,27.67,21.975,17.065,18.525,27.11,31.085,23.59,24.275,13.415,8.4,22.7,26.93,40.9,44.875,40.16,20.675,24.39,35.015
2,25,2014,2,15.895,11.88,11.015,14.37,9.885,-0.315,3.22,9.31,15.54,18.575,25.475,22.85,28.245,33.345,27.67,21.975,17.065,18.525,27.11,31.085,23.59,24.275,13.415,8.4,22.7,26.93,40.9,44.875,40.16,20.675,24.39
2,26,2014,3,23.3,15.895,11.88,11.015,14.37,9.885,-0.315,3.22,9.31,15.54,18.575,25.475,22.85,28.245,33.345,27.67,21.975,17.065,18.525,27.11,31.085,23.59,24.275,13.415,8.4,22.7,26.93,40.9,44.875,40.16,20.675
2,27,2014,4,28.535,23.3,15.895,11.88,11.015,14.37,9.885,-0.315,3.22,9.31,15.54,18.575,25.475,22.85,28.245,33.345,27.67,21.975,17.065,18.525,27.11,31.085,23.59,24.275,13.415,8.4,22.7,26.93,40.9,44.875,40.16
2,28,2014,5,25.005,28.535,23.3,15.895,11.88,11.015,14.37,9.885,-0.315,3.22,9.31,15.54,18.575,25.475,22.85,28.245,33.345,27.67,21.975,17.065,18.525,27.11,31.085,23.59,24.275,13.415,8.4,22.7,26.93,40.9,44.875
3,1,2014,6,14.185,25.005,28.535,23.3,15.895,11.88,11.015,14.37,9.885,-0.315,3.22,9.31,15.54,18.575,25.475,22.85,28.245,33.345,27.67,21.975,17.065,18.525,27.11,31.085,23.59,24.275,13.415,8.4,22.7,26.93,40.9
3,2,2014,7,7.225,14.185,25.005,28.535,23.3,15.895,11.88,11.015,14.37,9.885,-0.315,3.22,9.31,15.54,18.575,25.475,22.85,28.245,33.345,27.67,21.975,17.065,18.525,27.11,31.085,23.59,24.275,13.415,8.4,22.7,26.93
3,3,2014,1,19.45,7.225,14.185,25.005,28.535,23.3,15.895,11.88,11.015,14.37,9.885,-0.315,3.22,9.31,15.54,18.575,25.475,22.85,28.245,33.345,27.67,21.975,17.065,18.525,27.11,31.085,23.59,24.275,13.415,8.4,22.7
3,4,2014,2,27.245,19.45,7.225,14.185,25.005,28.535,23.3,15.895,11.88,11.015,14.37,9.885,-0.315,3.22,9.31,15.54,18.575,25.475,22.85,28.245,33.345,27.67,21.975,17.065,18.525,27.11,31.085,23.59,24.275,13.415,8.4
3,5,2014,3,18.525,27.245,19.45,7.225,14.185,25.005,28.535,23.3,15.895,11.88,11.015,14.37,9.885,-0.315,3.22,9.31,15.54,18.575,25.475,22.85,28.245,33.345,27.67,21.975,17.065,18.525,27.11,31.085,23.59,24.275,13.415
3,6,2014,4,23.38,18.525,27.245,19.45,7.225,14.185,25.005,28.535,23.3,15.895,11.88,11.015,14.37,9.885,-0.315,3.22,9.31,15.54,18.575,25.475,22.85,28.245,33.345,27.67,21.975,17.065,18.525,27.11,31.085,23.59,24.275
3,7,2014,5,17.02,23.38,18.525,27.245,19.45,7.225,14.185,25.005,28.535,23.3,15.895,11.88,11.015,14.37,9.885,-0.315,3.22,9.31,15.54,18.575,25.475,22.85,28.245,33.345,27.67,21.975,17.065,18.525,27.11,31.085,23.59
3,8,2014,6,12.12,17.02,23.38,18.525,27.245,19.45,7.225,14.185,25.005,28.535,23.3,15.895,11.88,11.015,14.37,9.885,-0.315,3.22,9.31,15.54,18.575,25.475,22.85,28.245,33.345,27.67,21.975,17.065,18.525,27.11,31.085
3,9,2014,7,6.86,12.12,17.02,23.38,18.525,27.245,19.45,7.225,14.185,25.005,28.535,23.3,15.895,11.88,11.015,14.37,9.885,-0.315,3.22,9.31,15.54,18.575,25.475,22.85,28.245,33.345,27.67,21.975,17.065,18.525,27.11
3,10,2014,1,6.01,6.86,12.12,17.02,23.38,18.525,27.245,19.45,7.225,14.185,25.005,28.535,23.3,15.895,11.88,11.015,14.37,9.885,-0.315,3.22,9.31,15.54,18.575,25.475,22.85,28.245,33.345,27.67,21.975,17.065,18.525
3,11,2014,2,3.14,6.01,6.86,12.12,17.02,23.38,18.525,27.245,19.45,7.225,14.185,25.005,28.535,23.3,15.895,11.88,11.015,14.37,9.885,-0.315,3.22,9.31,15.54,18.575,25.475,22.85,28.245,33.345,27.67,21.975,17.065
3,12,2014,3,9.46,3.14,6.01,6.86,12.12,17.02,23.38,18.525,27.245,19.45,7.225,14.185,25.005,28.535,23.3,15.895,11.88,11.015,14.37,9.885,-0.315,3.22,9.31,15.54,18.575,25.475,22.85,28.245,33.345,27.67,21.975
3,13,2014,4,22.135,9.46,3.14,6.01,6.86,12.12,17.02,23.38,18.525,27.245,19.45,7.225,14.185,25.005,28.535,23.3,15.895,11.88,11.015,14.37,9.885,-0.315,3.22,9.31,15.54,18.575,25.475,22.85,28.245,33.345,27.67
3,14,2014,5,17.26,22.135,9.46,3.14,6.01,6.86,12.12,17.02,23.38,18.525,27.245,19.45,7.225,14.185,25.005,28.535,23.3,15.895,11.88,11.015,14.37,9.885,-0.315,3.22,9.31,15.54,18.575,25.475,22.85,28.245,33.345
3,15,2014,6,6.705,17.26,22.135,9.46,3.14,6.01,6.86,12.12,17.02,23.38,18.525,27.245,19.45,7.225,14.185,25.005,28.535,23.3,15.895,11.88,11.015,14.37,9.885,-0.315,3.22,9.31,15.54,18.575,25.475,22.85,28.245
3,16,2014,7,9.335,6.705,17.26,22.135,9.46,3.14,6.01,6.86,12.12,17.02,23.38,18.525,27.245,19.45,7.225,14.185,25.005,28.535,23.3,15.895,11.88,11.015,14.37,9.885,-0.315,3.22,9.31,15.54,18.575,25.475,22.85
3,17,2014,1,16.445,9.335,6.705,17.26,22.135,9.46,3.14,6.01,6.86,12.12,17.02,23.38,18.525,27.245,19.45,7.225,14.185,25.005,28.535,23.3,15.895,11.88,11.015,14.37,9.885,-0.315,3.22,9.31,15.54,18.575,25.475
3,18,2014,2,22.27,16.445,9.335,6.705,17.26,22.135,9.46,3.14,6.01,6.86,12.12,17.02,23.38,18.525,27.245,19.45,7.225,14.185,25.005,28.535,23.3,15.895,11.88,11.015,14.37,9.885,-0.315,3.22,9.31,15.54,18.575
3,19,2014,3,13.435,22.27,16.445,9.335,6.705,17.26,22.135,9.46,3.14,6.01,6.86,12.12,17.02,23.38,18.525,27.245,19.45,7.225,14.185,25.005,28.535,23.3,15.895,11.88,11.015,14.37,9.885,-0.315,3.22,9.31,15.54
3,20,2014,4,9.03,13.435,22.27,16.445,9.335,6.705,17.26,22.135,9.46,3.14,6.01,6.86,12.12,17.02,23.38,18.525,27.245,19.45,7.225,14.185,25.005,28.535,23.3,15.895,11.88,11.015,14.37,9.885,-0.315,3.22,9.31
3,21,2014,5,13.965,9.03,13.435,22.27,16.445,9.335,6.705,17.26,22.135,9.46,3.14,6.01,6.86,12.12,17.02,23.38,18.525,27.245,19.45,7.225,14.185,25.005,28.535,23.3,15.895,11.88,11.015,14.37,9.885,-0.315,3.22
3,22,2014,6,4.405,13.965,9.03,13.435,22.27,16.445,9.335,6.705,17.26,22.135,9.46,3.14,6.01,6.86,12.12,17.02,23.38,18.525,27.245,19.45,7.225,14.185,25.005,28.535,23.3,15.895,11.88,11.015,14.37,9.885,-0.315
3,23,2014,7,9.515,4.405,13.965,9.03,13.435,22.27,16.445,9.335,6.705,17.26,22.135,9.46,3.14,6.01,6.86,12.12,17.02,23.38,18.525,27.245,19.45,7.225,14.185,25.005,28.535,23.3,15.895,11.88,11.015,14.37,9.885
3,24,2014,1,17.32,9.515,4.405,13.965,9.03,13.435,22.27,16.445,9.335,6.705,17.26,22.135,9.46,3.14,6.01,6.86,12.12,17.02,23.38,18.525,27.245,19.45,7.225,14.185,25.005,28.535,23.3,15.895,11.88,11.015,14.37
3,25,2014,2,21.455,17.32,9.515,4.405,13.965,9.03,13.435,22.27,16.445,9.335,6.705,17.26,22.135,9.46,3.14,6.01,6.86,12.12,17.02,23.38,18.525,27.245,19.45,7.225,14.185,25.005,28.535,23.3,15.895,11.88,11.015
3,26,2014,3,24.705,21.455,17.32,9.515,4.405,13.965,9.03,13.435,22.27,16.445,9.335,6.705,17.26,22.135,9.46,3.14,6.01,6.86,12.12,17.02,23.38,18.525,27.245,19.45,7.225,14.185,25.005,28.535,23.3,15.895,11.88
3,27,2014,4,15.14,24.705,21.455,17.32,9.515,4.405,13.965,9.03,13.435,22.27,16.445,9.335,6.705,17.26,22.135,9.46,3.14,6.01,6.86,12.12,17.02,23.38,18.525,27.245,19.45,7.225,14.185,25.005,28.535,23.3,15.895
3,28,2014,5,7.825,15.14,24.705,21.455,17.32,9.515,4.405,13.965,9.03,13.435,22.27,16.445,9.335,6.705,17.26,22.135,9.46,3.14,6.01,6.86,12.12,17.02,23.38,18.525,27.245,19.45,7.225,14.185,25.005,28.535,23.3
3,29,2014,6,8.595,7.825,15.14,24.705,21.455,17.32,9.515,4.405,13.965,9.03,13.435,22.27,16.445,9.335,6.705,17.26,22.135,9.46,3.14,6.01,6.86,12.12,17.02,23.38,18.525,27.245,19.45,7.225,14.185,25.005,28.535
3,30,2014,7,12.545,8.595,7.825,15.14,24.705,21.455,17.32,9.515,4.405,13.965,9.03,13.435,22.27,16.445,9.335,6.705,17.26,22.135,9.46,3.14,6.01,6.86,12.12,17.02,23.38,18.525,27.245,19.45,7.225,14.185,25.005
3,31,2014,1,7.01,12.545,8.595,7.825,15.14,24.705,21.455,17.32,9.515,4.405,13.965,9.03,13.435,22.27,16.445,9.335,6.705,17.26,22.135,9.46,3.14,6.01,6.86,12.12,17.02,23.38,18.525,27.245,19.45,7.225,14.185
4,1,2014,2,-0.05,7.01,12.545,8.595,7.825,15.14,24.705,21.455,17.32,9.515,4.405,13.965,9.03,13.435,22.27,16.445,9.335,6.705,17.26,22.135,9.46,3.14,6.01,6.86,12.12,17.02,23.38,18.525,27.245,19.45,7.225
4,2,2014,3,-0.02,-0.05,7.01,12.545,8.595,7.825,15.14,24.705,21.455,17.32,9.515,4.405,13.965,9.03,13.435,22.27,16.445,9.335,6.705,17.26,22.135,9.46,3.14,6.01,6.86,12.12,17.02,23.38,18.525,27.245,19.45
4,3,2014,4,-4.07,-0.02,-0.05,7.01,12.545,8.595,7.825,15.14,24.705,21.455,17.32,9.515,4.405,13.965,9.03,13.435,22.27,16.445,9.335,6.705,17.26,22.135,9.46,3.14,6.01,6.86,12.12,17.02,23.38,18.525,27.245
4,4,2014,5,-3.43,-4.07,-0.02,-0.05,7.01,12.545,8.595,7.825,15.14,24.705,21.455,17.32,9.515,4.405,13.965,9.03,13.435,22.27,16.445,9.335,6.705,17.26,22.135,9.46,3.14,6.01,6.86,12.12,17.02,23.38,18.525
4,5,2014,6,7.665,-3.43,-4.07,-0.02,-0.05,7.01,12.545,8.595,7.825,15.14,24.705,21.455,17.32,9.515,4.405,13.965,9.03,13.435,22.27,16.445,9.335,6.705,17.26,22.135,9.46,3.14,6.01,6.86,12.12,17.02,23.38
4,6,2014,7,9.755,7.665,-3.43,-4.07,-0.02,-0.05,7.01,12.545,8.595,7.825,15.14,24.705,21.455,17.32,9.515,4.405,13.965,9.03,13.435,22.27,16.445,9.335,6.705,17.26,22.135,9.46,3.14,6.01,6.86,12.12,17.02
4,7,2014,1,8.615,9.755,7.665,-3.43,-4.07,-0.02,-0.05,7.01,12.545,8.595,7.825,15.14,24.705,21.455,17.32,9.515,4.405,13.965,9.03,13.435,22.27,16.445,9.335,6.705,17.26,22.135,9.46,3.14,6.01,6.86,12.12
4,8,2014,2,11.155,8.615,9.755,7.665,-3.43,-4.07,-0.02,-0.05,7.01,12.545,8.595,7.825,15.14,24.705,21.455,17.32,9.515,4.405,13.965,9.03,13.435,22.27,16.445,9.335,6.705,17.26,22.135,9.46,3.14,6.01,6.86
4,9,2014,3,7.515,11.155,8.615,9.755,7.665,-3.43,-4.07,-0.02,-0.05,7.01,12.545,8.595,7.825,15.14,24.705,21.455,17.32,9.515,4.405,13.965,9.03,13.435,22.27,16.445,9.335,6.705,17.26,22.135,9.46,3.14,6.01
4,10,2014,4,7.48,7.515,11.155,8.615,9.755,7.665,-3.43,-4.07,-0.02,-0.05,7.01,12.545,8.595,7.825,15.14,24.705,21.455,17.32,9.515,4.405,13.965,9.03,13.435,22.27,16.445,9.335,6.705,17.26,22.135,9.46,3.14
4,11,2014,5,5.05,7.48,7.515,11.155,8.615,9.755,7.665,-3.43,-4.07,-0.02,-0.05,7.01,12.545,8.595,7.825,15.14,24.705,21.455,17.32,9.515,4.405,13.965,9.03,13.435,22.27,16.445,9.335,6.705,17.26,22.135,9.46
4,12,2014,6,0.58,5.05,7.48,7.515,11.155,8.615,9.755,7.665,-3.43,-4.07,-0.02,-0.05,7.01,12.545,8.595,7.825,15.14,24.705,21.455,17.32,9.515,4.405,13.965,9.03,13.435,22.27,16.445,9.335,6.705,17.26,22.135
4,13,2014,7,-2.17,0.58,5.05,7.48,7.515,11.155,8.615,9.755,7.665,-3.43,-4.07,-0.02,-0.05,7.01,12.545,8.595,7.825,15.14,24.705,21.455,17.32,9.515,4.405,13.965,9.03,13.435,22.27,16.445,9.335,6.705,17.26
4,14,2014,1,-2.02,-2.17,0.58,5.05,7.48,7.515,11.155,8.615,9.755,7.665,-3.43,-4.07,-0.02,-0.05,7.01,12.545,8.595,7.825,15.14,24.705,21.455,17.32,9.515,4.405,13.965,9.03,13.435,22.27,16.445,9.335,6.705
4,15,2014,2,13.21,-2.02,-2.17,0.58,5.05,7.48,7.515,11.155,8.615,9.755,7.665,-3.43,-4.07,-0.02,-0.05,7.01,12.545,8.595,7.825,15.14,24.705,21.455,17.32,9.515,4.405,13.965,9.03,13.435,22.27,16.445,9.335
4,16,2014,3,18.325,13.21,-2.02,-2.17,0.58,5.05,7.48,7.515,11.155,8.615,9.755,7.665,-3.43,-4.07,-0.02,-0.05,7.01,12.545,8.595,7.825,15.14,24.705,21.455,17.32,9.515,4.405,13.965,9.03,13.435,22.27,16.445
4,17,2014,4,12.3,18.325,13.21,-2.02,-2.17,0.58,5.05,7.48,7.515,11.155,8.615,9.755,7.665,-3.43,-4.07,-0.02,-0.05,7.01,12.545,8.595,7.825,15.14,24.705,21.455,17.32,9.515,4.405,13.965,9.03,13.435,22.27
4,18,2014,5,10.495,12.3,18.325,13.21,-2.02,-2.17,0.58,5.05,7.48,7.515,11.155,8.615,9.755,7.665,-3.43,-4.07,-0.02,-0.05,7.01,12.545,8.595,7.825,15.14,24.705,21.455,17.32,9.515,4.405,13.965,9.03,13.435
4,19,2014,6,8.565,10.495,12.3,18.325,13.21,-2.02,-2.17,0.58,5.05,7.48,7.515,11.155,8.615,9.755,7.665,-3.43,-4.07,-0.02,-0.05,7.01,12.545,8.595,7.825,15.14,24.705,21.455,17.32,9.515,4.405,13.965,9.03
4,20,2014,7,3.195,8.565,10.495,12.3,18.325,13.21,-2.02,-2.17,0.58,5.05,7.48,7.515,11.155,8.615,9.755,7.665,-3.43,-4.07,-0.02,-0.05,7.01,12.545,8.595,7.825,15.14,24.705,21.455,17.32,9.515,4.405,13.965
4,21,2014,1,3.01,3.195,8.565,10.495,12.3,18.325,13.21,-2.02,-2.17,0.58,5.05,7.48,7.515,11.155,8.615,9.755,7.665,-3.43,-4.07,-0.02,-0.05,7.01,12.545,8.595,7.825,15.14,24.705,21.455,17.32,9.515,4.405
4,22,2014,2,2.535,3.01,3.195,8.565,10.495,12.3,18.325,13.21,-2.02,-2.17,0.58,5.05,7.48,7.515,11.155,8.615,9.755,7.665,-3.43,-4.07,-0.02,-0.05,7.01,12.545,8.595,7.825,15.14,24.705,21.455,17.32,9.515
4,23,2014,3,-0.45,2.535,3.01,3.195,8.565,10.495,12.3,18.325,13.21,-2.02,-2.17,0.58,5.05,7.48,7.515,11.155,8.615,9.755,7.665,-3.43,-4.07,-0.02,-0.05,7.01,12.545,8.595,7.825,15.14,24.705,21.455,17.32
4,24,2014,4,2.74,-0.45,2.535,3.01,3.195,8.565,10.495,12.3,18.325,13.21,-2.02,-2.17,0.58,5.05,7.48,7.515,11.155,8.615,9.755,7.665,-3.43,-4.07,-0.02,-0.05,7.01,12.545,8.595,7.825,15.14,24.705,21.455
4,25,2014,5,-4.975,2.74,-0.45,2.535,3.01,3.195,8.565,10.495,12.3,18.325,13.21,-2.02,-2.17,0.58,5.05,7.48,7.515,11.155,8.615,9.755,7.665,-3.43,-4.07,-0.02,-0.05,7.01,12.545,8.595,7.825,15.14,24.705
4,26,2014,6,-0.385,-4.975,2.74,-0.45,2.535,3.01,3.195,8.565,10.495,12.3,18.325,13.21,-2.02,-2.17,0.58,5.05,7.48,7.515,11.155,8.615,9.755,7.665,-3.43,-4.07,-0.02,-0.05,7.01,12.545,8.595,7.825,15.14
4,27,2014,7,-3.945,-0.385,-4.975,2.74,-0.45,2.535,3.01,3.195,8.565,10.495,12.3,18.325,13.21,-2.02,-2.17,0.58,5.05,7.48,7.515,11.155,8.615,9.755,7.665,-3.43,-4.07,-0.02,-0.05,7.01,12.545,8.595,7.825
4,28,2014,1,-5.185,-3.945,-0.385,-4.975,2.74,-0.45,2.535,3.01,3.195,8.565,10.495,12.3,18.325,13.21,-2.02,-2.17,0.58,5.05,7.48,7.515,11.155,8.615,9.755,7.665,-3.43,-4.07,-0.02,-0.05,7.01,12.545,8.595
4,29,2014,2,-6.46,-5.185,-3.945,-0.385,-4.975,2.74,-0.45,2.535,3.01,3.195,8.565,10.495,12.3,18.325,13.21,-2.02,-2.17,0.58,5.05,7.48,7.515,11.155,8.615,9.755,7.665,-3.43,-4.07,-0.02,-0.05,7.01,12.545
4,30,2014,3,-2.79,-6.46,-5.185,-3.945,-0.385,-4.975,2.74,-0.45,2.535,3.01,3.195,8.565,10.495,12.3,18.325,13.21,-2.02,-2.17,0.58,5.05,7.48,7.515,11.155,8.615,9.755,7.665,-3.43,-4.07,-0.02,-0.05,7.01
5,1,2014,4,5.345,-2.79,-6.46,-5.185,-3.945,-0.385,-4.975,2.74,-0.45,2.535,3.01,3.195,8.565,10.495,12.3,18.325,13.21,-2.02,-2.17,0.58,5.05,7.48,7.515,11.155,8.615,9.755,7.665,-3.43,-4.07,-0.02,-0.05
5,2,2014,5,3.345,5.345,-2.79,-6.46,-5.185,-3.945,-0.385,-4.975,2.74,-0.45,2.535,3.01,3.195,8.565,10.495,12.3,18.325,13.21,-2.02,-2.17,0.58,5.05,7.48,7.515,11.155,8.615,9.755,7.665,-3.43,-4.07,-0.02
5,3,2014,6,3.5,3.345,5.345,-2.79,-6.46,-5.185,-3.945,-0.385,-4.975,2.74,-0.45,2.535,3.01,3.195,8.565,10.495,12.3,18.325,13.21,-2.02,-2.17,0.58,5.05,7.48,7.515,11.155,8.615,9.755,7.665,-3.43,-4.07
5,4,2014,7,-2.995,3.5,3.345,5.345,-2.79,-6.46,-5.185,-3.945,-0.385,-4.975,2.74,-0.45,2.535,3.01,3.195,8.565,10.495,12.3,18.325,13.21,-2.02,-2.17,0.58,5.05,7.48,7.515,11.155,8.615,9.755,7.665,-3.43
5,5,2014,1,-7.44,-2.995,3.5,3.345,5.345,-2.79,-6.46,-5.185,-3.945,-0.385,-4.975,2.74,-0.45,2.535,3.01,3.195,8.565,10.495,12.3,18.325,13.21,-2.02,-2.17,0.58,5.05,7.48,7.515,11.155,8.615,9.755,7.665
5,6,2014,2,-6.59,-7.44,-2.995,3.5,3.345,5.345,-2.79,-6.46,-5.185,-3.945,-0.385,-4.975,2.74,-0.45,2.535,3.01,3.195,8.565,10.495,12.3,18.325,13.21,-2.02,-2.17,0.58,5.05,7.48,7.515,11.155,8.615,9.755
5,7,2014,3,-5.775,-6.59,-7.44,-2.995,3.5,3.345,5.345,-2.79,-6.46,-5.185,-3.945,-0.385,-4.975,2.74,-0.45,2.535,3.01,3.195,8.565,10.495,12.3,18.325,13.21,-2.02,-2.17,0.58,5.05,7.48,7.515,11.155,8.615
5,8,2014,4,-7.545,-5.775,-6.59,-7.44,-2.995,3.5,3.345,5.345,-2.79,-6.46,-5.185,-3.945,-0.385,-4.975,2.74,-0.45,2.535,3.01,3.195,8.565,10.495,12.3,18.325,13.21,-2.02,-2.17,0.58,5.05,7.48,7.515,11.155
5,9,2014,5,-5.815,-7.545,-5.775,-6.59,-7.44,-2.995,3.5,3.345,5.345,-2.79,-6.46,-5.185,-3.945,-0.385,-4.975,2.74,-0.45,2.535,3.01,3.195,8.565,10.495,12.3,18.325,13.21,-2.02,-2.17,0.58,5.05,7.48,7.515
5,10,2014,6,-4.31,-5.815,-7.545,-5.775,-6.59,-7.44,-2.995,3.5,3.345,5.345,-2.79,-6.46,-5.185,-3.945,-0.385,-4.975,2.74,-0.45,2.535,3.01,3.195,8.565,10.495,12.3,18.325,13.21,-2.02,-2.17,0.58,5.05,7.48
5,11,2014,7,-8.36,-4.31,-5.815,-7.545,-5.775,-6.59,-7.44,-2.995,3.5,3.345,5.345,-2.79,-6.46,-5.185,-3.945,-0.385,-4.975,2.74,-0.45,2.535,3.01,3.195,8.565,10.495,12.3,18.325,13.21,-2.02,-2.17,0.58,5.05
5,12,2014,1,-10.29,-8.36,-4.31,-5.815,-7.545,-5.775,-6.59,-7.44,-2.995,3.5,3.345,5.345,-2.79,-6.46,-5.185,-3.945,-0.385,-4.975,2.74,-0.45,2.535,3.01,3.195,8.565,10.495,12.3,18.325,13.21,-2.02,-2.17,0.58
5,13,2014,2,-10.265,-10.29,-8.36,-4.31,-5.815,-7.545,-5.775,-6.59,-7.44,-2.995,3.5,3.345,5.345,-2.79,-6.46,-5.185,-3.945,-0.385,-4.975,2.74,-0.45,2.535,3.01,3.195,8.565,10.495,12.3,18.325,13.21,-2.02,-2.17
5,14,2014,3,-8.06,-10.265,-10.29,-8.36,-4.31,-5.815,-7.545,-5.775,-6.59,-7.44,-2.995,3.5,3.345,5.345,-2.79,-6.46,-5.185,-3.945,-0.385,-4.975,2.74,-0.45,2.535,3.01,3.195,8.565,10.495,12.3,18.325,13.21,-2.02
5,15,2014,4,5.675,-8.06,-10.265,-10.29,-8.36,-4.31,-5.815,-7.545,-5.775,-6.59,-7.44,-2.995,3.5,3.345,5.345,-2.79,-6.46,-5.185,-3.945,-0.385,-4.975,2.74,-0.45,2.535,3.01,3.195,8.565,10.495,12.3,18.325,13.21
5,16,2014,5,7.415,5.675,-8.06,-10.265,-10.29,-8.36,-4.31,-5.815,-7.545,-5.775,-6.59,-7.44,-2.995,3.5,3.345,5.345,-2.79,-6.46,-5.185,-3.945,-0.385,-4.975,2.74,-0.45,2.535,3.01,3.195,8.565,10.495,12.3,18.325
5,17,2014,6,8.18,7.415,5.675,-8.06,-10.265,-10.29,-8.36,-4.31,-5.815,-7.545,-5.775,-6.59,-7.44,-2.995,3.5,3.345,5.345,-2.79,-6.46,-5.185,-3.945,-0.385,-4.975,2.74,-0.45,2.535,3.01,3.195,8.565,10.495,12.3
5,18,2014,7,6.095,8.18,7.415,5.675,-8.06,-10.265,-10.29,-8.36,-4.31,-5.815,-7.545,-5.775,-6.59,-7.44,-2.995,3.5,3.345,5.345,-2.79,-6.46,-5.185,-3.945,-0.385,-4.975,2.74,-0.45,2.535,3.01,3.195,8.565,10.495
5,19,2014,1,1.375,6.095,8.18,7.415,5.675,-8.06,-10.265,-10.29,-8.36,-4.31,-5.815,-7.545,-5.775,-6.59,-7.44,-2.995,3.5,3.345,5.345,-2.79,-6.46,-5.185,-3.945,-0.385,-4.975,2.74,-0.45,2.535,3.01,3.195,8.565
5,20,2014,2,-3.86,1.375,6.095,8.18,7.415,5.675,-8.06,-10.265,-10.29,-8.36,-4.31,-5.815,-7.545,-5.775,-6.59,-7.44,-2.995,3.5,3.345,5.345,-2.79,-6.46,-5.185,-3.945,-0.385,-4.975,2.74,-0.45,2.535,3.01,3.195
5,21,2014,3,-7.645,-3.86,1.375,6.095,8.18,7.415,5.675,-8.06,-10.265,-10.29,-8.36,-4.31,-5.815,-7.545,-5.775,-6.59,-7.44,-2.995,3.5,3.345,5.345,-2.79,-6.46,-5.185,-3.945,-0.385,-4.975,2.74,-0.45,2.535,3.01
5,22,2014,4,-9.215,-7.645,-3.86,1.375,6.095,8.18,7.415,5.675,-8.06,-10.265,-10.29,-8.36,-4.31,-5.815,-7.545,-5.775,-6.59,-7.44,-2.995,3.5,3.345,5.345,-2.79,-6.46,-5.185,-3.945,-0.385,-4.975,2.74,-0.45,2.535
5,23,2014,5,-13.28,-9.215,-7.645,-3.86,1.375,6.095,8.18,7.415,5.675,-8.06,-10.265,-10.29,-8.36,-4.31,-5.815,-7.545,-5.775,-6.59,-7.44,-2.995,3.5,3.345,5.345,-2.79,-6.46,-5.185,-3.945,-0.385,-4.975,2.74,-0.45
5,24,2014,6,-11.03,-13.28,-9.215,-7.645,-3.86,1.375,6.095,8.18,7.415,5.675,-8.06,-10.265,-10.29,-8.36,-4.31,-5.815,-7.545,-5.775,-6.59,-7.44,-2.995,3.5,3.345,5.345,-2.79,-6.46,-5.185,-3.945,-0.385,-4.975,2.74
5,25,2014,7,-10.28,-11.03,-13.28,-9.215,-7.645,-3.86,1.375,6.095,8.18,7.415,5.675,-8.06,-10.265,-10.29,-8.36,-4.31,-5.815,-7.545,-5.775,-6.59,-7.44,-2.995,3.5,3.345,5.345,-2.79,-6.46,-5.185,-3.945,-0.385,-4.975
5,26,2014,1,-7.585,-10.28,-11.03,-13.28,-9.215,-7.645,-3.86,1.375,6.095,8.18,7.415,5.675,-8.06,-10.265,-10.29,-8.36,-4.31,-5.815,-7.545,-5.775,-6.59,-7.44,-2.995,3.5,3.345,5.345,-2.79,-6.46,-5.185,-3.945,-0.385
5,27,2014,2,-8.44,-7.585,-10.28,-11.03,-13.28,-9.215,-7.645,-3.86,1.375,6.095,8.18,7.415,5.675,-8.06,-10.265,-10.29,-8.36,-4.31,-5.815,-7.545,-5.775,-6.59,-7.44,-2.995,3.5,3.345,5.345,-2.79,-6.46,-5.185,-3.945
5,28,2014,3,-9.295,-8.44,-7.585,-10.28,-11.03,-13.28,-9.215,-7.645,-3.86,1.375,6.095,8.18,7.415,5.675,-8.06,-10.265,-10.29,-8.36,-4.31,-5.815,-7.545,-5.775,-6.59,-7.44,-2.995,3.5,3.345,5.345,-2.79,-6.46,-5.185
5,29,2014,4,-10.28,-9.295,-8.44,-7.585,-10.28,-11.03,-13.28,-9.215,-7.645,-3.86,1.375,6.095,8.18,7.415,5.675,-8.06,-10.265,-10.29,-8.36,-4.31,-5.815,-7.545,-5.775,-6.59,-7.44,-2.995,3.5,3.345,5.345,-2.79,-6.46
5,30,2014,5,-10.285,-10.28,-9.295,-8.44,-7.585,-10.28,-11.03,-13.28,-9.215,-7.645,-3.86,1.375,6.095,8.18,7.415,5.675,-8.06,-10.265,-10.29,-8.36,-4.31,-5.815,-7.545,-5.775,-6.59,-7.44,-2.995,3.5,3.345,5.345,-2.79
5,31,2014,6,-10.745,-10.285,-10.28,-9.295,-8.44,-7.585,-10.28,-11.03,-13.28,-9.215,-7.645,-3.86,1.375,6.095,8.18,7.415,5.675,-8.06,-10.265,-10.29,-8.36,-4.31,-5.815,-7.545,-5.775,-6.59,-7.44,-2.995,3.5,3.345,5.345
6,1,2014,7,-9.36,-10.745,-10.285,-10.28,-9.295,-8.44,-7.585,-10.28,-11.03,-13.28,-9.215,-7.645,-3.86,1.375,6.095,8.18,7.415,5.675,-8.06,-10.265,-10.29,-8.36,-4.31,-5.815,-7.545,-5.775,-6.59,-7.44,-2.995,3.5,3.345
6,2,2014,1,-6.64,-9.36,-10.745,-10.285,-10.28,-9.295,-8.44,-7.585,-10.28,-11.03,-13.28,-9.215,-7.645,-3.86,1.375,6.095,8.18,7.415,5.675,-8.06,-10.265,-10.29,-8.36,-4.31,-5.815,-7.545,-5.775,-6.59,-7.44,-2.995,3.5
6,3,2014,2,-12.045,-6.64,-9.36,-10.745,-10.285,-10.28,-9.295,-8.44,-7.585,-10.28,-11.03,-13.28,-9.215,-7.645,-3.86,1.375,6.095,8.18,7.415,5.675,-8.06,-10.265,-10.29,-8.36,-4.31,-5.815,-7.545,-5.775,-6.59,-7.44,-2.995
6,4,2014,3,-12.725,-12.045,-6.64,-9.36,-10.745,-10.285,-10.28,-9.295,-8.44,-7.585,-10.28,-11.03,-13.28,-9.215,-7.645,-3.86,1.375,6.095,8.18,7.415,5.675,-8.06,-10.265,-10.29,-8.36,-4.31,-5.815,-7.545,-5.775,-6.59,-7.44
6,5,2014,4,-11.365,-12.725,-12.045,-6.64,-9.36,-10.745,-10.285,-10.28,-9.295,-8.44,-7.585,-10.28,-11.03,-13.28,-9.215,-7.645,-3.86,1.375,6.095,8.18,7.415,5.675,-8.06,-10.265,-10.29,-8.36,-4.31,-5.815,-7.545,-5.775,-6.59
6,6,2014,5,-9.39,-11.365,-12.725,-12.045,-6.64,-9.36,-10.745,-10.285,-10.28,-9.295,-8.44,-7.585,-10.28,-11.03,-13.28,-9.215,-7.645,-3.86,1.375,6.095,8.18,7.415,5.675,-8.06,-10.265,-10.29,-8.36,-4.31,-5.815,-7.545,-5.775
6,7,2014,6,-12.61,-9.39,-11.365,-12.725,-12.045,-6.64,-9.36,-10.745,-10.285,-10.28,-9.295,-8.44,-7.585,-10.28,-11.03,-13.28,-9.215,-7.645,-3.86,1.375,6.095,8.18,7.415,5.675,-8.06,-10.265,-10.29,-8.36,-4.31,-5.815,-7.545
6,8,2014,7,-10.52,-12.61,-9.39,-11.365,-12.725,-12.045,-6.64,-9.36,-10.745,-10.285,-10.28,-9.295,-8.44,-7.585,-10.28,-11.03,-13.28,-9.215,-7.645,-3.86,1.375,6.095,8.18,7.415,5.675,-8.06,-10.265,-10.29,-8.36,-4.31,-5.815
6,9,2014,1,-12.67,-10.52,-12.61,-9.39,-11.365,-12.725,-12.045,-6.64,-9.36,-10.745,-10.285,-10.28,-9.295,-8.44,-7.585,-10.28,-11.03,-13.28,-9.215,-7.645,-3.86,1.375,6.095,8.18,7.415,5.675,-8.06,-10.265,-10.29,-8.36,-4.31
6,10,2014,2,-12.175,-12.67,-10.52,-12.61,-9.39,-11.365,-12.725,-12.045,-6.64,-9.36,-10.745,-10.285,-10.28,-9.295,-8.44,-7.585,-10.28,-11.03,-13.28,-9.215,-7.645,-3.86,1.375,6.095,8.18,7.415,5.675,-8.06,-10.265,-10.29,-8.36
6,11,2014,3,-8.355,-12.175,-12.67,-10.52,-12.61,-9.39,-11.365,-12.725,-12.045,-6.64,-9.36,-10.745,-10.285,-10.28,-9.295,-8.44,-7.585,-10.28,-11.03,-13.28,-9.215,-7.645,-3.86,1.375,6.095,8.18,7.415,5.675,-8.06,-10.265,-10.29
6,12,2014,4,-8.26,-8.355,-12.175,-12.67,-10.52,-12.61,-9.39,-11.365,-12.725,-12.045,-6.64,-9.36,-10.745,-10.285,-10.28,-9.295,-8.44,-7.585,-10.28,-11.03,-13.28,-9.215,-7.645,-3.86,1.375,6.095,8.18,7.415,5.675,-8.06,-10.265
6,13,2014,5,-8.53,-8.26,-8.355,-12.175,-12.67,-10.52,-12.61,-9.39,-11.365,-12.725,-12.045,-6.64,-9.36,-10.745,-10.285,-10.28,-9.295,-8.44,-7.585,-10.28,-11.03,-13.28,-9.215,-7.645,-3.86,1.375,6.095,8.18,7.415,5.675,-8.06
6,14,2014,6,-10.575,-8.53,-8.26,-8.355,-12.175,-12.67,-10.52,-12.61,-9.39,-11.365,-12.725,-12.045,-6.64,-9.36,-10.745,-10.285,-10.28,-9.295,-8.44,-7.585,-10.28,-11.03,-13.28,-9.215,-7.645,-3.86,1.375,6.095,8.18,7.415,5.675
6,15,2014,7,-13.11,-10.575,-8.53,-8.26,-8.355,-12.175,-12.67,-10.52,-12.61,-9.39,-11.365,-12.725,-12.045,-6.64,-9.36,-10.745,-10.285,-10.28,-9.295,-8.44,-7.585,-10.28,-11.03,-13.28,-9.215,-7.645,-3.86,1.375,6.095,8.18,7.415
6,16,2014,1,-14.68,-13.11,-10.575,-8.53,-8.26,-8.355,-12.175,-12.67,-10.52,-12.61,-9.39,-11.365,-12.725,-12.045,-6.64,-9.36,-10.745,-10.285,-10.28,-9.295,-8.44,-7.585,-10.28,-11.03,-13.28,-9.215,-7.645,-3.86,1.375,6.095,8.18
6,17,2014,2,-14.45,-14.68,-13.11,-10.575,-8.53,-8.26,-8.355,-12.175,-12.67,-10.52,-12.61,-9.39,-11.365,-12.725,-12.045,-6.64,-9.36,-10.745,-10.285,-10.28,-9.295,-8.44,-7.585,-10.28,-11.03,-13.28,-9.215,-7.645,-3.86,1.375,6.095
6,18,2014,3,-15.895,-14.45,-14.68,-13.11,-10.575,-8.53,-8.26,-8.355,-12.175,-12.67,-10.52,-12.61,-9.39,-11.365,-12.725,-12.045,-6.64,-9.36,-10.745,-10.285,-10.28,-9.295,-8.44,-7.585,-10.28,-11.03,-13.28,-9.215,-7.645,-3.86,1.375
6,19,2014,4,-16.36,-15.895,-14.45,-14.68,-13.11,-10.575,-8.53,-8.26,-8.355,-12.175,-12.67,-10.52,-12.61,-9.39,-11.365,-12.725,-12.045,-6.64,-9.36,-10.745,-10.285,-10.28,-9.295,-8.44,-7.585,-10.28,-11.03,-13.28,-9.215,-7.645,-3.86
6,20,2014,5,-16.18,-16.36,-15.895,-14.45,-14.68,-13.11,-10.575,-8.53,-8.26,-8.355,-12.175,-12.67,-10.52,-12.61,-9.39,-11.365,-12.725,-12.045,-6.64,-9.36,-10.745,-10.285,-10.28,-9.295,-8.44,-7.585,-10.28,-11.03,-13.28,-9.215,-7.645
6,21,2014,6,-14.755,-16.18,-16.36,-15.895,-14.45,-14.68,-13.11,-10.575,-8.53,-8.26,-8.355,-12.175,-12.67,-10.52,-12.61,-9.39,-11.365,-12.725,-12.045,-6.64,-9.36,-10.745,-10.285,-10.28,-9.295,-8.44,-7.585,-10.28,-11.03,-13.28,-9.215
6,22,2014,7,-13.43,-14.755,-16.18,-16.36,-15.895,-14.45,-14.68,-13.11,-10.575,-8.53,-8.26,-8.355,-12.175,-12.67,-10.52,-12.61,-9.39,-11.365,-12.725,-12.045,-6.64,-9.36,-10.745,-10.285,-10.28,-9.295,-8.44,-7.585,-10.28,-11.03,-13.28
6,23,2014,1,-12.725,-13.43,-14.755,-16.18,-16.36,-15.895,-14.45,-14.68,-13.11,-10.575,-8.53,-8.26,-8.355,-12.175,-12.67,-10.52,-12.61,-9.39,-11.365,-12.725,-12.045,-6.64,-9.36,-10.745,-10.285,-10.28,-9.295,-8.44,-7.585,-10.28,-11.03
6,24,2014,2,-11.97,-12.725,-13.43,-14.755,-16.18,-16.36,-15.895,-14.45,-14.68,-13.11,-10.575,-8.53,-8.26,-8.355,-12.175,-12.67,-10.52,-12.61,-9.39,-11.365,-12.725,-12.045,-6.64,-9.36,-10.745,-10.285,-10.28,-9.295,-8.44,-7.585,-10.28
6,25,2014,3,-13.62,-11.97,-12.725,-13.43,-14.755,-16.18,-16.36,-15.895,-14.45,-14.68,-13.11,-10.575,-8.53,-8.26,-8.355,-12.175,-12.67,-10.52,-12.61,-9.39,-11.365,-12.725,-12.045,-6.64,-9.36,-10.745,-10.285,-10.28,-9.295,-8.44,-7.585
6,26,2014,4,-12.255,-13.62,-11.97,-12.725,-13.43,-14.755,-16.18,-16.36,-15.895,-14.45,-14.68,-13.11,-10.575,-8.53,-8.26,-8.355,-12.175,-12.67,-10.52,-12.61,-9.39,-11.365,-12.725,-12.045,-6.64,-9.36,-10.745,-10.285,-10.28,-9.295,-8.44
6,27,2014,5,-13.275,-12.255,-13.62,-11.97,-12.725,-13.43,-14.755,-16.18,-16.36,-15.895,-14.45,-14.68,-13.11,-10.575,-8.53,-8.26,-8.355,-12.175,-12.67,-10.52,-12.61,-9.39,-11.365,-12.725,-12.045,-6.64,-9.36,-10.745,-10.285,-10.28,-9.295
6,28,2014,6,-12.465,-13.275,-12.255,-13.62,-11.97,-12.725,-13.43,-14.755,-16.18,-16.36,-15.895,-14.45,-14.68,-13.11,-10.575,-8.53,-8.26,-8.355,-12.175,-12.67,-10.52,-12.61,-9.39,-11.365,-12.725,-12.045,-6.64,-9.36,-10.745,-10.285,-10.28
6,29,2014,7,-14.915,-12.465,-13.275,-12.255,-13.62,-11.97,-12.725,-13.43,-14.755,-16.18,-16.36,-15.895,-14.45,-14.68,-13.11,-10.575,-8.53,-8.26,-8.355,-12.175,-12.67,-10.52,-12.61,-9.39,-11.365,-12.725,-12.045,-6.64,-9.36,-10.745,-10.285
6,30,2014,1,-11.145,-14.915,-12.465,-13.275,-12.255,-13.62,-11.97,-12.725,-13.43,-14.755,-16.18,-16.36,-15.895,-14.45,-14.68,-13.11,-10.575,-8.53,-8.26,-8.355,-12.175,-12.67,-10.52,-12.61,-9.39,-11.365,-12.725,-12.045,-6.64,-9.36,-10.745
7,1,2014,2,-15.345,-11.145,-14.915,-12.465,-13.275,-12.255,-13.62,-11.97,-12.725,-13.43,-14.755,-16.18,-16.36,-15.895,-14.45,-14.68,-13.11,-10.575,-8.53,-8.26,-8.355,-12.175,-12.67,-10.52,-12.61,-9.39,-11.365,-12.725,-12.045,-6.64,-9.36
7,2,2014,3,-17.405,-15.345,-11.145,-14.915,-12.465,-13.275,-12.255,-13.62,-11.97,-12.725,-13.43,-14.755,-16.18,-16.36,-15.895,-14.45,-14.68,-13.11,-10.575,-8.53,-8.26,-8.355,-12.175,-12.67,-10.52,-12.61,-9.39,-11.365,-12.725,-12.045,-6.64
7,3,2014,4,-14.81,-17.405,-15.345,-11.145,-14.915,-12.465,-13.275,-12.255,-13.62,-11.97,-12.725,-13.43,-14.755,-16.18,-16.36,-15.895,-14.45,-14.68,-13.11,-10.575,-8.53,-8.26,-8.355,-12.175,-12.67,-10.52,-12.61,-9.39,-11.365,-12.725,-12.045
7,4,2014,5,-8.58,-14.81,-17.405,-15.345,-11.145,-14.915,-12.465,-13.275,-12.255,-13.62,-11.97,-12.725,-13.43,-14.755,-16.18,-16.36,-15.895,-14.45,-14.68,-13.11,-10.575,-8.53,-8.26,-8.355,-12.175,-12.67,-10.52,-12.61,-9.39,-11.365,-12.725
7,5,2014,6,-11.635,-8.58,-14.81,-17.405,-15.345,-11.145,-14.915,-12.465,-13.275,-12.255,-13.62,-11.97,-12.725,-13.43,-14.755,-16.18,-16.36,-15.895,-14.45,-14.68,-13.11,-10.575,-8.53,-8.26,-8.355,-12.175,-12.67,-10.52,-12.61,-9.39,-11.365
7,6,2014,7,-11.79,-11.635,-8.58,-14.81,-17.405,-15.345,-11.145,-14.915,-12.465,-13.275,-12.255,-13.62,-11.97,-12.725,-13.43,-14.755,-16.18,-16.36,-15.895,-14.45,-14.68,-13.11,-10.575,-8.53,-8.26,-8.355,-12.175,-12.67,-10.52,-12.61,-9.39
7,7,2014,1,-14.255,-11.79,-11.635,-8.58,-14.81,-17.405,-15.345,-11.145,-14.915,-12.465,-13.275,-12.255,-13.62,-11.97,-12.725,-13.43,-14.755,-16.18,-16.36,-15.895,-14.45,-14.68,-13.11,-10.575,-8.53,-8.26,-8.355,-12.175,-12.67,-10.52,-12.61
7,8,2014,2,-14.08,-14.255,-11.79,-11.635,-8.58,-14.81,-17.405,-15.345,-11.145,-14.915,-12.465,-13.275,-12.255,-13.62,-11.97,-12.725,-13.43,-14.755,-16.18,-16.36,-15.895,-14.45,-14.68,-13.11,-10.575,-8.53,-8.26,-8.355,-12.175,-12.67,-10.52
7,9,2014,3,-16.55,-14.08,-14.255,-11.79,-11.635,-8.58,-14.81,-17.405,-15.345,-11.145,-14.915,-12.465,-13.275,-12.255,-13.62,-11.97,-12.725,-13.43,-14.755,-16.18,-16.36,-15.895,-14.45,-14.68,-13.11,-10.575,-8.53,-8.26,-8.355,-12.175,-12.67
7,10,2014,4,-13.465,-16.55,-14.08,-14.255,-11.79,-11.635,-8.58,-14.81,-17.405,-15.345,-11.145,-14.915,-12.465,-13.275,-12.255,-13.62,-11.97,-12.725,-13.43,-14.755,-16.18,-16.36,-15.895,-14.45,-14.68,-13.11,-10.575,-8.53,-8.26,-8.355,-12.175
7,11,2014,5,-13.675,-13.465,-16.55,-14.08,-14.255,-11.79,-11.635,-8.58,-14.81,-17.405,-15.345,-11.145,-14.915,-12.465,-13.275,-12.255,-13.62,-11.97,-12.725,-13.43,-14.755,-16.18,-16.36,-15.895,-14.45,-14.68,-13.11,-10.575,-8.53,-8.26,-8.355
7,12,2014,6,-14.64,-13.675,-13.465,-16.55,-14.08,-14.255,-11.79,-11.635,-8.58,-14.81,-17.405,-15.345,-11.145,-14.915,-12.465,-13.275,-12.255,-13.62,-11.97,-12.725,-13.43,-14.755,-16.18,-16.36,-15.895,-14.45,-14.68,-13.11,-10.575,-8.53,-8.26
7,13,2014,7,-15.1,-14.64,-13.675,-13.465,-16.55,-14.08,-14.255,-11.79,-11.635,-8.58,-14.81,-17.405,-15.345,-11.145,-14.915,-12.465,-13.275,-12.255,-13.62,-11.97,-12.725,-13.43,-14.755,-16.18,-16.36,-15.895,-14.45,-14.68,-13.11,-10.575,-8.53
7,14,2014,1,-14.77,-15.1,-14.64,-13.675,-13.465,-16.55,-14.08,-14.255,-11.79,-11.635,-8.58,-14.81,-17.405,-15.345,-11.145,-14.915,-12.465,-13.275,-12.255,-13.62,-11.97,-12.725,-13.43,-14.755,-16.18,-16.36,-15.895,-14.45,-14.68,-13.11,-10.575
7,15,2014,2,-13.065,-14.77,-15.1,-14.64,-13.675,-13.465,-16.55,-14.08,-14.255,-11.79,-11.635,-8.58,-14.81,-17.405,-15.345,-11.145,-14.915,-12.465,-13.275,-12.255,-13.62,-11.97,-12.725,-13.43,-14.755,-16.18,-16.36,-15.895,-14.45,-14.68,-13.11
7,16,2014,3,-8.11,-13.065,-14.77,-15.1,-14.64,-13.675,-13.465,-16.55,-14.08,-14.255,-11.79,-11.635,-8.58,-14.81,-17.405,-15.345,-11.145,-14.915,-12.465,-13.275,-12.255,-13.62,-11.97,-12.725,-13.43,-14.755,-16.18,-16.36,-15.895,-14.45,-14.68
7,17,2014,4,-7.35,-8.11,-13.065,-14.77,-15.1,-14.64,-13.675,-13.465,-16.55,-14.08,-14.255,-11.79,-11.635,-8.58,-14.81,-17.405,-15.345,-11.145,-14.915,-12.465,-13.275,-12.255,-13.62,-11.97,-12.725,-13.43,-14.755,-16.18,-16.36,-15.895,-14.45
7,18,2014,5,-9.035,-7.35,-8.11,-13.065,-14.77,-15.1,-14.64,-13.675,-13.465,-16.55,-14.08,-14.255,-11.79,-11.635,-8.58,-14.81,-17.405,-15.345,-11.145,-14.915,-12.465,-13.275,-12.255,-13.62,-11.97,-12.725,-13.43,-14.755,-16.18,-16.36,-15.895
7,19,2014,6,-8.275,-9.035,-7.35,-8.11,-13.065,-14.77,-15.1,-14.64,-13.675,-13.465,-16.55,-14.08,-14.255,-11.79,-11.635,-8.58,-14.81,-17.405,-15.345,-11.145,-14.915,-12.465,-13.275,-12.255,-13.62,-11.97,-12.725,-13.43,-14.755,-16.18,-16.36
7,20,2014,7,-5.075,-8.275,-9.035,-7.35,-8.11,-13.065,-14.77,-15.1,-14.64,-13.675,-13.465,-16.55,-14.08,-14.255,-11.79,-11.635,-8.58,-14.81,-17.405,-15.345,-11.145,-14.915,-12.465,-13.275,-12.255,-13.62,-11.97,-12.725,-13.43,-14.755,-16.18
7,21,2014,1,-12.125,-5.075,-8.275,-9.035,-7.35,-8.11,-13.065,-14.77,-15.1,-14.64,-13.675,-13.465,-16.55,-14.08,-14.255,-11.79,-11.635,-8.58,-14.81,-17.405,-15.345,-11.145,-14.915,-12.465,-13.275,-12.255,-13.62,-11.97,-12.725,-13.43,-14.755
7,22,2014,2,-12.09,-12.125,-5.075,-8.275,-9.035,-7.35,-8.11,-13.065,-14.77,-15.1,-14.64,-13.675,-13.465,-16.55,-14.08,-14.255,-11.79,-11.635,-8.58,-14.81,-17.405,-15.345,-11.145,-14.915,-12.465,-13.275,-12.255,-13.62,-11.97,-12.725,-13.43
7,23,2014,3,-14.515,-12.09,-12.125,-5.075,-8.275,-9.035,-7.35,-8.11,-13.065,-14.77,-15.1,-14.64,-13.675,-13.465,-16.55,-14.08,-14.255,-11.79,-11.635,-8.58,-14.81,-17.405,-15.345,-11.145,-14.915,-12.465,-13.275,-12.255,-13.62,-11.97,-12.725
7,24,2014,4,-12.92,-14.515,-12.09,-12.125,-5.075,-8.275,-9.035,-7.35,-8.11,-13.065,-14.77,-15.1,-14.64,-13.675,-13.465,-16.55,-14.08,-14.255,-11.79,-11.635,-8.58,-14.81,-17.405,-15.345,-11.145,-14.915,-12.465,-13.275,-12.255,-13.62,-11.97
7,25,2014,5,-13.225,-12.92,-14.515,-12.09,-12.125,-5.075,-8.275,-9.035,-7.35,-8.11,-13.065,-14.77,-15.1,-14.64,-13.675,-13.465,-16.55,-14.08,-14.255,-11.79,-11.635,-8.58,-14.81,-17.405,-15.345,-11.145,-14.915,-12.465,-13.275,-12.255,-13.62
7,26,2014,6,-13.265,-13.225,-12.92,-14.515,-12.09,-12.125,-5.075,-8.275,-9.035,-7.35,-8.11,-13.065,-14.77,-15.1,-14.64,-13.675,-13.465,-16.55,-14.08,-14.255,-11.79,-11.635,-8.58,-14.81,-17.405,-15.345,-11.145,-14.915,-12.465,-13.275,-12.255
7,27,2014,7,-16.42,-13.265,-13.225,-12.92,-14.515,-12.09,-12.125,-5.075,-8.275,-9.035,-7.35,-8.11,-13.065,-14.77,-15.1,-14.64,-13.675,-13.465,-16.55,-14.08,-14.255,-11.79,-11.635,-8.58,-14.81,-17.405,-15.345,-11.145,-14.915,-12.465,-13.275
7,28,2014,1,-16.455,-16.42,-13.265,-13.225,-12.92,-14.515,-12.09,-12.125,-5.075,-8.275,-9.035,-7.35,-8.11,-13.065,-14.77,-15.1,-14.64,-13.675,-13.465,-16.55,-14.08,-14.255,-11.79,-11.635,-8.58,-14.81,-17.405,-15.345,-11.145,-14.915,-12.465
7,29,2014,2,-8.68,-16.455,-16.42,-13.265,-13.225,-12.92,-14.515,-12.09,-12.125,-5.075,-8.275,-9.035,-7.35,-8.11,-13.065,-14.77,-15.1,-14.64,-13.675,-13.465,-16.55,-14.08,-14.255,-11.79,-11.635,-8.58,-14.81,-17.405,-15.345,-11.145,-14.915
7,30,2014,3,-5.375,-8.68,-16.455,-16.42,-13.265,-13.225,-12.92,-14.515,-12.09,-12.125,-5.075,-8.275,-9.035,-7.35,-8.11,-13.065,-14.77,-15.1,-14.64,-13.675,-13.465,-16.55,-14.08,-14.255,-11.79,-11.635,-8.58,-14.81,-17.405,-15.345,-11.145
7,31,2014,4,-10.39,-5.375,-8.68,-16.455,-16.42,-13.265,-13.225,-12.92,-14.515,-12.09,-12.125,-5.075,-8.275,-9.035,-7.35,-8.11,-13.065,-14.77,-15.1,-14.64,-13.675,-13.465,-16.55,-14.08,-14.255,-11.79,-11.635,-8.58,-14.81,-17.405,-15.345
8,1,2014,5,-8.5,-10.39,-5.375,-8.68,-16.455,-16.42,-13.265,-13.225,-12.92,-14.515,-12.09,-12.125,-5.075,-8.275,-9.035,-7.35,-8.11,-13.065,-14.77,-15.1,-14.64,-13.675,-13.465,-16.55,-14.08,-14.255,-11.79,-11.635,-8.58,-14.81,-17.405
8,2,2014,6,-9.53,-8.5,-10.39,-5.375,-8.68,-16.455,-16.42,-13.265,-13.225,-12.92,-14.515,-12.09,-12.125,-5.075,-8.275,-9.035,-7.35,-8.11,-13.065,-14.77,-15.1,-14.64,-13.675,-13.465,-16.55,-14.08,-14.255,-11.79,-11.635,-8.58,-14.81
8,3,2014,7,-12.2,-9.53,-8.5,-10.39,-5.375,-8.68,-16.455,-16.42,-13.265,-13.225,-12.92,-14.515,-12.09,-12.125,-5.075,-8.275,-9.035,-7.35,-8.11,-13.065,-14.77,-15.1,-14.64,-13.675,-13.465,-16.55,-14.08,-14.255,-11.79,-11.635,-8.58
8,4,2014,1,-13.505,-12.2,-9.53,-8.5,-10.39,-5.375,-8.68,-16.455,-16.42,-13.265,-13.225,-12.92,-14.515,-12.09,-12.125,-5.075,-8.275,-9.035,-7.35,-8.11,-13.065,-14.77,-15.1,-14.64,-13.675,-13.465,-16.55,-14.08,-14.255,-11.79,-11.635
8,5,2014,2,-13.285,-13.505,-12.2,-9.53,-8.5,-10.39,-5.375,-8.68,-16.455,-16.42,-13.265,-13.225,-12.92,-14.515,-12.09,-12.125,-5.075,-8.275,-9.035,-7.35,-8.11,-13.065,-14.77,-15.1,-14.64,-13.675,-13.465,-16.55,-14.08,-14.255,-11.79
8,6,2014,3,-12.945,-13.285,-13.505,-12.2,-9.53,-8.5,-10.39,-5.375,-8.68,-16.455,-16.42,-13.265,-13.225,-12.92,-14.515,-12.09,-12.125,-5.075,-8.275,-9.035,-7.35,-8.11,-13.065,-14.77,-15.1,-14.64,-13.675,-13.465,-16.55,-14.08,-14.255
8,7,2014,4,-17.26,-12.945,-13.285,-13.505,-12.2,-9.53,-8.5,-10.39,-5.375,-8.68,-16.455,-16.42,-13.265,-13.225,-12.92,-14.515,-12.09,-12.125,-5.075,-8.275,-9.035,-7.35,-8.11,-13.065,-14.77,-15.1,-14.64,-13.675,-13.465,-16.55,-14.08
8,8,2014,5,-12.885,-17.26,-12.945,-13.285,-13.505,-12.2,-9.53,-8.5,-10.39,-5.375,-8.68,-16.455,-16.42,-13.265,-13.225,-12.92,-14.515,-12.09,-12.125,-5.075,-8.275,-9.035,-7.35,-8.11,-13.065,-14.77,-15.1,-14.64,-13.675,-13.465,-16.55
8,9,2014,6,-13.795,-12.885,-17.26,-12.945,-13.285,-13.505,-12.2,-9.53,-8.5,-10.39,-5.375,-8.68,-16.455,-16.42,-13.265,-13.225,-12.92,-14.515,-12.09,-12.125,-5.075,-8.275,-9.035,-7.35,-8.11,-13.065,-14.77,-15.1,-14.64,-13.675,-13.465
8,10,2014,7,-12.39,-13.795,-12.885,-17.26,-12.945,-13.285,-13.505,-12.2,-9.53,-8.5,-10.39,-5.375,-8.68,-16.455,-16.42,-13.265,-13.225,-12.92,-14.515,-12.09,-12.125,-5.075,-8.275,-9.035,-7.35,-8.11,-13.065,-14.77,-15.1,-14.64,-13.675
8,11,2014,1,-12.22,-12.39,-13.795,-12.885,-17.26,-12.945,-13.285,-13.505,-12.2,-9.53,-8.5,-10.39,-5.375,-8.68,-16.455,-16.42,-13.265,-13.225,-12.92,-14.515,-12.09,-12.125,-5.075,-8.275,-9.035,-7.35,-8.11,-13.065,-14.77,-15.1,-14.64
8,12,2014,2,-14.915,-12.22,-12.39,-13.795,-12.885,-17.26,-12.945,-13.285,-13.505,-12.2,-9.53,-8.5,-10.39,-5.375,-8.68,-16.455,-16.42,-13.265,-13.225,-12.92,-14.515,-12.09,-12.125,-5.075,-8.275,-9.035,-7.35,-8.11,-13.065,-14.77,-15.1
8,13,2014,3,-9.685,-14.915,-12.22,-12.39,-13.795,-12.885,-17.26,-12.945,-13.285,-13.505,-12.2,-9.53,-8.5,-10.39,-5.375,-8.68,-16.455,-16.42,-13.265,-13.225,-12.92,-14.515,-12.09,-12.125,-5.075,-8.275,-9.035,-7.35,-8.11,-13.065,-14.77
8,14,2014,4,-7.48,-9.685,-14.915,-12.22,-12.39,-13.795,-12.885,-17.26,-12.945,-13.285,-13.505,-12.2,-9.53,-8.5,-10.39,-5.375,-8.68,-16.455,-16.42,-13.265,-13.225,-12.92,-14.515,-12.09,-12.125,-5.075,-8.275,-9.035,-7.35,-8.11,-13.065
8,15,2014,5,-9.71,-7.48,-9.685,-14.915,-12.22,-12.39,-13.795,-12.885,-17.26,-12.945,-13.285,-13.505,-12.2,-9.53,-8.5,-10.39,-5.375,-8.68,-16.455,-16.42,-13.265,-13.225,-12.92,-14.515,-12.09,-12.125,-5.075,-8.275,-9.035,-7.35,-8.11
8,16,2014,6,-11.24,-9.71,-7.48,-9.685,-14.915,-12.22,-12.39,-13.795,-12.885,-17.26,-12.945,-13.285,-13.505,-12.2,-9.53,-8.5,-10.39,-5.375,-8.68,-16.455,-16.42,-13.265,-13.225,-12.92,-14.515,-12.09,-12.125,-5.075,-8.275,-9.035,-7.35
8,17,2014,7,-12.345,-11.24,-9.71,-7.48,-9.685,-14.915,-12.22,-12.39,-13.795,-12.885,-17.26,-12.945,-13.285,-13.505,-12.2,-9.53,-8.5,-10.39,-5.375,-8.68,-16.455,-16.42,-13.265,-13.225,-12.92,-14.515,-12.09,-12.125,-5.075,-8.275,-9.035
8,18,2014,1,-15.315,-12.345,-11.24,-9.71,-7.48,-9.685,-14.915,-12.22,-12.39,-13.795,-12.885,-17.26,-12.945,-13.285,-13.505,-12.2,-9.53,-8.5,-10.39,-5.375,-8.68,-16.455,-16.42,-13.265,-13.225,-12.92,-14.515,-12.09,-12.125,-5.075,-8.275
8,19,2014,2,-12.4,-15.315,-12.345,-11.24,-9.71,-7.48,-9.685,-14.915,-12.22,-12.39,-13.795,-12.885,-17.26,-12.945,-13.285,-13.505,-12.2,-9.53,-8.5,-10.39,-5.375,-8.68,-16.455,-16.42,-13.265,-13.225,-12.92,-14.515,-12.09,-12.125,-5.075
8,20,2014,3,-14.77,-12.4,-15.315,-12.345,-11.24,-9.71,-7.48,-9.685,-14.915,-12.22,-12.39,-13.795,-12.885,-17.26,-12.945,-13.285,-13.505,-12.2,-9.53,-8.5,-10.39,-5.375,-8.68,-16.455,-16.42,-13.265,-13.225,-12.92,-14.515,-12.09,-12.125
8,21,2014,4,-14.575,-14.77,-12.4,-15.315,-12.345,-11.24,-9.71,-7.48,-9.685,-14.915,-12.22,-12.39,-13.795,-12.885,-17.26,-12.945,-13.285,-13.505,-12.2,-9.53,-8.5,-10.39,-5.375,-8.68,-16.455,-16.42,-13.265,-13.225,-12.92,-14.515,-12.09
8,22,2014,5,-16.845,-14.575,-14.77,-12.4,-15.315,-12.345,-11.24,-9.71,-7.48,-9.685,-14.915,-12.22,-12.39,-13.795,-12.885,-17.26,-12.945,-13.285,-13.505,-12.2,-9.53,-8.5,-10.39,-5.375,-8.68,-16.455,-16.42,-13.265,-13.225,-12.92,-14.515
8,23,2014,6,-17.76,-16.845,-14.575,-14.77,-12.4,-15.315,-12.345,-11.24,-9.71,-7.48,-9.685,-14.915,-12.22,-12.39,-13.795,-12.885,-17.26,-12.945,-13.285,-13.505,-12.2,-9.53,-8.5,-10.39,-5.375,-8.68,-16.455,-16.42,-13.265,-13.225,-12.92
8,24,2014,7,-15.825,-17.76,-16.845,-14.575,-14.77,-12.4,-15.315,-12.345,-11.24,-9.71,-7.48,-9.685,-14.915,-12.22,-12.39,-13.795,-12.885,-17.26,-12.945,-13.285,-13.505,-12.2,-9.53,-8.5,-10.39,-5.375,-8.68,-16.455,-16.42,-13.265,-13.225
8,25,2014,1,-11.44,-15.825,-17.76,-16.845,-14.575,-14.77,-12.4,-15.315,-12.345,-11.24,-9.71,-7.48,-9.685,-14.915,-12.22,-12.39,-13.795,-12.885,-17.26,-12.945,-13.285,-13.505,-12.2,-9.53,-8.5,-10.39,-5.375,-8.68,-16.455,-16.42,-13.265
8,26,2014,2,-10.105,-11.44,-15.825,-17.76,-16.845,-14.575,-14.77,-12.4,-15.315,-12.345,-11.24,-9.71,-7.48,-9.685,-14.915,-12.22,-12.39,-13.795,-12.885,-17.26,-12.945,-13.285,-13.505,-12.2,-9.53,-8.5,-10.39,-5.375,-8.68,-16.455,-16.42
8,27,2014,3,-10.11,-10.105,-11.44,-15.825,-17.76,-16.845,-14.575,-14.77,-12.4,-15.315,-12.345,-11.24,-9.71,-7.48,-9.685,-14.915,-12.22,-12.39,-13.795,-12.885,-17.26,-12.945,-13.285,-13.505,-12.2,-9.53,-8.5,-10.39,-5.375,-8.68,-16.455
8,28,2014,4,-12.745,-10.11,-10.105,-11.44,-15.825,-17.76,-16.845,-14.575,-14.77,-12.4,-15.315,-12.345,-11.24,-9.71,-7.48,-9.685,-14.915,-12.22,-12.39,-13.795,-12.885,-17.26,-12.945,-13.285,-13.505,-12.2,-9.53,-8.5,-10.39,-5.375,-8.68
8,29,2014,5,-13.165,-12.745,-10.11,-10.105,-11.44,-15.825,-17.76,-16.845,-14.575,-14.77,-12.4,-15.315,-12.345,-11.24,-9.71,-7.48,-9.685,-14.915,-12.22,-12.39,-13.795,-12.885,-17.26,-12.945,-13.285,-13.505,-12.2,-9.53,-8.5,-10.39,-5.375
8,30,2014,6,-14.145,-13.165,-12.745,-10.11,-10.105,-11.44,-15.825,-17.76,-16.845,-14.575,-14.77,-12.4,-15.315,-12.345,-11.24,-9.71,-7.48,-9.685,-14.915,-12.22,-12.39,-13.795,-12.885,-17.26,-12.945,-13.285,-13.505,-12.2,-9.53,-8.5,-10.39
8,31,2014,7,-14.285,-14.145,-13.165,-12.745,-10.11,-10.105,-11.44,-15.825,-17.76,-16.845,-14.575,-14.77,-12.4,-15.315,-12.345,-11.24,-9.71,-7.48,-9.685,-14.915,-12.22,-12.39,-13.795,-12.885,-17.26,-12.945,-13.285,-13.505,-12.2,-9.53,-8.5
9,1,2014,1,-16.155,-14.285,-14.145,-13.165,-12.745,-10.11,-10.105,-11.44,-15.825,-17.76,-16.845,-14.575,-14.77,-12.4,-15.315,-12.345,-11.24,-9.71,-7.48,-9.685,-14.915,-12.22,-12.39,-13.795,-12.885,-17.26,-12.945,-13.285,-13.505,-12.2,-9.53
9,2,2014,2,-13.8,-16.155,-14.285,-14.145,-13.165,-12.745,-10.11,-10.105,-11.44,-15.825,-17.76,-16.845,-14.575,-14.77,-12.4,-15.315,-12.345,-11.24,-9.71,-7.48,-9.685,-14.915,-12.22,-12.39,-13.795,-12.885,-17.26,-12.945,-13.285,-13.505,-12.2
9,3,2014,3,-14.97,-13.8,-16.155,-14.285,-14.145,-13.165,-12.745,-10.11,-10.105,-11.44,-15.825,-17.76,-16.845,-14.575,-14.77,-12.4,-15.315,-12.345,-11.24,-9.71,-7.48,-9.685,-14.915,-12.22,-12.39,-13.795,-12.885,-17.26,-12.945,-13.285,-13.505
9,4,2014,4,-11.47,-14.97,-13.8,-16.155,-14.285,-14.145,-13.165,-12.745,-10.11,-10.105,-11.44,-15.825,-17.76,-16.845,-14.575,-14.77,-12.4,-15.315,-12.345,-11.24,-9.71,-7.48,-9.685,-14.915,-12.22,-12.39,-13.795,-12.885,-17.26,-12.945,-13.285
9,5,2014,5,-14.435,-11.47,-14.97,-13.8,-16.155,-14.285,-14.145,-13.165,-12.745,-10.11,-10.105,-11.44,-15.825,-17.76,-16.845,-14.575,-14.77,-12.4,-15.315,-12.345,-11.24,-9.71,-7.48,-9.685,-14.915,-12.22,-12.39,-13.795,-12.885,-17.26,-12.945
9,6,2014,6,-15.27,-14.435,-11.47,-14.97,-13.8,-16.155,-14.285,-14.145,-13.165,-12.745,-10.11,-10.105,-11.44,-15.825,-17.76,-16.845,-14.575,-14.77,-12.4,-15.315,-12.345,-11.24,-9.71,-7.48,-9.685,-14.915,-12.22,-12.39,-13.795,-12.885,-17.26
9,7,2014,7,-14.175,-15.27,-14.435,-11.47,-14.97,-13.8,-16.155,-14.285,-14.145,-13.165,-12.745,-10.11,-10.105,-11.44,-15.825,-17.76,-16.845,-14.575,-14.77,-12.4,-15.315,-12.345,-11.24,-9.71,-7.48,-9.685,-14.915,-12.22,-12.39,-13.795,-12.885
9,8,2014,1,-11.84,-14.175,-15.27,-14.435,-11.47,-14.97,-13.8,-16.155,-14.285,-14.145,-13.165,-12.745,-10.11,-10.105,-11.44,-15.825,-17.76,-16.845,-14.575,-14.77,-12.4,-15.315,-12.345,-11.24,-9.71,-7.48,-9.685,-14.915,-12.22,-12.39,-13.795
9,9,2014,2,-10.775,-11.84,-14.175,-15.27,-14.435,-11.47,-14.97,-13.8,-16.155,-14.285,-14.145,-13.165,-12.745,-10.11,-10.105,-11.44,-15.825,-17.76,-16.845,-14.575,-14.77,-12.4,-15.315,-12.345,-11.24,-9.71,-7.48,-9.685,-14.915,-12.22,-12.39
9,10,2014,3,-12.75,-10.775,-11.84,-14.175,-15.27,-14.435,-11.47,-14.97,-13.8,-16.155,-14.285,-14.145,-13.165,-12.745,-10.11,-10.105,-11.44,-15.825,-17.76,-16.845,-14.575,-14.77,-12.4,-15.315,-12.345,-11.24,-9.71,-7.48,-9.685,-14.915,-12.22
9,11,2014,4,-14.645,-12.75,-10.775,-11.84,-14.175,-15.27,-14.435,-11.47,-14.97,-13.8,-16.155,-14.285,-14.145,-13.165,-12.745,-10.11,-10.105,-11.44,-15.825,-17.76,-16.845,-14.575,-14.77,-12.4,-15.315,-12.345,-11.24,-9.71,-7.48,-9.685,-14.915
9,12,2014,5,-16.3,-14.645,-12.75,-10.775,-11.84,-14.175,-15.27,-14.435,-11.47,-14.97,-13.8,-16.155,-14.285,-14.145,-13.165,-12.745,-10.11,-10.105,-11.44,-15.825,-17.76,-16.845,-14.575,-14.77,-12.4,-15.315,-12.345,-11.24,-9.71,-7.48,-9.685
9,13,2014,6,-12.39,-16.3,-14.645,-12.75,-10.775,-11.84,-14.175,-15.27,-14.435,-11.47,-14.97,-13.8,-16.155,-14.285,-14.145,-13.165,-12.745,-10.11,-10.105,-11.44,-15.825,-17.76,-16.845,-14.575,-14.77,-12.4,-15.315,-12.345,-11.24,-9.71,-7.48
9,14,2014,7,-4.78,-12.39,-16.3,-14.645,-12.75,-10.775,-11.84,-14.175,-15.27,-14.435,-11.47,-14.97,-13.8,-16.155,-14.285,-14.145,-13.165,-12.745,-10.11,-10.105,-11.44,-15.825,-17.76,-16.845,-14.575,-14.77,-12.4,-15.315,-12.345,-11.24,-9.71
9,15,2014,1,-6.655,-4.78,-12.39,-16.3,-14.645,-12.75,-10.775,-11.84,-14.175,-15.27,-14.435,-11.47,-14.97,-13.8,-16.155,-14.285,-14.145,-13.165,-12.745,-10.11,-10.105,-11.44,-15.825,-17.76,-16.845,-14.575,-14.77,-12.4,-15.315,-12.345,-11.24
9,16,2014,2,-13.0,-6.655,-4.78,-12.39,-16.3,-14.645,-12.75,-10.775,-11.84,-14.175,-15.27,-14.435,-11.47,-14.97,-13.8,-16.155,-14.285,-14.145,-13.165,-12.745,-10.11,-10.105,-11.44,-15.825,-17.76,-16.845,-14.575,-14.77,-12.4,-15.315,-12.345
9,17,2014,3,-9.935,-13.0,-6.655,-4.78,-12.39,-16.3,-14.645,-12.75,-10.775,-11.84,-14.175,-15.27,-14.435,-11.47,-14.97,-13.8,-16.155,-14.285,-14.145,-13.165,-12.745,-10.11,-10.105,-11.44,-15.825,-17.76,-16.845,-14.575,-14.77,-12.4,-15.315
9,18,2014,4,-7.895,-9.935,-13.0,-6.655,-4.78,-12.39,-16.3,-14.645,-12.75,-10.775,-11.84,-14.175,-15.27,-14.435,-11.47,-14.97,-13.8,-16.155,-14.285,-14.145,-13.165,-12.745,-10.11,-10.105,-11.44,-15.825,-17.76,-16.845,-14.575,-14.77,-12.4
9,19,2014,5,-9.82,-7.895,-9.935,-13.0,-6.655,-4.78,-12.39,-16.3,-14.645,-12.75,-10.775,-11.84,-14.175,-15.27,-14.435,-11.47,-14.97,-13.8,-16.155,-14.285,-14.145,-13.165,-12.745,-10.11,-10.105,-11.44,-15.825,-17.76,-16.845,-14.575,-14.77
9,20,2014,6,-8.355,-9.82,-7.895,-9.935,-13.0,-6.655,-4.78,-12.39,-16.3,-14.645,-12.75,-10.775,-11.84,-14.175,-15.27,-14.435,-11.47,-14.97,-13.8,-16.155,-14.285,-14.145,-13.165,-12.745,-10.11,-10.105,-11.44,-15.825,-17.76,-16.845,-14.575
9,21,2014,7,-8.2,-8.355,-9.82,-7.895,-9.935,-13.0,-6.655,-4.78,-12.39,-16.3,-14.645,-12.75,-10.775,-11.84,-14.175,-15.27,-14.435,-11.47,-14.97,-13.8,-16.155,-14.285,-14.145,-13.165,-12.745,-10.11,-10.105,-11.44,-15.825,-17.76,-16.845
9,22,2014,1,-6.53,-8.2,-8.355,-9.82,-7.895,-9.935,-13.0,-6.655,-4.78,-12.39,-16.3,-14.645,-12.75,-10.775,-11.84,-14.175,-15.27,-14.435,-11.47,-14.97,-13.8,-16.155,-14.285,-14.145,-13.165,-12.745,-10.11,-10.105,-11.44,-15.825,-17.76
9,23,2014,2,-2.24,-6.53,-8.2,-8.355,-9.82,-7.895,-9.935,-13.0,-6.655,-4.78,-12.39,-16.3,-14.645,-12.75,-10.775,-11.84,-14.175,-15.27,-14.435,-11.47,-14.97,-13.8,-16.155,-14.285,-14.145,-13.165,-12.745,-10.11,-10.105,-11.44,-15.825
9,24,2014,3,-1.47,-2.24,-6.53,-8.2,-8.355,-9.82,-7.895,-9.935,-13.0,-6.655,-4.78,-12.39,-16.3,-14.645,-12.75,-10.775,-11.84,-14.175,-15.27,-14.435,-11.47,-14.97,-13.8,-16.155,-14.285,-14.145,-13.165,-12.745,-10.11,-10.105,-11.44
9,25,2014,4,-4.755,-1.47,-2.24,-6.53,-8.2,-8.355,-9.82,-7.895,-9.935,-13.0,-6.655,-4.78,-12.39,-16.3,-14.645,-12.75,-10.775,-11.84,-14.175,-15.27,-14.435,-11.47,-14.97,-13.8,-16.155,-14.285,-14.145,-13.165,-12.745,-10.11,-10.105
9,26,2014,5,-3.775,-4.755,-1.47,-2.24,-6.53,-8.2,-8.355,-9.82,-7.895,-9.935,-13.0,-6.655,-4.78,-12.39,-16.3,-14.645,-12.75,-10.775,-11.84,-14.175,-15.27,-14.435,-11.47,-14.97,-13.8,-16.155,-14.285,-14.145,-13.165,-12.745,-10.11
9,27,2014,6,-5.71,-3.775,-4.755,-1.47,-2.24,-6.53,-8.2,-8.355,-9.82,-7.895,-9.935,-13.0,-6.655,-4.78,-12.39,-16.3,-14.645,-12.75,-10.775,-11.84,-14.175,-15.27,-14.435,-11.47,-14.97,-13.8,-16.155,-14.285,-14.145,-13.165,-12.745
9,28,2014,7,-4.37,-5.71,-3.775,-4.755,-1.47,-2.24,-6.53,-8.2,-8.355,-9.82,-7.895,-9.935,-13.0,-6.655,-4.78,-12.39,-16.3,-14.645,-12.75,-10.775,-11.84,-14.175,-15.27,-14.435,-11.47,-14.97,-13.8,-16.155,-14.285,-14.145,-13.165
9,29,2014,1,-3.505,-4.37,-5.71,-3.775,-4.755,-1.47,-2.24,-6.53,-8.2,-8.355,-9.82,-7.895,-9.935,-13.0,-6.655,-4.78,-12.39,-16.3,-14.645,-12.75,-10.775,-11.84,-14.175,-15.27,-14.435,-11.47,-14.97,-13.8,-16.155,-14.285,-14.145
9,30,2014,2,-8.36,-3.505,-4.37,-5.71,-3.775,-4.755,-1.47,-2.24,-6.53,-8.2,-8.355,-9.82,-7.895,-9.935,-13.0,-6.655,-4.78,-12.39,-16.3,-14.645,-12.75,-10.775,-11.84,-14.175,-15.27,-14.435,-11.47,-14.97,-13.8,-16.155,-14.285
10,1,2014,3,-7.505,-8.36,-3.505,-4.37,-5.71,-3.775,-4.755,-1.47,-2.24,-6.53,-8.2,-8.355,-9.82,-7.895,-9.935,-13.0,-6.655,-4.78,-12.39,-16.3,-14.645,-12.75,-10.775,-11.84,-14.175,-15.27,-14.435,-11.47,-14.97,-13.8,-16.155
10,2,2014,4,-7.355,-7.505,-8.36,-3.505,-4.37,-5.71,-3.775,-4.755,-1.47,-2.24,-6.53,-8.2,-8.355,-9.82,-7.895,-9.935,-13.0,-6.655,-4.78,-12.39,-16.3,-14.645,-12.75,-10.775,-11.84,-14.175,-15.27,-14.435,-11.47,-14.97,-13.8
10,3,2014,5,-6.895,-7.355,-7.505,-8.36,-3.505,-4.37,-5.71,-3.775,-4.755,-1.47,-2.24,-6.53,-8.2,-8.355,-9.82,-7.895,-9.935,-13.0,-6.655,-4.78,-12.39,-16.3,-14.645,-12.75,-10.775,-11.84,-14.175,-15.27,-14.435,-11.47,-14.97
10,4,2014,6,7.035,-6.895,-7.355,-7.505,-8.36,-3.505,-4.37,-5.71,-3.775,-4.755,-1.47,-2.24,-6.53,-8.2,-8.355,-9.82,-7.895,-9.935,-13.0,-6.655,-4.78,-12.39,-16.3,-14.645,-12.75,-10.775,-11.84,-14.175,-15.27,-14.435,-11.47
10,5,2014,7,9.805,7.035,-6.895,-7.355,-7.505,-8.36,-3.505,-4.37,-5.71,-3.775,-4.755,-1.47,-2.24,-6.53,-8.2,-8.355,-9.82,-7.895,-9.935,-13.0,-6.655,-4.78,-12.39,-16.3,-14.645,-12.75,-10.775,-11.84,-14.175,-15.27,-14.435
10,6,2014,1,2.38,9.805,7.035,-6.895,-7.355,-7.505,-8.36,-3.505,-4.37,-5.71,-3.775,-4.755,-1.47,-2.24,-6.53,-8.2,-8.355,-9.82,-7.895,-9.935,-13.0,-6.655,-4.78,-12.39,-16.3,-14.645,-12.75,-10.775,-11.84,-14.175,-15.27
10,7,2014,2,-3.56,2.38,9.805,7.035,-6.895,-7.355,-7.505,-8.36,-3.505,-4.37,-5.71,-3.775,-4.755,-1.47,-2.24,-6.53,-8.2,-8.355,-9.82,-7.895,-9.935,-13.0,-6.655,-4.78,-12.39,-16.3,-14.645,-12.75,-10.775,-11.84,-14.175
10,8,2014,3,-8.765,-3.56,2.38,9.805,7.035,-6.895,-7.355,-7.505,-8.36,-3.505,-4.37,-5.71,-3.775,-4.755,-1.47,-2.24,-6.53,-8.2,-8.355,-9.82,-7.895,-9.935,-13.0,-6.655,-4.78,-12.39,-16.3,-14.645,-12.75,-10.775,-11.84
10,9,2014,4,-9.825,-8.765,-3.56,2.38,9.805,7.035,-6.895,-7.355,-7.505,-8.36,-3.505,-4.37,-5.71,-3.775,-4.755,-1.47,-2.24,-6.53,-8.2,-8.355,-9.82,-7.895,-9.935,-13.0,-6.655,-4.78,-12.39,-16.3,-14.645,-12.75,-10.775
10,10,2014,5,-9.295,-9.825,-8.765,-3.56,2.38,9.805,7.035,-6.895,-7.355,-7.505,-8.36,-3.505,-4.37,-5.71,-3.775,-4.755,-1.47,-2.24,-6.53,-8.2,-8.355,-9.82,-7.895,-9.935,-13.0,-6.655,-4.78,-12.39,-16.3,-14.645,-12.75
10,11,2014,6,-10.015,-9.295,-9.825,-8.765,-3.56,2.38,9.805,7.035,-6.895,-7.355,-7.505,-8.36,-3.505,-4.37,-5.71,-3.775,-4.755,-1.47,-2.24,-6.53,-8.2,-8.355,-9.82,-7.895,-9.935,-13.0,-6.655,-4.78,-12.39,-16.3,-14.645
10,12,2014,7,-8.51,-10.015,-9.295,-9.825,-8.765,-3.56,2.38,9.805,7.035,-6.895,-7.355,-7.505,-8.36,-3.505,-4.37,-5.71,-3.775,-4.755,-1.47,-2.24,-6.53,-8.2,-8.355,-9.82,-7.895,-9.935,-13.0,-6.655,-4.78,-12.39,-16.3
10,13,2014,1,-7.31,-8.51,-10.015,-9.295,-9.825,-8.765,-3.56,2.38,9.805,7.035,-6.895,-7.355,-7.505,-8.36,-3.505,-4.37,-5.71,-3.775,-4.755,-1.47,-2.24,-6.53,-8.2,-8.355,-9.82,-7.895,-9.935,-13.0,-6.655,-4.78,-12.39
10,14,2014,2,-1.795,-7.31,-8.51,-10.015,-9.295,-9.825,-8.765,-3.56,2.38,9.805,7.035,-6.895,-7.355,-7.505,-8.36,-3.505,-4.37,-5.71,-3.775,-4.755,-1.47,-2.24,-6.53,-8.2,-8.355,-9.82,-7.895,-9.935,-13.0,-6.655,-4.78
10,15,2014,3,5.13,-1.795,-7.31,-8.51,-10.015,-9.295,-9.825,-8.765,-3.56,2.38,9.805,7.035,-6.895,-7.355,-7.505,-8.36,-3.505,-4.37,-5.71,-3.775,-4.755,-1.47,-2.24,-6.53,-8.2,-8.355,-9.82,-7.895,-9.935,-13.0,-6.655
10,16,2014,4,5.61,5.13,-1.795,-7.31,-8.51,-10.015,-9.295,-9.825,-8.765,-3.56,2.38,9.805,7.035,-6.895,-7.355,-7.505,-8.36,-3.505,-4.37,-5.71,-3.775,-4.755,-1.47,-2.24,-6.53,-8.2,-8.355,-9.82,-7.895,-9.935,-13.0
10,17,2014,5,3.035,5.61,5.13,-1.795,-7.31,-8.51,-10.015,-9.295,-9.825,-8.765,-3.56,2.38,9.805,7.035,-6.895,-7.355,-7.505,-8.36,-3.505,-4.37,-5.71,-3.775,-4.755,-1.47,-2.24,-6.53,-8.2,-8.355,-9.82,-7.895,-9.935
10,18,2014,6,0.01,3.035,5.61,5.13,-1.795,-7.31,-8.51,-10.015,-9.295,-9.825,-8.765,-3.56,2.38,9.805,7.035,-6.895,-7.355,-7.505,-8.36,-3.505,-4.37,-5.71,-3.775,-4.755,-1.47,-2.24,-6.53,-8.2,-8.355,-9.82,-7.895
10,19,2014,7,7.31,0.01,3.035,5.61,5.13,-1.795,-7.31,-8.51,-10.015,-9.295,-9.825,-8.765,-3.56,2.38,9.805,7.035,-6.895,-7.355,-7.505,-8.36,-3.505,-4.37,-5.71,-3.775,-4.755,-1.47,-2.24,-6.53,-8.2,-8.355,-9.82
10,20,2014,1,5.955,7.31,0.01,3.035,5.61,5.13,-1.795,-7.31,-8.51,-10.015,-9.295,-9.825,-8.765,-3.56,2.38,9.805,7.035,-6.895,-7.355,-7.505,-8.36,-3.505,-4.37,-5.71,-3.775,-4.755,-1.47,-2.24,-6.53,-8.2,-8.355
10,21,2014,2,3.225,5.955,7.31,0.01,3.035,5.61,5.13,-1.795,-7.31,-8.51,-10.015,-9.295,-9.825,-8.765,-3.56,2.38,9.805,7.035,-6.895,-7.355,-7.505,-8.36,-3.505,-4.37,-5.71,-3.775,-4.755,-1.47,-2.24,-6.53,-8.2
10,22,2014,3,8.22,3.225,5.955,7.31,0.01,3.035,5.61,5.13,-1.795,-7.31,-8.51,-10.015,-9.295,-9.825,-8.765,-3.56,2.38,9.805,7.035,-6.895,-7.355,-7.505,-8.36,-3.505,-4.37,-5.71,-3.775,-4.755,-1.47,-2.24,-6.53
10,23,2014,4,10.25,8.22,3.225,5.955,7.31,0.01,3.035,5.61,5.13,-1.795,-7.31,-8.51,-10.015,-9.295,-9.825,-8.765,-3.56,2.38,9.805,7.035,-6.895,-7.355,-7.505,-8.36,-3.505,-4.37,-5.71,-3.775,-4.755,-1.47,-2.24
10,24,2014,5,5.6,10.25,8.22,3.225,5.955,7.31,0.01,3.035,5.61,5.13,-1.795,-7.31,-8.51,-10.015,-9.295,-9.825,-8.765,-3.56,2.38,9.805,7.035,-6.895,-7.355,-7.505,-8.36,-3.505,-4.37,-5.71,-3.775,-4.755,-1.47
10,25,2014,6,5.15,5.6,10.25,8.22,3.225,5.955,7.31,0.01,3.035,5.61,5.13,-1.795,-7.31,-8.51,-10.015,-9.295,-9.825,-8.765,-3.56,2.38,9.805,7.035,-6.895,-7.355,-7.505,-8.36,-3.505,-4.37,-5.71,-3.775,-4.755
10,26,2014,7,-2.725,4.665,5.83,10.28,8.205,3.19,5.925,7.585,0.01,3.035,5.61,5.13,-1.795,-7.31,-9.135,-10.015,-9.295,-9.825,-8.765,-3.56,2.38,9.805,7.035,-6.895,-7.355,-7.505,-8.36,-3.505,-4.37,-5.71,-3.775
11,1,2014,6,22.54,14.2,10.21,2.78,-0.94,-3.39,-2.835,5.315,6.075,10.42,8.44,3.595,6.285,7.585,-0.01,1.795,5.135,4.305,-1.84,-6.9,-9.135,-10.015,-9.295,-9.825,-8.765,-3.56,2.38,9.805,7.035,-6.895,-7.355
