10,25,2013,5,16.75,16.725,11.005,7.1,6.24,7.845,4.44,2.86,-3.595,0.05,0.1,1.0,0.795,-2.03,1.33,6.685,4.71,2.965,-4.34,-12.865,-14.22,-11.755,-10.155,-11.535,-6.63,-2.65,-2.085,-2.89,-3.23,-3.16,-2.165
10,26,2013,6,16.645,16.75,16.725,11.005,7.1,6.24,7.845,4.44,2.86,-3.595,0.05,0.1,1.0,0.795,-2.03,1.33,6.685,4.71,2.965,-4.34,-12.865,-14.22,-11.755,-10.155,-11.535,-6.63,-2.65,-2.085,-2.89,-3.23,-3.16
10,27,2013,7,12.06,16.645,16.75,16.725,11.005,7.1,6.24,7.845,4.44,2.86,-3.595,0.05,0.1,1.0,0.795,-2.03,1.33,6.685,4.71,2.965,-4.34,-12.865,-14.22,-11.755,-10.155,-11.535,-6.63,-2.65,-2.085,-2.89,-3.23
10,28,2013,1,10.905,12.06,16.645,16.75,16.725,11.005,7.1,6.24,7.845,4.44,2.86,-3.595,0.05,0.1,1.0,0.795,-2.03,1.33,6.685,4.71,2.965,-4.34,-12.865,-14.22,-11.755,-10.155,-11.535,-6.63,-2.65,-2.085,-2.89
10,29,2013,2,8.905,10.905,12.06,16.645,16.75,16.725,11.005,7.1,6.24,7.845,4.44,2.86,-3.595,0.05,0.1,1.0,0.795,-2.03,1.33,6.685,4.71,2.965,-4.34,-12.865,-14.22,-11.755,-10.155,-11.535,-6.63,-2.65,-2.085
10,30,2013,3,7.09,8.905,10.905,12.06,16.645,16.75,16.725,11.005,7.1,6.24,7.845,4.44,2.86,-3.595,0.05,0.1,1.0,0.795,-2.03,1.33,6.685,4.71,2.965,-4.34,-12.865,-14.22,-11.755,-10.155,-11.535,-6.63,-2.65
10,31,2013,4,2.6,7.09,8.905,10.905,12.06,16.645,16.75,16.725,11.005,7.1,6.24,7.845,4.44,2.86,-3.595,0.05,0.1,1.0,0.795,-2.03,1.33,6.685,4.71,2.965,-4.34,-12.865,-14.22,-11.755,-10.155,-11.535,-6.63
11,1,2013,5,-3.105,2.6,7.09,8.905,10.905,12.06,16.645,16.75,16.725,11.005,7.1,6.24,7.845,4.44,2.86,-3.595,0.05,0.1,1.0,0.795,-2.03,1.33,6.685,4.71,2.965,-4.34,-12.865,-14.22,-11.755,-10.155,-11.535
11,2,2013,6,3.4,-3.105,2.6,7.09,8.905,10.905,12.06,16.645,16.75,16.725,11.005,7.1,6.24,7.845,4.44,2.86,-3.595,0.05,0.1,1.0,0.795,-2.03,1.33,6.685,4.71,2.965,-4.34,-12.865,-14.22,-11.755,-10.155
11,3,2013,7,14.405,3.4,-3.105,2.6,7.09,8.905,10.905,12.06,16.645,16.75,16.725,11.005,7.1,6.24,7.845,4.44,2.86,-3.595,0.05,0.1,1.0,0.795,-2.03,1.33,6.685,4.71,2.965,-4.34,-12.865,-14.22,-11.755
11,4,2013,1,22.5,14.405,3.4,-3.105,2.6,7.09,8.905,10.905,12.06,16.645,16.75,16.725,11.005,7.1,6.24,7.845,4.44,2.86,-3.595,0.05,0.1,1.0,0.795,-2.03,1.33,6.685,4.71,2.965,-4.34,-12.865,-14.22
11,5,2013,2,13.395,22.5,14.405,3.4,-3.105,2.6,7.09,8.905,10.905,12.06,16.645,16.75,16.725,11.005,7.1,6.24,7.845,4.44,2.86,-3.595,0.05,0.1,1.0,0.795,-2.03,1.33,6.685,4.71,2.965,-4.34,-12.865
11,6,2013,3,6.4,13.395,22.5,14.405,3.4,-3.105,2.6,7.09,8.905,10.905,12.06,16.645,16.75,16.725,11.005,7.1,6.24,7.845,4.44,2.86,-3.595,0.05,0.1,1.0,0.795,-2.03,1.33,6.685,4.71,2.965,-4.34
11,7,2013,4,8.955,6.4,13.395,22.5,14.405,3.4,-3.105,2.6,7.09,8.905,10.905,12.06,16.645,16.75,16.725,11.005,7.1,6.24,7.845,4.44,2.86,-3.595,0.05,0.1,1.0,0.795,-2.03,1.33,6.685,4.71,2.965
11,8,2013,5,18.865,8.955,6.4,13.395,22.5,14.405,3.4,-3.105,2.6,7.09,8.905,10.905,12.06,16.645,16.75,16.725,11.005,7.1,6.24,7.845,4.44,2.86,-3.595,0.05,0.1,1.0,0.795,-2.03,1.33,6.685,4.71
11,9,2013,6,17.755,18.865,8.955,6.4,13.395,22.5,14.405,3.4,-3.105,2.6,7.09,8.905,10.905,12.06,16.645,16.75,16.725,11.005,7.1,6.24,7.845,4.44,2.86,-3.595,0.05,0.1,1.0,0.795,-2.03,1.33,6.685
11,10,2013,7,11.27,17.755,18.865,8.955,6.4,13.395,22.5,14.405,3.4,-3.105,2.6,7.09,8.905,10.905,12.06,16.645,16.75,16.725,11.005,7.1,6.24,7.845,4.44,2.86,-3.595,0.05,0.1,1.0,0.795,-2.03,1.33
11,11,2013,1,15.05,11.27,17.755,18.865,8.955,6.4,13.395,22.5,14.405,3.4,-3.105,2.6,7.09,8.905,10.905,12.06,16.645,16.75,16.725,11.005,7.1,6.24,7.845,4.44,2.86,-3.595,0.05,0.1,1.0,0.795,-2.03
11,12,2013,2,19.745,15.05,11.27,17.755,18.865,8.955,6.4,13.395,22.5,14.405,3.4,-3.105,2.6,7.09,8.905,10.905,12.06,16.645,16.75,16.725,11.005,7.1,6.24,7.845,4.44,2.86,-3.595,0.05,0.1,1.0,0.795
11,13,2013,3,26.755,19.745,15.05,11.27,17.755,18.865,8.955,6.4,13.395,22.5,14.405,3.4,-3.105,2.6,7.09,8.905,10.905,12.06,16.645,16.75,16.725,11.005,7.1,6.24,7.845,4.44,2.86,-3.595,0.05,0.1,1.0
11,14,2013,4,18.92,26.755,19.745,15.05,11.27,17.755,18.865,8.955,6.4,13.395,22.5,14.405,3.4,-3.105,2.6,7.09,8.905,10.905,12.06,16.645,16.75,16.725,11.005,7.1,6.24,7.845,4.44,2.86,-3.595,0.05,0.1
11,15,2013,5,17.91,18.92,26.755,19.745,15.05,11.27,17.755,18.865,8.955,6.4,13.395,22.5,14.405,3.4,-3.105,2.6,7.09,8.905,10.905,12.06,16.645,16.75,16.725,11.005,7.1,6.24,7.845,4.44,2.86,-3.595,0.05
11,16,2013,6,14.265,17.91,18.92,26.755,19.745,15.05,11.27,17.755,18.865,8.955,6.4,13.395,22.5,14.405,3.4,-3.105,2.6,7.09,8.905,10.905,12.06,16.645,16.75,16.725,11.005,7.1,6.24,7.845,4.44,2.86,-3.595
11,17,2013,7,6.81,14.265,17.91,18.92,26.755,19.745,15.05,11.27,17.755,18.865,8.955,6.4,13.395,22.5,14.405,3.4,-3.105,2.6,7.09,8.905,10.905,12.06,16.645,16.75,16.725,11.005,7.1,6.24,7.845,4.44,2.86
11,18,2013,1,3.355,6.81,14.265,17.91,18.92,26.755,19.745,15.05,11.27,17.755,18.865,8.955,6.4,13.395,22.5,14.405,3.4,-3.105,2.6,7.09,8.905,10.905,12.06,16.645,16.75,16.725,11.005,7.1,6.24,7.845,4.44
11,19,2013,2,17.125,3.355,6.81,14.265,17.91,18.92,26.755,19.745,15.05,11.27,17.755,18.865,8.955,6.4,13.395,22.5,14.405,3.4,-3.105,2.6,7.09,8.905,10.905,12.06,16.645,16.75,16.725,11.005,7.1,6.24,7.845
11,20,2013,3,23.66,17.125,3.355,6.81,14.265,17.91,18.92,26.755,19.745,15.05,11.27,17.755,18.865,8.955,6.4,13.395,22.5,14.405,3.4,-3.105,2.6,7.09,8.905,10.905,12.06,16.645,16.75,16.725,11.005,7.1,6.24
11,21,2013,4,20.755,23.66,17.125,3.355,6.81,14.265,17.91,18.92,26.755,19.745,15.05,11.27,17.755,18.865,8.955,6.4,13.395,22.5,14.405,3.4,-3.105,2.6,7.09,8.905,10.905,12.06,16.645,16.75,16.725,11.005,7.1
11,22,2013,5,9.89,20.755,23.66,17.125,3.355,6.81,14.265,17.91,18.92,26.755,19.745,15.05,11.27,17.755,18.865,8.955,6.4,13.395,22.5,14.405,3.4,-3.105,2.6,7.09,8.905,10.905,12.06,16.645,16.75,16.725,11.005
11,23,2013,6,17.065,9.89,20.755,23.66,17.125,3.355,6.81,14.265,17.91,18.92,26.755,19.745,15.05,11.27,17.755,18.865,8.955,6.4,13.395,22.5,14.405,3.4,-3.105,2.6,7.09,8.905,10.905,12.06,16.645,16.75,16.725
11,24,2013,7,34.22,17.065,9.89,20.755,23.66,17.125,3.355,6.81,14.265,17.91,18.92,26.755,19.745,15.05,11.27,17.755,18.865,8.955,6.4,13.395,22.5,14.405,3.4,-3.105,2.6,7.09,8.905,10.905,12.06,16.645,16.75
11,25,2013,1,33.705,34.22,17.065,9.89,20.755,23.66,17.125,3.355,6.81,14.265,17.91,18.92,26.755,19.745,15.05,11.27,17.755,18.865,8.955,6.4,13.395,22.5,14.405,3.4,-3.105,2.6,7.09,8.905,10.905,12.06,16.645
11,26,2013,2,22.92,33.705,34.22,17.065,9.89,20.755,23.66,17.125,3.355,6.81,14.265,17.91,18.92,26.755,19.745,15.05,11.27,17.755,18.865,8.955,6.4,13.395,22.5,14.405,3.4,-3.105,2.6,7.09,8.905,10.905,12.06
11,27,2013,3,22.545,22.92,33.705,34.22,17.065,9.89,20.755,23.66,17.125,3.355,6.81,14.265,17.91,18.92,26.755,19.745,15.05,11.27,17.755,18.865,8.955,6.4,13.395,22.5,14.405,3.4,-3.105,2.6,7.09,8.905,10.905
11,28,2013,4,30.17,22.545,22.92,33.705,34.22,17.065,9.89,20.755,23.66,17.125,3.355,6.81,14.265,17.91,18.92,26.755,19.745,15.05,11.27,17.755,18.865,8.955,6.4,13.395,22.5,14.405,3.4,-3.105,2.6,7.09,8.905
11,29,2013,5,27.59,30.17,22.545,22.92,33.705,34.22,17.065,9.89,20.755,23.66,17.125,3.355,6.81,14.265,17.91,18.92,26.755,19.745,15.05,11.27,17.755,18.865,8.955,6.4,13.395,22.5,14.405,3.4,-3.105,2.6,7.09
11,30,2013,6,30.995,27.59,30.17,22.545,22.92,33.705,34.22,17.065,9.89,20.755,23.66,17.125,3.355,6.81,14.265,17.91,18.92,26.755,19.745,15.05,11.27,17.755,18.865,8.955,6.4,13.395,22.5,14.405,3.4,-3.105,2.6
12,1,2013,7,25.35,30.995,27.59,30.17,22.545,22.92,33.705,34.22,17.065,9.89,20.755,23.66,17.125,3.355,6.81,14.265,17.91,18.92,26.755,19.745,15.05,11.27,17.755,18.865,8.955,6.4,13.395,22.5,14.405,3.4,-3.105
12,2,2013,1,19.62,25.35,30.995,27.59,30.17,22.545,22.92,33.705,34.22,17.065,9.89,20.755,23.66,17.125,3.355,6.81,14.265,17.91,18.92,26.755,19.745,15.05,11.27,17.755,18.865,8.955,6.4,13.395,22.5,14.405,3.4
12,3,2013,2,15.255,19.62,25.35,30.995,27.59,30.17,22.545,22.92,33.705,34.22,17.065,9.89,20.755,23.66,17.125,3.355,6.81,14.265,17.91,18.92,26.755,19.745,15.05,11.27,17.755,18.865,8.955,6.4,13.395,22.5,14.405
12,4,2013,3,17.37,15.255,19.62,25.35,30.995,27.59,30.17,22.545,22.92,33.705,34.22,17.065,9.89,20.755,23.66,17.125,3.355,6.81,14.265,17.91,18.92,26.755,19.745,15.05,11.27,17.755,18.865,8.955,6.4,13.395,22.5
12,5,2013,4,9.05,17.37,15.255,19.62,25.35,30.995,27.59,30.17,22.545,22.92,33.705,34.22,17.065,9.89,20.755,23.66,17.125,3.355,6.81,14.265,17.91,18.92,26.755,19.745,15.05,11.27,17.755,18.865,8.955,6.4,13.395
12,6,2013,5,11.765,9.05,17.37,15.255,19.62,25.35,30.995,27.59,30.17,22.545,22.92,33.705,34.22,17.065,9.89,20.755,23.66,17.125,3.355,6.81,14.265,17.91,18.92,26.755,19.745,15.05,11.27,17.755,18.865,8.955,6.4
12,7,2013,6,25.815,11.765,9.05,17.37,15.255,19.62,25.35,30.995,27.59,30.17,22.545,22.92,33.705,34.22,17.065,9.89,20.755,23.66,17.125,3.355,6.81,14.265,17.91,18.92,26.755,19.745,15.05,11.27,17.755,18.865,8.955
12,8,2013,7,33.1,25.815,11.765,9.05,17.37,15.255,19.62,25.35,30.995,27.59,30.17,22.545,22.92,33.705,34.22,17.065,9.89,20.755,23.66,17.125,3.355,6.81,14.265,17.91,18.92,26.755,19.745,15.05,11.27,17.755,18.865
12,9,2013,1,28.525,33.1,25.815,11.765,9.05,17.37,15.255,19.62,25.35,30.995,27.59,30.17,22.545,22.92,33.705,34.22,17.065,9.89,20.755,23.66,17.125,3.355,6.81,14.265,17.91,18.92,26.755,19.745,15.05,11.27,17.755
12,10,2013,2,29.035,28.525,33.1,25.815,11.765,9.05,17.37,15.255,19.62,25.35,30.995,27.59,30.17,22.545,22.92,33.705,34.22,17.065,9.89,20.755,23.66,17.125,3.355,6.81,14.265,17.91,18.92,26.755,19.745,15.05,11.27
12,11,2013,3,30.3,29.035,28.525,33.1,25.815,11.765,9.05,17.37,15.255,19.62,25.35,30.995,27.59,30.17,22.545,22.92,33.705,34.22,17.065,9.89,20.755,23.66,17.125,3.355,6.81,14.265,17.91,18.92,26.755,19.745,15.05
12,12,2013,4,31.99,30.3,29.035,28.525,33.1,25.815,11.765,9.05,17.37,15.255,19.62,25.35,30.995,27.59,30.17,22.545,22.92,33.705,34.22,17.065,9.89,20.755,23.66,17.125,3.355,6.81,14.265,17.91,18.92,26.755,19.745
12,13,2013,5,27.81,31.99,30.3,29.035,28.525,33.1,25.815,11.765,9.05,17.37,15.255,19.62,25.35,30.995,27.59,30.17,22.545,22.92,33.705,34.22,17.065,9.89,20.755,23.66,17.125,3.355,6.81,14.265,17.91,18.92,26.755
12,14,2013,6,22.91,27.81,31.99,30.3,29.035,28.525,33.1,25.815,11.765,9.05,17.37,15.255,19.62,25.35,30.995,27.59,30.17,22.545,22.92,33.705,34.22,17.065,9.89,20.755,23.66,17.125,3.355,6.81,14.265,17.91,18.92
12,15,2013,7,21.41,22.91,27.81,31.99,30.3,29.035,28.525,33.1,25.815,11.765,9.05,17.37,15.255,19.62,25.35,30.995,27.59,30.17,22.545,22.92,33.705,34.22,17.065,9.89,20.755,23.66,17.125,3.355,6.81,14.265,17.91
12,16,2013,1,27.135,21.41,22.91,27.81,31.99,30.3,29.035,28.525,33.1,25.815,11.765,9.05,17.37,15.255,19.62,25.35,30.995,27.59,30.17,22.545,22.92,33.705,34.22,17.065,9.89,20.755,23.66,17.125,3.355,6.81,14.265
12,17,2013,2,29.74,27.135,21.41,22.91,27.81,31.99,30.3,29.035,28.525,33.1,25.815,11.765,9.05,17.37,15.255,19.62,25.35,30.995,27.59,30.17,22.545,22.92,33.705,34.22,17.065,9.89,20.755,23.66,17.125,3.355,6.81
12,18,2013,3,30.34,29.74,27.135,21.41,22.91,27.81,31.99,30.3,29.035,28.525,33.1,25.815,11.765,9.05,17.37,15.255,19.62,25.35,30.995,27.59,30.17,22.545,22.92,33.705,34.22,17.065,9.89,20.755,23.66,17.125,3.355
12,19,2013,4,24.23,30.34,29.74,27.135,21.41,22.91,27.81,31.99,30.3,29.035,28.525,33.1,25.815,11.765,9.05,17.37,15.255,19.62,25.35,30.995,27.59,30.17,22.545,22.92,33.705,34.22,17.065,9.89,20.755,23.66,17.125
12,20,2013,5,14.675,24.23,30.34,29.74,27.135,21.41,22.91,27.81,31.99,30.3,29.035,28.525,33.1,25.815,11.765,9.05,17.37,15.255,19.62,25.35,30.995,27.59,30.17,22.545,22.92,33.705,34.22,17.065,9.89,20.755,23.66
12,21,2013,6,3.41,14.675,24.23,30.34,29.74,27.135,21.41,22.91,27.81,31.99,30.3,29.035,28.525,33.1,25.815,11.765,9.05,17.37,15.255,19.62,25.35,30.995,27.59,30.17,22.545,22.92,33.705,34.22,17.065,9.89,20.755
12,22,2013,7,1.16,3.41,14.675,24.23,30.34,29.74,27.135,21.41,22.91,27.81,31.99,30.3,29.035,28.525,33.1,25.815,11.765,9.05,17.37,15.255,19.62,25.35,30.995,27.59,30.17,22.545,22.92,33.705,34.22,17.065,9.89
12,23,2013,1,13.34,1.16,3.41,14.675,24.23,30.34,29.74,27.135,21.41,22.91,27.81,31.99,30.3,29.035,28.525,33.1,25.815,11.765,9.05,17.37,15.255,19.62,25.35,30.995,27.59,30.17,22.545,22.92,33.705,34.22,17.065
12,24,2013,2,31.8,13.34,1.16,3.41,14.675,24.23,30.34,29.74,27.135,21.41,22.91,27.81,31.99,30.3,29.035,28.525,33.1,25.815,11.765,9.05,17.37,15.255,19.62,25.35,30.995,27.59,30.17,22.545,22.92,33.705,34.22
12,25,2013,3,38.285,31.8,13.34,1.16,3.41,14.675,24.23,30.34,29.74,27.135,21.41,22.91,27.81,31.99,30.3,29.035,28.525,33.1,25.815,11.765,9.05,17.37,15.255,19.62,25.35,30.995,27.59,30.17,22.545,22.92,33.705
12,26,2013,4,29.885,38.285,31.8,13.34,1.16,3.41,14.675,24.23,30.34,29.74,27.135,21.41,22.91,27.81,31.99,30.3,29.035,28.525,33.1,25.815,11.765,9.05,17.37,15.255,19.62,25.35,30.995,27.59,30.17,22.545,22.92
12,27,2013,5,25.08,29.885,38.285,31.8,13.34,1.16,3.41,14.675,24.23,30.34,29.74,27.135,21.41,22.91,27.81,31.99,30.3,29.035,28.525,33.1,25.815,11.765,9.05,17.37,15.255,19.62,25.35,30.995,27.59,30.17,22.545
12,28,2013,6,19.99,25.08,29.885,38.285,31.8,13.34,1.16,3.41,14.675,24.23,30.34,29.74,27.135,21.41,22.91,27.81,31.99,30.3,29.035,28.525,33.1,25.815,11.765,9.05,17.37,15.255,19.62,25.35,30.995,27.59,30.17
12,29,2013,7,20.58,19.99,25.08,29.885,38.285,31.8,13.34,1.16,3.41,14.675,24.23,30.34,29.74,27.135,21.41,22.91,27.81,31.99,30.3,29.035,28.525,33.1,25.815,11.765,9.05,17.37,15.255,19.62,25.35,30.995,27.59
12,30,2013,1,24.755,20.58,19.99,25.08,29.885,38.285,31.8,13.34,1.16,3.41,14.675,24.23,30.34,29.74,27.135,21.41,22.91,27.81,31.99,30.3,29.035,28.525,33.1,25.815,11.765,9.05,17.37,15.255,19.62,25.35,30.995
12,31,2013,2,28.65,24.755,20.58,19.99,25.08,29.885,38.285,31.8,13.34,1.16,3.41,14.675,24.23,30.34,29.74,27.135,21.41,22.91,27.81,31.99,30.3,29.035,28.525,33.1,25.815,11.765,9.05,17.37,15.255,19.62,25.35
1,1,2014,3,28.695,28.65,24.755,20.58,19.99,25.08,29.885,38.285,31.8,13.34,1.16,3.41,14.675,24.23,30.34,29.74,27.135,21.41,22.91,27.81,31.99,30.3,29.035,28.525,33.1,25.815,11.765,9.05,17.37,15.255,19.62
1,2,2014,4,32.285,28.695,28.65,24.755,20.58,19.99,25.08,29.885,38.285,31.8,13.34,1.16,3.41,14.675,24.23,30.34,29.74,27.135,21.41,22.91,27.81,31.99,30.3,29.035,28.525,33.1,25.815,11.765,9.05,17.37,15.255
1,3,2014,5,43.21,32.285,28.695,28.65,24.755,20.58,19.99,25.08,29.885,38.285,31.8,13.34,1.16,3.41,14.675,24.23,30.34,29.74,27.135,21.41,22.91,27.81,31.99,30.3,29.035,28.525,33.1,25.815,11.765,9.05,17.37
1,4,2014,6,41.34,43.21,32.285,28.695,28.65,24.755,20.58,19.99,25.08,29.885,38.285,31.8,13.34,1.16,3.41,14.675,24.23,30.34,29.74,27.135,21.41,22.91,27.81,31.99,30.3,29.035,28.525,33.1,25.815,11.765,9.05
1,5,2014,7,31.455,41.34,43.21,32.285,28.695,28.65,24.755,20.58,19.99,25.08,29.885,38.285,31.8,13.34,1.16,3.41,14.675,24.23,30.34,29.74,27.135,21.41,22.91,27.81,31.99,30.3,29.035,28.525,33.1,25.815,11.765
1,6,2014,1,35.71,31.455,41.34,43.21,32.285,28.695,28.65,24.755,20.58,19.99,25.08,29.885,38.285,31.8,13.34,1.16,3.41,14.675,24.23,30.34,29.74,27.135,21.41,22.91,27.81,31.99,30.3,29.035,28.525,33.1,25.815
1,7,2014,2,55.485,35.71,31.455,41.34,43.21,32.285,28.695,28.65,24.755,20.58,19.99,25.08,29.885,38.285,31.8,13.34,1.16,3.41,14.675,24.23,30.34,29.74,27.135,21.41,22.91,27.81,31.99,30.3,29.035,28.525,33.1
1,8,2014,3,44.255,55.485,35.71,31.455,41.34,43.21,32.285,28.695,28.65,24.755,20.58,19.99,25.08,29.885,38.285,31.8,13.34,1.16,3.41,14.675,24.23,30.34,29.74,27.135,21.41,22.91,27.81,31.99,30.3,29.035,28.525
1,9,2014,4,33.555,44.255,55.485,35.71,31.455,41.34,43.21,32.285,28.695,28.65,24.755,20.58,19.99,25.08,29.885,38.285,31.8,13.34,1.16,3.41,14.675,24.23,30.34,29.74,27.135,21.41,22.91,27.81,31.99,30.3,29.035
1,10,2014,5,29.995,33.555,44.255,55.485,35.71,31.455,41.34,43.21,32.285,28.695,28.65,24.755,20.58,19.99,25.08,29.885,38.285,31.8,13.34,1.16,3.41,14.675,24.23,30.34,29.74,27.135,21.41,22.91,27.81,31.99,30.3
1,11,2014,6,19.28,29.995,33.555,44.255,55.485,35.71,31.455,41.34,43.21,32.285,28.695,28.65,24.755,20.58,19.99,25.08,29.885,38.285,31.8,13.34,1.16,3.41,14.675,24.23,30.34,29.74,27.135,21.41,22.91,27.81,31.99
1,12,2014,7,20.095,19.28,29.995,33.555,44.255,55.485,35.71,31.455,41.34,43.21,32.285,28.695,28.65,24.755,20.58,19.99,25.08,29.885,38.285,31.8,13.34,1.16,3.41,14.675,24.23,30.34,29.74,27.135,21.41,22.91,27.81
1,13,2014,1,22.735,20.095,19.28,29.995,33.555,44.255,55.485,35.71,31.455,41.34,43.21,32.285,28.695,28.65,24.755,20.58,19.99,25.08,29.885,38.285,31.8,13.34,1.16,3.41,14.675,24.23,30.34,29.74,27.135,21.41,22.91
1,14,2014,2,18.155,22.735,20.095,19.28,29.995,33.555,44.255,55.485,35.71,31.455,41.34,43.21,32.285,28.695,28.65,24.755,20.58,19.99,25.08,29.885,38.285,31.8,13.34,1.16,3.41,14.675,24.23,30.34,29.74,27.135,21.41
1,15,2014,3,24.085,18.155,22.735,20.095,19.28,29.995,33.555,44.255,55.485,35.71,31.455,41.34,43.21,32.285,28.695,28.65,24.755,20.58,19.99,25.08,29.885,38.285,31.8,13.34,1.16,3.41,14.675,24.23,30.34,29.74,27.135
1,16,2014,4,29.405,24.085,18.155,22.735,20.095,19.28,29.995,33.555,44.255,55.485,35.71,31.455,41.34,43.21,32.285,28.695,28.65,24.755,20.58,19.99,25.08,29.885,38.285,31.8,13.34,1.16,3.41,14.675,24.23,30.34,29.74
1,17,2014,5,28.775,29.405,24.085,18.155,22.735,20.095,19.28,29.995,33.555,44.255,55.485,35.71,31.455,41.34,43.21,32.285,28.695,28.65,24.755,20.58,19.99,25.08,29.885,38.285,31.8,13.34,1.16,3.41,14.675,24.23,30.34
1,18,2014,6,34.215,28.775,29.405,24.085,18.155,22.735,20.095,19.28,29.995,33.555,44.255,55.485,35.71,31.455,41.34,43.21,32.285,28.695,28.65,24.755,20.58,19.99,25.08,29.885,38.285,31.8,13.34,1.16,3.41,14.675,24.23
1,19,2014,7,30.485,34.215,28.775,29.405,24.085,18.155,22.735,20.095,19.28,29.995,33.555,44.255,55.485,35.71,31.455,41.34,43.21,32.285,28.695,28.65,24.755,20.58,19.99,25.08,29.885,38.285,31.8,13.34,1.16,3.41,14.675
1,20,2014,1,19.715,30.485,34.215,28.775,29.405,24.085,18.155,22.735,20.095,19.28,29.995,33.555,44.255,55.485,35.71,31.455,41.34,43.21,32.285,28.695,28.65,24.755,20.58,19.99,25.08,29.885,38.285,31.8,13.34,1.16,3.41
1,21,2014,2,36.67,19.715,30.485,34.215,28.775,29.405,24.085,18.155,22.735,20.095,19.28,29.995,33.555,44.255,55.485,35.71,31.455,41.34,43.21,32.285,28.695,28.65,24.755,20.58,19.99,25.08,29.885,38.285,31.8,13.34,1.16
1,22,2014,3,53.975,36.67,19.715,30.485,34.215,28.775,29.405,24.085,18.155,22.735,20.095,19.28,29.995,33.555,44.255,55.485,35.71,31.455,41.34,43.21,32.285,28.695,28.65,24.755,20.58,19.99,25.08,29.885,38.285,31.8,13.34
1,23,2014,4,47.115,53.975,36.67,19.715,30.485,34.215,28.775,29.405,24.085,18.155,22.735,20.095,19.28,29.995,33.555,44.255,55.485,35.71,31.455,41.34,43.21,32.285,28.695,28.65,24.755,20.58,19.99,25.08,29.885,38.285,31.8
1,24,2014,5,49.535,47.115,53.975,36.67,19.715,30.485,34.215,28.775,29.405,24.085,18.155,22.735,20.095,19.28,29.995,33.555,44.255,55.485,35.71,31.455,41.34,43.21,32.285,28.695,28.65,24.755,20.58,19.99,25.08,29.885,38.285
1,25,2014,6,39.77,49.535,47.115,53.975,36.67,19.715,30.485,34.215,28.775,29.405,24.085,18.155,22.735,20.095,19.28,29.995,33.555,44.255,55.485,35.71,31.455,41.34,43.21,32.285,28.695,28.65,24.755,20.58,19.99,25.08,29.885
1,26,2014,7,39.18,39.77,49.535,47.115,53.975,36.67,19.715,30.485,34.215,28.775,29.405,24.085,18.155,22.735,20.095,19.28,29.995,33.555,44.255,55.485,35.71,31.455,41.34,43.21,32.285,28.695,28.65,24.755,20.58,19.99,25.08
1,27,2014,1,30.155,39.18,39.77,49.535,47.115,53.975,36.67,19.715,30.485,34.215,28.775,29.405,24.085,18.155,22.735,20.095,19.28,29.995,33.555,44.255,55.485,35.71,31.455,41.34,43.21,32.285,28.695,28.65,24.755,20.58,19.99
1,28,2014,2,49.0,30.155,39.18,39.77,49.535,47.115,53.975,36.67,19.715,30.485,34.215,28.775,29.405,24.085,18.155,22.735,20.095,19.28,29.995,33.555,44.255,55.485,35.71,31.455,41.34,43.21,32.285,28.695,28.65,24.755,20.58
1,29,2014,3,48.395,49.0,30.155,39.18,39.77,49.535,47.115,53.975,36.67,19.715,30.485,34.215,28.775,29.405,24.085,18.155,22.735,20.095,19.28,29.995,33.555,44.255,55.485,35.71,31.455,41.34,43.21,32.285,28.695,28.65,24.755
1,30,2014,4,43.57,48.395,49.0,30.155,39.18,39.77,49.535,47.115,53.975,36.67,19.715,30.485,34.215,28.775,29.405,24.085,18.155,22.735,20.095,19.28,29.995,33.555,44.255,55.485,35.71,31.455,41.34,43.21,32.285,28.695,28.65
1,31,2014,5,32.685,43.57,48.395,49.0,30.155,39.18,39.77,49.535,47.115,53.975,36.67,19.715,30.485,34.215,28.775,29.405,24.085,18.155,22.735,20.095,19.28,29.995,33.555,44.255,55.485,35.71,31.455,41.34,43.21,32.285,28.695
2,1,2014,6,26.18,32.685,43.57,48.395,49.0,30.155,39.18,39.77,49.535,47.115,53.975,36.67,19.715,30.485,34.215,28.775,29.405,24.085,18.155,22.735,20.095,19.28,29.995,33.555,44.255,55.485,35.71,31.455,41.34,43.21,32.285
2,2,2014,7,24.02,26.18,32.685,43.57,48.395,49.0,30.155,39.18,39.77,49.535,47.115,53.975,36.67,19.715,30.485,34.215,28.775,29.405,24.085,18.155,22.735,20.095,19.28,29.995,33.555,44.255,55.485,35.71,31.455,41.34,43.21
2,3,2014,1,25.725,24.02,26.18,32.685,43.57,48.395,49.0,30.155,39.18,39.77,49.535,47.115,53.975,36.67,19.715,30.485,34.215,28.775,29.405,24.085,18.155,22.735,20.095,19.28,29.995,33.555,44.255,55.485,35.71,31.455,41.34
2,4,2014,2,33.92,25.725,24.02,26.18,32.685,43.57,48.395,49.0,30.155,39.18,39.77,49.535,47.115,53.975,36.67,19.715,30.485,34.215,28.775,29.405,24.085,18.155,22.735,20.095,19.28,29.995,33.555,44.255,55.485,35.71,31.455
2,5,2014,3,28.68,33.92,25.725,24.02,26.18,32.685,43.57,48.395,49.0,30.155,39.18,39.77,49.535,47.115,53.975,36.67,19.715,30.485,34.215,28.775,29.405,24.085,18.155,22.735,20.095,19.28,29.995,33.555,44.255,55.485,35.71
2,6,2014,4,33.905,28.68,33.92,25.725,24.02,26.18,32.685,43.57,48.395,49.0,30.155,39.18,39.77,49.535,47.115,53.975,36.67,19.715,30.485,34.215,28.775,29.405,24.085,18.155,22.735,20.095,19.28,29.995,33.555,44.255,55.485
2,7,2014,5,29.885,33.905,28.68,33.92,25.725,24.02,26.18,32.685,43.57,48.395,49.0,30.155,39.18,39.77,49.535,47.115,53.975,36.67,19.715,30.485,34.215,28.775,29.405,24.085,18.155,22.735,20.095,19.28,29.995,33.555,44.255
2,8,2014,6,35.45,29.885,33.905,28.68,33.92,25.725,24.02,26.18,32.685,43.57,48.395,49.0,30.155,39.18,39.77,49.535,47.115,53.975,36.67,19.715,30.485,34.215,28.775,29.405,24.085,18.155,22.735,20.095,19.28,29.995,33.555
2,9,2014,7,36.44,35.45,29.885,33.905,28.68,33.92,25.725,24.02,26.18,32.685,43.57,48.395,49.0,30.155,39.18,39.77,49.535,47.115,53.975,36.67,19.715,30.485,34.215,28.775,29.405,24.085,18.155,22.735,20.095,19.28,29.995
2,10,2014,1,37.135,36.44,35.45,29.885,33.905,28.68,33.92,25.725,24.02,26.18,32.685,43.57,48.395,49.0,30.155,39.18,39.77,49.535,47.115,53.975,36.67,19.715,30.485,34.215,28.775,29.405,24.085,18.155,22.735,20.095,19.28
2,11,2014,2,40.045,37.135,36.44,35.45,29.885,33.905,28.68,33.92,25.725,24.02,26.18,32.685,43.57,48.395,49.0,30.155,39.18,39.77,49.535,47.115,53.975,36.67,19.715,30.485,34.215,28.775,29.405,24.085,18.155,22.735,20.095
2,12,2014,3,42.79,40.045,37.135,36.44,35.45,29.885,33.905,28.68,33.92,25.725,24.02,26.18,32.685,43.57,48.395,49.0,30.155,39.18,39.77,49.535,47.115,53.975,36.67,19.715,30.485,34.215,28.775,29.405,24.085,18.155,22.735
2,13,2014,4,33.71,42.79,40.045,37.135,36.44,35.45,29.885,33.905,28.68,33.92,25.725,24.02,26.18,32.685,43.57,48.395,49.0,30.155,39.18,39.77,49.535,47.115,53.975,36.67,19.715,30.485,34.215,28.775,29.405,24.085,18.155
2,14,2014,5,23.975,33.71,42.79,40.045,37.135,36.44,35.45,29.885,33.905,28.68,33.92,25.725,24.02,26.18,32.685,43.57,48.395,49.0,30.155,39.18,39.77,49.535,47.115,53.975,36.67,19.715,30.485,34.215,28.775,29.405,24.085
2,15,2014,6,30.93,23.975,33.71,42.79,40.045,37.135,36.44,35.45,29.885,33.905,28.68,33.92,25.725,24.02,26.18,32.685,43.57,48.395,49.0,30.155,39.18,39.77,49.535,47.115,53.975,36.67,19.715,30.485,34.215,28.775,29.405
2,16,2014,7,34.225,30.93,23.975,33.71,42.79,40.045,37.135,36.44,35.45,29.885,33.905,28.68,33.92,25.725,24.02,26.18,32.685,43.57,48.395,49.0,30.155,39.18,39.77,49.535,47.115,53.975,36.67,19.715,30.485,34.215,28.775
2,17,2014,1,37.025,34.225,30.93,23.975,33.71,42.79,40.045,37.135,36.44,35.45,29.885,33.905,28.68,33.92,25.725,24.02,26.18,32.685,43.57,48.395,49.0,30.155,39.18,39.77,49.535,47.115,53.975,36.67,19.715,30.485,34.215
2,18,2014,2,24.82,37.025,34.225,30.93,23.975,33.71,42.79,40.045,37.135,36.44,35.45,29.885,33.905,28.68,33.92,25.725,24.02,26.18,32.685,43.57,48.395,49.0,30.155,39.18,39.77,49.535,47.115,53.975,36.67,19.715,30.485
2,19,2014,3,21.46,24.82,37.025,34.225,30.93,23.975,33.71,42.79,40.045,37.135,36.44,35.45,29.885,33.905,28.68,33.92,25.725,24.02,26.18,32.685,43.57,48.395,49.0,30.155,39.18,39.77,49.535,47.115,53.975,36.67,19.715
2,20,2014,4,21.76,21.46,24.82,37.025,34.225,30.93,23.975,33.71,42.79,40.045,37.135,36.44,35.45,29.885,33.905,28.68,33.92,25.725,24.02,26.18,32.685,43.57,48.395,49.0,30.155,39.18,39.77,49.535,47.115,53.975,36.67
2,21,2014,5,15.655,21.76,21.46,24.82,37.025,34.225,30.93,23.975,33.71,42.79,40.045,37.135,36.44,35.45,29.885,33.905,28.68,33.92,25.725,24.02,26.18,32.685,43.57,48.395,49.0,30.155,39.18,39.77,49.535,47.115,53.975
2,22,2014,6,16.64,15.655,21.76,21.46,24.82,37.025,34.225,30.93,23.975,33.71,42.79,40.045,37.135,36.44,35.45,29.885,33.905,28.68,33.92,25.725,24.02,26.18,32.685,43.57,48.395,49.0,30.155,39.18,39.77,49.535,47.115
2,23,2014,7,14.015,16.64,15.655,21.76,21.46,24.82,37.025,34.225,30.93,23.975,33.71,42.79,40.045,37.135,36.44,35.45,29.885,33.905,28.68,33.92,25.725,24.02,26.18,32.685,43.57,48.395,49.0,30.155,39.18,39.77,49.535
2,24,2014,1,26.89,14.015,16.64,15.655,21.76,21.46,24.82,37.025,34.225,30.93,23.975,33.71,42.79,40.045,37.135,36.44,35.45,29.885,33.905,28.68,33.92,25.725,24.02,26.18,32.685,43.57,48.395,49.0,30.155,39.18,39.77
2,25,2014,2,32.485,26.89,14.015,16.64,15.655,21.76,21.46,24.82,37.025,34.225,30.93,23.975,33.71,42.79,40.045,37.135,36.44,35.45,29.885,33.905,28.68,33.92,25.725,24.02,26.18,32.685,43.57,48.395,49.0,30.155,39.18
2,26,2014,3,34.99,32.485,26.89,14.015,16.64,15.655,21.76,21.46,24.82,37.025,34.225,30.93,23.975,33.71,42.79,40.045,37.135,36.44,35.45,29.885,33.905,28.68,33.92,25.725,24.02,26.18,32.685,43.57,48.395,49.0,30.155
2,27,2014,4,36.305,34.99,32.485,26.89,14.015,16.64,15.655,21.76,21.46,24.82,37.025,34.225,30.93,23.975,33.71,42.79,40.045,37.135,36.44,35.45,29.885,33.905,28.68,33.92,25.725,24.02,26.18,32.685,43.57,48.395,49.0
2,28,2014,5,45.81,36.305,34.99,32.485,26.89,14.015,16.64,15.655,21.76,21.46,24.82,37.025,34.225,30.93,23.975,33.71,42.79,40.045,37.135,36.44,35.45,29.885,33.905,28.68,33.92,25.725,24.02,26.18,32.685,43.57,48.395
3,1,2014,6,35.345,45.81,36.305,34.99,32.485,26.89,14.015,16.64,15.655,21.76,21.46,24.82,37.025,34.225,30.93,23.975,33.71,42.79,40.045,37.135,36.44,35.45,29.885,33.905,28.68,33.92,25.725,24.02,26.18,32.685,43.57
3,2,2014,7,24.215,35.345,45.81,36.305,34.99,32.485,26.89,14.015,16.64,15.655,21.76,21.46,24.82,37.025,34.225,30.93,23.975,33.71,42.79,40.045,37.135,36.44,35.45,29.885,33.905,28.68,33.92,25.725,24.02,26.18,32.685
3,3,2014,1,38.23,24.215,35.345,45.81,36.305,34.99,32.485,26.89,14.015,16.64,15.655,21.76,21.46,24.82,37.025,34.225,30.93,23.975,33.71,42.79,40.045,37.135,36.44,35.45,29.885,33.905,28.68,33.92,25.725,24.02,26.18
3,4,2014,2,42.925,38.23,24.215,35.345,45.81,36.305,34.99,32.485,26.89,14.015,16.64,15.655,21.76,21.46,24.82,37.025,34.225,30.93,23.975,33.71,42.79,40.045,37.135,36.44,35.45,29.885,33.905,28.68,33.92,25.725,24.02
3,5,2014,3,32.645,42.925,38.23,24.215,35.345,45.81,36.305,34.99,32.485,26.89,14.015,16.64,15.655,21.76,21.46,24.82,37.025,34.225,30.93,23.975,33.71,42.79,40.045,37.135,36.44,35.45,29.885,33.905,28.68,33.92,25.725
3,6,2014,4,37.035,32.645,42.925,38.23,24.215,35.345,45.81,36.305,34.99,32.485,26.89,14.015,16.64,15.655,21.76,21.46,24.82,37.025,34.225,30.93,23.975,33.71,42.79,40.045,37.135,36.44,35.45,29.885,33.905,28.68,33.92
3,7,2014,5,29.28,37.035,32.645,42.925,38.23,24.215,35.345,45.81,36.305,34.99,32.485,26.89,14.015,16.64,15.655,21.76,21.46,24.82,37.025,34.225,30.93,23.975,33.71,42.79,40.045,37.135,36.44,35.45,29.885,33.905,28.68
3,8,2014,6,18.67,29.28,37.035,32.645,42.925,38.23,24.215,35.345,45.81,36.305,34.99,32.485,26.89,14.015,16.64,15.655,21.76,21.46,24.82,37.025,34.225,30.93,23.975,33.71,42.79,40.045,37.135,36.44,35.45,29.885,33.905
3,9,2014,7,19.46,18.67,29.28,37.035,32.645,42.925,38.23,24.215,35.345,45.81,36.305,34.99,32.485,26.89,14.015,16.64,15.655,21.76,21.46,24.82,37.025,34.225,30.93,23.975,33.71,42.79,40.045,37.135,36.44,35.45,29.885
3,10,2014,1,15.495,19.46,18.67,29.28,37.035,32.645,42.925,38.23,24.215,35.345,45.81,36.305,34.99,32.485,26.89,14.015,16.64,15.655,21.76,21.46,24.82,37.025,34.225,30.93,23.975,33.71,42.79,40.045,37.135,36.44,35.45
3,11,2014,2,7.81,15.495,19.46,18.67,29.28,37.035,32.645,42.925,38.23,24.215,35.345,45.81,36.305,34.99,32.485,26.89,14.015,16.64,15.655,21.76,21.46,24.82,37.025,34.225,30.93,23.975,33.71,42.79,40.045,37.135,36.44
3,12,2014,3,13.215,7.81,15.495,19.46,18.67,29.28,37.035,32.645,42.925,38.23,24.215,35.345,45.81,36.305,34.99,32.485,26.89,14.015,16.64,15.655,21.76,21.46,24.82,37.025,34.225,30.93,23.975,33.71,42.79,40.045,37.135
3,13,2014,4,37.16,13.215,7.81,15.495,19.46,18.67,29.28,37.035,32.645,42.925,38.23,24.215,35.345,45.81,36.305,34.99,32.485,26.89,14.015,16.64,15.655,21.76,21.46,24.82,37.025,34.225,30.93,23.975,33.71,42.79,40.045
3,14,2014,5,26.675,37.16,13.215,7.81,15.495,19.46,18.67,29.28,37.035,32.645,42.925,38.23,24.215,35.345,45.81,36.305,34.99,32.485,26.89,14.015,16.64,15.655,21.76,21.46,24.82,37.025,34.225,30.93,23.975,33.71,42.79
3,15,2014,6,10.41,26.675,37.16,13.215,7.81,15.495,19.46,18.67,29.28,37.035,32.645,42.925,38.23,24.215,35.345,45.81,36.305,34.99,32.485,26.89,14.015,16.64,15.655,21.76,21.46,24.82,37.025,34.225,30.93,23.975,33.71
3,16,2014,7,25.59,10.41,26.675,37.16,13.215,7.81,15.495,19.46,18.67,29.28,37.035,32.645,42.925,38.23,24.215,35.345,45.81,36.305,34.99,32.485,26.89,14.015,16.64,15.655,21.76,21.46,24.82,37.025,34.225,30.93,23.975
3,17,2014,1,36.67,25.59,10.41,26.675,37.16,13.215,7.81,15.495,19.46,18.67,29.28,37.035,32.645,42.925,38.23,24.215,35.345,45.81,36.305,34.99,32.485,26.89,14.015,16.64,15.655,21.76,21.46,24.82,37.025,34.225,30.93
3,18,2014,2,27.81,36.67,25.59,10.41,26.675,37.16,13.215,7.81,15.495,19.46,18.67,29.28,37.035,32.645,42.925,38.23,24.215,35.345,45.81,36.305,34.99,32.485,26.89,14.015,16.64,15.655,21.76,21.46,24.82,37.025,34.225
3,19,2014,3,24.995,27.81,36.67,25.59,10.41,26.675,37.16,13.215,7.81,15.495,19.46,18.67,29.28,37.035,32.645,42.925,38.23,24.215,35.345,45.81,36.305,34.99,32.485,26.89,14.015,16.64,15.655,21.76,21.46,24.82,37.025
3,20,2014,4,16.1,24.995,27.81,36.67,25.59,10.41,26.675,37.16,13.215,7.81,15.495,19.46,18.67,29.28,37.035,32.645,42.925,38.23,24.215,35.345,45.81,36.305,34.99,32.485,26.89,14.015,16.64,15.655,21.76,21.46,24.82
3,21,2014,5,19.17,16.1,24.995,27.81,36.67,25.59,10.41,26.675,37.16,13.215,7.81,15.495,19.46,18.67,29.28,37.035,32.645,42.925,38.23,24.215,35.345,45.81,36.305,34.99,32.485,26.89,14.015,16.64,15.655,21.76,21.46
3,22,2014,6,10.23,19.17,16.1,24.995,27.81,36.67,25.59,10.41,26.675,37.16,13.215,7.81,15.495,19.46,18.67,29.28,37.035,32.645,42.925,38.23,24.215,35.345,45.81,36.305,34.99,32.485,26.89,14.015,16.64,15.655,21.76
3,23,2014,7,20.2,10.23,19.17,16.1,24.995,27.81,36.67,25.59,10.41,26.675,37.16,13.215,7.81,15.495,19.46,18.67,29.28,37.035,32.645,42.925,38.23,24.215,35.345,45.81,36.305,34.99,32.485,26.89,14.015,16.64,15.655
3,24,2014,1,33.44,20.2,10.23,19.17,16.1,24.995,27.81,36.67,25.59,10.41,26.675,37.16,13.215,7.81,15.495,19.46,18.67,29.28,37.035,32.645,42.925,38.23,24.215,35.345,45.81,36.305,34.99,32.485,26.89,14.015,16.64
3,25,2014,2,31.46,33.44,20.2,10.23,19.17,16.1,24.995,27.81,36.67,25.59,10.41,26.675,37.16,13.215,7.81,15.495,19.46,18.67,29.28,37.035,32.645,42.925,38.23,24.215,35.345,45.81,36.305,34.99,32.485,26.89,14.015
3,26,2014,3,32.06,31.46,33.44,20.2,10.23,19.17,16.1,24.995,27.81,36.67,25.59,10.41,26.675,37.16,13.215,7.81,15.495,19.46,18.67,29.28,37.035,32.645,42.925,38.23,24.215,35.345,45.81,36.305,34.99,32.485,26.89
3,27,2014,4,29.66,32.06,31.46,33.44,20.2,10.23,19.17,16.1,24.995,27.81,36.67,25.59,10.41,26.675,37.16,13.215,7.81,15.495,19.46,18.67,29.28,37.035,32.645,42.925,38.23,24.215,35.345,45.81,36.305,34.99,32.485
3,28,2014,5,11.95,29.66,32.06,31.46,33.44,20.2,10.23,19.17,16.1,24.995,27.81,36.67,25.59,10.41,26.675,37.16,13.215,7.81,15.495,19.46,18.67,29.28,37.035,32.645,42.925,38.23,24.215,35.345,45.81,36.305,34.99
3,29,2014,6,8.405,11.95,29.66,32.06,31.46,33.44,20.2,10.23,19.17,16.1,24.995,27.81,36.67,25.59,10.41,26.675,37.16,13.215,7.81,15.495,19.46,18.67,29.28,37.035,32.645,42.925,38.23,24.215,35.345,45.81,36.305
3,30,2014,7,18.69,8.405,11.95,29.66,32.06,31.46,33.44,20.2,10.23,19.17,16.1,24.995,27.81,36.67,25.59,10.41,26.675,37.16,13.215,7.81,15.495,19.46,18.67,29.28,37.035,32.645,42.925,38.23,24.215,35.345,45.81
3,31,2014,1,13.185,18.69,8.405,11.95,29.66,32.06,31.46,33.44,20.2,10.23,19.17,16.1,24.995,27.81,36.67,25.59,10.41,26.675,37.16,13.215,7.81,15.495,19.46,18.67,29.28,37.035,32.645,42.925,38.23,24.215,35.345
4,1,2014,2,15.665,13.185,18.69,8.405,11.95,29.66,32.06,31.46,33.44,20.2,10.23,19.17,16.1,24.995,27.81,36.67,25.59,10.41,26.675,37.16,13.215,7.81,15.495,19.46,18.67,29.28,37.035,32.645,42.925,38.23,24.215
4,2,2014,3,13.02,15.665,13.185,18.69,8.405,11.95,29.66,32.06,31.46,33.44,20.2,10.23,19.17,16.1,24.995,27.81,36.67,25.59,10.41,26.675,37.16,13.215,7.81,15.495,19.46,18.67,29.28,37.035,32.645,42.925,38.23
4,3,2014,4,7.995,13.02,15.665,13.185,18.69,8.405,11.95,29.66,32.06,31.46,33.44,20.2,10.23,19.17,16.1,24.995,27.81,36.67,25.59,10.41,26.675,37.16,13.215,7.81,15.495,19.46,18.67,29.28,37.035,32.645,42.925
4,4,2014,5,14.69,7.995,13.02,15.665,13.185,18.69,8.405,11.95,29.66,32.06,31.46,33.44,20.2,10.23,19.17,16.1,24.995,27.81,36.67,25.59,10.41,26.675,37.16,13.215,7.81,15.495,19.46,18.67,29.28,37.035,32.645
4,5,2014,6,14.745,14.69,7.995,13.02,15.665,13.185,18.69,8.405,11.95,29.66,32.06,31.46,33.44,20.2,10.23,19.17,16.1,24.995,27.81,36.67,25.59,10.41,26.675,37.16,13.215,7.81,15.495,19.46,18.67,29.28,37.035
4,6,2014,7,16.935,14.745,14.69,7.995,13.02,15.665,13.185,18.69,8.405,11.95,29.66,32.06,31.46,33.44,20.2,10.23,19.17,16.1,24.995,27.81,36.67,25.59,10.41,26.675,37.16,13.215,7.81,15.495,19.46,18.67,29.28
4,7,2014,1,17.14,16.935,14.745,14.69,7.995,13.02,15.665,13.185,18.69,8.405,11.95,29.66,32.06,31.46,33.44,20.2,10.23,19.17,16.1,24.995,27.81,36.67,25.59,10.41,26.675,37.16,13.215,7.81,15.495,19.46,18.67
4,8,2014,2,7.0,17.14,16.935,14.745,14.69,7.995,13.02,15.665,13.185,18.69,8.405,11.95,29.66,32.06,31.46,33.44,20.2,10.23,19.17,16.1,24.995,27.81,36.67,25.59,10.41,26.675,37.16,13.215,7.81,15.495,19.46
4,9,2014,3,9.405,7.0,17.14,16.935,14.745,14.69,7.995,13.02,15.665,13.185,18.69,8.405,11.95,29.66,32.06,31.46,33.44,20.2,10.23,19.17,16.1,24.995,27.81,36.67,25.59,10.41,26.675,37.16,13.215,7.81,15.495
4,10,2014,4,8.2,9.405,7.0,17.14,16.935,14.745,14.69,7.995,13.02,15.665,13.185,18.69,8.405,11.95,29.66,32.06,31.46,33.44,20.2,10.23,19.17,16.1,24.995,27.81,36.67,25.59,10.41,26.675,37.16,13.215,7.81
4,11,2014,5,-1.935,8.2,9.405,7.0,17.14,16.935,14.745,14.69,7.995,13.02,15.665,13.185,18.69,8.405,11.95,29.66,32.06,31.46,33.44,20.2,10.23,19.17,16.1,24.995,27.81,36.67,25.59,10.41,26.675,37.16,13.215
4,12,2014,6,0.705,-1.935,8.2,9.405,7.0,17.14,16.935,14.745,14.69,7.995,13.02,15.665,13.185,18.69,8.405,11.95,29.66,32.06,31.46,33.44,20.2,10.23,19.17,16.1,24.995,27.81,36.67,25.59,10.41,26.675,37.16
4,13,2014,7,-2.045,0.705,-1.935,8.2,9.405,7.0,17.14,16.935,14.745,14.69,7.995,13.02,15.665,13.185,18.69,8.405,11.95,29.66,32.06,31.46,33.44,20.2,10.23,19.17,16.1,24.995,27.81,36.67,25.59,10.41,26.675
4,14,2014,1,-4.47,-2.045,0.705,-1.935,8.2,9.405,7.0,17.14,16.935,14.745,14.69,7.995,13.02,15.665,13.185,18.69,8.405,11.95,29.66,32.06,31.46,33.44,20.2,10.23,19.17,16.1,24.995,27.81,36.67,25.59,10.41
4,15,2014,2,13.52,-4.47,-2.045,0.705,-1.935,8.2,9.405,7.0,17.14,16.935,14.745,14.69,7.995,13.02,15.665,13.185,18.69,8.405,11.95,29.66,32.06,31.46,33.44,20.2,10.23,19.17,16.1,24.995,27.81,36.67,25.59
4,16,2014,3,24.73,13.52,-4.47,-2.045,0.705,-1.935,8.2,9.405,7.0,17.14,16.935,14.745,14.69,7.995,13.02,15.665,13.185,18.69,8.405,11.95,29.66,32.06,31.46,33.44,20.2,10.23,19.17,16.1,24.995,27.81,36.67
4,17,2014,4,19.665,24.73,13.52,-4.47,-2.045,0.705,-1.935,8.2,9.405,7.0,17.14,16.935,14.745,14.69,7.995,13.02,15.665,13.185,18.69,8.405,11.95,29.66,32.06,31.46,33.44,20.2,10.23,19.17,16.1,24.995,27.81
4,18,2014,5,20.205,19.665,24.73,13.52,-4.47,-2.045,0.705,-1.935,8.2,9.405,7.0,17.14,16.935,14.745,14.69,7.995,13.02,15.665,13.185,18.69,8.405,11.95,29.66,32.06,31.46,33.44,20.2,10.23,19.17,16.1,24.995
4,19,2014,6,8.695,20.205,19.665,24.73,13.52,-4.47,-2.045,0.705,-1.935,8.2,9.405,7.0,17.14,16.935,14.745,14.69,7.995,13.02,15.665,13.185,18.69,8.405,11.95,29.66,32.06,31.46,33.44,20.2,10.23,19.17,16.1
4,20,2014,7,10.4,8.695,20.205,19.665,24.73,13.52,-4.47,-2.045,0.705,-1.935,8.2,9.405,7.0,17.14,16.935,14.745,14.69,7.995,13.02,15.665,13.185,18.69,8.405,11.95,29.66,32.06,31.46,33.44,20.2,10.23,19.17
4,21,2014,1,10.0,10.4,8.695,20.205,19.665,24.73,13.52,-4.47,-2.045,0.705,-1.935,8.2,9.405,7.0,17.14,16.935,14.745,14.69,7.995,13.02,15.665,13.185,18.69,8.405,11.95,29.66,32.06,31.46,33.44,20.2,10.23
4,22,2014,2,3.41,10.0,10.4,8.695,20.205,19.665,24.73,13.52,-4.47,-2.045,0.705,-1.935,8.2,9.405,7.0,17.14,16.935,14.745,14.69,7.995,13.02,15.665,13.185,18.69,8.405,11.95,29.66,32.06,31.46,33.44,20.2
4,23,2014,3,10.335,3.41,10.0,10.4,8.695,20.205,19.665,24.73,13.52,-4.47,-2.045,0.705,-1.935,8.2,9.405,7.0,17.14,16.935,14.745,14.69,7.995,13.02,15.665,13.185,18.69,8.405,11.95,29.66,32.06,31.46,33.44
4,24,2014,4,11.105,10.335,3.41,10.0,10.4,8.695,20.205,19.665,24.73,13.52,-4.47,-2.045,0.705,-1.935,8.2,9.405,7.0,17.14,16.935,14.745,14.69,7.995,13.02,15.665,13.185,18.69,8.405,11.95,29.66,32.06,31.46
4,25,2014,5,8.17,11.105,10.335,3.41,10.0,10.4,8.695,20.205,19.665,24.73,13.52,-4.47,-2.045,0.705,-1.935,8.2,9.405,7.0,17.14,16.935,14.745,14.69,7.995,13.02,15.665,13.185,18.69,8.405,11.95,29.66,32.06
4,26,2014,6,1.025,8.17,11.105,10.335,3.41,10.0,10.4,8.695,20.205,19.665,24.73,13.52,-4.47,-2.045,0.705,-1.935,8.2,9.405,7.0,17.14,16.935,14.745,14.69,7.995,13.02,15.665,13.185,18.69,8.405,11.95,29.66
4,27,2014,7,7.775,1.025,8.17,11.105,10.335,3.41,10.0,10.4,8.695,20.205,19.665,24.73,13.52,-4.47,-2.045,0.705,-1.935,8.2,9.405,7.0,17.14,16.935,14.745,14.69,7.995,13.02,15.665,13.185,18.69,8.405,11.95
4,28,2014,1,10.445,7.775,1.025,8.17,11.105,10.335,3.41,10.0,10.4,8.695,20.205,19.665,24.73,13.52,-4.47,-2.045,0.705,-1.935,8.2,9.405,7.0,17.14,16.935,14.745,14.69,7.995,13.02,15.665,13.185,18.69,8.405
4,29,2014,2,15.585,10.445,7.775,1.025,8.17,11.105,10.335,3.41,10.0,10.4,8.695,20.205,19.665,24.73,13.52,-4.47,-2.045,0.705,-1.935,8.2,9.405,7.0,17.14,16.935,14.745,14.69,7.995,13.02,15.665,13.185,18.69
4,30,2014,3,8.78,15.585,10.445,7.775,1.025,8.17,11.105,10.335,3.41,10.0,10.4,8.695,20.205,19.665,24.73,13.52,-4.47,-2.045,0.705,-1.935,8.2,9.405,7.0,17.14,16.935,14.745,14.69,7.995,13.02,15.665,13.185
5,1,2014,4,-2.61,8.78,15.585,10.445,7.775,1.025,8.17,11.105,10.335,3.41,10.0,10.4,8.695,20.205,19.665,24.73,13.52,-4.47,-2.045,0.705,-1.935,8.2,9.405,7.0,17.14,16.935,14.745,14.69,7.995,13.02,15.665
5,2,2014,5,3.37,-2.61,8.78,15.585,10.445,7.775,1.025,8.17,11.105,10.335,3.41,10.0,10.4,8.695,20.205,19.665,24.73,13.52,-4.47,-2.045,0.705,-1.935,8.2,9.405,7.0,17.14,16.935,14.745,14.69,7.995,13.02
5,3,2014,6,1.42,3.37,-2.61,8.78,15.585,10.445,7.775,1.025,8.17,11.105,10.335,3.41,10.0,10.4,8.695,20.205,19.665,24.73,13.52,-4.47,-2.045,0.705,-1.935,8.2,9.405,7.0,17.14,16.935,14.745,14.69,7.995
5,4,2014,7,1.775,1.42,3.37,-2.61,8.78,15.585,10.445,7.775,1.025,8.17,11.105,10.335,3.41,10.0,10.4,8.695,20.205,19.665,24.73,13.52,-4.47,-2.045,0.705,-1.935,8.2,9.405,7.0,17.14,16.935,14.745,14.69
5,5,2014,1,6.55,1.775,1.42,3.37,-2.61,8.78,15.585,10.445,7.775,1.025,8.17,11.105,10.335,3.41,10.0,10.4,8.695,20.205,19.665,24.73,13.52,-4.47,-2.045,0.705,-1.935,8.2,9.405,7.0,17.14,16.935,14.745
5,6,2014,2,2.545,6.55,1.775,1.42,3.37,-2.61,8.78,15.585,10.445,7.775,1.025,8.17,11.105,10.335,3.41,10.0,10.4,8.695,20.205,19.665,24.73,13.52,-4.47,-2.045,0.705,-1.935,8.2,9.405,7.0,17.14,16.935
5,7,2014,3,7.38,2.545,6.55,1.775,1.42,3.37,-2.61,8.78,15.585,10.445,7.775,1.025,8.17,11.105,10.335,3.41,10.0,10.4,8.695,20.205,19.665,24.73,13.52,-4.47,-2.045,0.705,-1.935,8.2,9.405,7.0,17.14
5,8,2014,4,-1.355,7.38,2.545,6.55,1.775,1.42,3.37,-2.61,8.78,15.585,10.445,7.775,1.025,8.17,11.105,10.335,3.41,10.0,10.4,8.695,20.205,19.665,24.73,13.52,-4.47,-2.045,0.705,-1.935,8.2,9.405,7.0
5,9,2014,5,1.04,-1.355,7.38,2.545,6.55,1.775,1.42,3.37,-2.61,8.78,15.585,10.445,7.775,1.025,8.17,11.105,10.335,3.41,10.0,10.4,8.695,20.205,19.665,24.73,13.52,-4.47,-2.045,0.705,-1.935,8.2,9.405
5,10,2014,6,-7.595,1.04,-1.355,7.38,2.545,6.55,1.775,1.42,3.37,-2.61,8.78,15.585,10.445,7.775,1.025,8.17,11.105,10.335,3.41,10.0,10.4,8.695,20.205,19.665,24.73,13.52,-4.47,-2.045,0.705,-1.935,8.2
5,11,2014,7,-6.16,-7.595,1.04,-1.355,7.38,2.545,6.55,1.775,1.42,3.37,-2.61,8.78,15.585,10.445,7.775,1.025,8.17,11.105,10.335,3.41,10.0,10.4,8.695,20.205,19.665,24.73,13.52,-4.47,-2.045,0.705,-1.935
5,12,2014,1,-9.445,-6.16,-7.595,1.04,-1.355,7.38,2.545,6.55,1.775,1.42,3.37,-2.61,8.78,15.585,10.445,7.775,1.025,8.17,11.105,10.335,3.41,10.0,10.4,8.695,20.205,19.665,24.73,13.52,-4.47,-2.045,0.705
5,13,2014,2,-8.955,-9.445,-6.16,-7.595,1.04,-1.355,7.38,2.545,6.55,1.775,1.42,3.37,-2.61,8.78,15.585,10.445,7.775,1.025,8.17,11.105,10.335,3.41,10.0,10.4,8.695,20.205,19.665,24.73,13.52,-4.47,-2.045
5,14,2014,3,3.54,-8.955,-9.445,-6.16,-7.595,1.04,-1.355,7.38,2.545,6.55,1.775,1.42,3.37,-2.61,8.78,15.585,10.445,7.775,1.025,8.17,11.105,10.335,3.41,10.0,10.4,8.695,20.205,19.665,24.73,13.52,-4.47
5,15,2014,4,-5.84,3.54,-8.955,-9.445,-6.16,-7.595,1.04,-1.355,7.38,2.545,6.55,1.775,1.42,3.37,-2.61,8.78,15.585,10.445,7.775,1.025,8.17,11.105,10.335,3.41,10.0,10.4,8.695,20.205,19.665,24.73,13.52
5,16,2014,5,0.465,-5.84,3.54,-8.955,-9.445,-6.16,-7.595,1.04,-1.355,7.38,2.545,6.55,1.775,1.42,3.37,-2.61,8.78,15.585,10.445,7.775,1.025,8.17,11.105,10.335,3.41,10.0,10.4,8.695,20.205,19.665,24.73
5,17,2014,6,4.51,0.465,-5.84,3.54,-8.955,-9.445,-6.16,-7.595,1.04,-1.355,7.38,2.545,6.55,1.775,1.42,3.37,-2.61,8.78,15.585,10.445,7.775,1.025,8.17,11.105,10.335,3.41,10.0,10.4,8.695,20.205,19.665
5,18,2014,7,5.385,4.51,0.465,-5.84,3.54,-8.955,-9.445,-6.16,-7.595,1.04,-1.355,7.38,2.545,6.55,1.775,1.42,3.37,-2.61,8.78,15.585,10.445,7.775,1.025,8.17,11.105,10.335,3.41,10.0,10.4,8.695,20.205
5,19,2014,1,2.115,5.385,4.51,0.465,-5.84,3.54,-8.955,-9.445,-6.16,-7.595,1.04,-1.355,7.38,2.545,6.55,1.775,1.42,3.37,-2.61,8.78,15.585,10.445,7.775,1.025,8.17,11.105,10.335,3.41,10.0,10.4,8.695
5,20,2014,2,-2.24,2.115,5.385,4.51,0.465,-5.84,3.54,-8.955,-9.445,-6.16,-7.595,1.04,-1.355,7.38,2.545,6.55,1.775,1.42,3.37,-2.61,8.78,15.585,10.445,7.775,1.025,8.17,11.105,10.335,3.41,10.0,10.4
5,21,2014,3,-1.645,-2.24,2.115,5.385,4.51,0.465,-5.84,3.54,-8.955,-9.445,-6.16,-7.595,1.04,-1.355,7.38,2.545,6.55,1.775,1.42,3.37,-2.61,8.78,15.585,10.445,7.775,1.025,8.17,11.105,10.335,3.41,10.0
5,22,2014,4,-9.31,-1.645,-2.24,2.115,5.385,4.51,0.465,-5.84,3.54,-8.955,-9.445,-6.16,-7.595,1.04,-1.355,7.38,2.545,6.55,1.775,1.42,3.37,-2.61,8.78,15.585,10.445,7.775,1.025,8.17,11.105,10.335,3.41
5,23,2014,5,-2.63,-9.31,-1.645,-2.24,2.115,5.385,4.51,0.465,-5.84,3.54,-8.955,-9.445,-6.16,-7.595,1.04,-1.355,7.38,2.545,6.55,1.775,1.42,3.37,-2.61,8.78,15.585,10.445,7.775,1.025,8.17,11.105,10.335
5,24,2014,6,-1.605,-2.63,-9.31,-1.645,-2.24,2.115,5.385,4.51,0.465,-5.84,3.54,-8.955,-9.445,-6.16,-7.595,1.04,-1.355,7.38,2.545,6.55,1.775,1.42,3.37,-2.61,8.78,15.585,10.445,7.775,1.025,8.17,11.105
5,25,2014,7,-5.67,-1.605,-2.63,-9.31,-1.645,-2.24,2.115,5.385,4.51,0.465,-5.84,3.54,-8.955,-9.445,-6.16,-7.595,1.04,-1.355,7.38,2.545,6.55,1.775,1.42,3.37,-2.61,8.78,15.585,10.445,7.775,1.025,8.17
5,26,2014,1,-9.77,-5.67,-1.605,-2.63,-9.31,-1.645,-2.24,2.115,5.385,4.51,0.465,-5.84,3.54,-8.955,-9.445,-6.16,-7.595,1.04,-1.355,7.38,2.545,6.55,1.775,1.42,3.37,-2.61,8.78,15.585,10.445,7.775,1.025
5,27,2014,2,-13.945,-9.77,-5.67,-1.605,-2.63,-9.31,-1.645,-2.24,2.115,5.385,4.51,0.465,-5.84,3.54,-8.955,-9.445,-6.16,-7.595,1.04,-1.355,7.38,2.545,6.55,1.775,1.42,3.37,-2.61,8.78,15.585,10.445,7.775
5,28,2014,3,-6.41,-13.945,-9.77,-5.67,-1.605,-2.63,-9.31,-1.645,-2.24,2.115,5.385,4.51,0.465,-5.84,3.54,-8.955,-9.445,-6.16,-7.595,1.04,-1.355,7.38,2.545,6.55,1.775,1.42,3.37,-2.61,8.78,15.585,10.445
5,29,2014,4,8.125,-6.41,-13.945,-9.77,-5.67,-1.605,-2.63,-9.31,-1.645,-2.24,2.115,5.385,4.51,0.465,-5.84,3.54,-8.955,-9.445,-6.16,-7.595,1.04,-1.355,7.38,2.545,6.55,1.775,1.42,3.37,-2.61,8.78,15.585
5,30,2014,5,1.1,8.125,-6.41,-13.945,-9.77,-5.67,-1.605,-2.63,-9.31,-1.645,-2.24,2.115,5.385,4.51,0.465,-5.84,3.54,-8.955,-9.445,-6.16,-7.595,1.04,-1.355,7.38,2.545,6.55,1.775,1.42,3.37,-2.61,8.78
5,31,2014,6,-5.105,1.1,8.125,-6.41,-13.945,-9.77,-5.67,-1.605,-2.63,-9.31,-1.645,-2.24,2.115,5.385,4.51,0.465,-5.84,3.54,-8.955,-9.445,-6.16,-7.595,1.04,-1.355,7.38,2.545,6.55,1.775,1.42,3.37,-2.61
6,1,2014,7,-1.205,-5.105,1.1,8.125,-6.41,-13.945,-9.77,-5.67,-1.605,-2.63,-9.31,-1.645,-2.24,2.115,5.385,4.51,0.465,-5.84,3.54,-8.955,-9.445,-6.16,-7.595,1.04,-1.355,7.38,2.545,6.55,1.775,1.42,3.37
6,2,2014,1,-4.335,-1.205,-5.105,1.1,8.125,-6.41,-13.945,-9.77,-5.67,-1.605,-2.63,-9.31,-1.645,-2.24,2.115,5.385,4.51,0.465,-5.84,3.54,-8.955,-9.445,-6.16,-7.595,1.04,-1.355,7.38,2.545,6.55,1.775,1.42
6,3,2014,2,-10.715,-4.335,-1.205,-5.105,1.1,8.125,-6.41,-13.945,-9.77,-5.67,-1.605,-2.63,-9.31,-1.645,-2.24,2.115,5.385,4.51,0.465,-5.84,3.54,-8.955,-9.445,-6.16,-7.595,1.04,-1.355,7.38,2.545,6.55,1.775
6,4,2014,3,-11.915,-10.715,-4.335,-1.205,-5.105,1.1,8.125,-6.41,-13.945,-9.77,-5.67,-1.605,-2.63,-9.31,-1.645,-2.24,2.115,5.385,4.51,0.465,-5.84,3.54,-8.955,-9.445,-6.16,-7.595,1.04,-1.355,7.38,2.545,6.55
6,5,2014,4,-5.905,-11.915,-10.715,-4.335,-1.205,-5.105,1.1,8.125,-6.41,-13.945,-9.77,-5.67,-1.605,-2.63,-9.31,-1.645,-2.24,2.115,5.385,4.51,0.465,-5.84,3.54,-8.955,-9.445,-6.16,-7.595,1.04,-1.355,7.38,2.545
6,6,2014,5,-5.055,-5.905,-11.915,-10.715,-4.335,-1.205,-5.105,1.1,8.125,-6.41,-13.945,-9.77,-5.67,-1.605,-2.63,-9.31,-1.645,-2.24,2.115,5.385,4.51,0.465,-5.84,3.54,-8.955,-9.445,-6.16,-7.595,1.04,-1.355,7.38
6,7,2014,6,-7.17,-5.055,-5.905,-11.915,-10.715,-4.335,-1.205,-5.105,1.1,8.125,-6.41,-13.945,-9.77,-5.67,-1.605,-2.63,-9.31,-1.645,-2.24,2.115,5.385,4.51,0.465,-5.84,3.54,-8.955,-9.445,-6.16,-7.595,1.04,-1.355
6,8,2014,7,-9.415,-7.17,-5.055,-5.905,-11.915,-10.715,-4.335,-1.205,-5.105,1.1,8.125,-6.41,-13.945,-9.77,-5.67,-1.605,-2.63,-9.31,-1.645,-2.24,2.115,5.385,4.51,0.465,-5.84,3.54,-8.955,-9.445,-6.16,-7.595,1.04
6,9,2014,1,-10.56,-9.415,-7.17,-5.055,-5.905,-11.915,-10.715,-4.335,-1.205,-5.105,1.1,8.125,-6.41,-13.945,-9.77,-5.67,-1.605,-2.63,-9.31,-1.645,-2.24,2.115,5.385,4.51,0.465,-5.84,3.54,-8.955,-9.445,-6.16,-7.595
6,10,2014,2,-13.57,-10.56,-9.415,-7.17,-5.055,-5.905,-11.915,-10.715,-4.335,-1.205,-5.105,1.1,8.125,-6.41,-13.945,-9.77,-5.67,-1.605,-2.63,-9.31,-1.645,-2.24,2.115,5.385,4.51,0.465,-5.84,3.54,-8.955,-9.445,-6.16
6,11,2014,3,-9.16,-13.57,-10.56,-9.415,-7.17,-5.055,-5.905,-11.915,-10.715,-4.335,-1.205,-5.105,1.1,8.125,-6.41,-13.945,-9.77,-5.67,-1.605,-2.63,-9.31,-1.645,-2.24,2.115,5.385,4.51,0.465,-5.84,3.54,-8.955,-9.445
6,12,2014,4,-5.625,-9.16,-13.57,-10.56,-9.415,-7.17,-5.055,-5.905,-11.915,-10.715,-4.335,-1.205,-5.105,1.1,8.125,-6.41,-13.945,-9.77,-5.67,-1.605,-2.63,-9.31,-1.645,-2.24,2.115,5.385,4.51,0.465,-5.84,3.54,-8.955
6,13,2014,5,-8.74,-5.625,-9.16,-13.57,-10.56,-9.415,-7.17,-5.055,-5.905,-11.915,-10.715,-4.335,-1.205,-5.105,1.1,8.125,-6.41,-13.945,-9.77,-5.67,-1.605,-2.63,-9.31,-1.645,-2.24,2.115,5.385,4.51,0.465,-5.84,3.54
6,14,2014,6,-5.775,-8.74,-5.625,-9.16,-13.57,-10.56,-9.415,-7.17,-5.055,-5.905,-11.915,-10.715,-4.335,-1.205,-5.105,1.1,8.125,-6.41,-13.945,-9.77,-5.67,-1.605,-2.63,-9.31,-1.645,-2.24,2.115,5.385,4.51,0.465,-5.84
6,15,2014,7,-6.415,-5.775,-8.74,-5.625,-9.16,-13.57,-10.56,-9.415,-7.17,-5.055,-5.905,-11.915,-10.715,-4.335,-1.205,-5.105,1.1,8.125,-6.41,-13.945,-9.77,-5.67,-1.605,-2.63,-9.31,-1.645,-2.24,2.115,5.385,4.51,0.465
6,16,2014,1,-11.22,-6.415,-5.775,-8.74,-5.625,-9.16,-13.57,-10.56,-9.415,-7.17,-5.055,-5.905,-11.915,-10.715,-4.335,-1.205,-5.105,1.1,8.125,-6.41,-13.945,-9.77,-5.67,-1.605,-2.63,-9.31,-1.645,-2.24,2.115,5.385,4.51
6,17,2014,2,-18.505,-11.22,-6.415,-5.775,-8.74,-5.625,-9.16,-13.57,-10.56,-9.415,-7.17,-5.055,-5.905,-11.915,-10.715,-4.335,-1.205,-5.105,1.1,8.125,-6.41,-13.945,-9.77,-5.67,-1.605,-2.63,-9.31,-1.645,-2.24,2.115,5.385
6,18,2014,3,-22.11,-18.505,-11.22,-6.415,-5.775,-8.74,-5.625,-9.16,-13.57,-10.56,-9.415,-7.17,-5.055,-5.905,-11.915,-10.715,-4.335,-1.205,-5.105,1.1,8.125,-6.41,-13.945,-9.77,-5.67,-1.605,-2.63,-9.31,-1.645,-2.24,2.115
6,19,2014,4,-11.53,-22.11,-18.505,-11.22,-6.415,-5.775,-8.74,-5.625,-9.16,-13.57,-10.56,-9.415,-7.17,-5.055,-5.905,-11.915,-10.715,-4.335,-1.205,-5.105,1.1,8.125,-6.41,-13.945,-9.77,-5.67,-1.605,-2.63,-9.31,-1.645,-2.24
6,20,2014,5,-9.48,-11.53,-22.11,-18.505,-11.22,-6.415,-5.775,-8.74,-5.625,-9.16,-13.57,-10.56,-9.415,-7.17,-5.055,-5.905,-11.915,-10.715,-4.335,-1.205,-5.105,1.1,8.125,-6.41,-13.945,-9.77,-5.67,-1.605,-2.63,-9.31,-1.645
6,21,2014,6,-7.085,-9.48,-11.53,-22.11,-18.505,-11.22,-6.415,-5.775,-8.74,-5.625,-9.16,-13.57,-10.56,-9.415,-7.17,-5.055,-5.905,-11.915,-10.715,-4.335,-1.205,-5.105,1.1,8.125,-6.41,-13.945,-9.77,-5.67,-1.605,-2.63,-9.31
6,22,2014,7,-9.29,-7.085,-9.48,-11.53,-22.11,-18.505,-11.22,-6.415,-5.775,-8.74,-5.625,-9.16,-13.57,-10.56,-9.415,-7.17,-5.055,-5.905,-11.915,-10.715,-4.335,-1.205,-5.105,1.1,8.125,-6.41,-13.945,-9.77,-5.67,-1.605,-2.63
6,23,2014,1,-10.22,-9.29,-7.085,-9.48,-11.53,-22.11,-18.505,-11.22,-6.415,-5.775,-8.74,-5.625,-9.16,-13.57,-10.56,-9.415,-7.17,-5.055,-5.905,-11.915,-10.715,-4.335,-1.205,-5.105,1.1,8.125,-6.41,-13.945,-9.77,-5.67,-1.605
6,24,2014,2,-10.945,-10.22,-9.29,-7.085,-9.48,-11.53,-22.11,-18.505,-11.22,-6.415,-5.775,-8.74,-5.625,-9.16,-13.57,-10.56,-9.415,-7.17,-5.055,-5.905,-11.915,-10.715,-4.335,-1.205,-5.105,1.1,8.125,-6.41,-13.945,-9.77,-5.67
6,25,2014,3,-15.09,-10.945,-10.22,-9.29,-7.085,-9.48,-11.53,-22.11,-18.505,-11.22,-6.415,-5.775,-8.74,-5.625,-9.16,-13.57,-10.56,-9.415,-7.17,-5.055,-5.905,-11.915,-10.715,-4.335,-1.205,-5.105,1.1,8.125,-6.41,-13.945,-9.77
6,26,2014,4,-14.255,-15.09,-10.945,-10.22,-9.29,-7.085,-9.48,-11.53,-22.11,-18.505,-11.22,-6.415,-5.775,-8.74,-5.625,-9.16,-13.57,-10.56,-9.415,-7.17,-5.055,-5.905,-11.915,-10.715,-4.335,-1.205,-5.105,1.1,8.125,-6.41,-13.945
6,27,2014,5,-12.365,-14.255,-15.09,-10.945,-10.22,-9.29,-7.085,-9.48,-11.53,-22.11,-18.505,-11.22,-6.415,-5.775,-8.74,-5.625,-9.16,-13.57,-10.56,-9.415,-7.17,-5.055,-5.905,-11.915,-10.715,-4.335,-1.205,-5.105,1.1,8.125,-6.41
6,28,2014,6,-10.97,-12.365,-14.255,-15.09,-10.945,-10.22,-9.29,-7.085,-9.48,-11.53,-22.11,-18.505,-11.22,-6.415,-5.775,-8.74,-5.625,-9.16,-13.57,-10.56,-9.415,-7.17,-5.055,-5.905,-11.915,-10.715,-4.335,-1.205,-5.105,1.1,8.125
6,29,2014,7,-11.69,-10.97,-12.365,-14.255,-15.09,-10.945,-10.22,-9.29,-7.085,-9.48,-11.53,-22.11,-18.505,-11.22,-6.415,-5.775,-8.74,-5.625,-9.16,-13.57,-10.56,-9.415,-7.17,-5.055,-5.905,-11.915,-10.715,-4.335,-1.205,-5.105,1.1
6,30,2014,1,-13.06,-11.69,-10.97,-12.365,-14.255,-15.09,-10.945,-10.22,-9.29,-7.085,-9.48,-11.53,-22.11,-18.505,-11.22,-6.415,-5.775,-8.74,-5.625,-9.16,-13.57,-10.56,-9.415,-7.17,-5.055,-5.905,-11.915,-10.715,-4.335,-1.205,-5.105
7,1,2014,2,-16.43,-13.06,-11.69,-10.97,-12.365,-14.255,-15.09,-10.945,-10.22,-9.29,-7.085,-9.48,-11.53,-22.11,-18.505,-11.22,-6.415,-5.775,-8.74,-5.625,-9.16,-13.57,-10.56,-9.415,-7.17,-5.055,-5.905,-11.915,-10.715,-4.335,-1.205
7,2,2014,3,-20.365,-16.43,-13.06,-11.69,-10.97,-12.365,-14.255,-15.09,-10.945,-10.22,-9.29,-7.085,-9.48,-11.53,-22.11,-18.505,-11.22,-6.415,-5.775,-8.74,-5.625,-9.16,-13.57,-10.56,-9.415,-7.17,-5.055,-5.905,-11.915,-10.715,-4.335
7,3,2014,4,-16.345,-20.365,-16.43,-13.06,-11.69,-10.97,-12.365,-14.255,-15.09,-10.945,-10.22,-9.29,-7.085,-9.48,-11.53,-22.11,-18.505,-11.22,-6.415,-5.775,-8.74,-5.625,-9.16,-13.57,-10.56,-9.415,-7.17,-5.055,-5.905,-11.915,-10.715
7,4,2014,5,-8.81,-16.345,-20.365,-16.43,-13.06,-11.69,-10.97,-12.365,-14.255,-15.09,-10.945,-10.22,-9.29,-7.085,-9.48,-11.53,-22.11,-18.505,-11.22,-6.415,-5.775,-8.74,-5.625,-9.16,-13.57,-10.56,-9.415,-7.17,-5.055,-5.905,-11.915
7,5,2014,6,-8.795,-8.81,-16.345,-20.365,-16.43,-13.06,-11.69,-10.97,-12.365,-14.255,-15.09,-10.945,-10.22,-9.29,-7.085,-9.48,-11.53,-22.11,-18.505,-11.22,-6.415,-5.775,-8.74,-5.625,-9.16,-13.57,-10.56,-9.415,-7.17,-5.055,-5.905
7,6,2014,7,-11.485,-8.795,-8.81,-16.345,-20.365,-16.43,-13.06,-11.69,-10.97,-12.365,-14.255,-15.09,-10.945,-10.22,-9.29,-7.085,-9.48,-11.53,-22.11,-18.505,-11.22,-6.415,-5.775,-8.74,-5.625,-9.16,-13.57,-10.56,-9.415,-7.17,-5.055
7,7,2014,1,-18.935,-11.485,-8.795,-8.81,-16.345,-20.365,-16.43,-13.06,-11.69,-10.97,-12.365,-14.255,-15.09,-10.945,-10.22,-9.29,-7.085,-9.48,-11.53,-22.11,-18.505,-11.22,-6.415,-5.775,-8.74,-5.625,-9.16,-13.57,-10.56,-9.415,-7.17
7,8,2014,2,-17.205,-18.935,-11.485,-8.795,-8.81,-16.345,-20.365,-16.43,-13.06,-11.69,-10.97,-12.365,-14.255,-15.09,-10.945,-10.22,-9.29,-7.085,-9.48,-11.53,-22.11,-18.505,-11.22,-6.415,-5.775,-8.74,-5.625,-9.16,-13.57,-10.56,-9.415
7,9,2014,3,-15.09,-17.205,-18.935,-11.485,-8.795,-8.81,-16.345,-20.365,-16.43,-13.06,-11.69,-10.97,-12.365,-14.255,-15.09,-10.945,-10.22,-9.29,-7.085,-9.48,-11.53,-22.11,-18.505,-11.22,-6.415,-5.775,-8.74,-5.625,-9.16,-13.57,-10.56
7,10,2014,4,-13.165,-15.09,-17.205,-18.935,-11.485,-8.795,-8.81,-16.345,-20.365,-16.43,-13.06,-11.69,-10.97,-12.365,-14.255,-15.09,-10.945,-10.22,-9.29,-7.085,-9.48,-11.53,-22.11,-18.505,-11.22,-6.415,-5.775,-8.74,-5.625,-9.16,-13.57
7,11,2014,5,-12.03,-13.165,-15.09,-17.205,-18.935,-11.485,-8.795,-8.81,-16.345,-20.365,-16.43,-13.06,-11.69,-10.97,-12.365,-14.255,-15.09,-10.945,-10.22,-9.29,-7.085,-9.48,-11.53,-22.11,-18.505,-11.22,-6.415,-5.775,-8.74,-5.625,-9.16
7,12,2014,6,-15.275,-12.03,-13.165,-15.09,-17.205,-18.935,-11.485,-8.795,-8.81,-16.345,-20.365,-16.43,-13.06,-11.69,-10.97,-12.365,-14.255,-15.09,-10.945,-10.22,-9.29,-7.085,-9.48,-11.53,-22.11,-18.505,-11.22,-6.415,-5.775,-8.74,-5.625
7,13,2014,7,-17.255,-15.275,-12.03,-13.165,-15.09,-17.205,-18.935,-11.485,-8.795,-8.81,-16.345,-20.365,-16.43,-13.06,-11.69,-10.97,-12.365,-14.255,-15.09,-10.945,-10.22,-9.29,-7.085,-9.48,-11.53,-22.11,-18.505,-11.22,-6.415,-5.775,-8.74
7,14,2014,1,-15.76,-17.255,-15.275,-12.03,-13.165,-15.09,-17.205,-18.935,-11.485,-8.795,-8.81,-16.345,-20.365,-16.43,-13.06,-11.69,-10.97,-12.365,-14.255,-15.09,-10.945,-10.22,-9.29,-7.085,-9.48,-11.53,-22.11,-18.505,-11.22,-6.415,-5.775
7,15,2014,2,-15.26,-15.76,-17.255,-15.275,-12.03,-13.165,-15.09,-17.205,-18.935,-11.485,-8.795,-8.81,-16.345,-20.365,-16.43,-13.06,-11.69,-10.97,-12.365,-14.255,-15.09,-10.945,-10.22,-9.29,-7.085,-9.48,-11.53,-22.11,-18.505,-11.22,-6.415
7,16,2014,3,-11.79,-15.26,-15.76,-17.255,-15.275,-12.03,-13.165,-15.09,-17.205,-18.935,-11.485,-8.795,-8.81,-16.345,-20.365,-16.43,-13.06,-11.69,-10.97,-12.365,-14.255,-15.09,-10.945,-10.22,-9.29,-7.085,-9.48,-11.53,-22.11,-18.505,-11.22
7,17,2014,4,-10.025,-11.79,-15.26,-15.76,-17.255,-15.275,-12.03,-13.165,-15.09,-17.205,-18.935,-11.485,-8.795,-8.81,-16.345,-20.365,-16.43,-13.06,-11.69,-10.97,-12.365,-14.255,-15.09,-10.945,-10.22,-9.29,-7.085,-9.48,-11.53,-22.11,-18.505
7,18,2014,5,-9.165,-10.025,-11.79,-15.26,-15.76,-17.255,-15.275,-12.03,-13.165,-15.09,-17.205,-18.935,-11.485,-8.795,-8.81,-16.345,-20.365,-16.43,-13.06,-11.69,-10.97,-12.365,-14.255,-15.09,-10.945,-10.22,-9.29,-7.085,-9.48,-11.53,-22.11
7,19,2014,6,-11.695,-9.165,-10.025,-11.79,-15.26,-15.76,-17.255,-15.275,-12.03,-13.165,-15.09,-17.205,-18.935,-11.485,-8.795,-8.81,-16.345,-20.365,-16.43,-13.06,-11.69,-10.97,-12.365,-14.255,-15.09,-10.945,-10.22,-9.29,-7.085,-9.48,-11.53
7,20,2014,7,-10.74,-11.695,-9.165,-10.025,-11.79,-15.26,-15.76,-17.255,-15.275,-12.03,-13.165,-15.09,-17.205,-18.935,-11.485,-8.795,-8.81,-16.345,-20.365,-16.43,-13.06,-11.69,-10.97,-12.365,-14.255,-15.09,-10.945,-10.22,-9.29,-7.085,-9.48
7,21,2014,1,-12.15,-10.74,-11.695,-9.165,-10.025,-11.79,-15.26,-15.76,-17.255,-15.275,-12.03,-13.165,-15.09,-17.205,-18.935,-11.485,-8.795,-8.81,-16.345,-20.365,-16.43,-13.06,-11.69,-10.97,-12.365,-14.255,-15.09,-10.945,-10.22,-9.29,-7.085
7,22,2014,2,-13.79,-12.15,-10.74,-11.695,-9.165,-10.025,-11.79,-15.26,-15.76,-17.255,-15.275,-12.03,-13.165,-15.09,-17.205,-18.935,-11.485,-8.795,-8.81,-16.345,-20.365,-16.43,-13.06,-11.69,-10.97,-12.365,-14.255,-15.09,-10.945,-10.22,-9.29
7,23,2014,3,-18.07,-13.79,-12.15,-10.74,-11.695,-9.165,-10.025,-11.79,-15.26,-15.76,-17.255,-15.275,-12.03,-13.165,-15.09,-17.205,-18.935,-11.485,-8.795,-8.81,-16.345,-20.365,-16.43,-13.06,-11.69,-10.97,-12.365,-14.255,-15.09,-10.945,-10.22
7,24,2014,4,-11.67,-18.07,-13.79,-12.15,-10.74,-11.695,-9.165,-10.025,-11.79,-15.26,-15.76,-17.255,-15.275,-12.03,-13.165,-15.09,-17.205,-18.935,-11.485,-8.795,-8.81,-16.345,-20.365,-16.43,-13.06,-11.69,-10.97,-12.365,-14.255,-15.09,-10.945
7,25,2014,5,-8.45,-11.67,-18.07,-13.79,-12.15,-10.74,-11.695,-9.165,-10.025,-11.79,-15.26,-15.76,-17.255,-15.275,-12.03,-13.165,-15.09,-17.205,-18.935,-11.485,-8.795,-8.81,-16.345,-20.365,-16.43,-13.06,-11.69,-10.97,-12.365,-14.255,-15.09
7,26,2014,6,-13.03,-8.45,-11.67,-18.07,-13.79,-12.15,-10.74,-11.695,-9.165,-10.025,-11.79,-15.26,-15.76,-17.255,-15.275,-12.03,-13.165,-15.09,-17.205,-18.935,-11.485,-8.795,-8.81,-16.345,-20.365,-16.43,-13.06,-11.69,-10.97,-12.365,-14.255
7,27,2014,7,-17.015,-13.03,-8.45,-11.67,-18.07,-13.79,-12.15,-10.74,-11.695,-9.165,-10.025,-11.79,-15.26,-15.76,-17.255,-15.275,-12.03,-13.165,-15.09,-17.205,-18.935,-11.485,-8.795,-8.81,-16.345,-20.365,-16.43,-13.06,-11.69,-10.97,-12.365
7,28,2014,1,-12.915,-17.015,-13.03,-8.45,-11.67,-18.07,-13.79,-12.15,-10.74,-11.695,-9.165,-10.025,-11.79,-15.26,-15.76,-17.255,-15.275,-12.03,-13.165,-15.09,-17.205,-18.935,-11.485,-8.795,-8.81,-16.345,-20.365,-16.43,-13.06,-11.69,-10.97
7,29,2014,2,-4.92,-12.915,-17.015,-13.03,-8.45,-11.67,-18.07,-13.79,-12.15,-10.74,-11.695,-9.165,-10.025,-11.79,-15.26,-15.76,-17.255,-15.275,-12.03,-13.165,-15.09,-17.205,-18.935,-11.485,-8.795,-8.81,-16.345,-20.365,-16.43,-13.06,-11.69
7,30,2014,3,-5.36,-4.92,-12.915,-17.015,-13.03,-8.45,-11.67,-18.07,-13.79,-12.15,-10.74,-11.695,-9.165,-10.025,-11.79,-15.26,-15.76,-17.255,-15.275,-12.03,-13.165,-15.09,-17.205,-18.935,-11.485,-8.795,-8.81,-16.345,-20.365,-16.43,-13.06
7,31,2014,4,-10.81,-5.36,-4.92,-12.915,-17.015,-13.03,-8.45,-11.67,-18.07,-13.79,-12.15,-10.74,-11.695,-9.165,-10.025,-11.79,-15.26,-15.76,-17.255,-15.275,-12.03,-13.165,-15.09,-17.205,-18.935,-11.485,-8.795,-8.81,-16.345,-20.365,-16.43
8,1,2014,5,-11.815,-10.81,-5.36,-4.92,-12.915,-17.015,-13.03,-8.45,-11.67,-18.07,-13.79,-12.15,-10.74,-11.695,-9.165,-10.025,-11.79,-15.26,-15.76,-17.255,-15.275,-12.03,-13.165,-15.09,-17.205,-18.935,-11.485,-8.795,-8.81,-16.345,-20.365
8,2,2014,6,-7.745,-11.815,-10.81,-5.36,-4.92,-12.915,-17.015,-13.03,-8.45,-11.67,-18.07,-13.79,-12.15,-10.74,-11.695,-9.165,-10.025,-11.79,-15.26,-15.76,-17.255,-15.275,-12.03,-13.165,-15.09,-17.205,-18.935,-11.485,-8.795,-8.81,-16.345
8,3,2014,7,-8.46,-7.745,-11.815,-10.81,-5.36,-4.92,-12.915,-17.015,-13.03,-8.45,-11.67,-18.07,-13.79,-12.15,-10.74,-11.695,-9.165,-10.025,-11.79,-15.26,-15.76,-17.255,-15.275,-12.03,-13.165,-15.09,-17.205,-18.935,-11.485,-8.795,-8.81
8,4,2014,1,-8.88,-8.46,-7.745,-11.815,-10.81,-5.36,-4.92,-12.915,-17.015,-13.03,-8.45,-11.67,-18.07,-13.79,-12.15,-10.74,-11.695,-9.165,-10.025,-11.79,-15.26,-15.76,-17.255,-15.275,-12.03,-13.165,-15.09,-17.205,-18.935,-11.485,-8.795
8,5,2014,2,-12.825,-8.88,-8.46,-7.745,-11.815,-10.81,-5.36,-4.92,-12.915,-17.015,-13.03,-8.45,-11.67,-18.07,-13.79,-12.15,-10.74,-11.695,-9.165,-10.025,-11.79,-15.26,-15.76,-17.255,-15.275,-12.03,-13.165,-15.09,-17.205,-18.935,-11.485
8,6,2014,3,-10.275,-12.825,-8.88,-8.46,-7.745,-11.815,-10.81,-5.36,-4.92,-12.915,-17.015,-13.03,-8.45,-11.67,-18.07,-13.79,-12.15,-10.74,-11.695,-9.165,-10.025,-11.79,-15.26,-15.76,-17.255,-15.275,-12.03,-13.165,-15.09,-17.205,-18.935
8,7,2014,4,-11.08,-10.275,-12.825,-8.88,-8.46,-7.745,-11.815,-10.81,-5.36,-4.92,-12.915,-17.015,-13.03,-8.45,-11.67,-18.07,-13.79,-12.15,-10.74,-11.695,-9.165,-10.025,-11.79,-15.26,-15.76,-17.255,-15.275,-12.03,-13.165,-15.09,-17.205
8,8,2014,5,-9.775,-11.08,-10.275,-12.825,-8.88,-8.46,-7.745,-11.815,-10.81,-5.36,-4.92,-12.915,-17.015,-13.03,-8.45,-11.67,-18.07,-13.79,-12.15,-10.74,-11.695,-9.165,-10.025,-11.79,-15.26,-15.76,-17.255,-15.275,-12.03,-13.165,-15.09
8,9,2014,6,-11.125,-9.775,-11.08,-10.275,-12.825,-8.88,-8.46,-7.745,-11.815,-10.81,-5.36,-4.92,-12.915,-17.015,-13.03,-8.45,-11.67,-18.07,-13.79,-12.15,-10.74,-11.695,-9.165,-10.025,-11.79,-15.26,-15.76,-17.255,-15.275,-12.03,-13.165
8,10,2014,7,-11.965,-11.125,-9.775,-11.08,-10.275,-12.825,-8.88,-8.46,-7.745,-11.815,-10.81,-5.36,-4.92,-12.915,-17.015,-13.03,-8.45,-11.67,-18.07,-13.79,-12.15,-10.74,-11.695,-9.165,-10.025,-11.79,-15.26,-15.76,-17.255,-15.275,-12.03
8,11,2014,1,-11.005,-11.965,-11.125,-9.775,-11.08,-10.275,-12.825,-8.88,-8.46,-7.745,-11.815,-10.81,-5.36,-4.92,-12.915,-17.015,-13.03,-8.45,-11.67,-18.07,-13.79,-12.15,-10.74,-11.695,-9.165,-10.025,-11.79,-15.26,-15.76,-17.255,-15.275
8,12,2014,2,-7.905,-11.005,-11.965,-11.125,-9.775,-11.08,-10.275,-12.825,-8.88,-8.46,-7.745,-11.815,-10.81,-5.36,-4.92,-12.915,-17.015,-13.03,-8.45,-11.67,-18.07,-13.79,-12.15,-10.74,-11.695,-9.165,-10.025,-11.79,-15.26,-15.76,-17.255
8,13,2014,3,-10.505,-7.905,-11.005,-11.965,-11.125,-9.775,-11.08,-10.275,-12.825,-8.88,-8.46,-7.745,-11.815,-10.81,-5.36,-4.92,-12.915,-17.015,-13.03,-8.45,-11.67,-18.07,-13.79,-12.15,-10.74,-11.695,-9.165,-10.025,-11.79,-15.26,-15.76
8,14,2014,4,-7.065,-10.505,-7.905,-11.005,-11.965,-11.125,-9.775,-11.08,-10.275,-12.825,-8.88,-8.46,-7.745,-11.815,-10.81,-5.36,-4.92,-12.915,-17.015,-13.03,-8.45,-11.67,-18.07,-13.79,-12.15,-10.74,-11.695,-9.165,-10.025,-11.79,-15.26
8,15,2014,5,-4.475,-7.065,-10.505,-7.905,-11.005,-11.965,-11.125,-9.775,-11.08,-10.275,-12.825,-8.88,-8.46,-7.745,-11.815,-10.81,-5.36,-4.92,-12.915,-17.015,-13.03,-8.45,-11.67,-18.07,-13.79,-12.15,-10.74,-11.695,-9.165,-10.025,-11.79
8,16,2014,6,-7.735,-4.475,-7.065,-10.505,-7.905,-11.005,-11.965,-11.125,-9.775,-11.08,-10.275,-12.825,-8.88,-8.46,-7.745,-11.815,-10.81,-5.36,-4.92,-12.915,-17.015,-13.03,-8.45,-11.67,-18.07,-13.79,-12.15,-10.74,-11.695,-9.165,-10.025
8,17,2014,7,-12.495,-7.735,-4.475,-7.065,-10.505,-7.905,-11.005,-11.965,-11.125,-9.775,-11.08,-10.275,-12.825,-8.88,-8.46,-7.745,-11.815,-10.81,-5.36,-4.92,-12.915,-17.015,-13.03,-8.45,-11.67,-18.07,-13.79,-12.15,-10.74,-11.695,-9.165
8,18,2014,1,-9.845,-12.495,-7.735,-4.475,-7.065,-10.505,-7.905,-11.005,-11.965,-11.125,-9.775,-11.08,-10.275,-12.825,-8.88,-8.46,-7.745,-11.815,-10.81,-5.36,-4.92,-12.915,-17.015,-13.03,-8.45,-11.67,-18.07,-13.79,-12.15,-10.74,-11.695
8,19,2014,2,-10.995,-9.845,-12.495,-7.735,-4.475,-7.065,-10.505,-7.905,-11.005,-11.965,-11.125,-9.775,-11.08,-10.275,-12.825,-8.88,-8.46,-7.745,-11.815,-10.81,-5.36,-4.92,-12.915,-17.015,-13.03,-8.45,-11.67,-18.07,-13.79,-12.15,-10.74
8,20,2014,3,-12.495,-10.995,-9.845,-12.495,-7.735,-4.475,-7.065,-10.505,-7.905,-11.005,-11.965,-11.125,-9.775,-11.08,-10.275,-12.825,-8.88,-8.46,-7.745,-11.815,-10.81,-5.36,-4.92,-12.915,-17.015,-13.03,-8.45,-11.67,-18.07,-13.79,-12.15
8,21,2014,4,-12.755,-12.495,-10.995,-9.845,-12.495,-7.735,-4.475,-7.065,-10.505,-7.905,-11.005,-11.965,-11.125,-9.775,-11.08,-10.275,-12.825,-8.88,-8.46,-7.745,-11.815,-10.81,-5.36,-4.92,-12.915,-17.015,-13.03,-8.45,-11.67,-18.07,-13.79
8,22,2014,5,-10.315,-12.755,-12.495,-10.995,-9.845,-12.495,-7.735,-4.475,-7.065,-10.505,-7.905,-11.005,-11.965,-11.125,-9.775,-11.08,-10.275,-12.825,-8.88,-8.46,-7.745,-11.815,-10.81,-5.36,-4.92,-12.915,-17.015,-13.03,-8.45,-11.67,-18.07
8,23,2014,6,-6.42,-10.315,-12.755,-12.495,-10.995,-9.845,-12.495,-7.735,-4.475,-7.065,-10.505,-7.905,-11.005,-11.965,-11.125,-9.775,-11.08,-10.275,-12.825,-8.88,-8.46,-7.745,-11.815,-10.81,-5.36,-4.92,-12.915,-17.015,-13.03,-8.45,-11.67
8,24,2014,7,-6.925,-6.42,-10.315,-12.755,-12.495,-10.995,-9.845,-12.495,-7.735,-4.475,-7.065,-10.505,-7.905,-11.005,-11.965,-11.125,-9.775,-11.08,-10.275,-12.825,-8.88,-8.46,-7.745,-11.815,-10.81,-5.36,-4.92,-12.915,-17.015,-13.03,-8.45
8,25,2014,1,-8.945,-6.925,-6.42,-10.315,-12.755,-12.495,-10.995,-9.845,-12.495,-7.735,-4.475,-7.065,-10.505,-7.905,-11.005,-11.965,-11.125,-9.775,-11.08,-10.275,-12.825,-8.88,-8.46,-7.745,-11.815,-10.81,-5.36,-4.92,-12.915,-17.015,-13.03
8,26,2014,2,-12.255,-8.945,-6.925,-6.42,-10.315,-12.755,-12.495,-10.995,-9.845,-12.495,-7.735,-4.475,-7.065,-10.505,-7.905,-11.005,-11.965,-11.125,-9.775,-11.08,-10.275,-12.825,-8.88,-8.46,-7.745,-11.815,-10.81,-5.36,-4.92,-12.915,-17.015
8,27,2014,3,-14.62,-12.255,-8.945,-6.925,-6.42,-10.315,-12.755,-12.495,-10.995,-9.845,-12.495,-7.735,-4.475,-7.065,-10.505,-7.905,-11.005,-11.965,-11.125,-9.775,-11.08,-10.275,-12.825,-8.88,-8.46,-7.745,-11.815,-10.81,-5.36,-4.92,-12.915
8,28,2014,4,-12.795,-14.62,-12.255,-8.945,-6.925,-6.42,-10.315,-12.755,-12.495,-10.995,-9.845,-12.495,-7.735,-4.475,-7.065,-10.505,-7.905,-11.005,-11.965,-11.125,-9.775,-11.08,-10.275,-12.825,-8.88,-8.46,-7.745,-11.815,-10.81,-5.36,-4.92
8,29,2014,5,-5.47,-12.795,-14.62,-12.255,-8.945,-6.925,-6.42,-10.315,-12.755,-12.495,-10.995,-9.845,-12.495,-7.735,-4.475,-7.065,-10.505,-7.905,-11.005,-11.965,-11.125,-9.775,-11.08,-10.275,-12.825,-8.88,-8.46,-7.745,-11.815,-10.81,-5.36
8,30,2014,6,-10.905,-5.47,-12.795,-14.62,-12.255,-8.945,-6.925,-6.42,-10.315,-12.755,-12.495,-10.995,-9.845,-12.495,-7.735,-4.475,-7.065,-10.505,-7.905,-11.005,-11.965,-11.125,-9.775,-11.08,-10.275,-12.825,-8.88,-8.46,-7.745,-11.815,-10.81
8,31,2014,7,-18.64,-10.905,-5.47,-12.795,-14.62,-12.255,-8.945,-6.925,-6.42,-10.315,-12.755,-12.495,-10.995,-9.845,-12.495,-7.735,-4.475,-7.065,-10.505,-7.905,-11.005,-11.965,-11.125,-9.775,-11.08,-10.275,-12.825,-8.88,-8.46,-7.745,-11.815
9,1,2014,1,-16.725,-18.64,-10.905,-5.47,-12.795,-14.62,-12.255,-8.945,-6.925,-6.42,-10.315,-12.755,-12.495,-10.995,-9.845,-12.495,-7.735,-4.475,-7.065,-10.505,-7.905,-11.005,-11.965,-11.125,-9.775,-11.08,-10.275,-12.825,-8.88,-8.46,-7.745
9,2,2014,2,-18.325,-16.725,-18.64,-10.905,-5.47,-12.795,-14.62,-12.255,-8.945,-6.925,-6.42,-10.315,-12.755,-12.495,-10.995,-9.845,-12.495,-7.735,-4.475,-7.065,-10.505,-7.905,-11.005,-11.965,-11.125,-9.775,-11.08,-10.275,-12.825,-8.88,-8.46
9,3,2014,3,-13.695,-18.325,-16.725,-18.64,-10.905,-5.47,-12.795,-14.62,-12.255,-8.945,-6.925,-6.42,-10.315,-12.755,-12.495,-10.995,-9.845,-12.495,-7.735,-4.475,-7.065,-10.505,-7.905,-11.005,-11.965,-11.125,-9.775,-11.08,-10.275,-12.825,-8.88
9,4,2014,4,-13.525,-13.695,-18.325,-16.725,-18.64,-10.905,-5.47,-12.795,-14.62,-12.255,-8.945,-6.925,-6.42,-10.315,-12.755,-12.495,-10.995,-9.845,-12.495,-7.735,-4.475,-7.065,-10.505,-7.905,-11.005,-11.965,-11.125,-9.775,-11.08,-10.275,-12.825
9,5,2014,5,-16.545,-13.525,-13.695,-18.325,-16.725,-18.64,-10.905,-5.47,-12.795,-14.62,-12.255,-8.945,-6.925,-6.42,-10.315,-12.755,-12.495,-10.995,-9.845,-12.495,-7.735,-4.475,-7.065,-10.505,-7.905,-11.005,-11.965,-11.125,-9.775,-11.08,-10.275
9,6,2014,6,-18.585,-16.545,-13.525,-13.695,-18.325,-16.725,-18.64,-10.905,-5.47,-12.795,-14.62,-12.255,-8.945,-6.925,-6.42,-10.315,-12.755,-12.495,-10.995,-9.845,-12.495,-7.735,-4.475,-7.065,-10.505,-7.905,-11.005,-11.965,-11.125,-9.775,-11.08
9,7,2014,7,-9.235,-18.585,-16.545,-13.525,-13.695,-18.325,-16.725,-18.64,-10.905,-5.47,-12.795,-14.62,-12.255,-8.945,-6.925,-6.42,-10.315,-12.755,-12.495,-10.995,-9.845,-12.495,-7.735,-4.475,-7.065,-10.505,-7.905,-11.005,-11.965,-11.125,-9.775
9,8,2014,1,-5.825,-9.235,-18.585,-16.545,-13.525,-13.695,-18.325,-16.725,-18.64,-10.905,-5.47,-12.795,-14.62,-12.255,-8.945,-6.925,-6.42,-10.315,-12.755,-12.495,-10.995,-9.845,-12.495,-7.735,-4.475,-7.065,-10.505,-7.905,-11.005,-11.965,-11.125
9,9,2014,2,-7.075,-5.825,-9.235,-18.585,-16.545,-13.525,-13.695,-18.325,-16.725,-18.64,-10.905,-5.47,-12.795,-14.62,-12.255,-8.945,-6.925,-6.42,-10.315,-12.755,-12.495,-10.995,-9.845,-12.495,-7.735,-4.475,-7.065,-10.505,-7.905,-11.005,-11.965
9,10,2014,3,-8.04,-7.075,-5.825,-9.235,-18.585,-16.545,-13.525,-13.695,-18.325,-16.725,-18.64,-10.905,-5.47,-12.795,-14.62,-12.255,-8.945,-6.925,-6.42,-10.315,-12.755,-12.495,-10.995,-9.845,-12.495,-7.735,-4.475,-7.065,-10.505,-7.905,-11.005
9,11,2014,4,-14.525,-8.04,-7.075,-5.825,-9.235,-18.585,-16.545,-13.525,-13.695,-18.325,-16.725,-18.64,-10.905,-5.47,-12.795,-14.62,-12.255,-8.945,-6.925,-6.42,-10.315,-12.755,-12.495,-10.995,-9.845,-12.495,-7.735,-4.475,-7.065,-10.505,-7.905
9,12,2014,5,-5.465,-14.525,-8.04,-7.075,-5.825,-9.235,-18.585,-16.545,-13.525,-13.695,-18.325,-16.725,-18.64,-10.905,-5.47,-12.795,-14.62,-12.255,-8.945,-6.925,-6.42,-10.315,-12.755,-12.495,-10.995,-9.845,-12.495,-7.735,-4.475,-7.065,-10.505
9,13,2014,6,-1.025,-5.465,-14.525,-8.04,-7.075,-5.825,-9.235,-18.585,-16.545,-13.525,-13.695,-18.325,-16.725,-18.64,-10.905,-5.47,-12.795,-14.62,-12.255,-8.945,-6.925,-6.42,-10.315,-12.755,-12.495,-10.995,-9.845,-12.495,-7.735,-4.475,-7.065
9,14,2014,7,2.005,-1.025,-5.465,-14.525,-8.04,-7.075,-5.825,-9.235,-18.585,-16.545,-13.525,-13.695,-18.325,-16.725,-18.64,-10.905,-5.47,-12.795,-14.62,-12.255,-8.945,-6.925,-6.42,-10.315,-12.755,-12.495,-10.995,-9.845,-12.495,-7.735,-4.475
9,15,2014,1,0.42,2.005,-1.025,-5.465,-14.525,-8.04,-7.075,-5.825,-9.235,-18.585,-16.545,-13.525,-13.695,-18.325,-16.725,-18.64,-10.905,-5.47,-12.795,-14.62,-12.255,-8.945,-6.925,-6.42,-10.315,-12.755,-12.495,-10.995,-9.845,-12.495,-7.735
9,16,2014,2,-3.365,0.42,2.005,-1.025,-5.465,-14.525,-8.04,-7.075,-5.825,-9.235,-18.585,-16.545,-13.525,-13.695,-18.325,-16.725,-18.64,-10.905,-5.47,-12.795,-14.62,-12.255,-8.945,-6.925,-6.42,-10.315,-12.755,-12.495,-10.995,-9.845,-12.495
9,17,2014,3,-1.34,-3.365,0.42,2.005,-1.025,-5.465,-14.525,-8.04,-7.075,-5.825,-9.235,-18.585,-16.545,-13.525,-13.695,-18.325,-16.725,-18.64,-10.905,-5.47,-12.795,-14.62,-12.255,-8.945,-6.925,-6.42,-10.315,-12.755,-12.495,-10.995,-9.845
9,18,2014,4,-1.85,-1.34,-3.365,0.42,2.005,-1.025,-5.465,-14.525,-8.04,-7.075,-5.825,-9.235,-18.585,-16.545,-13.525,-13.695,-18.325,-16.725,-18.64,-10.905,-5.47,-12.795,-14.62,-12.255,-8.945,-6.925,-6.42,-10.315,-12.755,-12.495,-10.995
9,19,2014,5,-0.66,-1.85,-1.34,-3.365,0.42,2.005,-1.025,-5.465,-14.525,-8.04,-7.075,-5.825,-9.235,-18.585,-16.545,-13.525,-13.695,-18.325,-16.725,-18.64,-10.905,-5.47,-12.795,-14.62,-12.255,-8.945,-6.925,-6.42,-10.315,-12.755,-12.495
9,20,2014,6,-5.64,-0.66,-1.85,-1.34,-3.365,0.42,2.005,-1.025,-5.465,-14.525,-8.04,-7.075,-5.825,-9.235,-18.585,-16.545,-13.525,-13.695,-18.325,-16.725,-18.64,-10.905,-5.47,-12.795,-14.62,-12.255,-8.945,-6.925,-6.42,-10.315,-12.755
9,21,2014,7,-6.78,-5.64,-0.66,-1.85,-1.34,-3.365,0.42,2.005,-1.025,-5.465,-14.525,-8.04,-7.075,-5.825,-9.235,-18.585,-16.545,-13.525,-13.695,-18.325,-16.725,-18.64,-10.905,-5.47,-12.795,-14.62,-12.255,-8.945,-6.925,-6.42,-10.315
9,22,2014,1,-3.195,-6.78,-5.64,-0.66,-1.85,-1.34,-3.365,0.42,2.005,-1.025,-5.465,-14.525,-8.04,-7.075,-5.825,-9.235,-18.585,-16.545,-13.525,-13.695,-18.325,-16.725,-18.64,-10.905,-5.47,-12.795,-14.62,-12.255,-8.945,-6.925,-6.42
9,23,2014,2,3.775,-3.195,-6.78,-5.64,-0.66,-1.85,-1.34,-3.365,0.42,2.005,-1.025,-5.465,-14.525,-8.04,-7.075,-5.825,-9.235,-18.585,-16.545,-13.525,-13.695,-18.325,-16.725,-18.64,-10.905,-5.47,-12.795,-14.62,-12.255,-8.945,-6.925
9,24,2014,3,-0.21,3.775,-3.195,-6.78,-5.64,-0.66,-1.85,-1.34,-3.365,0.42,2.005,-1.025,-5.465,-14.525,-8.04,-7.075,-5.825,-9.235,-18.585,-16.545,-13.525,-13.695,-18.325,-16.725,-18.64,-10.905,-5.47,-12.795,-14.62,-12.255,-8.945
9,25,2014,4,2.46,-0.21,3.775,-3.195,-6.78,-5.64,-0.66,-1.85,-1.34,-3.365,0.42,2.005,-1.025,-5.465,-14.525,-8.04,-7.075,-5.825,-9.235,-18.585,-16.545,-13.525,-13.695,-18.325,-16.725,-18.64,-10.905,-5.47,-12.795,-14.62,-12.255
9,26,2014,5,-2.645,2.46,-0.21,3.775,-3.195,-6.78,-5.64,-0.66,-1.85,-1.34,-3.365,0.42,2.005,-1.025,-5.465,-14.525,-8.04,-7.075,-5.825,-9.235,-18.585,-16.545,-13.525,-13.695,-18.325,-16.725,-18.64,-10.905,-5.47,-12.795,-14.62
9,27,2014,6,-5.94,-2.645,2.46,-0.21,3.775,-3.195,-6.78,-5.64,-0.66,-1.85,-1.34,-3.365,0.42,2.005,-1.025,-5.465,-14.525,-8.04,-7.075,-5.825,-9.235,-18.585,-16.545,-13.525,-13.695,-18.325,-16.725,-18.64,-10.905,-5.47,-12.795
9,28,2014,7,-5.605,-5.94,-2.645,2.46,-0.21,3.775,-3.195,-6.78,-5.64,-0.66,-1.85,-1.34,-3.365,0.42,2.005,-1.025,-5.465,-14.525,-8.04,-7.075,-5.825,-9.235,-18.585,-16.545,-13.525,-13.695,-18.325,-16.725,-18.64,-10.905,-5.47
9,29,2014,1,-4.485,-5.605,-5.94,-2.645,2.46,-0.21,3.775,-3.195,-6.78,-5.64,-0.66,-1.85,-1.34,-3.365,0.42,2.005,-1.025,-5.465,-14.525,-8.04,-7.075,-5.825,-9.235,-18.585,-16.545,-13.525,-13.695,-18.325,-16.725,-18.64,-10.905
9,30,2014,2,-5.39,-4.485,-5.605,-5.94,-2.645,2.46,-0.21,3.775,-3.195,-6.78,-5.64,-0.66,-1.85,-1.34,-3.365,0.42,2.005,-1.025,-5.465,-14.525,-8.04,-7.075,-5.825,-9.235,-18.585,-16.545,-13.525,-13.695,-18.325,-16.725,-18.64
10,1,2014,3,-2.89,-5.39,-4.485,-5.605,-5.94,-2.645,2.46,-0.21,3.775,-3.195,-6.78,-5.64,-0.66,-1.85,-1.34,-3.365,0.42,2.005,-1.025,-5.465,-14.525,-8.04,-7.075,-5.825,-9.235,-18.585,-16.545,-13.525,-13.695,-18.325,-16.725
10,2,2014,4,-3.045,-2.89,-5.39,-4.485,-5.605,-5.94,-2.645,2.46,-0.21,3.775,-3.195,-6.78,-5.64,-0.66,-1.85,-1.34,-3.365,0.42,2.005,-1.025,-5.465,-14.525,-8.04,-7.075,-5.825,-9.235,-18.585,-16.545,-13.525,-13.695,-18.325
10,3,2014,5,-1.735,-3.045,-2.89,-5.39,-4.485,-5.605,-5.94,-2.645,2.46,-0.21,3.775,-3.195,-6.78,-5.64,-0.66,-1.85,-1.34,-3.365,0.42,2.005,-1.025,-5.465,-14.525,-8.04,-7.075,-5.825,-9.235,-18.585,-16.545,-13.525,-13.695
10,4,2014,6,5.24,-1.735,-3.045,-2.89,-5.39,-4.485,-5.605,-5.94,-2.645,2.46,-0.21,3.775,-3.195,-6.78,-5.64,-0.66,-1.85,-1.34,-3.365,0.42,2.005,-1.025,-5.465,-14.525,-8.04,-7.075,-5.825,-9.235,-18.585,-16.545,-13.525
10,5,2014,7,12.33,5.24,-1.735,-3.045,-2.89,-5.39,-4.485,-5.605,-5.94,-2.645,2.46,-0.21,3.775,-3.195,-6.78,-5.64,-0.66,-1.85,-1.34,-3.365,0.42,2.005,-1.025,-5.465,-14.525,-8.04,-7.075,-5.825,-9.235,-18.585,-16.545
10,6,2014,1,4.36,12.33,5.24,-1.735,-3.045,-2.89,-5.39,-4.485,-5.605,-5.94,-2.645,2.46,-0.21,3.775,-3.195,-6.78,-5.64,-0.66,-1.85,-1.34,-3.365,0.42,2.005,-1.025,-5.465,-14.525,-8.04,-7.075,-5.825,-9.235,-18.585
10,7,2014,2,0.17,4.36,12.33,5.24,-1.735,-3.045,-2.89,-5.39,-4.485,-5.605,-5.94,-2.645,2.46,-0.21,3.775,-3.195,-6.78,-5.64,-0.66,-1.85,-1.34,-3.365,0.42,2.005,-1.025,-5.465,-14.525,-8.04,-7.075,-5.825,-9.235
10,8,2014,3,-1.545,0.17,4.36,12.33,5.24,-1.735,-3.045,-2.89,-5.39,-4.485,-5.605,-5.94,-2.645,2.46,-0.21,3.775,-3.195,-6.78,-5.64,-0.66,-1.85,-1.34,-3.365,0.42,2.005,-1.025,-5.465,-14.525,-8.04,-7.075,-5.825
10,9,2014,4,2.935,-1.545,0.17,4.36,12.33,5.24,-1.735,-3.045,-2.89,-5.39,-4.485,-5.605,-5.94,-2.645,2.46,-0.21,3.775,-3.195,-6.78,-5.64,-0.66,-1.85,-1.34,-3.365,0.42,2.005,-1.025,-5.465,-14.525,-8.04,-7.075
10,10,2014,5,4.275,2.935,-1.545,0.17,4.36,12.33,5.24,-1.735,-3.045,-2.89,-5.39,-4.485,-5.605,-5.94,-2.645,2.46,-0.21,3.775,-3.195,-6.78,-5.64,-0.66,-1.85,-1.34,-3.365,0.42,2.005,-1.025,-5.465,-14.525,-8.04
10,11,2014,6,10.23,4.275,2.935,-1.545,0.17,4.36,12.33,5.24,-1.735,-3.045,-2.89,-5.39,-4.485,-5.605,-5.94,-2.645,2.46,-0.21,3.775,-3.195,-6.78,-5.64,-0.66,-1.85,-1.34,-3.365,0.42,2.005,-1.025,-5.465,-14.525
10,12,2014,7,11.06,10.23,4.275,2.935,-1.545,0.17,4.36,12.33,5.24,-1.735,-3.045,-2.89,-5.39,-4.485,-5.605,-5.94,-2.645,2.46,-0.21,3.775,-3.195,-6.78,-5.64,-0.66,-1.85,-1.34,-3.365,0.42,2.005,-1.025,-5.465
10,13,2014,1,4.655,11.06,10.23,4.275,2.935,-1.545,0.17,4.36,12.33,5.24,-1.735,-3.045,-2.89,-5.39,-4.485,-5.605,-5.94,-2.645,2.46,-0.21,3.775,-3.195,-6.78,-5.64,-0.66,-1.85,-1.34,-3.365,0.42,2.005,-1.025
10,14,2014,2,-4.86,4.655,11.06,10.23,4.275,2.935,-1.545,0.17,4.36,12.33,5.24,-1.735,-3.045,-2.89,-5.39,-4.485,-5.605,-5.94,-2.645,2.46,-0.21,3.775,-3.195,-6.78,-5.64,-0.66,-1.85,-1.34,-3.365,0.42,2.005
10,15,2014,3,-4.51,-4.86,4.655,11.06,10.23,4.275,2.935,-1.545,0.17,4.36,12.33,5.24,-1.735,-3.045,-2.89,-5.39,-4.485,-5.605,-5.94,-2.645,2.46,-0.21,3.775,-3.195,-6.78,-5.64,-0.66,-1.85,-1.34,-3.365,0.42
10,16,2014,4,4.395,-4.51,-4.86,4.655,11.06,10.23,4.275,2.935,-1.545,0.17,4.36,12.33,5.24,-1.735,-3.045,-2.89,-5.39,-4.485,-5.605,-5.94,-2.645,2.46,-0.21,3.775,-3.195,-6.78,-5.64,-0.66,-1.85,-1.34,-3.365
10,17,2014,5,2.775,4.395,-4.51,-4.86,4.655,11.06,10.23,4.275,2.935,-1.545,0.17,4.36,12.33,5.24,-1.735,-3.045,-2.89,-5.39,-4.485,-5.605,-5.94,-2.645,2.46,-0.21,3.775,-3.195,-6.78,-5.64,-0.66,-1.85,-1.34
10,18,2014,6,5.59,2.775,4.395,-4.51,-4.86,4.655,11.06,10.23,4.275,2.935,-1.545,0.17,4.36,12.33,5.24,-1.735,-3.045,-2.89,-5.39,-4.485,-5.605,-5.94,-2.645,2.46,-0.21,3.775,-3.195,-6.78,-5.64,-0.66,-1.85
10,19,2014,7,14.21,5.59,2.775,4.395,-4.51,-4.86,4.655,11.06,10.23,4.275,2.935,-1.545,0.17,4.36,12.33,5.24,-1.735,-3.045,-2.89,-5.39,-4.485,-5.605,-5.94,-2.645,2.46,-0.21,3.775,-3.195,-6.78,-5.64,-0.66
10,20,2014,1,13.245,14.21,5.59,2.775,4.395,-4.51,-4.86,4.655,11.06,10.23,4.275,2.935,-1.545,0.17,4.36,12.33,5.24,-1.735,-3.045,-2.89,-5.39,-4.485,-5.605,-5.94,-2.645,2.46,-0.21,3.775,-3.195,-6.78,-5.64
10,21,2014,2,6.265,13.245,14.21,5.59,2.775,4.395,-4.51,-4.86,4.655,11.06,10.23,4.275,2.935,-1.545,0.17,4.36,12.33,5.24,-1.735,-3.045,-2.89,-5.39,-4.485,-5.605,-5.94,-2.645,2.46,-0.21,3.775,-3.195,-6.78
10,22,2014,3,10.57,6.265,13.245,14.21,5.59,2.775,4.395,-4.51,-4.86,4.655,11.06,10.23,4.275,2.935,-1.545,0.17,4.36,12.33,5.24,-1.735,-3.045,-2.89,-5.39,-4.485,-5.605,-5.94,-2.645,2.46,-0.21,3.775,-3.195
10,23,2014,4,9.365,10.57,6.265,13.245,14.21,5.59,2.775,4.395,-4.51,-4.86,4.655,11.06,10.23,4.275,2.935,-1.545,0.17,4.36,12.33,5.24,-1.735,-3.045,-2.89,-5.39,-4.485,-5.605,-5.94,-2.645,2.46,-0.21,3.775
10,24,2014,5,5.505,9.365,10.57,6.265,13.245,14.21,5.59,2.775,4.395,-4.51,-4.86,4.655,11.06,10.23,4.275,2.935,-1.545,0.17,4.36,12.33,5.24,-1.735,-3.045,-2.89,-5.39,-4.485,-5.605,-5.94,-2.645,2.46,-0.21
10,25,2014,6,6.185,5.505,9.365,10.57,6.265,13.245,14.21,5.59,2.775,4.395,-4.51,-4.86,4.655,11.06,10.23,4.275,2.935,-1.545,0.17,4.36,12.33,5.24,-1.735,-3.045,-2.89,-5.39,-4.485,-5.605,-5.94,-2.645,2.46
10,26,2014,7,4.425,6.33,5.595,8.535,10.505,6.235,13.205,14.995,5.59,2.775,4.395,-4.51,-4.86,4.655,9.085,9.95,4.275,2.935,-1.545,0.17,4.36,12.33,5.24,-1.735,-3.045,-2.89,-5.39,-4.485,-5.605,-5.94,-2.645
