10,25,2013,5,20.31,16.795,15.345,6.3,7.965,6.885,6.43,1.755,1.725,8.59,7.05,12.415,10.725,8.075,6.755,10.835,10.185,4.815,-2.695,6.76,2.38,2.085,-4.795,-6.025,1.5,8.04,8.42,4.64,4.76,7.08,8.36
10,26,2013,6,18.55,20.31,16.795,15.345,6.3,7.965,6.885,6.43,1.755,1.725,8.59,7.05,12.415,10.725,8.075,6.755,10.835,10.185,4.815,-2.695,6.76,2.38,2.085,-4.795,-6.025,1.5,8.04,8.42,4.64,4.76,7.08
10,27,2013,7,15.33,18.55,20.31,16.795,15.345,6.3,7.965,6.885,6.43,1.755,1.725,8.59,7.05,12.415,10.725,8.075,6.755,10.835,10.185,4.815,-2.695,6.76,2.38,2.085,-4.795,-6.025,1.5,8.04,8.42,4.64,4.76
10,28,2013,1,15.075,15.33,18.55,20.31,16.795,15.345,6.3,7.965,6.885,6.43,1.755,1.725,8.59,7.05,12.415,10.725,8.075,6.755,10.835,10.185,4.815,-2.695,6.76,2.38,2.085,-4.795,-6.025,1.5,8.04,8.42,4.64
10,29,2013,2,23.94,15.075,15.33,18.55,20.31,16.795,15.345,6.3,7.965,6.885,6.43,1.755,1.725,8.59,7.05,12.415,10.725,8.075,6.755,10.835,10.185,4.815,-2.695,6.76,2.38,2.085,-4.795,-6.025,1.5,8.04,8.42
10,30,2013,3,18.035,23.94,15.075,15.33,18.55,20.31,16.795,15.345,6.3,7.965,6.885,6.43,1.755,1.725,8.59,7.05,12.415,10.725,8.075,6.755,10.835,10.185,4.815,-2.695,6.76,2.38,2.085,-4.795,-6.025,1.5,8.04
10,31,2013,4,12.155,18.035,23.94,15.075,15.33,18.55,20.31,16.795,15.345,6.3,7.965,6.885,6.43,1.755,1.725,8.59,7.05,12.415,10.725,8.075,6.755,10.835,10.185,4.815,-2.695,6.76,2.38,2.085,-4.795,-6.025,1.5
11,1,2013,5,-0.655,12.155,18.035,23.94,15.075,15.33,18.55,20.31,16.795,15.345,6.3,7.965,6.885,6.43,1.755,1.725,8.59,7.05,12.415,10.725,8.075,6.755,10.835,10.185,4.815,-2.695,6.76,2.38,2.085,-4.795,-6.025
11,2,2013,6,6.7,-0.655,12.155,18.035,23.94,15.075,15.33,18.55,20.31,16.795,15.345,6.3,7.965,6.885,6.43,1.755,1.725,8.59,7.05,12.415,10.725,8.075,6.755,10.835,10.185,4.815,-2.695,6.76,2.38,2.085,-4.795
11,3,2013,7,19.915,6.7,-0.655,12.155,18.035,23.94,15.075,15.33,18.55,20.31,16.795,15.345,6.3,7.965,6.885,6.43,1.755,1.725,8.59,7.05,12.415,10.725,8.075,6.755,10.835,10.185,4.815,-2.695,6.76,2.38,2.085
11,4,2013,1,28.79,19.915,6.7,-0.655,12.155,18.035,23.94,15.075,15.33,18.55,20.31,16.795,15.345,6.3,7.965,6.885,6.43,1.755,1.725,8.59,7.05,12.415,10.725,8.075,6.755,10.835,10.185,4.815,-2.695,6.76,2.38
11,5,2013,2,24.615,28.79,19.915,6.7,-0.655,12.155,18.035,23.94,15.075,15.33,18.55,20.31,16.795,15.345,6.3,7.965,6.885,6.43,1.755,1.725,8.59,7.05,12.415,10.725,8.075,6.755,10.835,10.185,4.815,-2.695,6.76
11,6,2013,3,13.56,24.615,28.79,19.915,6.7,-0.655,12.155,18.035,23.94,15.075,15.33,18.55,20.31,16.795,15.345,6.3,7.965,6.885,6.43,1.755,1.725,8.59,7.05,12.415,10.725,8.075,6.755,10.835,10.185,4.815,-2.695
11,7,2013,4,8.615,13.56,24.615,28.79,19.915,6.7,-0.655,12.155,18.035,23.94,15.075,15.33,18.55,20.31,16.795,15.345,6.3,7.965,6.885,6.43,1.755,1.725,8.59,7.05,12.415,10.725,8.075,6.755,10.835,10.185,4.815
11,8,2013,5,21.985,8.615,13.56,24.615,28.79,19.915,6.7,-0.655,12.155,18.035,23.94,15.075,15.33,18.55,20.31,16.795,15.345,6.3,7.965,6.885,6.43,1.755,1.725,8.59,7.05,12.415,10.725,8.075,6.755,10.835,10.185
11,9,2013,6,24.555,21.985,8.615,13.56,24.615,28.79,19.915,6.7,-0.655,12.155,18.035,23.94,15.075,15.33,18.55,20.31,16.795,15.345,6.3,7.965,6.885,6.43,1.755,1.725,8.59,7.05,12.415,10.725,8.075,6.755,10.835
11,10,2013,7,15.315,24.555,21.985,8.615,13.56,24.615,28.79,19.915,6.7,-0.655,12.155,18.035,23.94,15.075,15.33,18.55,20.31,16.795,15.345,6.3,7.965,6.885,6.43,1.755,1.725,8.59,7.05,12.415,10.725,8.075,6.755
11,11,2013,1,18.555,15.315,24.555,21.985,8.615,13.56,24.615,28.79,19.915,6.7,-0.655,12.155,18.035,23.94,15.075,15.33,18.55,20.31,16.795,15.345,6.3,7.965,6.885,6.43,1.755,1.725,8.59,7.05,12.415,10.725,8.075
11,12,2013,2,24.73,18.555,15.315,24.555,21.985,8.615,13.56,24.615,28.79,19.915,6.7,-0.655,12.155,18.035,23.94,15.075,15.33,18.55,20.31,16.795,15.345,6.3,7.965,6.885,6.43,1.755,1.725,8.59,7.05,12.415,10.725
11,13,2013,3,33.045,24.73,18.555,15.315,24.555,21.985,8.615,13.56,24.615,28.79,19.915,6.7,-0.655,12.155,18.035,23.94,15.075,15.33,18.55,20.31,16.795,15.345,6.3,7.965,6.885,6.43,1.755,1.725,8.59,7.05,12.415
11,14,2013,4,24.465,33.045,24.73,18.555,15.315,24.555,21.985,8.615,13.56,24.615,28.79,19.915,6.7,-0.655,12.155,18.035,23.94,15.075,15.33,18.55,20.31,16.795,15.345,6.3,7.965,6.885,6.43,1.755,1.725,8.59,7.05
11,15,2013,5,14.41,24.465,33.045,24.73,18.555,15.315,24.555,21.985,8.615,13.56,24.615,28.79,19.915,6.7,-0.655,12.155,18.035,23.94,15.075,15.33,18.55,20.31,16.795,15.345,6.3,7.965,6.885,6.43,1.755,1.725,8.59
11,16,2013,6,17.475,14.41,24.465,33.045,24.73,18.555,15.315,24.555,21.985,8.615,13.56,24.615,28.79,19.915,6.7,-0.655,12.155,18.035,23.94,15.075,15.33,18.55,20.31,16.795,15.345,6.3,7.965,6.885,6.43,1.755,1.725
11,17,2013,7,18.355,17.475,14.41,24.465,33.045,24.73,18.555,15.315,24.555,21.985,8.615,13.56,24.615,28.79,19.915,6.7,-0.655,12.155,18.035,23.94,15.075,15.33,18.55,20.31,16.795,15.345,6.3,7.965,6.885,6.43,1.755
11,18,2013,1,5.78,18.355,17.475,14.41,24.465,33.045,24.73,18.555,15.315,24.555,21.985,8.615,13.56,24.615,28.79,19.915,6.7,-0.655,12.155,18.035,23.94,15.075,15.33,18.55,20.31,16.795,15.345,6.3,7.965,6.885,6.43
11,19,2013,2,22.49,5.78,18.355,17.475,14.41,24.465,33.045,24.73,18.555,15.315,24.555,21.985,8.615,13.56,24.615,28.79,19.915,6.7,-0.655,12.155,18.035,23.94,15.075,15.33,18.55,20.31,16.795,15.345,6.3,7.965,6.885
11,20,2013,3,29.41,22.49,5.78,18.355,17.475,14.41,24.465,33.045,24.73,18.555,15.315,24.555,21.985,8.615,13.56,24.615,28.79,19.915,6.7,-0.655,12.155,18.035,23.94,15.075,15.33,18.55,20.31,16.795,15.345,6.3,7.965
11,21,2013,4,25.925,29.41,22.49,5.78,18.355,17.475,14.41,24.465,33.045,24.73,18.555,15.315,24.555,21.985,8.615,13.56,24.615,28.79,19.915,6.7,-0.655,12.155,18.035,23.94,15.075,15.33,18.55,20.31,16.795,15.345,6.3
11,22,2013,5,19.995,25.925,29.41,22.49,5.78,18.355,17.475,14.41,24.465,33.045,24.73,18.555,15.315,24.555,21.985,8.615,13.56,24.615,28.79,19.915,6.7,-0.655,12.155,18.035,23.94,15.075,15.33,18.55,20.31,16.795,15.345
11,23,2013,6,23.745,19.995,25.925,29.41,22.49,5.78,18.355,17.475,14.41,24.465,33.045,24.73,18.555,15.315,24.555,21.985,8.615,13.56,24.615,28.79,19.915,6.7,-0.655,12.155,18.035,23.94,15.075,15.33,18.55,20.31,16.795
11,24,2013,7,37.49,23.745,19.995,25.925,29.41,22.49,5.78,18.355,17.475,14.41,24.465,33.045,24.73,18.555,15.315,24.555,21.985,8.615,13.56,24.615,28.79,19.915,6.7,-0.655,12.155,18.035,23.94,15.075,15.33,18.55,20.31
11,25,2013,1,38.89,37.49,23.745,19.995,25.925,29.41,22.49,5.78,18.355,17.475,14.41,24.465,33.045,24.73,18.555,15.315,24.555,21.985,8.615,13.56,24.615,28.79,19.915,6.7,-0.655,12.155,18.035,23.94,15.075,15.33,18.55
11,26,2013,2,27.885,38.89,37.49,23.745,19.995,25.925,29.41,22.49,5.78,18.355,17.475,14.41,24.465,33.045,24.73,18.555,15.315,24.555,21.985,8.615,13.56,24.615,28.79,19.915,6.7,-0.655,12.155,18.035,23.94,15.075,15.33
11,27,2013,3,13.16,27.885,38.89,37.49,23.745,19.995,25.925,29.41,22.49,5.78,18.355,17.475,14.41,24.465,33.045,24.73,18.555,15.315,24.555,21.985,8.615,13.56,24.615,28.79,19.915,6.7,-0.655,12.155,18.035,23.94,15.075
11,28,2013,4,31.445,13.16,27.885,38.89,37.49,23.745,19.995,25.925,29.41,22.49,5.78,18.355,17.475,14.41,24.465,33.045,24.73,18.555,15.315,24.555,21.985,8.615,13.56,24.615,28.79,19.915,6.7,-0.655,12.155,18.035,23.94
11,29,2013,5,36.3,31.445,13.16,27.885,38.89,37.49,23.745,19.995,25.925,29.41,22.49,5.78,18.355,17.475,14.41,24.465,33.045,24.73,18.555,15.315,24.555,21.985,8.615,13.56,24.615,28.79,19.915,6.7,-0.655,12.155,18.035
11,30,2013,6,38.365,36.3,31.445,13.16,27.885,38.89,37.49,23.745,19.995,25.925,29.41,22.49,5.78,18.355,17.475,14.41,24.465,33.045,24.73,18.555,15.315,24.555,21.985,8.615,13.56,24.615,28.79,19.915,6.7,-0.655,12.155
12,1,2013,7,26.105,38.365,36.3,31.445,13.16,27.885,38.89,37.49,23.745,19.995,25.925,29.41,22.49,5.78,18.355,17.475,14.41,24.465,33.045,24.73,18.555,15.315,24.555,21.985,8.615,13.56,24.615,28.79,19.915,6.7,-0.655
12,2,2013,1,26.215,26.105,38.365,36.3,31.445,13.16,27.885,38.89,37.49,23.745,19.995,25.925,29.41,22.49,5.78,18.355,17.475,14.41,24.465,33.045,24.73,18.555,15.315,24.555,21.985,8.615,13.56,24.615,28.79,19.915,6.7
12,3,2013,2,22.935,26.215,26.105,38.365,36.3,31.445,13.16,27.885,38.89,37.49,23.745,19.995,25.925,29.41,22.49,5.78,18.355,17.475,14.41,24.465,33.045,24.73,18.555,15.315,24.555,21.985,8.615,13.56,24.615,28.79,19.915
12,4,2013,3,25.39,22.935,26.215,26.105,38.365,36.3,31.445,13.16,27.885,38.89,37.49,23.745,19.995,25.925,29.41,22.49,5.78,18.355,17.475,14.41,24.465,33.045,24.73,18.555,15.315,24.555,21.985,8.615,13.56,24.615,28.79
12,5,2013,4,18.655,25.39,22.935,26.215,26.105,38.365,36.3,31.445,13.16,27.885,38.89,37.49,23.745,19.995,25.925,29.41,22.49,5.78,18.355,17.475,14.41,24.465,33.045,24.73,18.555,15.315,24.555,21.985,8.615,13.56,24.615
12,6,2013,5,18.235,18.655,25.39,22.935,26.215,26.105,38.365,36.3,31.445,13.16,27.885,38.89,37.49,23.745,19.995,25.925,29.41,22.49,5.78,18.355,17.475,14.41,24.465,33.045,24.73,18.555,15.315,24.555,21.985,8.615,13.56
12,7,2013,6,29.075,18.235,18.655,25.39,22.935,26.215,26.105,38.365,36.3,31.445,13.16,27.885,38.89,37.49,23.745,19.995,25.925,29.41,22.49,5.78,18.355,17.475,14.41,24.465,33.045,24.73,18.555,15.315,24.555,21.985,8.615
12,8,2013,7,35.535,29.075,18.235,18.655,25.39,22.935,26.215,26.105,38.365,36.3,31.445,13.16,27.885,38.89,37.49,23.745,19.995,25.925,29.41,22.49,5.78,18.355,17.475,14.41,24.465,33.045,24.73,18.555,15.315,24.555,21.985
12,9,2013,1,30.41,35.535,29.075,18.235,18.655,25.39,22.935,26.215,26.105,38.365,36.3,31.445,13.16,27.885,38.89,37.49,23.745,19.995,25.925,29.41,22.49,5.78,18.355,17.475,14.41,24.465,33.045,24.73,18.555,15.315,24.555
12,10,2013,2,32.34,30.41,35.535,29.075,18.235,18.655,25.39,22.935,26.215,26.105,38.365,36.3,31.445,13.16,27.885,38.89,37.49,23.745,19.995,25.925,29.41,22.49,5.78,18.355,17.475,14.41,24.465,33.045,24.73,18.555,15.315
12,11,2013,3,36.895,32.34,30.41,35.535,29.075,18.235,18.655,25.39,22.935,26.215,26.105,38.365,36.3,31.445,13.16,27.885,38.89,37.49,23.745,19.995,25.925,29.41,22.49,5.78,18.355,17.475,14.41,24.465,33.045,24.73,18.555
12,12,2013,4,41.99,36.895,32.34,30.41,35.535,29.075,18.235,18.655,25.39,22.935,26.215,26.105,38.365,36.3,31.445,13.16,27.885,38.89,37.49,23.745,19.995,25.925,29.41,22.49,5.78,18.355,17.475,14.41,24.465,33.045,24.73
12,13,2013,5,40.585,41.99,36.895,32.34,30.41,35.535,29.075,18.235,18.655,25.39,22.935,26.215,26.105,38.365,36.3,31.445,13.16,27.885,38.89,37.49,23.745,19.995,25.925,29.41,22.49,5.78,18.355,17.475,14.41,24.465,33.045
12,14,2013,6,44.885,40.585,41.99,36.895,32.34,30.41,35.535,29.075,18.235,18.655,25.39,22.935,26.215,26.105,38.365,36.3,31.445,13.16,27.885,38.89,37.49,23.745,19.995,25.925,29.41,22.49,5.78,18.355,17.475,14.41,24.465
12,15,2013,7,34.815,44.885,40.585,41.99,36.895,32.34,30.41,35.535,29.075,18.235,18.655,25.39,22.935,26.215,26.105,38.365,36.3,31.445,13.16,27.885,38.89,37.49,23.745,19.995,25.925,29.41,22.49,5.78,18.355,17.475,14.41
12,16,2013,1,39.17,34.815,44.885,40.585,41.99,36.895,32.34,30.41,35.535,29.075,18.235,18.655,25.39,22.935,26.215,26.105,38.365,36.3,31.445,13.16,27.885,38.89,37.49,23.745,19.995,25.925,29.41,22.49,5.78,18.355,17.475
12,17,2013,2,48.415,39.17,34.815,44.885,40.585,41.99,36.895,32.34,30.41,35.535,29.075,18.235,18.655,25.39,22.935,26.215,26.105,38.365,36.3,31.445,13.16,27.885,38.89,37.49,23.745,19.995,25.925,29.41,22.49,5.78,18.355
12,18,2013,3,38.89,48.415,39.17,34.815,44.885,40.585,41.99,36.895,32.34,30.41,35.535,29.075,18.235,18.655,25.39,22.935,26.215,26.105,38.365,36.3,31.445,13.16,27.885,38.89,37.49,23.745,19.995,25.925,29.41,22.49,5.78
12,19,2013,4,29.505,38.89,48.415,39.17,34.815,44.885,40.585,41.99,36.895,32.34,30.41,35.535,29.075,18.235,18.655,25.39,22.935,26.215,26.105,38.365,36.3,31.445,13.16,27.885,38.89,37.49,23.745,19.995,25.925,29.41,22.49
12,20,2013,5,20.655,29.505,38.89,48.415,39.17,34.815,44.885,40.585,41.99,36.895,32.34,30.41,35.535,29.075,18.235,18.655,25.39,22.935,26.215,26.105,38.365,36.3,31.445,13.16,27.885,38.89,37.49,23.745,19.995,25.925,29.41
12,21,2013,6,14.28,20.655,29.505,38.89,48.415,39.17,34.815,44.885,40.585,41.99,36.895,32.34,30.41,35.535,29.075,18.235,18.655,25.39,22.935,26.215,26.105,38.365,36.3,31.445,13.16,27.885,38.89,37.49,23.745,19.995,25.925
12,22,2013,7,19.56,14.28,20.655,29.505,38.89,48.415,39.17,34.815,44.885,40.585,41.99,36.895,32.34,30.41,35.535,29.075,18.235,18.655,25.39,22.935,26.215,26.105,38.365,36.3,31.445,13.16,27.885,38.89,37.49,23.745,19.995
12,23,2013,1,28.77,19.56,14.28,20.655,29.505,38.89,48.415,39.17,34.815,44.885,40.585,41.99,36.895,32.34,30.41,35.535,29.075,18.235,18.655,25.39,22.935,26.215,26.105,38.365,36.3,31.445,13.16,27.885,38.89,37.49,23.745
12,24,2013,2,30.195,28.77,19.56,14.28,20.655,29.505,38.89,48.415,39.17,34.815,44.885,40.585,41.99,36.895,32.34,30.41,35.535,29.075,18.235,18.655,25.39,22.935,26.215,26.105,38.365,36.3,31.445,13.16,27.885,38.89,37.49
12,25,2013,3,42.9,30.195,28.77,19.56,14.28,20.655,29.505,38.89,48.415,39.17,34.815,44.885,40.585,41.99,36.895,32.34,30.41,35.535,29.075,18.235,18.655,25.39,22.935,26.215,26.105,38.365,36.3,31.445,13.16,27.885,38.89
12,26,2013,4,37.36,42.9,30.195,28.77,19.56,14.28,20.655,29.505,38.89,48.415,39.17,34.815,44.885,40.585,41.99,36.895,32.34,30.41,35.535,29.075,18.235,18.655,25.39,22.935,26.215,26.105,38.365,36.3,31.445,13.16,27.885
12,27,2013,5,33.785,37.36,42.9,30.195,28.77,19.56,14.28,20.655,29.505,38.89,48.415,39.17,34.815,44.885,40.585,41.99,36.895,32.34,30.41,35.535,29.075,18.235,18.655,25.39,22.935,26.215,26.105,38.365,36.3,31.445,13.16
12,28,2013,6,27.375,33.785,37.36,42.9,30.195,28.77,19.56,14.28,20.655,29.505,38.89,48.415,39.17,34.815,44.885,40.585,41.99,36.895,32.34,30.41,35.535,29.075,18.235,18.655,25.39,22.935,26.215,26.105,38.365,36.3,31.445
12,29,2013,7,24.88,27.375,33.785,37.36,42.9,30.195,28.77,19.56,14.28,20.655,29.505,38.89,48.415,39.17,34.815,44.885,40.585,41.99,36.895,32.34,30.41,35.535,29.075,18.235,18.655,25.39,22.935,26.215,26.105,38.365,36.3
12,30,2013,1,31.865,24.88,27.375,33.785,37.36,42.9,30.195,28.77,19.56,14.28,20.655,29.505,38.89,48.415,39.17,34.815,44.885,40.585,41.99,36.895,32.34,30.41,35.535,29.075,18.235,18.655,25.39,22.935,26.215,26.105,38.365
12,31,2013,2,44.085,31.865,24.88,27.375,33.785,37.36,42.9,30.195,28.77,19.56,14.28,20.655,29.505,38.89,48.415,39.17,34.815,44.885,40.585,41.99,36.895,32.34,30.41,35.535,29.075,18.235,18.655,25.39,22.935,26.215,26.105
1,1,2014,3,41.16,44.085,31.865,24.88,27.375,33.785,37.36,42.9,30.195,28.77,19.56,14.28,20.655,29.505,38.89,48.415,39.17,34.815,44.885,40.585,41.99,36.895,32.34,30.41,35.535,29.075,18.235,18.655,25.39,22.935,26.215
1,2,2014,4,51.46,41.16,44.085,31.865,24.88,27.375,33.785,37.36,42.9,30.195,28.77,19.56,14.28,20.655,29.505,38.89,48.415,39.17,34.815,44.885,40.585,41.99,36.895,32.34,30.41,35.535,29.075,18.235,18.655,25.39,22.935
1,3,2014,5,57.175,51.46,41.16,44.085,31.865,24.88,27.375,33.785,37.36,42.9,30.195,28.77,19.56,14.28,20.655,29.505,38.89,48.415,39.17,34.815,44.885,40.585,41.99,36.895,32.34,30.41,35.535,29.075,18.235,18.655,25.39
1,4,2014,6,50.19,57.175,51.46,41.16,44.085,31.865,24.88,27.375,33.785,37.36,42.9,30.195,28.77,19.56,14.28,20.655,29.505,38.89,48.415,39.17,34.815,44.885,40.585,41.99,36.895,32.34,30.41,35.535,29.075,18.235,18.655
1,5,2014,7,33.805,50.19,57.175,51.46,41.16,44.085,31.865,24.88,27.375,33.785,37.36,42.9,30.195,28.77,19.56,14.28,20.655,29.505,38.89,48.415,39.17,34.815,44.885,40.585,41.99,36.895,32.34,30.41,35.535,29.075,18.235
1,6,2014,1,20.045,33.805,50.19,57.175,51.46,41.16,44.085,31.865,24.88,27.375,33.785,37.36,42.9,30.195,28.77,19.56,14.28,20.655,29.505,38.89,48.415,39.17,34.815,44.885,40.585,41.99,36.895,32.34,30.41,35.535,29.075
1,7,2014,2,45.185,20.045,33.805,50.19,57.175,51.46,41.16,44.085,31.865,24.88,27.375,33.785,37.36,42.9,30.195,28.77,19.56,14.28,20.655,29.505,38.89,48.415,39.17,34.815,44.885,40.585,41.99,36.895,32.34,30.41,35.535
1,8,2014,3,50.09,45.185,20.045,33.805,50.19,57.175,51.46,41.16,44.085,31.865,24.88,27.375,33.785,37.36,42.9,30.195,28.77,19.56,14.28,20.655,29.505,38.89,48.415,39.17,34.815,44.885,40.585,41.99,36.895,32.34,30.41
1,9,2014,4,40.93,50.09,45.185,20.045,33.805,50.19,57.175,51.46,41.16,44.085,31.865,24.88,27.375,33.785,37.36,42.9,30.195,28.77,19.56,14.28,20.655,29.505,38.89,48.415,39.17,34.815,44.885,40.585,41.99,36.895,32.34
1,10,2014,5,36.245,40.93,50.09,45.185,20.045,33.805,50.19,57.175,51.46,41.16,44.085,31.865,24.88,27.375,33.785,37.36,42.9,30.195,28.77,19.56,14.28,20.655,29.505,38.89,48.415,39.17,34.815,44.885,40.585,41.99,36.895
1,11,2014,6,17.94,36.245,40.93,50.09,45.185,20.045,33.805,50.19,57.175,51.46,41.16,44.085,31.865,24.88,27.375,33.785,37.36,42.9,30.195,28.77,19.56,14.28,20.655,29.505,38.89,48.415,39.17,34.815,44.885,40.585,41.99
1,12,2014,7,18.045,17.94,36.245,40.93,50.09,45.185,20.045,33.805,50.19,57.175,51.46,41.16,44.085,31.865,24.88,27.375,33.785,37.36,42.9,30.195,28.77,19.56,14.28,20.655,29.505,38.89,48.415,39.17,34.815,44.885,40.585
1,13,2014,1,23.12,18.045,17.94,36.245,40.93,50.09,45.185,20.045,33.805,50.19,57.175,51.46,41.16,44.085,31.865,24.88,27.375,33.785,37.36,42.9,30.195,28.77,19.56,14.28,20.655,29.505,38.89,48.415,39.17,34.815,44.885
1,14,2014,2,17.655,23.12,18.045,17.94,36.245,40.93,50.09,45.185,20.045,33.805,50.19,57.175,51.46,41.16,44.085,31.865,24.88,27.375,33.785,37.36,42.9,30.195,28.77,19.56,14.28,20.655,29.505,38.89,48.415,39.17,34.815
1,15,2014,3,23.04,17.655,23.12,18.045,17.94,36.245,40.93,50.09,45.185,20.045,33.805,50.19,57.175,51.46,41.16,44.085,31.865,24.88,27.375,33.785,37.36,42.9,30.195,28.77,19.56,14.28,20.655,29.505,38.89,48.415,39.17
1,16,2014,4,28.455,23.04,17.655,23.12,18.045,17.94,36.245,40.93,50.09,45.185,20.045,33.805,50.19,57.175,51.46,41.16,44.085,31.865,24.88,27.375,33.785,37.36,42.9,30.195,28.77,19.56,14.28,20.655,29.505,38.89,48.415
1,17,2014,5,24.77,28.455,23.04,17.655,23.12,18.045,17.94,36.245,40.93,50.09,45.185,20.045,33.805,50.19,57.175,51.46,41.16,44.085,31.865,24.88,27.375,33.785,37.36,42.9,30.195,28.77,19.56,14.28,20.655,29.505,38.89
1,18,2014,6,29.605,24.77,28.455,23.04,17.655,23.12,18.045,17.94,36.245,40.93,50.09,45.185,20.045,33.805,50.19,57.175,51.46,41.16,44.085,31.865,24.88,27.375,33.785,37.36,42.9,30.195,28.77,19.56,14.28,20.655,29.505
1,19,2014,7,33.205,29.605,24.77,28.455,23.04,17.655,23.12,18.045,17.94,36.245,40.93,50.09,45.185,20.045,33.805,50.19,57.175,51.46,41.16,44.085,31.865,24.88,27.375,33.785,37.36,42.9,30.195,28.77,19.56,14.28,20.655
1,20,2014,1,29.275,33.205,29.605,24.77,28.455,23.04,17.655,23.12,18.045,17.94,36.245,40.93,50.09,45.185,20.045,33.805,50.19,57.175,51.46,41.16,44.085,31.865,24.88,27.375,33.785,37.36,42.9,30.195,28.77,19.56,14.28
1,21,2014,2,45.15,29.275,33.205,29.605,24.77,28.455,23.04,17.655,23.12,18.045,17.94,36.245,40.93,50.09,45.185,20.045,33.805,50.19,57.175,51.46,41.16,44.085,31.865,24.88,27.375,33.785,37.36,42.9,30.195,28.77,19.56
1,22,2014,3,52.265,45.15,29.275,33.205,29.605,24.77,28.455,23.04,17.655,23.12,18.045,17.94,36.245,40.93,50.09,45.185,20.045,33.805,50.19,57.175,51.46,41.16,44.085,31.865,24.88,27.375,33.785,37.36,42.9,30.195,28.77
1,23,2014,4,50.98,52.265,45.15,29.275,33.205,29.605,24.77,28.455,23.04,17.655,23.12,18.045,17.94,36.245,40.93,50.09,45.185,20.045,33.805,50.19,57.175,51.46,41.16,44.085,31.865,24.88,27.375,33.785,37.36,42.9,30.195
1,24,2014,5,51.755,50.98,52.265,45.15,29.275,33.205,29.605,24.77,28.455,23.04,17.655,23.12,18.045,17.94,36.245,40.93,50.09,45.185,20.045,33.805,50.19,57.175,51.46,41.16,44.085,31.865,24.88,27.375,33.785,37.36,42.9
1,25,2014,6,38.445,51.755,50.98,52.265,45.15,29.275,33.205,29.605,24.77,28.455,23.04,17.655,23.12,18.045,17.94,36.245,40.93,50.09,45.185,20.045,33.805,50.19,57.175,51.46,41.16,44.085,31.865,24.88,27.375,33.785,37.36
1,26,2014,7,43.685,38.445,51.755,50.98,52.265,45.15,29.275,33.205,29.605,24.77,28.455,23.04,17.655,23.12,18.045,17.94,36.245,40.93,50.09,45.185,20.045,33.805,50.19,57.175,51.46,41.16,44.085,31.865,24.88,27.375,33.785
1,27,2014,1,31.29,43.685,38.445,51.755,50.98,52.265,45.15,29.275,33.205,29.605,24.77,28.455,23.04,17.655,23.12,18.045,17.94,36.245,40.93,50.09,45.185,20.045,33.805,50.19,57.175,51.46,41.16,44.085,31.865,24.88,27.375
1,28,2014,2,47.535,31.29,43.685,38.445,51.755,50.98,52.265,45.15,29.275,33.205,29.605,24.77,28.455,23.04,17.655,23.12,18.045,17.94,36.245,40.93,50.09,45.185,20.045,33.805,50.19,57.175,51.46,41.16,44.085,31.865,24.88
1,29,2014,3,44.115,47.535,31.29,43.685,38.445,51.755,50.98,52.265,45.15,29.275,33.205,29.605,24.77,28.455,23.04,17.655,23.12,18.045,17.94,36.245,40.93,50.09,45.185,20.045,33.805,50.19,57.175,51.46,41.16,44.085,31.865
1,30,2014,4,41.735,44.115,47.535,31.29,43.685,38.445,51.755,50.98,52.265,45.15,29.275,33.205,29.605,24.77,28.455,23.04,17.655,23.12,18.045,17.94,36.245,40.93,50.09,45.185,20.045,33.805,50.19,57.175,51.46,41.16,44.085
1,31,2014,5,33.02,41.735,44.115,47.535,31.29,43.685,38.445,51.755,50.98,52.265,45.15,29.275,33.205,29.605,24.77,28.455,23.04,17.655,23.12,18.045,17.94,36.245,40.93,50.09,45.185,20.045,33.805,50.19,57.175,51.46,41.16
2,1,2014,6,27.135,33.02,41.735,44.115,47.535,31.29,43.685,38.445,51.755,50.98,52.265,45.15,29.275,33.205,29.605,24.77,28.455,23.04,17.655,23.12,18.045,17.94,36.245,40.93,50.09,45.185,20.045,33.805,50.19,57.175,51.46
2,2,2014,7,20.795,27.135,33.02,41.735,44.115,47.535,31.29,43.685,38.445,51.755,50.98,52.265,45.15,29.275,33.205,29.605,24.77,28.455,23.04,17.655,23.12,18.045,17.94,36.245,40.93,50.09,45.185,20.045,33.805,50.19,57.175
2,3,2014,1,30.72,20.795,27.135,33.02,41.735,44.115,47.535,31.29,43.685,38.445,51.755,50.98,52.265,45.15,29.275,33.205,29.605,24.77,28.455,23.04,17.655,23.12,18.045,17.94,36.245,40.93,50.09,45.185,20.045,33.805,50.19
2,4,2014,2,36.43,30.72,20.795,27.135,33.02,41.735,44.115,47.535,31.29,43.685,38.445,51.755,50.98,52.265,45.15,29.275,33.205,29.605,24.77,28.455,23.04,17.655,23.12,18.045,17.94,36.245,40.93,50.09,45.185,20.045,33.805
2,5,2014,3,36.625,36.43,30.72,20.795,27.135,33.02,41.735,44.115,47.535,31.29,43.685,38.445,51.755,50.98,52.265,45.15,29.275,33.205,29.605,24.77,28.455,23.04,17.655,23.12,18.045,17.94,36.245,40.93,50.09,45.185,20.045
2,6,2014,4,42.32,36.625,36.43,30.72,20.795,27.135,33.02,41.735,44.115,47.535,31.29,43.685,38.445,51.755,50.98,52.265,45.15,29.275,33.205,29.605,24.77,28.455,23.04,17.655,23.12,18.045,17.94,36.245,40.93,50.09,45.185
2,7,2014,5,39.93,42.32,36.625,36.43,30.72,20.795,27.135,33.02,41.735,44.115,47.535,31.29,43.685,38.445,51.755,50.98,52.265,45.15,29.275,33.205,29.605,24.77,28.455,23.04,17.655,23.12,18.045,17.94,36.245,40.93,50.09
2,8,2014,6,41.925,39.93,42.32,36.625,36.43,30.72,20.795,27.135,33.02,41.735,44.115,47.535,31.29,43.685,38.445,51.755,50.98,52.265,45.15,29.275,33.205,29.605,24.77,28.455,23.04,17.655,23.12,18.045,17.94,36.245,40.93
2,9,2014,7,40.36,41.925,39.93,42.32,36.625,36.43,30.72,20.795,27.135,33.02,41.735,44.115,47.535,31.29,43.685,38.445,51.755,50.98,52.265,45.15,29.275,33.205,29.605,24.77,28.455,23.04,17.655,23.12,18.045,17.94,36.245
2,10,2014,1,40.095,40.36,41.925,39.93,42.32,36.625,36.43,30.72,20.795,27.135,33.02,41.735,44.115,47.535,31.29,43.685,38.445,51.755,50.98,52.265,45.15,29.275,33.205,29.605,24.77,28.455,23.04,17.655,23.12,18.045,17.94
2,11,2014,2,45.38,40.095,40.36,41.925,39.93,42.32,36.625,36.43,30.72,20.795,27.135,33.02,41.735,44.115,47.535,31.29,43.685,38.445,51.755,50.98,52.265,45.15,29.275,33.205,29.605,24.77,28.455,23.04,17.655,23.12,18.045
2,12,2014,3,48.965,45.38,40.095,40.36,41.925,39.93,42.32,36.625,36.43,30.72,20.795,27.135,33.02,41.735,44.115,47.535,31.29,43.685,38.445,51.755,50.98,52.265,45.15,29.275,33.205,29.605,24.77,28.455,23.04,17.655,23.12
2,13,2014,4,36.875,48.965,45.38,40.095,40.36,41.925,39.93,42.32,36.625,36.43,30.72,20.795,27.135,33.02,41.735,44.115,47.535,31.29,43.685,38.445,51.755,50.98,52.265,45.15,29.275,33.205,29.605,24.77,28.455,23.04,17.655
2,14,2014,5,31.37,36.875,48.965,45.38,40.095,40.36,41.925,39.93,42.32,36.625,36.43,30.72,20.795,27.135,33.02,41.735,44.115,47.535,31.29,43.685,38.445,51.755,50.98,52.265,45.15,29.275,33.205,29.605,24.77,28.455,23.04
2,15,2014,6,34.885,31.37,36.875,48.965,45.38,40.095,40.36,41.925,39.93,42.32,36.625,36.43,30.72,20.795,27.135,33.02,41.735,44.115,47.535,31.29,43.685,38.445,51.755,50.98,52.265,45.15,29.275,33.205,29.605,24.77,28.455
2,16,2014,7,37.555,34.885,31.37,36.875,48.965,45.38,40.095,40.36,41.925,39.93,42.32,36.625,36.43,30.72,20.795,27.135,33.02,41.735,44.115,47.535,31.29,43.685,38.445,51.755,50.98,52.265,45.15,29.275,33.205,29.605,24.77
2,17,2014,1,43.255,37.555,34.885,31.37,36.875,48.965,45.38,40.095,40.36,41.925,39.93,42.32,36.625,36.43,30.72,20.795,27.135,33.02,41.735,44.115,47.535,31.29,43.685,38.445,51.755,50.98,52.265,45.15,29.275,33.205,29.605
2,18,2014,2,40.565,43.255,37.555,34.885,31.37,36.875,48.965,45.38,40.095,40.36,41.925,39.93,42.32,36.625,36.43,30.72,20.795,27.135,33.02,41.735,44.115,47.535,31.29,43.685,38.445,51.755,50.98,52.265,45.15,29.275,33.205
2,19,2014,3,35.67,40.565,43.255,37.555,34.885,31.37,36.875,48.965,45.38,40.095,40.36,41.925,39.93,42.32,36.625,36.43,30.72,20.795,27.135,33.02,41.735,44.115,47.535,31.29,43.685,38.445,51.755,50.98,52.265,45.15,29.275
2,20,2014,4,24.045,35.67,40.565,43.255,37.555,34.885,31.37,36.875,48.965,45.38,40.095,40.36,41.925,39.93,42.32,36.625,36.43,30.72,20.795,27.135,33.02,41.735,44.115,47.535,31.29,43.685,38.445,51.755,50.98,52.265,45.15
2,21,2014,5,25.53,24.045,35.67,40.565,43.255,37.555,34.885,31.37,36.875,48.965,45.38,40.095,40.36,41.925,39.93,42.32,36.625,36.43,30.72,20.795,27.135,33.02,41.735,44.115,47.535,31.29,43.685,38.445,51.755,50.98,52.265
2,22,2014,6,21.645,25.53,24.045,35.67,40.565,43.255,37.555,34.885,31.37,36.875,48.965,45.38,40.095,40.36,41.925,39.93,42.32,36.625,36.43,30.72,20.795,27.135,33.02,41.735,44.115,47.535,31.29,43.685,38.445,51.755,50.98
2,23,2014,7,20.245,21.645,25.53,24.045,35.67,40.565,43.255,37.555,34.885,31.37,36.875,48.965,45.38,40.095,40.36,41.925,39.93,42.32,36.625,36.43,30.72,20.795,27.135,33.02,41.735,44.115,47.535,31.29,43.685,38.445,51.755
2,24,2014,1,30.83,20.245,21.645,25.53,24.045,35.67,40.565,43.255,37.555,34.885,31.37,36.875,48.965,45.38,40.095,40.36,41.925,39.93,42.32,36.625,36.43,30.72,20.795,27.135,33.02,41.735,44.115,47.535,31.29,43.685,38.445
2,25,2014,2,39.325,30.83,20.245,21.645,25.53,24.045,35.67,40.565,43.255,37.555,34.885,31.37,36.875,48.965,45.38,40.095,40.36,41.925,39.93,42.32,36.625,36.43,30.72,20.795,27.135,33.02,41.735,44.115,47.535,31.29,43.685
2,26,2014,3,41.32,39.325,30.83,20.245,21.645,25.53,24.045,35.67,40.565,43.255,37.555,34.885,31.37,36.875,48.965,45.38,40.095,40.36,41.925,39.93,42.32,36.625,36.43,30.72,20.795,27.135,33.02,41.735,44.115,47.535,31.29
2,27,2014,4,44.545,41.32,39.325,30.83,20.245,21.645,25.53,24.045,35.67,40.565,43.255,37.555,34.885,31.37,36.875,48.965,45.38,40.095,40.36,41.925,39.93,42.32,36.625,36.43,30.72,20.795,27.135,33.02,41.735,44.115,47.535
2,28,2014,5,47.635,44.545,41.32,39.325,30.83,20.245,21.645,25.53,24.045,35.67,40.565,43.255,37.555,34.885,31.37,36.875,48.965,45.38,40.095,40.36,41.925,39.93,42.32,36.625,36.43,30.72,20.795,27.135,33.02,41.735,44.115
3,1,2014,6,39.555,47.635,44.545,41.32,39.325,30.83,20.245,21.645,25.53,24.045,35.67,40.565,43.255,37.555,34.885,31.37,36.875,48.965,45.38,40.095,40.36,41.925,39.93,42.32,36.625,36.43,30.72,20.795,27.135,33.02,41.735
3,2,2014,7,30.3,39.555,47.635,44.545,41.32,39.325,30.83,20.245,21.645,25.53,24.045,35.67,40.565,43.255,37.555,34.885,31.37,36.875,48.965,45.38,40.095,40.36,41.925,39.93,42.32,36.625,36.43,30.72,20.795,27.135,33.02
3,3,2014,1,41.03,30.3,39.555,47.635,44.545,41.32,39.325,30.83,20.245,21.645,25.53,24.045,35.67,40.565,43.255,37.555,34.885,31.37,36.875,48.965,45.38,40.095,40.36,41.925,39.93,42.32,36.625,36.43,30.72,20.795,27.135
3,4,2014,2,44.485,41.03,30.3,39.555,47.635,44.545,41.32,39.325,30.83,20.245,21.645,25.53,24.045,35.67,40.565,43.255,37.555,34.885,31.37,36.875,48.965,45.38,40.095,40.36,41.925,39.93,42.32,36.625,36.43,30.72,20.795
3,5,2014,3,40.815,44.485,41.03,30.3,39.555,47.635,44.545,41.32,39.325,30.83,20.245,21.645,25.53,24.045,35.67,40.565,43.255,37.555,34.885,31.37,36.875,48.965,45.38,40.095,40.36,41.925,39.93,42.32,36.625,36.43,30.72
3,6,2014,4,47.07,40.815,44.485,41.03,30.3,39.555,47.635,44.545,41.32,39.325,30.83,20.245,21.645,25.53,24.045,35.67,40.565,43.255,37.555,34.885,31.37,36.875,48.965,45.38,40.095,40.36,41.925,39.93,42.32,36.625,36.43
3,7,2014,5,39.24,47.07,40.815,44.485,41.03,30.3,39.555,47.635,44.545,41.32,39.325,30.83,20.245,21.645,25.53,24.045,35.67,40.565,43.255,37.555,34.885,31.37,36.875,48.965,45.38,40.095,40.36,41.925,39.93,42.32,36.625
3,8,2014,6,24.655,39.24,47.07,40.815,44.485,41.03,30.3,39.555,47.635,44.545,41.32,39.325,30.83,20.245,21.645,25.53,24.045,35.67,40.565,43.255,37.555,34.885,31.37,36.875,48.965,45.38,40.095,40.36,41.925,39.93,42.32
3,9,2014,7,29.53,24.655,39.24,47.07,40.815,44.485,41.03,30.3,39.555,47.635,44.545,41.32,39.325,30.83,20.245,21.645,25.53,24.045,35.67,40.565,43.255,37.555,34.885,31.37,36.875,48.965,45.38,40.095,40.36,41.925,39.93
3,10,2014,1,29.355,29.53,24.655,39.24,47.07,40.815,44.485,41.03,30.3,39.555,47.635,44.545,41.32,39.325,30.83,20.245,21.645,25.53,24.045,35.67,40.565,43.255,37.555,34.885,31.37,36.875,48.965,45.38,40.095,40.36,41.925
3,11,2014,2,17.68,29.355,29.53,24.655,39.24,47.07,40.815,44.485,41.03,30.3,39.555,47.635,44.545,41.32,39.325,30.83,20.245,21.645,25.53,24.045,35.67,40.565,43.255,37.555,34.885,31.37,36.875,48.965,45.38,40.095,40.36
3,12,2014,3,22.955,17.68,29.355,29.53,24.655,39.24,47.07,40.815,44.485,41.03,30.3,39.555,47.635,44.545,41.32,39.325,30.83,20.245,21.645,25.53,24.045,35.67,40.565,43.255,37.555,34.885,31.37,36.875,48.965,45.38,40.095
3,13,2014,4,36.365,22.955,17.68,29.355,29.53,24.655,39.24,47.07,40.815,44.485,41.03,30.3,39.555,47.635,44.545,41.32,39.325,30.83,20.245,21.645,25.53,24.045,35.67,40.565,43.255,37.555,34.885,31.37,36.875,48.965,45.38
3,14,2014,5,38.07,36.365,22.955,17.68,29.355,29.53,24.655,39.24,47.07,40.815,44.485,41.03,30.3,39.555,47.635,44.545,41.32,39.325,30.83,20.245,21.645,25.53,24.045,35.67,40.565,43.255,37.555,34.885,31.37,36.875,48.965
3,15,2014,6,18.21,38.07,36.365,22.955,17.68,29.355,29.53,24.655,39.24,47.07,40.815,44.485,41.03,30.3,39.555,47.635,44.545,41.32,39.325,30.83,20.245,21.645,25.53,24.045,35.67,40.565,43.255,37.555,34.885,31.37,36.875
3,16,2014,7,31.125,18.21,38.07,36.365,22.955,17.68,29.355,29.53,24.655,39.24,47.07,40.815,44.485,41.03,30.3,39.555,47.635,44.545,41.32,39.325,30.83,20.245,21.645,25.53,24.045,35.67,40.565,43.255,37.555,34.885,31.37
3,17,2014,1,43.445,31.125,18.21,38.07,36.365,22.955,17.68,29.355,29.53,24.655,39.24,47.07,40.815,44.485,41.03,30.3,39.555,47.635,44.545,41.32,39.325,30.83,20.245,21.645,25.53,24.045,35.67,40.565,43.255,37.555,34.885
3,18,2014,2,39.2,43.445,31.125,18.21,38.07,36.365,22.955,17.68,29.355,29.53,24.655,39.24,47.07,40.815,44.485,41.03,30.3,39.555,47.635,44.545,41.32,39.325,30.83,20.245,21.645,25.53,24.045,35.67,40.565,43.255,37.555
3,19,2014,3,32.135,39.2,43.445,31.125,18.21,38.07,36.365,22.955,17.68,29.355,29.53,24.655,39.24,47.07,40.815,44.485,41.03,30.3,39.555,47.635,44.545,41.32,39.325,30.83,20.245,21.645,25.53,24.045,35.67,40.565,43.255
3,20,2014,4,21.025,32.135,39.2,43.445,31.125,18.21,38.07,36.365,22.955,17.68,29.355,29.53,24.655,39.24,47.07,40.815,44.485,41.03,30.3,39.555,47.635,44.545,41.32,39.325,30.83,20.245,21.645,25.53,24.045,35.67,40.565
3,21,2014,5,25.88,21.025,32.135,39.2,43.445,31.125,18.21,38.07,36.365,22.955,17.68,29.355,29.53,24.655,39.24,47.07,40.815,44.485,41.03,30.3,39.555,47.635,44.545,41.32,39.325,30.83,20.245,21.645,25.53,24.045,35.67
3,22,2014,6,22.17,25.88,21.025,32.135,39.2,43.445,31.125,18.21,38.07,36.365,22.955,17.68,29.355,29.53,24.655,39.24,47.07,40.815,44.485,41.03,30.3,39.555,47.635,44.545,41.32,39.325,30.83,20.245,21.645,25.53,24.045
3,23,2014,7,29.65,22.17,25.88,21.025,32.135,39.2,43.445,31.125,18.21,38.07,36.365,22.955,17.68,29.355,29.53,24.655,39.24,47.07,40.815,44.485,41.03,30.3,39.555,47.635,44.545,41.32,39.325,30.83,20.245,21.645,25.53
3,24,2014,1,40.545,29.65,22.17,25.88,21.025,32.135,39.2,43.445,31.125,18.21,38.07,36.365,22.955,17.68,29.355,29.53,24.655,39.24,47.07,40.815,44.485,41.03,30.3,39.555,47.635,44.545,41.32,39.325,30.83,20.245,21.645
3,25,2014,2,35.12,40.545,29.65,22.17,25.88,21.025,32.135,39.2,43.445,31.125,18.21,38.07,36.365,22.955,17.68,29.355,29.53,24.655,39.24,47.07,40.815,44.485,41.03,30.3,39.555,47.635,44.545,41.32,39.325,30.83,20.245
3,26,2014,3,34.83,35.12,40.545,29.65,22.17,25.88,21.025,32.135,39.2,43.445,31.125,18.21,38.07,36.365,22.955,17.68,29.355,29.53,24.655,39.24,47.07,40.815,44.485,41.03,30.3,39.555,47.635,44.545,41.32,39.325,30.83
3,27,2014,4,31.135,34.83,35.12,40.545,29.65,22.17,25.88,21.025,32.135,39.2,43.445,31.125,18.21,38.07,36.365,22.955,17.68,29.355,29.53,24.655,39.24,47.07,40.815,44.485,41.03,30.3,39.555,47.635,44.545,41.32,39.325
3,28,2014,5,18.51,31.135,34.83,35.12,40.545,29.65,22.17,25.88,21.025,32.135,39.2,43.445,31.125,18.21,38.07,36.365,22.955,17.68,29.355,29.53,24.655,39.24,47.07,40.815,44.485,41.03,30.3,39.555,47.635,44.545,41.32
3,29,2014,6,19.47,18.51,31.135,34.83,35.12,40.545,29.65,22.17,25.88,21.025,32.135,39.2,43.445,31.125,18.21,38.07,36.365,22.955,17.68,29.355,29.53,24.655,39.24,47.07,40.815,44.485,41.03,30.3,39.555,47.635,44.545
3,30,2014,7,25.76,19.47,18.51,31.135,34.83,35.12,40.545,29.65,22.17,25.88,21.025,32.135,39.2,43.445,31.125,18.21,38.07,36.365,22.955,17.68,29.355,29.53,24.655,39.24,47.07,40.815,44.485,41.03,30.3,39.555,47.635
3,31,2014,1,27.085,25.76,19.47,18.51,31.135,34.83,35.12,40.545,29.65,22.17,25.88,21.025,32.135,39.2,43.445,31.125,18.21,38.07,36.365,22.955,17.68,29.355,29.53,24.655,39.24,47.07,40.815,44.485,41.03,30.3,39.555
4,1,2014,2,24.97,27.085,25.76,19.47,18.51,31.135,34.83,35.12,40.545,29.65,22.17,25.88,21.025,32.135,39.2,43.445,31.125,18.21,38.07,36.365,22.955,17.68,29.355,29.53,24.655,39.24,47.07,40.815,44.485,41.03,30.3
4,2,2014,3,22.875,24.97,27.085,25.76,19.47,18.51,31.135,34.83,35.12,40.545,29.65,22.17,25.88,21.025,32.135,39.2,43.445,31.125,18.21,38.07,36.365,22.955,17.68,29.355,29.53,24.655,39.24,47.07,40.815,44.485,41.03
4,3,2014,4,20.485,22.875,24.97,27.085,25.76,19.47,18.51,31.135,34.83,35.12,40.545,29.65,22.17,25.88,21.025,32.135,39.2,43.445,31.125,18.21,38.07,36.365,22.955,17.68,29.355,29.53,24.655,39.24,47.07,40.815,44.485
4,4,2014,5,25.54,20.485,22.875,24.97,27.085,25.76,19.47,18.51,31.135,34.83,35.12,40.545,29.65,22.17,25.88,21.025,32.135,39.2,43.445,31.125,18.21,38.07,36.365,22.955,17.68,29.355,29.53,24.655,39.24,47.07,40.815
4,5,2014,6,19.915,25.54,20.485,22.875,24.97,27.085,25.76,19.47,18.51,31.135,34.83,35.12,40.545,29.65,22.17,25.88,21.025,32.135,39.2,43.445,31.125,18.21,38.07,36.365,22.955,17.68,29.355,29.53,24.655,39.24,47.07
4,6,2014,7,18.565,19.915,25.54,20.485,22.875,24.97,27.085,25.76,19.47,18.51,31.135,34.83,35.12,40.545,29.65,22.17,25.88,21.025,32.135,39.2,43.445,31.125,18.21,38.07,36.365,22.955,17.68,29.355,29.53,24.655,39.24
4,7,2014,1,15.77,18.565,19.915,25.54,20.485,22.875,24.97,27.085,25.76,19.47,18.51,31.135,34.83,35.12,40.545,29.65,22.17,25.88,21.025,32.135,39.2,43.445,31.125,18.21,38.07,36.365,22.955,17.68,29.355,29.53,24.655
4,8,2014,2,11.07,15.77,18.565,19.915,25.54,20.485,22.875,24.97,27.085,25.76,19.47,18.51,31.135,34.83,35.12,40.545,29.65,22.17,25.88,21.025,32.135,39.2,43.445,31.125,18.21,38.07,36.365,22.955,17.68,29.355,29.53
4,9,2014,3,15.02,11.07,15.77,18.565,19.915,25.54,20.485,22.875,24.97,27.085,25.76,19.47,18.51,31.135,34.83,35.12,40.545,29.65,22.17,25.88,21.025,32.135,39.2,43.445,31.125,18.21,38.07,36.365,22.955,17.68,29.355
4,10,2014,4,16.945,15.02,11.07,15.77,18.565,19.915,25.54,20.485,22.875,24.97,27.085,25.76,19.47,18.51,31.135,34.83,35.12,40.545,29.65,22.17,25.88,21.025,32.135,39.2,43.445,31.125,18.21,38.07,36.365,22.955,17.68
4,11,2014,5,6.74,16.945,15.02,11.07,15.77,18.565,19.915,25.54,20.485,22.875,24.97,27.085,25.76,19.47,18.51,31.135,34.83,35.12,40.545,29.65,22.17,25.88,21.025,32.135,39.2,43.445,31.125,18.21,38.07,36.365,22.955
4,12,2014,6,6.4,6.74,16.945,15.02,11.07,15.77,18.565,19.915,25.54,20.485,22.875,24.97,27.085,25.76,19.47,18.51,31.135,34.83,35.12,40.545,29.65,22.17,25.88,21.025,32.135,39.2,43.445,31.125,18.21,38.07,36.365
4,13,2014,7,10.305,6.4,6.74,16.945,15.02,11.07,15.77,18.565,19.915,25.54,20.485,22.875,24.97,27.085,25.76,19.47,18.51,31.135,34.83,35.12,40.545,29.65,22.17,25.88,21.025,32.135,39.2,43.445,31.125,18.21,38.07
4,14,2014,1,-0.46,10.305,6.4,6.74,16.945,15.02,11.07,15.77,18.565,19.915,25.54,20.485,22.875,24.97,27.085,25.76,19.47,18.51,31.135,34.83,35.12,40.545,29.65,22.17,25.88,21.025,32.135,39.2,43.445,31.125,18.21
4,15,2014,2,6.22,-0.46,10.305,6.4,6.74,16.945,15.02,11.07,15.77,18.565,19.915,25.54,20.485,22.875,24.97,27.085,25.76,19.47,18.51,31.135,34.83,35.12,40.545,29.65,22.17,25.88,21.025,32.135,39.2,43.445,31.125
4,16,2014,3,25.64,6.22,-0.46,10.305,6.4,6.74,16.945,15.02,11.07,15.77,18.565,19.915,25.54,20.485,22.875,24.97,27.085,25.76,19.47,18.51,31.135,34.83,35.12,40.545,29.65,22.17,25.88,21.025,32.135,39.2,43.445
4,17,2014,4,30.03,25.64,6.22,-0.46,10.305,6.4,6.74,16.945,15.02,11.07,15.77,18.565,19.915,25.54,20.485,22.875,24.97,27.085,25.76,19.47,18.51,31.135,34.83,35.12,40.545,29.65,22.17,25.88,21.025,32.135,39.2
4,18,2014,5,28.715,30.03,25.64,6.22,-0.46,10.305,6.4,6.74,16.945,15.02,11.07,15.77,18.565,19.915,25.54,20.485,22.875,24.97,27.085,25.76,19.47,18.51,31.135,34.83,35.12,40.545,29.65,22.17,25.88,21.025,32.135
4,19,2014,6,15.615,28.715,30.03,25.64,6.22,-0.46,10.305,6.4,6.74,16.945,15.02,11.07,15.77,18.565,19.915,25.54,20.485,22.875,24.97,27.085,25.76,19.47,18.51,31.135,34.83,35.12,40.545,29.65,22.17,25.88,21.025
4,20,2014,7,21.205,15.615,28.715,30.03,25.64,6.22,-0.46,10.305,6.4,6.74,16.945,15.02,11.07,15.77,18.565,19.915,25.54,20.485,22.875,24.97,27.085,25.76,19.47,18.51,31.135,34.83,35.12,40.545,29.65,22.17,25.88
4,21,2014,1,11.485,21.205,15.615,28.715,30.03,25.64,6.22,-0.46,10.305,6.4,6.74,16.945,15.02,11.07,15.77,18.565,19.915,25.54,20.485,22.875,24.97,27.085,25.76,19.47,18.51,31.135,34.83,35.12,40.545,29.65,22.17
4,22,2014,2,5.425,11.485,21.205,15.615,28.715,30.03,25.64,6.22,-0.46,10.305,6.4,6.74,16.945,15.02,11.07,15.77,18.565,19.915,25.54,20.485,22.875,24.97,27.085,25.76,19.47,18.51,31.135,34.83,35.12,40.545,29.65
4,23,2014,3,12.93,5.425,11.485,21.205,15.615,28.715,30.03,25.64,6.22,-0.46,10.305,6.4,6.74,16.945,15.02,11.07,15.77,18.565,19.915,25.54,20.485,22.875,24.97,27.085,25.76,19.47,18.51,31.135,34.83,35.12,40.545
4,24,2014,4,15.535,12.93,5.425,11.485,21.205,15.615,28.715,30.03,25.64,6.22,-0.46,10.305,6.4,6.74,16.945,15.02,11.07,15.77,18.565,19.915,25.54,20.485,22.875,24.97,27.085,25.76,19.47,18.51,31.135,34.83,35.12
4,25,2014,5,14.38,15.535,12.93,5.425,11.485,21.205,15.615,28.715,30.03,25.64,6.22,-0.46,10.305,6.4,6.74,16.945,15.02,11.07,15.77,18.565,19.915,25.54,20.485,22.875,24.97,27.085,25.76,19.47,18.51,31.135,34.83
4,26,2014,6,19.31,14.38,15.535,12.93,5.425,11.485,21.205,15.615,28.715,30.03,25.64,6.22,-0.46,10.305,6.4,6.74,16.945,15.02,11.07,15.77,18.565,19.915,25.54,20.485,22.875,24.97,27.085,25.76,19.47,18.51,31.135
4,27,2014,7,20.19,19.31,14.38,15.535,12.93,5.425,11.485,21.205,15.615,28.715,30.03,25.64,6.22,-0.46,10.305,6.4,6.74,16.945,15.02,11.07,15.77,18.565,19.915,25.54,20.485,22.875,24.97,27.085,25.76,19.47,18.51
4,28,2014,1,18.165,20.19,19.31,14.38,15.535,12.93,5.425,11.485,21.205,15.615,28.715,30.03,25.64,6.22,-0.46,10.305,6.4,6.74,16.945,15.02,11.07,15.77,18.565,19.915,25.54,20.485,22.875,24.97,27.085,25.76,19.47
4,29,2014,2,21.355,18.165,20.19,19.31,14.38,15.535,12.93,5.425,11.485,21.205,15.615,28.715,30.03,25.64,6.22,-0.46,10.305,6.4,6.74,16.945,15.02,11.07,15.77,18.565,19.915,25.54,20.485,22.875,24.97,27.085,25.76
4,30,2014,3,22.51,21.355,18.165,20.19,19.31,14.38,15.535,12.93,5.425,11.485,21.205,15.615,28.715,30.03,25.64,6.22,-0.46,10.305,6.4,6.74,16.945,15.02,11.07,15.77,18.565,19.915,25.54,20.485,22.875,24.97,27.085
5,1,2014,4,14.63,22.51,21.355,18.165,20.19,19.31,14.38,15.535,12.93,5.425,11.485,21.205,15.615,28.715,30.03,25.64,6.22,-0.46,10.305,6.4,6.74,16.945,15.02,11.07,15.77,18.565,19.915,25.54,20.485,22.875,24.97
5,2,2014,5,5.345,14.63,22.51,21.355,18.165,20.19,19.31,14.38,15.535,12.93,5.425,11.485,21.205,15.615,28.715,30.03,25.64,6.22,-0.46,10.305,6.4,6.74,16.945,15.02,11.07,15.77,18.565,19.915,25.54,20.485,22.875
5,3,2014,6,7.095,5.345,14.63,22.51,21.355,18.165,20.19,19.31,14.38,15.535,12.93,5.425,11.485,21.205,15.615,28.715,30.03,25.64,6.22,-0.46,10.305,6.4,6.74,16.945,15.02,11.07,15.77,18.565,19.915,25.54,20.485
5,4,2014,7,9.775,7.095,5.345,14.63,22.51,21.355,18.165,20.19,19.31,14.38,15.535,12.93,5.425,11.485,21.205,15.615,28.715,30.03,25.64,6.22,-0.46,10.305,6.4,6.74,16.945,15.02,11.07,15.77,18.565,19.915,25.54
5,5,2014,1,8.305,9.775,7.095,5.345,14.63,22.51,21.355,18.165,20.19,19.31,14.38,15.535,12.93,5.425,11.485,21.205,15.615,28.715,30.03,25.64,6.22,-0.46,10.305,6.4,6.74,16.945,15.02,11.07,15.77,18.565,19.915
5,6,2014,2,10.65,8.305,9.775,7.095,5.345,14.63,22.51,21.355,18.165,20.19,19.31,14.38,15.535,12.93,5.425,11.485,21.205,15.615,28.715,30.03,25.64,6.22,-0.46,10.305,6.4,6.74,16.945,15.02,11.07,15.77,18.565
5,7,2014,3,7.875,10.65,8.305,9.775,7.095,5.345,14.63,22.51,21.355,18.165,20.19,19.31,14.38,15.535,12.93,5.425,11.485,21.205,15.615,28.715,30.03,25.64,6.22,-0.46,10.305,6.4,6.74,16.945,15.02,11.07,15.77
5,8,2014,4,8.93,7.875,10.65,8.305,9.775,7.095,5.345,14.63,22.51,21.355,18.165,20.19,19.31,14.38,15.535,12.93,5.425,11.485,21.205,15.615,28.715,30.03,25.64,6.22,-0.46,10.305,6.4,6.74,16.945,15.02,11.07
5,9,2014,5,10.62,8.93,7.875,10.65,8.305,9.775,7.095,5.345,14.63,22.51,21.355,18.165,20.19,19.31,14.38,15.535,12.93,5.425,11.485,21.205,15.615,28.715,30.03,25.64,6.22,-0.46,10.305,6.4,6.74,16.945,15.02
5,10,2014,6,-3.935,10.62,8.93,7.875,10.65,8.305,9.775,7.095,5.345,14.63,22.51,21.355,18.165,20.19,19.31,14.38,15.535,12.93,5.425,11.485,21.205,15.615,28.715,30.03,25.64,6.22,-0.46,10.305,6.4,6.74,16.945
5,11,2014,7,-6.175,-3.935,10.62,8.93,7.875,10.65,8.305,9.775,7.095,5.345,14.63,22.51,21.355,18.165,20.19,19.31,14.38,15.535,12.93,5.425,11.485,21.205,15.615,28.715,30.03,25.64,6.22,-0.46,10.305,6.4,6.74
5,12,2014,1,-8.27,-6.175,-3.935,10.62,8.93,7.875,10.65,8.305,9.775,7.095,5.345,14.63,22.51,21.355,18.165,20.19,19.31,14.38,15.535,12.93,5.425,11.485,21.205,15.615,28.715,30.03,25.64,6.22,-0.46,10.305,6.4
5,13,2014,2,13.855,-8.27,-6.175,-3.935,10.62,8.93,7.875,10.65,8.305,9.775,7.095,5.345,14.63,22.51,21.355,18.165,20.19,19.31,14.38,15.535,12.93,5.425,11.485,21.205,15.615,28.715,30.03,25.64,6.22,-0.46,10.305
5,14,2014,3,9.67,13.855,-8.27,-6.175,-3.935,10.62,8.93,7.875,10.65,8.305,9.775,7.095,5.345,14.63,22.51,21.355,18.165,20.19,19.31,14.38,15.535,12.93,5.425,11.485,21.205,15.615,28.715,30.03,25.64,6.22,-0.46
5,15,2014,4,-2.715,9.67,13.855,-8.27,-6.175,-3.935,10.62,8.93,7.875,10.65,8.305,9.775,7.095,5.345,14.63,22.51,21.355,18.165,20.19,19.31,14.38,15.535,12.93,5.425,11.485,21.205,15.615,28.715,30.03,25.64,6.22
5,16,2014,5,-2.7,-2.715,9.67,13.855,-8.27,-6.175,-3.935,10.62,8.93,7.875,10.65,8.305,9.775,7.095,5.345,14.63,22.51,21.355,18.165,20.19,19.31,14.38,15.535,12.93,5.425,11.485,21.205,15.615,28.715,30.03,25.64
5,17,2014,6,-3.47,-2.7,-2.715,9.67,13.855,-8.27,-6.175,-3.935,10.62,8.93,7.875,10.65,8.305,9.775,7.095,5.345,14.63,22.51,21.355,18.165,20.19,19.31,14.38,15.535,12.93,5.425,11.485,21.205,15.615,28.715,30.03
5,18,2014,7,7.4,-3.47,-2.7,-2.715,9.67,13.855,-8.27,-6.175,-3.935,10.62,8.93,7.875,10.65,8.305,9.775,7.095,5.345,14.63,22.51,21.355,18.165,20.19,19.31,14.38,15.535,12.93,5.425,11.485,21.205,15.615,28.715
5,19,2014,1,6.275,7.4,-3.47,-2.7,-2.715,9.67,13.855,-8.27,-6.175,-3.935,10.62,8.93,7.875,10.65,8.305,9.775,7.095,5.345,14.63,22.51,21.355,18.165,20.19,19.31,14.38,15.535,12.93,5.425,11.485,21.205,15.615
5,20,2014,2,4.93,6.275,7.4,-3.47,-2.7,-2.715,9.67,13.855,-8.27,-6.175,-3.935,10.62,8.93,7.875,10.65,8.305,9.775,7.095,5.345,14.63,22.51,21.355,18.165,20.19,19.31,14.38,15.535,12.93,5.425,11.485,21.205
5,21,2014,3,6.95,4.93,6.275,7.4,-3.47,-2.7,-2.715,9.67,13.855,-8.27,-6.175,-3.935,10.62,8.93,7.875,10.65,8.305,9.775,7.095,5.345,14.63,22.51,21.355,18.165,20.19,19.31,14.38,15.535,12.93,5.425,11.485
5,22,2014,4,10.285,6.95,4.93,6.275,7.4,-3.47,-2.7,-2.715,9.67,13.855,-8.27,-6.175,-3.935,10.62,8.93,7.875,10.65,8.305,9.775,7.095,5.345,14.63,22.51,21.355,18.165,20.19,19.31,14.38,15.535,12.93,5.425
5,23,2014,5,10.445,10.285,6.95,4.93,6.275,7.4,-3.47,-2.7,-2.715,9.67,13.855,-8.27,-6.175,-3.935,10.62,8.93,7.875,10.65,8.305,9.775,7.095,5.345,14.63,22.51,21.355,18.165,20.19,19.31,14.38,15.535,12.93
5,24,2014,6,9.295,10.445,10.285,6.95,4.93,6.275,7.4,-3.47,-2.7,-2.715,9.67,13.855,-8.27,-6.175,-3.935,10.62,8.93,7.875,10.65,8.305,9.775,7.095,5.345,14.63,22.51,21.355,18.165,20.19,19.31,14.38,15.535
5,25,2014,7,6.15,9.295,10.445,10.285,6.95,4.93,6.275,7.4,-3.47,-2.7,-2.715,9.67,13.855,-8.27,-6.175,-3.935,10.62,8.93,7.875,10.65,8.305,9.775,7.095,5.345,14.63,22.51,21.355,18.165,20.19,19.31,14.38
5,26,2014,1,-2.25,6.15,9.295,10.445,10.285,6.95,4.93,6.275,7.4,-3.47,-2.7,-2.715,9.67,13.855,-8.27,-6.175,-3.935,10.62,8.93,7.875,10.65,8.305,9.775,7.095,5.345,14.63,22.51,21.355,18.165,20.19,19.31
5,27,2014,2,3.535,-2.25,6.15,9.295,10.445,10.285,6.95,4.93,6.275,7.4,-3.47,-2.7,-2.715,9.67,13.855,-8.27,-6.175,-3.935,10.62,8.93,7.875,10.65,8.305,9.775,7.095,5.345,14.63,22.51,21.355,18.165,20.19
5,28,2014,3,16.995,3.535,-2.25,6.15,9.295,10.445,10.285,6.95,4.93,6.275,7.4,-3.47,-2.7,-2.715,9.67,13.855,-8.27,-6.175,-3.935,10.62,8.93,7.875,10.65,8.305,9.775,7.095,5.345,14.63,22.51,21.355,18.165
5,29,2014,4,13.735,16.995,3.535,-2.25,6.15,9.295,10.445,10.285,6.95,4.93,6.275,7.4,-3.47,-2.7,-2.715,9.67,13.855,-8.27,-6.175,-3.935,10.62,8.93,7.875,10.65,8.305,9.775,7.095,5.345,14.63,22.51,21.355
5,30,2014,5,8.26,13.735,16.995,3.535,-2.25,6.15,9.295,10.445,10.285,6.95,4.93,6.275,7.4,-3.47,-2.7,-2.715,9.67,13.855,-8.27,-6.175,-3.935,10.62,8.93,7.875,10.65,8.305,9.775,7.095,5.345,14.63,22.51
5,31,2014,6,10.0,8.26,13.735,16.995,3.535,-2.25,6.15,9.295,10.445,10.285,6.95,4.93,6.275,7.4,-3.47,-2.7,-2.715,9.67,13.855,-8.27,-6.175,-3.935,10.62,8.93,7.875,10.65,8.305,9.775,7.095,5.345,14.63
6,1,2014,7,6.205,10.0,8.26,13.735,16.995,3.535,-2.25,6.15,9.295,10.445,10.285,6.95,4.93,6.275,7.4,-3.47,-2.7,-2.715,9.67,13.855,-8.27,-6.175,-3.935,10.62,8.93,7.875,10.65,8.305,9.775,7.095,5.345
6,2,2014,1,-4.575,6.205,10.0,8.26,13.735,16.995,3.535,-2.25,6.15,9.295,10.445,10.285,6.95,4.93,6.275,7.4,-3.47,-2.7,-2.715,9.67,13.855,-8.27,-6.175,-3.935,10.62,8.93,7.875,10.65,8.305,9.775,7.095
6,3,2014,2,0.095,-4.575,6.205,10.0,8.26,13.735,16.995,3.535,-2.25,6.15,9.295,10.445,10.285,6.95,4.93,6.275,7.4,-3.47,-2.7,-2.715,9.67,13.855,-8.27,-6.175,-3.935,10.62,8.93,7.875,10.65,8.305,9.775
6,4,2014,3,5.98,0.095,-4.575,6.205,10.0,8.26,13.735,16.995,3.535,-2.25,6.15,9.295,10.445,10.285,6.95,4.93,6.275,7.4,-3.47,-2.7,-2.715,9.67,13.855,-8.27,-6.175,-3.935,10.62,8.93,7.875,10.65,8.305
6,5,2014,4,5.99,5.98,0.095,-4.575,6.205,10.0,8.26,13.735,16.995,3.535,-2.25,6.15,9.295,10.445,10.285,6.95,4.93,6.275,7.4,-3.47,-2.7,-2.715,9.67,13.855,-8.27,-6.175,-3.935,10.62,8.93,7.875,10.65
6,6,2014,5,-1.41,5.99,5.98,0.095,-4.575,6.205,10.0,8.26,13.735,16.995,3.535,-2.25,6.15,9.295,10.445,10.285,6.95,4.93,6.275,7.4,-3.47,-2.7,-2.715,9.67,13.855,-8.27,-6.175,-3.935,10.62,8.93,7.875
6,7,2014,6,-5.035,-1.41,5.99,5.98,0.095,-4.575,6.205,10.0,8.26,13.735,16.995,3.535,-2.25,6.15,9.295,10.445,10.285,6.95,4.93,6.275,7.4,-3.47,-2.7,-2.715,9.67,13.855,-8.27,-6.175,-3.935,10.62,8.93
6,8,2014,7,-8.3,-5.035,-1.41,5.99,5.98,0.095,-4.575,6.205,10.0,8.26,13.735,16.995,3.535,-2.25,6.15,9.295,10.445,10.285,6.95,4.93,6.275,7.4,-3.47,-2.7,-2.715,9.67,13.855,-8.27,-6.175,-3.935,10.62
6,9,2014,1,-7.92,-8.3,-5.035,-1.41,5.99,5.98,0.095,-4.575,6.205,10.0,8.26,13.735,16.995,3.535,-2.25,6.15,9.295,10.445,10.285,6.95,4.93,6.275,7.4,-3.47,-2.7,-2.715,9.67,13.855,-8.27,-6.175,-3.935
6,10,2014,2,-4.425,-7.92,-8.3,-5.035,-1.41,5.99,5.98,0.095,-4.575,6.205,10.0,8.26,13.735,16.995,3.535,-2.25,6.15,9.295,10.445,10.285,6.95,4.93,6.275,7.4,-3.47,-2.7,-2.715,9.67,13.855,-8.27,-6.175
6,11,2014,3,4.355,-4.425,-7.92,-8.3,-5.035,-1.41,5.99,5.98,0.095,-4.575,6.205,10.0,8.26,13.735,16.995,3.535,-2.25,6.15,9.295,10.445,10.285,6.95,4.93,6.275,7.4,-3.47,-2.7,-2.715,9.67,13.855,-8.27
6,12,2014,4,2.74,4.355,-4.425,-7.92,-8.3,-5.035,-1.41,5.99,5.98,0.095,-4.575,6.205,10.0,8.26,13.735,16.995,3.535,-2.25,6.15,9.295,10.445,10.285,6.95,4.93,6.275,7.4,-3.47,-2.7,-2.715,9.67,13.855
6,13,2014,5,3.725,2.74,4.355,-4.425,-7.92,-8.3,-5.035,-1.41,5.99,5.98,0.095,-4.575,6.205,10.0,8.26,13.735,16.995,3.535,-2.25,6.15,9.295,10.445,10.285,6.95,4.93,6.275,7.4,-3.47,-2.7,-2.715,9.67
6,14,2014,6,-1.205,3.725,2.74,4.355,-4.425,-7.92,-8.3,-5.035,-1.41,5.99,5.98,0.095,-4.575,6.205,10.0,8.26,13.735,16.995,3.535,-2.25,6.15,9.295,10.445,10.285,6.95,4.93,6.275,7.4,-3.47,-2.7,-2.715
6,15,2014,7,-3.125,-1.205,3.725,2.74,4.355,-4.425,-7.92,-8.3,-5.035,-1.41,5.99,5.98,0.095,-4.575,6.205,10.0,8.26,13.735,16.995,3.535,-2.25,6.15,9.295,10.445,10.285,6.95,4.93,6.275,7.4,-3.47,-2.7
6,16,2014,1,-2.195,-3.125,-1.205,3.725,2.74,4.355,-4.425,-7.92,-8.3,-5.035,-1.41,5.99,5.98,0.095,-4.575,6.205,10.0,8.26,13.735,16.995,3.535,-2.25,6.15,9.295,10.445,10.285,6.95,4.93,6.275,7.4,-3.47
6,17,2014,2,-8.375,-2.195,-3.125,-1.205,3.725,2.74,4.355,-4.425,-7.92,-8.3,-5.035,-1.41,5.99,5.98,0.095,-4.575,6.205,10.0,8.26,13.735,16.995,3.535,-2.25,6.15,9.295,10.445,10.285,6.95,4.93,6.275,7.4
6,18,2014,3,-12.795,-8.375,-2.195,-3.125,-1.205,3.725,2.74,4.355,-4.425,-7.92,-8.3,-5.035,-1.41,5.99,5.98,0.095,-4.575,6.205,10.0,8.26,13.735,16.995,3.535,-2.25,6.15,9.295,10.445,10.285,6.95,4.93,6.275
6,19,2014,4,-10.73,-12.795,-8.375,-2.195,-3.125,-1.205,3.725,2.74,4.355,-4.425,-7.92,-8.3,-5.035,-1.41,5.99,5.98,0.095,-4.575,6.205,10.0,8.26,13.735,16.995,3.535,-2.25,6.15,9.295,10.445,10.285,6.95,4.93
6,20,2014,5,-3.43,-10.73,-12.795,-8.375,-2.195,-3.125,-1.205,3.725,2.74,4.355,-4.425,-7.92,-8.3,-5.035,-1.41,5.99,5.98,0.095,-4.575,6.205,10.0,8.26,13.735,16.995,3.535,-2.25,6.15,9.295,10.445,10.285,6.95
6,21,2014,6,-0.425,-3.43,-10.73,-12.795,-8.375,-2.195,-3.125,-1.205,3.725,2.74,4.355,-4.425,-7.92,-8.3,-5.035,-1.41,5.99,5.98,0.095,-4.575,6.205,10.0,8.26,13.735,16.995,3.535,-2.25,6.15,9.295,10.445,10.285
6,22,2014,7,0.325,-0.425,-3.43,-10.73,-12.795,-8.375,-2.195,-3.125,-1.205,3.725,2.74,4.355,-4.425,-7.92,-8.3,-5.035,-1.41,5.99,5.98,0.095,-4.575,6.205,10.0,8.26,13.735,16.995,3.535,-2.25,6.15,9.295,10.445
6,23,2014,1,-2.295,0.325,-0.425,-3.43,-10.73,-12.795,-8.375,-2.195,-3.125,-1.205,3.725,2.74,4.355,-4.425,-7.92,-8.3,-5.035,-1.41,5.99,5.98,0.095,-4.575,6.205,10.0,8.26,13.735,16.995,3.535,-2.25,6.15,9.295
6,24,2014,2,-6.575,-2.295,0.325,-0.425,-3.43,-10.73,-12.795,-8.375,-2.195,-3.125,-1.205,3.725,2.74,4.355,-4.425,-7.92,-8.3,-5.035,-1.41,5.99,5.98,0.095,-4.575,6.205,10.0,8.26,13.735,16.995,3.535,-2.25,6.15
6,25,2014,3,-12.0,-6.575,-2.295,0.325,-0.425,-3.43,-10.73,-12.795,-8.375,-2.195,-3.125,-1.205,3.725,2.74,4.355,-4.425,-7.92,-8.3,-5.035,-1.41,5.99,5.98,0.095,-4.575,6.205,10.0,8.26,13.735,16.995,3.535,-2.25
6,26,2014,4,-4.06,-12.0,-6.575,-2.295,0.325,-0.425,-3.43,-10.73,-12.795,-8.375,-2.195,-3.125,-1.205,3.725,2.74,4.355,-4.425,-7.92,-8.3,-5.035,-1.41,5.99,5.98,0.095,-4.575,6.205,10.0,8.26,13.735,16.995,3.535
6,27,2014,5,-0.905,-4.06,-12.0,-6.575,-2.295,0.325,-0.425,-3.43,-10.73,-12.795,-8.375,-2.195,-3.125,-1.205,3.725,2.74,4.355,-4.425,-7.92,-8.3,-5.035,-1.41,5.99,5.98,0.095,-4.575,6.205,10.0,8.26,13.735,16.995
6,28,2014,6,-4.99,-0.905,-4.06,-12.0,-6.575,-2.295,0.325,-0.425,-3.43,-10.73,-12.795,-8.375,-2.195,-3.125,-1.205,3.725,2.74,4.355,-4.425,-7.92,-8.3,-5.035,-1.41,5.99,5.98,0.095,-4.575,6.205,10.0,8.26,13.735
6,29,2014,7,-9.195,-4.99,-0.905,-4.06,-12.0,-6.575,-2.295,0.325,-0.425,-3.43,-10.73,-12.795,-8.375,-2.195,-3.125,-1.205,3.725,2.74,4.355,-4.425,-7.92,-8.3,-5.035,-1.41,5.99,5.98,0.095,-4.575,6.205,10.0,8.26
6,30,2014,1,-11.17,-9.195,-4.99,-0.905,-4.06,-12.0,-6.575,-2.295,0.325,-0.425,-3.43,-10.73,-12.795,-8.375,-2.195,-3.125,-1.205,3.725,2.74,4.355,-4.425,-7.92,-8.3,-5.035,-1.41,5.99,5.98,0.095,-4.575,6.205,10.0
7,1,2014,2,-13.175,-11.17,-9.195,-4.99,-0.905,-4.06,-12.0,-6.575,-2.295,0.325,-0.425,-3.43,-10.73,-12.795,-8.375,-2.195,-3.125,-1.205,3.725,2.74,4.355,-4.425,-7.92,-8.3,-5.035,-1.41,5.99,5.98,0.095,-4.575,6.205
7,2,2014,3,-16.42,-13.175,-11.17,-9.195,-4.99,-0.905,-4.06,-12.0,-6.575,-2.295,0.325,-0.425,-3.43,-10.73,-12.795,-8.375,-2.195,-3.125,-1.205,3.725,2.74,4.355,-4.425,-7.92,-8.3,-5.035,-1.41,5.99,5.98,0.095,-4.575
7,3,2014,4,-17.705,-16.42,-13.175,-11.17,-9.195,-4.99,-0.905,-4.06,-12.0,-6.575,-2.295,0.325,-0.425,-3.43,-10.73,-12.795,-8.375,-2.195,-3.125,-1.205,3.725,2.74,4.355,-4.425,-7.92,-8.3,-5.035,-1.41,5.99,5.98,0.095
7,4,2014,5,-4.07,-17.705,-16.42,-13.175,-11.17,-9.195,-4.99,-0.905,-4.06,-12.0,-6.575,-2.295,0.325,-0.425,-3.43,-10.73,-12.795,-8.375,-2.195,-3.125,-1.205,3.725,2.74,4.355,-4.425,-7.92,-8.3,-5.035,-1.41,5.99,5.98
7,5,2014,6,-4.945,-4.07,-17.705,-16.42,-13.175,-11.17,-9.195,-4.99,-0.905,-4.06,-12.0,-6.575,-2.295,0.325,-0.425,-3.43,-10.73,-12.795,-8.375,-2.195,-3.125,-1.205,3.725,2.74,4.355,-4.425,-7.92,-8.3,-5.035,-1.41,5.99
7,6,2014,7,-10.845,-4.945,-4.07,-17.705,-16.42,-13.175,-11.17,-9.195,-4.99,-0.905,-4.06,-12.0,-6.575,-2.295,0.325,-0.425,-3.43,-10.73,-12.795,-8.375,-2.195,-3.125,-1.205,3.725,2.74,4.355,-4.425,-7.92,-8.3,-5.035,-1.41
7,7,2014,1,-13.45,-10.845,-4.945,-4.07,-17.705,-16.42,-13.175,-11.17,-9.195,-4.99,-0.905,-4.06,-12.0,-6.575,-2.295,0.325,-0.425,-3.43,-10.73,-12.795,-8.375,-2.195,-3.125,-1.205,3.725,2.74,4.355,-4.425,-7.92,-8.3,-5.035
7,8,2014,2,-17.145,-13.45,-10.845,-4.945,-4.07,-17.705,-16.42,-13.175,-11.17,-9.195,-4.99,-0.905,-4.06,-12.0,-6.575,-2.295,0.325,-0.425,-3.43,-10.73,-12.795,-8.375,-2.195,-3.125,-1.205,3.725,2.74,4.355,-4.425,-7.92,-8.3
7,9,2014,3,-15.595,-17.145,-13.45,-10.845,-4.945,-4.07,-17.705,-16.42,-13.175,-11.17,-9.195,-4.99,-0.905,-4.06,-12.0,-6.575,-2.295,0.325,-0.425,-3.43,-10.73,-12.795,-8.375,-2.195,-3.125,-1.205,3.725,2.74,4.355,-4.425,-7.92
7,10,2014,4,-10.925,-15.595,-17.145,-13.45,-10.845,-4.945,-4.07,-17.705,-16.42,-13.175,-11.17,-9.195,-4.99,-0.905,-4.06,-12.0,-6.575,-2.295,0.325,-0.425,-3.43,-10.73,-12.795,-8.375,-2.195,-3.125,-1.205,3.725,2.74,4.355,-4.425
7,11,2014,5,-3.155,-10.925,-15.595,-17.145,-13.45,-10.845,-4.945,-4.07,-17.705,-16.42,-13.175,-11.17,-9.195,-4.99,-0.905,-4.06,-12.0,-6.575,-2.295,0.325,-0.425,-3.43,-10.73,-12.795,-8.375,-2.195,-3.125,-1.205,3.725,2.74,4.355
7,12,2014,6,-7.18,-3.155,-10.925,-15.595,-17.145,-13.45,-10.845,-4.945,-4.07,-17.705,-16.42,-13.175,-11.17,-9.195,-4.99,-0.905,-4.06,-12.0,-6.575,-2.295,0.325,-0.425,-3.43,-10.73,-12.795,-8.375,-2.195,-3.125,-1.205,3.725,2.74
7,13,2014,7,-10.19,-7.18,-3.155,-10.925,-15.595,-17.145,-13.45,-10.845,-4.945,-4.07,-17.705,-16.42,-13.175,-11.17,-9.195,-4.99,-0.905,-4.06,-12.0,-6.575,-2.295,0.325,-0.425,-3.43,-10.73,-12.795,-8.375,-2.195,-3.125,-1.205,3.725
7,14,2014,1,-13.09,-10.19,-7.18,-3.155,-10.925,-15.595,-17.145,-13.45,-10.845,-4.945,-4.07,-17.705,-16.42,-13.175,-11.17,-9.195,-4.99,-0.905,-4.06,-12.0,-6.575,-2.295,0.325,-0.425,-3.43,-10.73,-12.795,-8.375,-2.195,-3.125,-1.205
7,15,2014,2,-13.215,-13.09,-10.19,-7.18,-3.155,-10.925,-15.595,-17.145,-13.45,-10.845,-4.945,-4.07,-17.705,-16.42,-13.175,-11.17,-9.195,-4.99,-0.905,-4.06,-12.0,-6.575,-2.295,0.325,-0.425,-3.43,-10.73,-12.795,-8.375,-2.195,-3.125
7,16,2014,3,-8.49,-13.215,-13.09,-10.19,-7.18,-3.155,-10.925,-15.595,-17.145,-13.45,-10.845,-4.945,-4.07,-17.705,-16.42,-13.175,-11.17,-9.195,-4.99,-0.905,-4.06,-12.0,-6.575,-2.295,0.325,-0.425,-3.43,-10.73,-12.795,-8.375,-2.195
7,17,2014,4,-8.37,-8.49,-13.215,-13.09,-10.19,-7.18,-3.155,-10.925,-15.595,-17.145,-13.45,-10.845,-4.945,-4.07,-17.705,-16.42,-13.175,-11.17,-9.195,-4.99,-0.905,-4.06,-12.0,-6.575,-2.295,0.325,-0.425,-3.43,-10.73,-12.795,-8.375
7,18,2014,5,-4.745,-8.37,-8.49,-13.215,-13.09,-10.19,-7.18,-3.155,-10.925,-15.595,-17.145,-13.45,-10.845,-4.945,-4.07,-17.705,-16.42,-13.175,-11.17,-9.195,-4.99,-0.905,-4.06,-12.0,-6.575,-2.295,0.325,-0.425,-3.43,-10.73,-12.795
7,19,2014,6,-2.375,-4.745,-8.37,-8.49,-13.215,-13.09,-10.19,-7.18,-3.155,-10.925,-15.595,-17.145,-13.45,-10.845,-4.945,-4.07,-17.705,-16.42,-13.175,-11.17,-9.195,-4.99,-0.905,-4.06,-12.0,-6.575,-2.295,0.325,-0.425,-3.43,-10.73
7,20,2014,7,-1.185,-2.375,-4.745,-8.37,-8.49,-13.215,-13.09,-10.19,-7.18,-3.155,-10.925,-15.595,-17.145,-13.45,-10.845,-4.945,-4.07,-17.705,-16.42,-13.175,-11.17,-9.195,-4.99,-0.905,-4.06,-12.0,-6.575,-2.295,0.325,-0.425,-3.43
7,21,2014,1,-1.63,-1.185,-2.375,-4.745,-8.37,-8.49,-13.215,-13.09,-10.19,-7.18,-3.155,-10.925,-15.595,-17.145,-13.45,-10.845,-4.945,-4.07,-17.705,-16.42,-13.175,-11.17,-9.195,-4.99,-0.905,-4.06,-12.0,-6.575,-2.295,0.325,-0.425
7,22,2014,2,-11.59,-1.63,-1.185,-2.375,-4.745,-8.37,-8.49,-13.215,-13.09,-10.19,-7.18,-3.155,-10.925,-15.595,-17.145,-13.45,-10.845,-4.945,-4.07,-17.705,-16.42,-13.175,-11.17,-9.195,-4.99,-0.905,-4.06,-12.0,-6.575,-2.295,0.325
7,23,2014,3,-16.03,-11.59,-1.63,-1.185,-2.375,-4.745,-8.37,-8.49,-13.215,-13.09,-10.19,-7.18,-3.155,-10.925,-15.595,-17.145,-13.45,-10.845,-4.945,-4.07,-17.705,-16.42,-13.175,-11.17,-9.195,-4.99,-0.905,-4.06,-12.0,-6.575,-2.295
7,24,2014,4,-5.495,-16.03,-11.59,-1.63,-1.185,-2.375,-4.745,-8.37,-8.49,-13.215,-13.09,-10.19,-7.18,-3.155,-10.925,-15.595,-17.145,-13.45,-10.845,-4.945,-4.07,-17.705,-16.42,-13.175,-11.17,-9.195,-4.99,-0.905,-4.06,-12.0,-6.575
7,25,2014,5,-6.51,-5.495,-16.03,-11.59,-1.63,-1.185,-2.375,-4.745,-8.37,-8.49,-13.215,-13.09,-10.19,-7.18,-3.155,-10.925,-15.595,-17.145,-13.45,-10.845,-4.945,-4.07,-17.705,-16.42,-13.175,-11.17,-9.195,-4.99,-0.905,-4.06,-12.0
7,26,2014,6,-9.1,-6.51,-5.495,-16.03,-11.59,-1.63,-1.185,-2.375,-4.745,-8.37,-8.49,-13.215,-13.09,-10.19,-7.18,-3.155,-10.925,-15.595,-17.145,-13.45,-10.845,-4.945,-4.07,-17.705,-16.42,-13.175,-11.17,-9.195,-4.99,-0.905,-4.06
7,27,2014,7,-7.14,-9.1,-6.51,-5.495,-16.03,-11.59,-1.63,-1.185,-2.375,-4.745,-8.37,-8.49,-13.215,-13.09,-10.19,-7.18,-3.155,-10.925,-15.595,-17.145,-13.45,-10.845,-4.945,-4.07,-17.705,-16.42,-13.175,-11.17,-9.195,-4.99,-0.905
7,28,2014,1,-10.98,-7.14,-9.1,-6.51,-5.495,-16.03,-11.59,-1.63,-1.185,-2.375,-4.745,-8.37,-8.49,-13.215,-13.09,-10.19,-7.18,-3.155,-10.925,-15.595,-17.145,-13.45,-10.845,-4.945,-4.07,-17.705,-16.42,-13.175,-11.17,-9.195,-4.99
7,29,2014,2,-6.025,-10.98,-7.14,-9.1,-6.51,-5.495,-16.03,-11.59,-1.63,-1.185,-2.375,-4.745,-8.37,-8.49,-13.215,-13.09,-10.19,-7.18,-3.155,-10.925,-15.595,-17.145,-13.45,-10.845,-4.945,-4.07,-17.705,-16.42,-13.175,-11.17,-9.195
7,30,2014,3,-5.225,-6.025,-10.98,-7.14,-9.1,-6.51,-5.495,-16.03,-11.59,-1.63,-1.185,-2.375,-4.745,-8.37,-8.49,-13.215,-13.09,-10.19,-7.18,-3.155,-10.925,-15.595,-17.145,-13.45,-10.845,-4.945,-4.07,-17.705,-16.42,-13.175,-11.17
7,31,2014,4,-7.605,-5.225,-6.025,-10.98,-7.14,-9.1,-6.51,-5.495,-16.03,-11.59,-1.63,-1.185,-2.375,-4.745,-8.37,-8.49,-13.215,-13.09,-10.19,-7.18,-3.155,-10.925,-15.595,-17.145,-13.45,-10.845,-4.945,-4.07,-17.705,-16.42,-13.175
8,1,2014,5,-9.395,-7.605,-5.225,-6.025,-10.98,-7.14,-9.1,-6.51,-5.495,-16.03,-11.59,-1.63,-1.185,-2.375,-4.745,-8.37,-8.49,-13.215,-13.09,-10.19,-7.18,-3.155,-10.925,-15.595,-17.145,-13.45,-10.845,-4.945,-4.07,-17.705,-16.42
8,2,2014,6,-2.435,-9.395,-7.605,-5.225,-6.025,-10.98,-7.14,-9.1,-6.51,-5.495,-16.03,-11.59,-1.63,-1.185,-2.375,-4.745,-8.37,-8.49,-13.215,-13.09,-10.19,-7.18,-3.155,-10.925,-15.595,-17.145,-13.45,-10.845,-4.945,-4.07,-17.705
8,3,2014,7,0.18,-2.435,-9.395,-7.605,-5.225,-6.025,-10.98,-7.14,-9.1,-6.51,-5.495,-16.03,-11.59,-1.63,-1.185,-2.375,-4.745,-8.37,-8.49,-13.215,-13.09,-10.19,-7.18,-3.155,-10.925,-15.595,-17.145,-13.45,-10.845,-4.945,-4.07
8,4,2014,1,-7.365,0.18,-2.435,-9.395,-7.605,-5.225,-6.025,-10.98,-7.14,-9.1,-6.51,-5.495,-16.03,-11.59,-1.63,-1.185,-2.375,-4.745,-8.37,-8.49,-13.215,-13.09,-10.19,-7.18,-3.155,-10.925,-15.595,-17.145,-13.45,-10.845,-4.945
8,5,2014,2,-9.35,-7.365,0.18,-2.435,-9.395,-7.605,-5.225,-6.025,-10.98,-7.14,-9.1,-6.51,-5.495,-16.03,-11.59,-1.63,-1.185,-2.375,-4.745,-8.37,-8.49,-13.215,-13.09,-10.19,-7.18,-3.155,-10.925,-15.595,-17.145,-13.45,-10.845
8,6,2014,3,-9.745,-9.35,-7.365,0.18,-2.435,-9.395,-7.605,-5.225,-6.025,-10.98,-7.14,-9.1,-6.51,-5.495,-16.03,-11.59,-1.63,-1.185,-2.375,-4.745,-8.37,-8.49,-13.215,-13.09,-10.19,-7.18,-3.155,-10.925,-15.595,-17.145,-13.45
8,7,2014,4,-5.045,-9.745,-9.35,-7.365,0.18,-2.435,-9.395,-7.605,-5.225,-6.025,-10.98,-7.14,-9.1,-6.51,-5.495,-16.03,-11.59,-1.63,-1.185,-2.375,-4.745,-8.37,-8.49,-13.215,-13.09,-10.19,-7.18,-3.155,-10.925,-15.595,-17.145
8,8,2014,5,-6.405,-5.045,-9.745,-9.35,-7.365,0.18,-2.435,-9.395,-7.605,-5.225,-6.025,-10.98,-7.14,-9.1,-6.51,-5.495,-16.03,-11.59,-1.63,-1.185,-2.375,-4.745,-8.37,-8.49,-13.215,-13.09,-10.19,-7.18,-3.155,-10.925,-15.595
8,9,2014,6,-6.405,-6.405,-5.045,-9.745,-9.35,-7.365,0.18,-2.435,-9.395,-7.605,-5.225,-6.025,-10.98,-7.14,-9.1,-6.51,-5.495,-16.03,-11.59,-1.63,-1.185,-2.375,-4.745,-8.37,-8.49,-13.215,-13.09,-10.19,-7.18,-3.155,-10.925
8,10,2014,7,-7.665,-6.405,-6.405,-5.045,-9.745,-9.35,-7.365,0.18,-2.435,-9.395,-7.605,-5.225,-6.025,-10.98,-7.14,-9.1,-6.51,-5.495,-16.03,-11.59,-1.63,-1.185,-2.375,-4.745,-8.37,-8.49,-13.215,-13.09,-10.19,-7.18,-3.155
8,11,2014,1,-10.105,-7.665,-6.405,-6.405,-5.045,-9.745,-9.35,-7.365,0.18,-2.435,-9.395,-7.605,-5.225,-6.025,-10.98,-7.14,-9.1,-6.51,-5.495,-16.03,-11.59,-1.63,-1.185,-2.375,-4.745,-8.37,-8.49,-13.215,-13.09,-10.19,-7.18
8,12,2014,2,-7.765,-10.105,-7.665,-6.405,-6.405,-5.045,-9.745,-9.35,-7.365,0.18,-2.435,-9.395,-7.605,-5.225,-6.025,-10.98,-7.14,-9.1,-6.51,-5.495,-16.03,-11.59,-1.63,-1.185,-2.375,-4.745,-8.37,-8.49,-13.215,-13.09,-10.19
8,13,2014,3,-1.99,-7.765,-10.105,-7.665,-6.405,-6.405,-5.045,-9.745,-9.35,-7.365,0.18,-2.435,-9.395,-7.605,-5.225,-6.025,-10.98,-7.14,-9.1,-6.51,-5.495,-16.03,-11.59,-1.63,-1.185,-2.375,-4.745,-8.37,-8.49,-13.215,-13.09
8,14,2014,4,-4.125,-1.99,-7.765,-10.105,-7.665,-6.405,-6.405,-5.045,-9.745,-9.35,-7.365,0.18,-2.435,-9.395,-7.605,-5.225,-6.025,-10.98,-7.14,-9.1,-6.51,-5.495,-16.03,-11.59,-1.63,-1.185,-2.375,-4.745,-8.37,-8.49,-13.215
8,15,2014,5,-2.535,-4.125,-1.99,-7.765,-10.105,-7.665,-6.405,-6.405,-5.045,-9.745,-9.35,-7.365,0.18,-2.435,-9.395,-7.605,-5.225,-6.025,-10.98,-7.14,-9.1,-6.51,-5.495,-16.03,-11.59,-1.63,-1.185,-2.375,-4.745,-8.37,-8.49
8,16,2014,6,-4.6,-2.535,-4.125,-1.99,-7.765,-10.105,-7.665,-6.405,-6.405,-5.045,-9.745,-9.35,-7.365,0.18,-2.435,-9.395,-7.605,-5.225,-6.025,-10.98,-7.14,-9.1,-6.51,-5.495,-16.03,-11.59,-1.63,-1.185,-2.375,-4.745,-8.37
8,17,2014,7,-6.92,-4.6,-2.535,-4.125,-1.99,-7.765,-10.105,-7.665,-6.405,-6.405,-5.045,-9.745,-9.35,-7.365,0.18,-2.435,-9.395,-7.605,-5.225,-6.025,-10.98,-7.14,-9.1,-6.51,-5.495,-16.03,-11.59,-1.63,-1.185,-2.375,-4.745
8,18,2014,1,-4.015,-6.92,-4.6,-2.535,-4.125,-1.99,-7.765,-10.105,-7.665,-6.405,-6.405,-5.045,-9.745,-9.35,-7.365,0.18,-2.435,-9.395,-7.605,-5.225,-6.025,-10.98,-7.14,-9.1,-6.51,-5.495,-16.03,-11.59,-1.63,-1.185,-2.375
8,19,2014,2,-0.365,-4.015,-6.92,-4.6,-2.535,-4.125,-1.99,-7.765,-10.105,-7.665,-6.405,-6.405,-5.045,-9.745,-9.35,-7.365,0.18,-2.435,-9.395,-7.605,-5.225,-6.025,-10.98,-7.14,-9.1,-6.51,-5.495,-16.03,-11.59,-1.63,-1.185
8,20,2014,3,-1.24,-0.365,-4.015,-6.92,-4.6,-2.535,-4.125,-1.99,-7.765,-10.105,-7.665,-6.405,-6.405,-5.045,-9.745,-9.35,-7.365,0.18,-2.435,-9.395,-7.605,-5.225,-6.025,-10.98,-7.14,-9.1,-6.51,-5.495,-16.03,-11.59,-1.63
8,21,2014,4,-0.765,-1.24,-0.365,-4.015,-6.92,-4.6,-2.535,-4.125,-1.99,-7.765,-10.105,-7.665,-6.405,-6.405,-5.045,-9.745,-9.35,-7.365,0.18,-2.435,-9.395,-7.605,-5.225,-6.025,-10.98,-7.14,-9.1,-6.51,-5.495,-16.03,-11.59
8,22,2014,5,-0.94,-0.765,-1.24,-0.365,-4.015,-6.92,-4.6,-2.535,-4.125,-1.99,-7.765,-10.105,-7.665,-6.405,-6.405,-5.045,-9.745,-9.35,-7.365,0.18,-2.435,-9.395,-7.605,-5.225,-6.025,-10.98,-7.14,-9.1,-6.51,-5.495,-16.03
8,23,2014,6,-0.505,-0.94,-0.765,-1.24,-0.365,-4.015,-6.92,-4.6,-2.535,-4.125,-1.99,-7.765,-10.105,-7.665,-6.405,-6.405,-5.045,-9.745,-9.35,-7.365,0.18,-2.435,-9.395,-7.605,-5.225,-6.025,-10.98,-7.14,-9.1,-6.51,-5.495
8,24,2014,7,-3.305,-0.505,-0.94,-0.765,-1.24,-0.365,-4.015,-6.92,-4.6,-2.535,-4.125,-1.99,-7.765,-10.105,-7.665,-6.405,-6.405,-5.045,-9.745,-9.35,-7.365,0.18,-2.435,-9.395,-7.605,-5.225,-6.025,-10.98,-7.14,-9.1,-6.51
8,25,2014,1,-8.855,-3.305,-0.505,-0.94,-0.765,-1.24,-0.365,-4.015,-6.92,-4.6,-2.535,-4.125,-1.99,-7.765,-10.105,-7.665,-6.405,-6.405,-5.045,-9.745,-9.35,-7.365,0.18,-2.435,-9.395,-7.605,-5.225,-6.025,-10.98,-7.14,-9.1
8,26,2014,2,-8.465,-8.855,-3.305,-0.505,-0.94,-0.765,-1.24,-0.365,-4.015,-6.92,-4.6,-2.535,-4.125,-1.99,-7.765,-10.105,-7.665,-6.405,-6.405,-5.045,-9.745,-9.35,-7.365,0.18,-2.435,-9.395,-7.605,-5.225,-6.025,-10.98,-7.14
8,27,2014,3,-13.78,-8.465,-8.855,-3.305,-0.505,-0.94,-0.765,-1.24,-0.365,-4.015,-6.92,-4.6,-2.535,-4.125,-1.99,-7.765,-10.105,-7.665,-6.405,-6.405,-5.045,-9.745,-9.35,-7.365,0.18,-2.435,-9.395,-7.605,-5.225,-6.025,-10.98
8,28,2014,4,-7.865,-13.78,-8.465,-8.855,-3.305,-0.505,-0.94,-0.765,-1.24,-0.365,-4.015,-6.92,-4.6,-2.535,-4.125,-1.99,-7.765,-10.105,-7.665,-6.405,-6.405,-5.045,-9.745,-9.35,-7.365,0.18,-2.435,-9.395,-7.605,-5.225,-6.025
8,29,2014,5,0.97,-7.865,-13.78,-8.465,-8.855,-3.305,-0.505,-0.94,-0.765,-1.24,-0.365,-4.015,-6.92,-4.6,-2.535,-4.125,-1.99,-7.765,-10.105,-7.665,-6.405,-6.405,-5.045,-9.745,-9.35,-7.365,0.18,-2.435,-9.395,-7.605,-5.225
8,30,2014,6,-3.005,0.97,-7.865,-13.78,-8.465,-8.855,-3.305,-0.505,-0.94,-0.765,-1.24,-0.365,-4.015,-6.92,-4.6,-2.535,-4.125,-1.99,-7.765,-10.105,-7.665,-6.405,-6.405,-5.045,-9.745,-9.35,-7.365,0.18,-2.435,-9.395,-7.605
8,31,2014,7,-10.295,-3.005,0.97,-7.865,-13.78,-8.465,-8.855,-3.305,-0.505,-0.94,-0.765,-1.24,-0.365,-4.015,-6.92,-4.6,-2.535,-4.125,-1.99,-7.765,-10.105,-7.665,-6.405,-6.405,-5.045,-9.745,-9.35,-7.365,0.18,-2.435,-9.395
9,1,2014,1,-13.42,-10.295,-3.005,0.97,-7.865,-13.78,-8.465,-8.855,-3.305,-0.505,-0.94,-0.765,-1.24,-0.365,-4.015,-6.92,-4.6,-2.535,-4.125,-1.99,-7.765,-10.105,-7.665,-6.405,-6.405,-5.045,-9.745,-9.35,-7.365,0.18,-2.435
9,2,2014,2,-16.335,-13.42,-10.295,-3.005,0.97,-7.865,-13.78,-8.465,-8.855,-3.305,-0.505,-0.94,-0.765,-1.24,-0.365,-4.015,-6.92,-4.6,-2.535,-4.125,-1.99,-7.765,-10.105,-7.665,-6.405,-6.405,-5.045,-9.745,-9.35,-7.365,0.18
9,3,2014,3,-12.49,-16.335,-13.42,-10.295,-3.005,0.97,-7.865,-13.78,-8.465,-8.855,-3.305,-0.505,-0.94,-0.765,-1.24,-0.365,-4.015,-6.92,-4.6,-2.535,-4.125,-1.99,-7.765,-10.105,-7.665,-6.405,-6.405,-5.045,-9.745,-9.35,-7.365
9,4,2014,4,-10.22,-12.49,-16.335,-13.42,-10.295,-3.005,0.97,-7.865,-13.78,-8.465,-8.855,-3.305,-0.505,-0.94,-0.765,-1.24,-0.365,-4.015,-6.92,-4.6,-2.535,-4.125,-1.99,-7.765,-10.105,-7.665,-6.405,-6.405,-5.045,-9.745,-9.35
9,5,2014,5,-13.69,-10.22,-12.49,-16.335,-13.42,-10.295,-3.005,0.97,-7.865,-13.78,-8.465,-8.855,-3.305,-0.505,-0.94,-0.765,-1.24,-0.365,-4.015,-6.92,-4.6,-2.535,-4.125,-1.99,-7.765,-10.105,-7.665,-6.405,-6.405,-5.045,-9.745
9,6,2014,6,-15.89,-13.69,-10.22,-12.49,-16.335,-13.42,-10.295,-3.005,0.97,-7.865,-13.78,-8.465,-8.855,-3.305,-0.505,-0.94,-0.765,-1.24,-0.365,-4.015,-6.92,-4.6,-2.535,-4.125,-1.99,-7.765,-10.105,-7.665,-6.405,-6.405,-5.045
9,7,2014,7,-4.39,-15.89,-13.69,-10.22,-12.49,-16.335,-13.42,-10.295,-3.005,0.97,-7.865,-13.78,-8.465,-8.855,-3.305,-0.505,-0.94,-0.765,-1.24,-0.365,-4.015,-6.92,-4.6,-2.535,-4.125,-1.99,-7.765,-10.105,-7.665,-6.405,-6.405
9,8,2014,1,0.345,-4.39,-15.89,-13.69,-10.22,-12.49,-16.335,-13.42,-10.295,-3.005,0.97,-7.865,-13.78,-8.465,-8.855,-3.305,-0.505,-0.94,-0.765,-1.24,-0.365,-4.015,-6.92,-4.6,-2.535,-4.125,-1.99,-7.765,-10.105,-7.665,-6.405
9,9,2014,2,0.66,0.345,-4.39,-15.89,-13.69,-10.22,-12.49,-16.335,-13.42,-10.295,-3.005,0.97,-7.865,-13.78,-8.465,-8.855,-3.305,-0.505,-0.94,-0.765,-1.24,-0.365,-4.015,-6.92,-4.6,-2.535,-4.125,-1.99,-7.765,-10.105,-7.665
9,10,2014,3,1.165,0.66,0.345,-4.39,-15.89,-13.69,-10.22,-12.49,-16.335,-13.42,-10.295,-3.005,0.97,-7.865,-13.78,-8.465,-8.855,-3.305,-0.505,-0.94,-0.765,-1.24,-0.365,-4.015,-6.92,-4.6,-2.535,-4.125,-1.99,-7.765,-10.105
9,11,2014,4,-6.085,1.165,0.66,0.345,-4.39,-15.89,-13.69,-10.22,-12.49,-16.335,-13.42,-10.295,-3.005,0.97,-7.865,-13.78,-8.465,-8.855,-3.305,-0.505,-0.94,-0.765,-1.24,-0.365,-4.015,-6.92,-4.6,-2.535,-4.125,-1.99,-7.765
9,12,2014,5,0.89,-6.085,1.165,0.66,0.345,-4.39,-15.89,-13.69,-10.22,-12.49,-16.335,-13.42,-10.295,-3.005,0.97,-7.865,-13.78,-8.465,-8.855,-3.305,-0.505,-0.94,-0.765,-1.24,-0.365,-4.015,-6.92,-4.6,-2.535,-4.125,-1.99
9,13,2014,6,6.275,0.89,-6.085,1.165,0.66,0.345,-4.39,-15.89,-13.69,-10.22,-12.49,-16.335,-13.42,-10.295,-3.005,0.97,-7.865,-13.78,-8.465,-8.855,-3.305,-0.505,-0.94,-0.765,-1.24,-0.365,-4.015,-6.92,-4.6,-2.535,-4.125
9,14,2014,7,5.9,6.275,0.89,-6.085,1.165,0.66,0.345,-4.39,-15.89,-13.69,-10.22,-12.49,-16.335,-13.42,-10.295,-3.005,0.97,-7.865,-13.78,-8.465,-8.855,-3.305,-0.505,-0.94,-0.765,-1.24,-0.365,-4.015,-6.92,-4.6,-2.535
9,15,2014,1,8.79,5.9,6.275,0.89,-6.085,1.165,0.66,0.345,-4.39,-15.89,-13.69,-10.22,-12.49,-16.335,-13.42,-10.295,-3.005,0.97,-7.865,-13.78,-8.465,-8.855,-3.305,-0.505,-0.94,-0.765,-1.24,-0.365,-4.015,-6.92,-4.6
9,16,2014,2,6.205,8.79,5.9,6.275,0.89,-6.085,1.165,0.66,0.345,-4.39,-15.89,-13.69,-10.22,-12.49,-16.335,-13.42,-10.295,-3.005,0.97,-7.865,-13.78,-8.465,-8.855,-3.305,-0.505,-0.94,-0.765,-1.24,-0.365,-4.015,-6.92
9,17,2014,3,4.465,6.205,8.79,5.9,6.275,0.89,-6.085,1.165,0.66,0.345,-4.39,-15.89,-13.69,-10.22,-12.49,-16.335,-13.42,-10.295,-3.005,0.97,-7.865,-13.78,-8.465,-8.855,-3.305,-0.505,-0.94,-0.765,-1.24,-0.365,-4.015
9,18,2014,4,1.285,4.465,6.205,8.79,5.9,6.275,0.89,-6.085,1.165,0.66,0.345,-4.39,-15.89,-13.69,-10.22,-12.49,-16.335,-13.42,-10.295,-3.005,0.97,-7.865,-13.78,-8.465,-8.855,-3.305,-0.505,-0.94,-0.765,-1.24,-0.365
9,19,2014,5,12.78,1.285,4.465,6.205,8.79,5.9,6.275,0.89,-6.085,1.165,0.66,0.345,-4.39,-15.89,-13.69,-10.22,-12.49,-16.335,-13.42,-10.295,-3.005,0.97,-7.865,-13.78,-8.465,-8.855,-3.305,-0.505,-0.94,-0.765,-1.24
9,20,2014,6,7.12,12.78,1.285,4.465,6.205,8.79,5.9,6.275,0.89,-6.085,1.165,0.66,0.345,-4.39,-15.89,-13.69,-10.22,-12.49,-16.335,-13.42,-10.295,-3.005,0.97,-7.865,-13.78,-8.465,-8.855,-3.305,-0.505,-0.94,-0.765
9,21,2014,7,-6.035,7.12,12.78,1.285,4.465,6.205,8.79,5.9,6.275,0.89,-6.085,1.165,0.66,0.345,-4.39,-15.89,-13.69,-10.22,-12.49,-16.335,-13.42,-10.295,-3.005,0.97,-7.865,-13.78,-8.465,-8.855,-3.305,-0.505,-0.94
9,22,2014,1,1.105,-6.035,7.12,12.78,1.285,4.465,6.205,8.79,5.9,6.275,0.89,-6.085,1.165,0.66,0.345,-4.39,-15.89,-13.69,-10.22,-12.49,-16.335,-13.42,-10.295,-3.005,0.97,-7.865,-13.78,-8.465,-8.855,-3.305,-0.505
9,23,2014,2,3.955,1.105,-6.035,7.12,12.78,1.285,4.465,6.205,8.79,5.9,6.275,0.89,-6.085,1.165,0.66,0.345,-4.39,-15.89,-13.69,-10.22,-12.49,-16.335,-13.42,-10.295,-3.005,0.97,-7.865,-13.78,-8.465,-8.855,-3.305
9,24,2014,3,6.01,3.955,1.105,-6.035,7.12,12.78,1.285,4.465,6.205,8.79,5.9,6.275,0.89,-6.085,1.165,0.66,0.345,-4.39,-15.89,-13.69,-10.22,-12.49,-16.335,-13.42,-10.295,-3.005,0.97,-7.865,-13.78,-8.465,-8.855
9,25,2014,4,7.255,6.01,3.955,1.105,-6.035,7.12,12.78,1.285,4.465,6.205,8.79,5.9,6.275,0.89,-6.085,1.165,0.66,0.345,-4.39,-15.89,-13.69,-10.22,-12.49,-16.335,-13.42,-10.295,-3.005,0.97,-7.865,-13.78,-8.465
9,26,2014,5,3.83,7.255,6.01,3.955,1.105,-6.035,7.12,12.78,1.285,4.465,6.205,8.79,5.9,6.275,0.89,-6.085,1.165,0.66,0.345,-4.39,-15.89,-13.69,-10.22,-12.49,-16.335,-13.42,-10.295,-3.005,0.97,-7.865,-13.78
9,27,2014,6,-3.35,3.83,7.255,6.01,3.955,1.105,-6.035,7.12,12.78,1.285,4.465,6.205,8.79,5.9,6.275,0.89,-6.085,1.165,0.66,0.345,-4.39,-15.89,-13.69,-10.22,-12.49,-16.335,-13.42,-10.295,-3.005,0.97,-7.865
9,28,2014,7,-8.675,-3.35,3.83,7.255,6.01,3.955,1.105,-6.035,7.12,12.78,1.285,4.465,6.205,8.79,5.9,6.275,0.89,-6.085,1.165,0.66,0.345,-4.39,-15.89,-13.69,-10.22,-12.49,-16.335,-13.42,-10.295,-3.005,0.97
9,29,2014,1,0.265,-8.675,-3.35,3.83,7.255,6.01,3.955,1.105,-6.035,7.12,12.78,1.285,4.465,6.205,8.79,5.9,6.275,0.89,-6.085,1.165,0.66,0.345,-4.39,-15.89,-13.69,-10.22,-12.49,-16.335,-13.42,-10.295,-3.005
9,30,2014,2,8.23,0.265,-8.675,-3.35,3.83,7.255,6.01,3.955,1.105,-6.035,7.12,12.78,1.285,4.465,6.205,8.79,5.9,6.275,0.89,-6.085,1.165,0.66,0.345,-4.39,-15.89,-13.69,-10.22,-12.49,-16.335,-13.42,-10.295
10,1,2014,3,7.76,8.23,0.265,-8.675,-3.35,3.83,7.255,6.01,3.955,1.105,-6.035,7.12,12.78,1.285,4.465,6.205,8.79,5.9,6.275,0.89,-6.085,1.165,0.66,0.345,-4.39,-15.89,-13.69,-10.22,-12.49,-16.335,-13.42
10,2,2014,4,10.405,7.76,8.23,0.265,-8.675,-3.35,3.83,7.255,6.01,3.955,1.105,-6.035,7.12,12.78,1.285,4.465,6.205,8.79,5.9,6.275,0.89,-6.085,1.165,0.66,0.345,-4.39,-15.89,-13.69,-10.22,-12.49,-16.335
10,3,2014,5,12.52,10.405,7.76,8.23,0.265,-8.675,-3.35,3.83,7.255,6.01,3.955,1.105,-6.035,7.12,12.78,1.285,4.465,6.205,8.79,5.9,6.275,0.89,-6.085,1.165,0.66,0.345,-4.39,-15.89,-13.69,-10.22,-12.49
10,4,2014,6,5.645,12.52,10.405,7.76,8.23,0.265,-8.675,-3.35,3.83,7.255,6.01,3.955,1.105,-6.035,7.12,12.78,1.285,4.465,6.205,8.79,5.9,6.275,0.89,-6.085,1.165,0.66,0.345,-4.39,-15.89,-13.69,-10.22
10,5,2014,7,7.875,5.645,12.52,10.405,7.76,8.23,0.265,-8.675,-3.35,3.83,7.255,6.01,3.955,1.105,-6.035,7.12,12.78,1.285,4.465,6.205,8.79,5.9,6.275,0.89,-6.085,1.165,0.66,0.345,-4.39,-15.89,-13.69
10,6,2014,1,9.88,7.875,5.645,12.52,10.405,7.76,8.23,0.265,-8.675,-3.35,3.83,7.255,6.01,3.955,1.105,-6.035,7.12,12.78,1.285,4.465,6.205,8.79,5.9,6.275,0.89,-6.085,1.165,0.66,0.345,-4.39,-15.89
10,7,2014,2,1.01,9.88,7.875,5.645,12.52,10.405,7.76,8.23,0.265,-8.675,-3.35,3.83,7.255,6.01,3.955,1.105,-6.035,7.12,12.78,1.285,4.465,6.205,8.79,5.9,6.275,0.89,-6.085,1.165,0.66,0.345,-4.39
10,8,2014,3,-1.74,1.01,9.88,7.875,5.645,12.52,10.405,7.76,8.23,0.265,-8.675,-3.35,3.83,7.255,6.01,3.955,1.105,-6.035,7.12,12.78,1.285,4.465,6.205,8.79,5.9,6.275,0.89,-6.085,1.165,0.66,0.345
10,9,2014,4,5.995,-1.74,1.01,9.88,7.875,5.645,12.52,10.405,7.76,8.23,0.265,-8.675,-3.35,3.83,7.255,6.01,3.955,1.105,-6.035,7.12,12.78,1.285,4.465,6.205,8.79,5.9,6.275,0.89,-6.085,1.165,0.66
10,10,2014,5,7.82,5.995,-1.74,1.01,9.88,7.875,5.645,12.52,10.405,7.76,8.23,0.265,-8.675,-3.35,3.83,7.255,6.01,3.955,1.105,-6.035,7.12,12.78,1.285,4.465,6.205,8.79,5.9,6.275,0.89,-6.085,1.165
10,11,2014,6,13.92,7.82,5.995,-1.74,1.01,9.88,7.875,5.645,12.52,10.405,7.76,8.23,0.265,-8.675,-3.35,3.83,7.255,6.01,3.955,1.105,-6.035,7.12,12.78,1.285,4.465,6.205,8.79,5.9,6.275,0.89,-6.085
10,12,2014,7,14.48,13.92,7.82,5.995,-1.74,1.01,9.88,7.875,5.645,12.52,10.405,7.76,8.23,0.265,-8.675,-3.35,3.83,7.255,6.01,3.955,1.105,-6.035,7.12,12.78,1.285,4.465,6.205,8.79,5.9,6.275,0.89
10,13,2014,1,11.82,14.48,13.92,7.82,5.995,-1.74,1.01,9.88,7.875,5.645,12.52,10.405,7.76,8.23,0.265,-8.675,-3.35,3.83,7.255,6.01,3.955,1.105,-6.035,7.12,12.78,1.285,4.465,6.205,8.79,5.9,6.275
10,14,2014,2,-2.205,11.82,14.48,13.92,7.82,5.995,-1.74,1.01,9.88,7.875,5.645,12.52,10.405,7.76,8.23,0.265,-8.675,-3.35,3.83,7.255,6.01,3.955,1.105,-6.035,7.12,12.78,1.285,4.465,6.205,8.79,5.9
10,15,2014,3,-4.585,-2.205,11.82,14.48,13.92,7.82,5.995,-1.74,1.01,9.88,7.875,5.645,12.52,10.405,7.76,8.23,0.265,-8.675,-3.35,3.83,7.255,6.01,3.955,1.105,-6.035,7.12,12.78,1.285,4.465,6.205,8.79
10,16,2014,4,-1.71,-4.585,-2.205,11.82,14.48,13.92,7.82,5.995,-1.74,1.01,9.88,7.875,5.645,12.52,10.405,7.76,8.23,0.265,-8.675,-3.35,3.83,7.255,6.01,3.955,1.105,-6.035,7.12,12.78,1.285,4.465,6.205
10,17,2014,5,-0.28,-1.71,-4.585,-2.205,11.82,14.48,13.92,7.82,5.995,-1.74,1.01,9.88,7.875,5.645,12.52,10.405,7.76,8.23,0.265,-8.675,-3.35,3.83,7.255,6.01,3.955,1.105,-6.035,7.12,12.78,1.285,4.465
10,18,2014,6,1.94,-0.28,-1.71,-4.585,-2.205,11.82,14.48,13.92,7.82,5.995,-1.74,1.01,9.88,7.875,5.645,12.52,10.405,7.76,8.23,0.265,-8.675,-3.35,3.83,7.255,6.01,3.955,1.105,-6.035,7.12,12.78,1.285
10,19,2014,7,14.345,1.94,-0.28,-1.71,-4.585,-2.205,11.82,14.48,13.92,7.82,5.995,-1.74,1.01,9.88,7.875,5.645,12.52,10.405,7.76,8.23,0.265,-8.675,-3.35,3.83,7.255,6.01,3.955,1.105,-6.035,7.12,12.78
10,20,2014,1,18.375,14.345,1.94,-0.28,-1.71,-4.585,-2.205,11.82,14.48,13.92,7.82,5.995,-1.74,1.01,9.88,7.875,5.645,12.52,10.405,7.76,8.23,0.265,-8.675,-3.35,3.83,7.255,6.01,3.955,1.105,-6.035,7.12
10,21,2014,2,10.23,18.375,14.345,1.94,-0.28,-1.71,-4.585,-2.205,11.82,14.48,13.92,7.82,5.995,-1.74,1.01,9.88,7.875,5.645,12.52,10.405,7.76,8.23,0.265,-8.675,-3.35,3.83,7.255,6.01,3.955,1.105,-6.035
10,22,2014,3,11.86,10.23,18.375,14.345,1.94,-0.28,-1.71,-4.585,-2.205,11.82,14.48,13.92,7.82,5.995,-1.74,1.01,9.88,7.875,5.645,12.52,10.405,7.76,8.23,0.265,-8.675,-3.35,3.83,7.255,6.01,3.955,1.105
10,23,2014,4,12.325,11.86,10.23,18.375,14.345,1.94,-0.28,-1.71,-4.585,-2.205,11.82,14.48,13.92,7.82,5.995,-1.74,1.01,9.88,7.875,5.645,12.52,10.405,7.76,8.23,0.265,-8.675,-3.35,3.83,7.255,6.01,3.955
10,24,2014,5,14.18,12.325,11.86,10.23,18.375,14.345,1.94,-0.28,-1.71,-4.585,-2.205,11.82,14.48,13.92,7.82,5.995,-1.74,1.01,9.88,7.875,5.645,12.52,10.405,7.76,8.23,0.265,-8.675,-3.35,3.83,7.255,6.01
10,25,2014,6,9.575,14.18,12.325,11.86,10.23,18.375,14.345,1.94,-0.28,-1.71,-4.585,-2.205,11.82,14.48,13.92,7.82,5.995,-1.74,1.01,9.88,7.875,5.645,12.52,10.405,7.76,8.23,0.265,-8.675,-3.35,3.83,7.255
10,26,2014,7,12.62,10.22,14.125,12.315,11.85,10.23,18.375,14.32,1.94,-0.28,-1.71,-4.585,-2.205,11.82,13.52,13.085,7.82,5.995,-1.74,1.01,9.88,7.875,5.645,12.52,10.405,7.76,8.23,0.265,-8.675,-3.35,3.83
