10,25,2013,5,24.155,25.61,25.925,28.19,17.955,12.61,16.8,18.18,15.615,14.245,6.505,9.81,10.675,0.58,1.135,4.52,5.59,4.485,8.89,6.84,-7.52,-5.205,-5.315,-2.94,-5.015,3.58,-0.265,-5.105,-1.59,0.755,3.17
10,26,2013,6,17.905,24.155,25.61,25.925,28.19,17.955,12.61,16.8,18.18,15.615,14.245,6.505,9.81,10.675,0.58,1.135,4.52,5.59,4.485,8.89,6.84,-7.52,-5.205,-5.315,-2.94,-5.015,3.58,-0.265,-5.105,-1.59,0.755
10,27,2013,7,20.835,17.905,24.155,25.61,25.925,28.19,17.955,12.61,16.8,18.18,15.615,14.245,6.505,9.81,10.675,0.58,1.135,4.52,5.59,4.485,8.89,6.84,-7.52,-5.205,-5.315,-2.94,-5.015,3.58,-0.265,-5.105,-1.59
10,28,2013,1,19.38,20.835,17.905,24.155,25.61,25.925,28.19,17.955,12.61,16.8,18.18,15.615,14.245,6.505,9.81,10.675,0.58,1.135,4.52,5.59,4.485,8.89,6.84,-7.52,-5.205,-5.315,-2.94,-5.015,3.58,-0.265,-5.105
10,29,2013,2,16.38,19.38,20.835,17.905,24.155,25.61,25.925,28.19,17.955,12.61,16.8,18.18,15.615,14.245,6.505,9.81,10.675,0.58,1.135,4.52,5.59,4.485,8.89,6.84,-7.52,-5.205,-5.315,-2.94,-5.015,3.58,-0.265
10,30,2013,3,11.44,16.38,19.38,20.835,17.905,24.155,25.61,25.925,28.19,17.955,12.61,16.8,18.18,15.615,14.245,6.505,9.81,10.675,0.58,1.135,4.52,5.59,4.485,8.89,6.84,-7.52,-5.205,-5.315,-2.94,-5.015,3.58
10,31,2013,4,8.055,11.44,16.38,19.38,20.835,17.905,24.155,25.61,25.925,28.19,17.955,12.61,16.8,18.18,15.615,14.245,6.505,9.81,10.675,0.58,1.135,4.52,5.59,4.485,8.89,6.84,-7.52,-5.205,-5.315,-2.94,-5.015
11,1,2013,5,18.21,8.055,11.44,16.38,19.38,20.835,17.905,24.155,25.61,25.925,28.19,17.955,12.61,16.8,18.18,15.615,14.245,6.505,9.81,10.675,0.58,1.135,4.52,5.59,4.485,8.89,6.84,-7.52,-5.205,-5.315,-2.94
11,2,2013,6,21.71,18.21,8.055,11.44,16.38,19.38,20.835,17.905,24.155,25.61,25.925,28.19,17.955,12.61,16.8,18.18,15.615,14.245,6.505,9.81,10.675,0.58,1.135,4.52,5.59,4.485,8.89,6.84,-7.52,-5.205,-5.315
11,3,2013,7,21.165,21.71,18.21,8.055,11.44,16.38,19.38,20.835,17.905,24.155,25.61,25.925,28.19,17.955,12.61,16.8,18.18,15.615,14.245,6.505,9.81,10.675,0.58,1.135,4.52,5.59,4.485,8.89,6.84,-7.52,-5.205
11,4,2013,1,14.795,21.165,21.71,18.21,8.055,11.44,16.38,19.38,20.835,17.905,24.155,25.61,25.925,28.19,17.955,12.61,16.8,18.18,15.615,14.245,6.505,9.81,10.675,0.58,1.135,4.52,5.59,4.485,8.89,6.84,-7.52
11,5,2013,2,11.925,14.795,21.165,21.71,18.21,8.055,11.44,16.38,19.38,20.835,17.905,24.155,25.61,25.925,28.19,17.955,12.61,16.8,18.18,15.615,14.245,6.505,9.81,10.675,0.58,1.135,4.52,5.59,4.485,8.89,6.84
11,6,2013,3,17.45,11.925,14.795,21.165,21.71,18.21,8.055,11.44,16.38,19.38,20.835,17.905,24.155,25.61,25.925,28.19,17.955,12.61,16.8,18.18,15.615,14.245,6.505,9.81,10.675,0.58,1.135,4.52,5.59,4.485,8.89
11,7,2013,4,26.54,17.45,11.925,14.795,21.165,21.71,18.21,8.055,11.44,16.38,19.38,20.835,17.905,24.155,25.61,25.925,28.19,17.955,12.61,16.8,18.18,15.615,14.245,6.505,9.81,10.675,0.58,1.135,4.52,5.59,4.485
11,8,2013,5,25.675,26.54,17.45,11.925,14.795,21.165,21.71,18.21,8.055,11.44,16.38,19.38,20.835,17.905,24.155,25.61,25.925,28.19,17.955,12.61,16.8,18.18,15.615,14.245,6.505,9.81,10.675,0.58,1.135,4.52,5.59
11,9,2013,6,13.73,25.675,26.54,17.45,11.925,14.795,21.165,21.71,18.21,8.055,11.44,16.38,19.38,20.835,17.905,24.155,25.61,25.925,28.19,17.955,12.61,16.8,18.18,15.615,14.245,6.505,9.81,10.675,0.58,1.135,4.52
11,10,2013,7,23.21,13.73,25.675,26.54,17.45,11.925,14.795,21.165,21.71,18.21,8.055,11.44,16.38,19.38,20.835,17.905,24.155,25.61,25.925,28.19,17.955,12.61,16.8,18.18,15.615,14.245,6.505,9.81,10.675,0.58,1.135
11,11,2013,1,26.935,23.21,13.73,25.675,26.54,17.45,11.925,14.795,21.165,21.71,18.21,8.055,11.44,16.38,19.38,20.835,17.905,24.155,25.61,25.925,28.19,17.955,12.61,16.8,18.18,15.615,14.245,6.505,9.81,10.675,0.58
11,12,2013,2,35.6,26.935,23.21,13.73,25.675,26.54,17.45,11.925,14.795,21.165,21.71,18.21,8.055,11.44,16.38,19.38,20.835,17.905,24.155,25.61,25.925,28.19,17.955,12.61,16.8,18.18,15.615,14.245,6.505,9.81,10.675
11,13,2013,3,34.81,35.6,26.935,23.21,13.73,25.675,26.54,17.45,11.925,14.795,21.165,21.71,18.21,8.055,11.44,16.38,19.38,20.835,17.905,24.155,25.61,25.925,28.19,17.955,12.61,16.8,18.18,15.615,14.245,6.505,9.81
11,14,2013,4,24.02,34.81,35.6,26.935,23.21,13.73,25.675,26.54,17.45,11.925,14.795,21.165,21.71,18.21,8.055,11.44,16.38,19.38,20.835,17.905,24.155,25.61,25.925,28.19,17.955,12.61,16.8,18.18,15.615,14.245,6.505
11,15,2013,5,20.935,24.02,34.81,35.6,26.935,23.21,13.73,25.675,26.54,17.45,11.925,14.795,21.165,21.71,18.21,8.055,11.44,16.38,19.38,20.835,17.905,24.155,25.61,25.925,28.19,17.955,12.61,16.8,18.18,15.615,14.245
11,16,2013,6,12.565,20.935,24.02,34.81,35.6,26.935,23.21,13.73,25.675,26.54,17.45,11.925,14.795,21.165,21.71,18.21,8.055,11.44,16.38,19.38,20.835,17.905,24.155,25.61,25.925,28.19,17.955,12.61,16.8,18.18,15.615
11,17,2013,7,9.17,12.565,20.935,24.02,34.81,35.6,26.935,23.21,13.73,25.675,26.54,17.45,11.925,14.795,21.165,21.71,18.21,8.055,11.44,16.38,19.38,20.835,17.905,24.155,25.61,25.925,28.19,17.955,12.61,16.8,18.18
11,18,2013,1,26.405,9.17,12.565,20.935,24.02,34.81,35.6,26.935,23.21,13.73,25.675,26.54,17.45,11.925,14.795,21.165,21.71,18.21,8.055,11.44,16.38,19.38,20.835,17.905,24.155,25.61,25.925,28.19,17.955,12.61,16.8
11,19,2013,2,31.06,26.405,9.17,12.565,20.935,24.02,34.81,35.6,26.935,23.21,13.73,25.675,26.54,17.45,11.925,14.795,21.165,21.71,18.21,8.055,11.44,16.38,19.38,20.835,17.905,24.155,25.61,25.925,28.19,17.955,12.61
11,20,2013,3,27.335,31.06,26.405,9.17,12.565,20.935,24.02,34.81,35.6,26.935,23.21,13.73,25.675,26.54,17.45,11.925,14.795,21.165,21.71,18.21,8.055,11.44,16.38,19.38,20.835,17.905,24.155,25.61,25.925,28.19,17.955
11,21,2013,4,18.83,27.335,31.06,26.405,9.17,12.565,20.935,24.02,34.81,35.6,26.935,23.21,13.73,25.675,26.54,17.45,11.925,14.795,21.165,21.71,18.21,8.055,11.44,16.38,19.38,20.835,17.905,24.155,25.61,25.925,28.19
11,22,2013,5,28.15,18.83,27.335,31.06,26.405,9.17,12.565,20.935,24.02,34.81,35.6,26.935,23.21,13.73,25.675,26.54,17.45,11.925,14.795,21.165,21.71,18.21,8.055,11.44,16.38,19.38,20.835,17.905,24.155,25.61,25.925
11,23,2013,6,41.745,28.15,18.83,27.335,31.06,26.405,9.17,12.565,20.935,24.02,34.81,35.6,26.935,23.21,13.73,25.675,26.54,17.45,11.925,14.795,21.165,21.71,18.21,8.055,11.44,16.38,19.38,20.835,17.905,24.155,25.61
11,24,2013,7,45.295,41.745,28.15,18.83,27.335,31.06,26.405,9.17,12.565,20.935,24.02,34.81,35.6,26.935,23.21,13.73,25.675,26.54,17.45,11.925,14.795,21.165,21.71,18.21,8.055,11.44,16.38,19.38,20.835,17.905,24.155
11,25,2013,1,38.145,45.295,41.745,28.15,18.83,27.335,31.06,26.405,9.17,12.565,20.935,24.02,34.81,35.6,26.935,23.21,13.73,25.675,26.54,17.45,11.925,14.795,21.165,21.71,18.21,8.055,11.44,16.38,19.38,20.835,17.905
11,26,2013,2,37.115,38.145,45.295,41.745,28.15,18.83,27.335,31.06,26.405,9.17,12.565,20.935,24.02,34.81,35.6,26.935,23.21,13.73,25.675,26.54,17.45,11.925,14.795,21.165,21.71,18.21,8.055,11.44,16.38,19.38,20.835
11,27,2013,3,43.465,37.115,38.145,45.295,41.745,28.15,18.83,27.335,31.06,26.405,9.17,12.565,20.935,24.02,34.81,35.6,26.935,23.21,13.73,25.675,26.54,17.45,11.925,14.795,21.165,21.71,18.21,8.055,11.44,16.38,19.38
11,28,2013,4,36.18,43.465,37.115,38.145,45.295,41.745,28.15,18.83,27.335,31.06,26.405,9.17,12.565,20.935,24.02,34.81,35.6,26.935,23.21,13.73,25.675,26.54,17.45,11.925,14.795,21.165,21.71,18.21,8.055,11.44,16.38
11,29,2013,5,36.975,36.18,43.465,37.115,38.145,45.295,41.745,28.15,18.83,27.335,31.06,26.405,9.17,12.565,20.935,24.02,34.81,35.6,26.935,23.21,13.73,25.675,26.54,17.45,11.925,14.795,21.165,21.71,18.21,8.055,11.44
11,30,2013,6,24.505,36.975,36.18,43.465,37.115,38.145,45.295,41.745,28.15,18.83,27.335,31.06,26.405,9.17,12.565,20.935,24.02,34.81,35.6,26.935,23.21,13.73,25.675,26.54,17.45,11.925,14.795,21.165,21.71,18.21,8.055
12,1,2013,7,28.27,24.505,36.975,36.18,43.465,37.115,38.145,45.295,41.745,28.15,18.83,27.335,31.06,26.405,9.17,12.565,20.935,24.02,34.81,35.6,26.935,23.21,13.73,25.675,26.54,17.45,11.925,14.795,21.165,21.71,18.21
12,2,2013,1,27.605,28.27,24.505,36.975,36.18,43.465,37.115,38.145,45.295,41.745,28.15,18.83,27.335,31.06,26.405,9.17,12.565,20.935,24.02,34.81,35.6,26.935,23.21,13.73,25.675,26.54,17.45,11.925,14.795,21.165,21.71
12,3,2013,2,21.485,27.605,28.27,24.505,36.975,36.18,43.465,37.115,38.145,45.295,41.745,28.15,18.83,27.335,31.06,26.405,9.17,12.565,20.935,24.02,34.81,35.6,26.935,23.21,13.73,25.675,26.54,17.45,11.925,14.795,21.165
12,4,2013,3,13.605,21.485,27.605,28.27,24.505,36.975,36.18,43.465,37.115,38.145,45.295,41.745,28.15,18.83,27.335,31.06,26.405,9.17,12.565,20.935,24.02,34.81,35.6,26.935,23.21,13.73,25.675,26.54,17.45,11.925,14.795
12,5,2013,4,32.735,13.605,21.485,27.605,28.27,24.505,36.975,36.18,43.465,37.115,38.145,45.295,41.745,28.15,18.83,27.335,31.06,26.405,9.17,12.565,20.935,24.02,34.81,35.6,26.935,23.21,13.73,25.675,26.54,17.45,11.925
12,6,2013,5,46.29,32.735,13.605,21.485,27.605,28.27,24.505,36.975,36.18,43.465,37.115,38.145,45.295,41.745,28.15,18.83,27.335,31.06,26.405,9.17,12.565,20.935,24.02,34.81,35.6,26.935,23.21,13.73,25.675,26.54,17.45
12,7,2013,6,50.45,46.29,32.735,13.605,21.485,27.605,28.27,24.505,36.975,36.18,43.465,37.115,38.145,45.295,41.745,28.15,18.83,27.335,31.06,26.405,9.17,12.565,20.935,24.02,34.81,35.6,26.935,23.21,13.73,25.675,26.54
12,8,2013,7,43.445,50.45,46.29,32.735,13.605,21.485,27.605,28.27,24.505,36.975,36.18,43.465,37.115,38.145,45.295,41.745,28.15,18.83,27.335,31.06,26.405,9.17,12.565,20.935,24.02,34.81,35.6,26.935,23.21,13.73,25.675
12,9,2013,1,49.98,43.445,50.45,46.29,32.735,13.605,21.485,27.605,28.27,24.505,36.975,36.18,43.465,37.115,38.145,45.295,41.745,28.15,18.83,27.335,31.06,26.405,9.17,12.565,20.935,24.02,34.81,35.6,26.935,23.21,13.73
12,10,2013,2,53.145,49.98,43.445,50.45,46.29,32.735,13.605,21.485,27.605,28.27,24.505,36.975,36.18,43.465,37.115,38.145,45.295,41.745,28.15,18.83,27.335,31.06,26.405,9.17,12.565,20.935,24.02,34.81,35.6,26.935,23.21
12,11,2013,3,53.38,53.145,49.98,43.445,50.45,46.29,32.735,13.605,21.485,27.605,28.27,24.505,36.975,36.18,43.465,37.115,38.145,45.295,41.745,28.15,18.83,27.335,31.06,26.405,9.17,12.565,20.935,24.02,34.81,35.6,26.935
12,12,2013,4,55.36,53.38,53.145,49.98,43.445,50.45,46.29,32.735,13.605,21.485,27.605,28.27,24.505,36.975,36.18,43.465,37.115,38.145,45.295,41.745,28.15,18.83,27.335,31.06,26.405,9.17,12.565,20.935,24.02,34.81,35.6
12,13,2013,5,40.825,55.36,53.38,53.145,49.98,43.445,50.45,46.29,32.735,13.605,21.485,27.605,28.27,24.505,36.975,36.18,43.465,37.115,38.145,45.295,41.745,28.15,18.83,27.335,31.06,26.405,9.17,12.565,20.935,24.02,34.81
12,14,2013,6,37.155,40.825,55.36,53.38,53.145,49.98,43.445,50.45,46.29,32.735,13.605,21.485,27.605,28.27,24.505,36.975,36.18,43.465,37.115,38.145,45.295,41.745,28.15,18.83,27.335,31.06,26.405,9.17,12.565,20.935,24.02
12,15,2013,7,46.915,37.155,40.825,55.36,53.38,53.145,49.98,43.445,50.45,46.29,32.735,13.605,21.485,27.605,28.27,24.505,36.975,36.18,43.465,37.115,38.145,45.295,41.745,28.15,18.83,27.335,31.06,26.405,9.17,12.565,20.935
12,16,2013,1,48.3,46.915,37.155,40.825,55.36,53.38,53.145,49.98,43.445,50.45,46.29,32.735,13.605,21.485,27.605,28.27,24.505,36.975,36.18,43.465,37.115,38.145,45.295,41.745,28.15,18.83,27.335,31.06,26.405,9.17,12.565
12,17,2013,2,39.865,48.3,46.915,37.155,40.825,55.36,53.38,53.145,49.98,43.445,50.45,46.29,32.735,13.605,21.485,27.605,28.27,24.505,36.975,36.18,43.465,37.115,38.145,45.295,41.745,28.15,18.83,27.335,31.06,26.405,9.17
12,18,2013,3,38.78,39.865,48.3,46.915,37.155,40.825,55.36,53.38,53.145,49.98,43.445,50.45,46.29,32.735,13.605,21.485,27.605,28.27,24.505,36.975,36.18,43.465,37.115,38.145,45.295,41.745,28.15,18.83,27.335,31.06,26.405
12,19,2013,4,27.43,38.78,39.865,48.3,46.915,37.155,40.825,55.36,53.38,53.145,49.98,43.445,50.45,46.29,32.735,13.605,21.485,27.605,28.27,24.505,36.975,36.18,43.465,37.115,38.145,45.295,41.745,28.15,18.83,27.335,31.06
12,20,2013,5,29.805,27.43,38.78,39.865,48.3,46.915,37.155,40.825,55.36,53.38,53.145,49.98,43.445,50.45,46.29,32.735,13.605,21.485,27.605,28.27,24.505,36.975,36.18,43.465,37.115,38.145,45.295,41.745,28.15,18.83,27.335
12,21,2013,6,31.48,29.805,27.43,38.78,39.865,48.3,46.915,37.155,40.825,55.36,53.38,53.145,49.98,43.445,50.45,46.29,32.735,13.605,21.485,27.605,28.27,24.505,36.975,36.18,43.465,37.115,38.145,45.295,41.745,28.15,18.83
12,22,2013,7,34.805,31.48,29.805,27.43,38.78,39.865,48.3,46.915,37.155,40.825,55.36,53.38,53.145,49.98,43.445,50.45,46.29,32.735,13.605,21.485,27.605,28.27,24.505,36.975,36.18,43.465,37.115,38.145,45.295,41.745,28.15
12,23,2013,1,51.38,34.805,31.48,29.805,27.43,38.78,39.865,48.3,46.915,37.155,40.825,55.36,53.38,53.145,49.98,43.445,50.45,46.29,32.735,13.605,21.485,27.605,28.27,24.505,36.975,36.18,43.465,37.115,38.145,45.295,41.745
12,24,2013,2,56.465,51.38,34.805,31.48,29.805,27.43,38.78,39.865,48.3,46.915,37.155,40.825,55.36,53.38,53.145,49.98,43.445,50.45,46.29,32.735,13.605,21.485,27.605,28.27,24.505,36.975,36.18,43.465,37.115,38.145,45.295
12,25,2013,3,42.275,56.465,51.38,34.805,31.48,29.805,27.43,38.78,39.865,48.3,46.915,37.155,40.825,55.36,53.38,53.145,49.98,43.445,50.45,46.29,32.735,13.605,21.485,27.605,28.27,24.505,36.975,36.18,43.465,37.115,38.145
12,26,2013,4,39.37,42.275,56.465,51.38,34.805,31.48,29.805,27.43,38.78,39.865,48.3,46.915,37.155,40.825,55.36,53.38,53.145,49.98,43.445,50.45,46.29,32.735,13.605,21.485,27.605,28.27,24.505,36.975,36.18,43.465,37.115
12,27,2013,5,29.49,39.37,42.275,56.465,51.38,34.805,31.48,29.805,27.43,38.78,39.865,48.3,46.915,37.155,40.825,55.36,53.38,53.145,49.98,43.445,50.45,46.29,32.735,13.605,21.485,27.605,28.27,24.505,36.975,36.18,43.465
12,28,2013,6,22.16,29.49,39.37,42.275,56.465,51.38,34.805,31.48,29.805,27.43,38.78,39.865,48.3,46.915,37.155,40.825,55.36,53.38,53.145,49.98,43.445,50.45,46.29,32.735,13.605,21.485,27.605,28.27,24.505,36.975,36.18
12,29,2013,7,37.76,22.16,29.49,39.37,42.275,56.465,51.38,34.805,31.48,29.805,27.43,38.78,39.865,48.3,46.915,37.155,40.825,55.36,53.38,53.145,49.98,43.445,50.45,46.29,32.735,13.605,21.485,27.605,28.27,24.505,36.975
12,30,2013,1,55.365,37.76,22.16,29.49,39.37,42.275,56.465,51.38,34.805,31.48,29.805,27.43,38.78,39.865,48.3,46.915,37.155,40.825,55.36,53.38,53.145,49.98,43.445,50.45,46.29,32.735,13.605,21.485,27.605,28.27,24.505
12,31,2013,2,55.26,55.365,37.76,22.16,29.49,39.37,42.275,56.465,51.38,34.805,31.48,29.805,27.43,38.78,39.865,48.3,46.915,37.155,40.825,55.36,53.38,53.145,49.98,43.445,50.45,46.29,32.735,13.605,21.485,27.605,28.27
1,1,2014,3,46.145,55.26,55.365,37.76,22.16,29.49,39.37,42.275,56.465,51.38,34.805,31.48,29.805,27.43,38.78,39.865,48.3,46.915,37.155,40.825,55.36,53.38,53.145,49.98,43.445,50.45,46.29,32.735,13.605,21.485,27.605
1,2,2014,4,51.265,46.145,55.26,55.365,37.76,22.16,29.49,39.37,42.275,56.465,51.38,34.805,31.48,29.805,27.43,38.78,39.865,48.3,46.915,37.155,40.825,55.36,53.38,53.145,49.98,43.445,50.45,46.29,32.735,13.605,21.485
1,3,2014,5,55.135,51.265,46.145,55.26,55.365,37.76,22.16,29.49,39.37,42.275,56.465,51.38,34.805,31.48,29.805,27.43,38.78,39.865,48.3,46.915,37.155,40.825,55.36,53.38,53.145,49.98,43.445,50.45,46.29,32.735,13.605
1,4,2014,6,38.695,55.135,51.265,46.145,55.26,55.365,37.76,22.16,29.49,39.37,42.275,56.465,51.38,34.805,31.48,29.805,27.43,38.78,39.865,48.3,46.915,37.155,40.825,55.36,53.38,53.145,49.98,43.445,50.45,46.29,32.735
1,5,2014,7,49.78,38.695,55.135,51.265,46.145,55.26,55.365,37.76,22.16,29.49,39.37,42.275,56.465,51.38,34.805,31.48,29.805,27.43,38.78,39.865,48.3,46.915,37.155,40.825,55.36,53.38,53.145,49.98,43.445,50.45,46.29
1,6,2014,1,72.58,49.78,38.695,55.135,51.265,46.145,55.26,55.365,37.76,22.16,29.49,39.37,42.275,56.465,51.38,34.805,31.48,29.805,27.43,38.78,39.865,48.3,46.915,37.155,40.825,55.36,53.38,53.145,49.98,43.445,50.45
1,7,2014,2,67.985,72.58,49.78,38.695,55.135,51.265,46.145,55.26,55.365,37.76,22.16,29.49,39.37,42.275,56.465,51.38,34.805,31.48,29.805,27.43,38.78,39.865,48.3,46.915,37.155,40.825,55.36,53.38,53.145,49.98,43.445
1,8,2014,3,56.35,67.985,72.58,49.78,38.695,55.135,51.265,46.145,55.26,55.365,37.76,22.16,29.49,39.37,42.275,56.465,51.38,34.805,31.48,29.805,27.43,38.78,39.865,48.3,46.915,37.155,40.825,55.36,53.38,53.145,49.98
1,9,2014,4,48.915,56.35,67.985,72.58,49.78,38.695,55.135,51.265,46.145,55.26,55.365,37.76,22.16,29.49,39.37,42.275,56.465,51.38,34.805,31.48,29.805,27.43,38.78,39.865,48.3,46.915,37.155,40.825,55.36,53.38,53.145
1,10,2014,5,30.03,48.915,56.35,67.985,72.58,49.78,38.695,55.135,51.265,46.145,55.26,55.365,37.76,22.16,29.49,39.37,42.275,56.465,51.38,34.805,31.48,29.805,27.43,38.78,39.865,48.3,46.915,37.155,40.825,55.36,53.38
1,11,2014,6,28.045,30.03,48.915,56.35,67.985,72.58,49.78,38.695,55.135,51.265,46.145,55.26,55.365,37.76,22.16,29.49,39.37,42.275,56.465,51.38,34.805,31.48,29.805,27.43,38.78,39.865,48.3,46.915,37.155,40.825,55.36
1,12,2014,7,28.42,28.045,30.03,48.915,56.35,67.985,72.58,49.78,38.695,55.135,51.265,46.145,55.26,55.365,37.76,22.16,29.49,39.37,42.275,56.465,51.38,34.805,31.48,29.805,27.43,38.78,39.865,48.3,46.915,37.155,40.825
1,13,2014,1,26.82,28.42,28.045,30.03,48.915,56.35,67.985,72.58,49.78,38.695,55.135,51.265,46.145,55.26,55.365,37.76,22.16,29.49,39.37,42.275,56.465,51.38,34.805,31.48,29.805,27.43,38.78,39.865,48.3,46.915,37.155
1,14,2014,2,35.905,26.82,28.42,28.045,30.03,48.915,56.35,67.985,72.58,49.78,38.695,55.135,51.265,46.145,55.26,55.365,37.76,22.16,29.49,39.37,42.275,56.465,51.38,34.805,31.48,29.805,27.43,38.78,39.865,48.3,46.915
1,15,2014,3,45.56,35.905,26.82,28.42,28.045,30.03,48.915,56.35,67.985,72.58,49.78,38.695,55.135,51.265,46.145,55.26,55.365,37.76,22.16,29.49,39.37,42.275,56.465,51.38,34.805,31.48,29.805,27.43,38.78,39.865,48.3
1,16,2014,4,38.23,45.56,35.905,26.82,28.42,28.045,30.03,48.915,56.35,67.985,72.58,49.78,38.695,55.135,51.265,46.145,55.26,55.365,37.76,22.16,29.49,39.37,42.275,56.465,51.38,34.805,31.48,29.805,27.43,38.78,39.865
1,17,2014,5,47.605,38.23,45.56,35.905,26.82,28.42,28.045,30.03,48.915,56.35,67.985,72.58,49.78,38.695,55.135,51.265,46.145,55.26,55.365,37.76,22.16,29.49,39.37,42.275,56.465,51.38,34.805,31.48,29.805,27.43,38.78
1,18,2014,6,48.895,47.605,38.23,45.56,35.905,26.82,28.42,28.045,30.03,48.915,56.35,67.985,72.58,49.78,38.695,55.135,51.265,46.145,55.26,55.365,37.76,22.16,29.49,39.37,42.275,56.465,51.38,34.805,31.48,29.805,27.43
1,19,2014,7,39.44,48.895,47.605,38.23,45.56,35.905,26.82,28.42,28.045,30.03,48.915,56.35,67.985,72.58,49.78,38.695,55.135,51.265,46.145,55.26,55.365,37.76,22.16,29.49,39.37,42.275,56.465,51.38,34.805,31.48,29.805
1,20,2014,1,36.185,39.44,48.895,47.605,38.23,45.56,35.905,26.82,28.42,28.045,30.03,48.915,56.35,67.985,72.58,49.78,38.695,55.135,51.265,46.145,55.26,55.365,37.76,22.16,29.49,39.37,42.275,56.465,51.38,34.805,31.48
1,21,2014,2,53.87,36.185,39.44,48.895,47.605,38.23,45.56,35.905,26.82,28.42,28.045,30.03,48.915,56.35,67.985,72.58,49.78,38.695,55.135,51.265,46.145,55.26,55.365,37.76,22.16,29.49,39.37,42.275,56.465,51.38,34.805
1,22,2014,3,56.21,53.87,36.185,39.44,48.895,47.605,38.23,45.56,35.905,26.82,28.42,28.045,30.03,48.915,56.35,67.985,72.58,49.78,38.695,55.135,51.265,46.145,55.26,55.365,37.76,22.16,29.49,39.37,42.275,56.465,51.38
1,23,2014,4,60.505,56.21,53.87,36.185,39.44,48.895,47.605,38.23,45.56,35.905,26.82,28.42,28.045,30.03,48.915,56.35,67.985,72.58,49.78,38.695,55.135,51.265,46.145,55.26,55.365,37.76,22.16,29.49,39.37,42.275,56.465
1,24,2014,5,54.55,60.505,56.21,53.87,36.185,39.44,48.895,47.605,38.23,45.56,35.905,26.82,28.42,28.045,30.03,48.915,56.35,67.985,72.58,49.78,38.695,55.135,51.265,46.145,55.26,55.365,37.76,22.16,29.49,39.37,42.275
1,25,2014,6,44.965,54.55,60.505,56.21,53.87,36.185,39.44,48.895,47.605,38.23,45.56,35.905,26.82,28.42,28.045,30.03,48.915,56.35,67.985,72.58,49.78,38.695,55.135,51.265,46.145,55.26,55.365,37.76,22.16,29.49,39.37
1,26,2014,7,45.335,44.965,54.55,60.505,56.21,53.87,36.185,39.44,48.895,47.605,38.23,45.56,35.905,26.82,28.42,28.045,30.03,48.915,56.35,67.985,72.58,49.78,38.695,55.135,51.265,46.145,55.26,55.365,37.76,22.16,29.49
1,27,2014,1,64.48,45.335,44.965,54.55,60.505,56.21,53.87,36.185,39.44,48.895,47.605,38.23,45.56,35.905,26.82,28.42,28.045,30.03,48.915,56.35,67.985,72.58,49.78,38.695,55.135,51.265,46.145,55.26,55.365,37.76,22.16
1,28,2014,2,68.365,64.48,45.335,44.965,54.55,60.505,56.21,53.87,36.185,39.44,48.895,47.605,38.23,45.56,35.905,26.82,28.42,28.045,30.03,48.915,56.35,67.985,72.58,49.78,38.695,55.135,51.265,46.145,55.26,55.365,37.76
1,29,2014,3,52.495,68.365,64.48,45.335,44.965,54.55,60.505,56.21,53.87,36.185,39.44,48.895,47.605,38.23,45.56,35.905,26.82,28.42,28.045,30.03,48.915,56.35,67.985,72.58,49.78,38.695,55.135,51.265,46.145,55.26,55.365
1,30,2014,4,38.03,52.495,68.365,64.48,45.335,44.965,54.55,60.505,56.21,53.87,36.185,39.44,48.895,47.605,38.23,45.56,35.905,26.82,28.42,28.045,30.03,48.915,56.35,67.985,72.58,49.78,38.695,55.135,51.265,46.145,55.26
1,31,2014,5,40.015,38.03,52.495,68.365,64.48,45.335,44.965,54.55,60.505,56.21,53.87,36.185,39.44,48.895,47.605,38.23,45.56,35.905,26.82,28.42,28.045,30.03,48.915,56.35,67.985,72.58,49.78,38.695,55.135,51.265,46.145
2,1,2014,6,37.95,40.015,38.03,52.495,68.365,64.48,45.335,44.965,54.55,60.505,56.21,53.87,36.185,39.44,48.895,47.605,38.23,45.56,35.905,26.82,28.42,28.045,30.03,48.915,56.35,67.985,72.58,49.78,38.695,55.135,51.265
2,2,2014,7,47.595,37.95,40.015,38.03,52.495,68.365,64.48,45.335,44.965,54.55,60.505,56.21,53.87,36.185,39.44,48.895,47.605,38.23,45.56,35.905,26.82,28.42,28.045,30.03,48.915,56.35,67.985,72.58,49.78,38.695,55.135
2,3,2014,1,51.925,47.595,37.95,40.015,38.03,52.495,68.365,64.48,45.335,44.965,54.55,60.505,56.21,53.87,36.185,39.44,48.895,47.605,38.23,45.56,35.905,26.82,28.42,28.045,30.03,48.915,56.35,67.985,72.58,49.78,38.695
2,4,2014,2,46.84,51.925,47.595,37.95,40.015,38.03,52.495,68.365,64.48,45.335,44.965,54.55,60.505,56.21,53.87,36.185,39.44,48.895,47.605,38.23,45.56,35.905,26.82,28.42,28.045,30.03,48.915,56.35,67.985,72.58,49.78
2,5,2014,3,46.445,46.84,51.925,47.595,37.95,40.015,38.03,52.495,68.365,64.48,45.335,44.965,54.55,60.505,56.21,53.87,36.185,39.44,48.895,47.605,38.23,45.56,35.905,26.82,28.42,28.045,30.03,48.915,56.35,67.985,72.58
2,6,2014,4,59.06,46.445,46.84,51.925,47.595,37.95,40.015,38.03,52.495,68.365,64.48,45.335,44.965,54.55,60.505,56.21,53.87,36.185,39.44,48.895,47.605,38.23,45.56,35.905,26.82,28.42,28.045,30.03,48.915,56.35,67.985
2,7,2014,5,59.415,59.06,46.445,46.84,51.925,47.595,37.95,40.015,38.03,52.495,68.365,64.48,45.335,44.965,54.55,60.505,56.21,53.87,36.185,39.44,48.895,47.605,38.23,45.56,35.905,26.82,28.42,28.045,30.03,48.915,56.35
2,8,2014,6,53.285,59.415,59.06,46.445,46.84,51.925,47.595,37.95,40.015,38.03,52.495,68.365,64.48,45.335,44.965,54.55,60.505,56.21,53.87,36.185,39.44,48.895,47.605,38.23,45.56,35.905,26.82,28.42,28.045,30.03,48.915
2,9,2014,7,50.705,53.285,59.415,59.06,46.445,46.84,51.925,47.595,37.95,40.015,38.03,52.495,68.365,64.48,45.335,44.965,54.55,60.505,56.21,53.87,36.185,39.44,48.895,47.605,38.23,45.56,35.905,26.82,28.42,28.045,30.03
2,10,2014,1,58.73,50.705,53.285,59.415,59.06,46.445,46.84,51.925,47.595,37.95,40.015,38.03,52.495,68.365,64.48,45.335,44.965,54.55,60.505,56.21,53.87,36.185,39.44,48.895,47.605,38.23,45.56,35.905,26.82,28.42,28.045
2,11,2014,2,58.645,58.73,50.705,53.285,59.415,59.06,46.445,46.84,51.925,47.595,37.95,40.015,38.03,52.495,68.365,64.48,45.335,44.965,54.55,60.505,56.21,53.87,36.185,39.44,48.895,47.605,38.23,45.56,35.905,26.82,28.42
2,12,2014,3,52.065,58.645,58.73,50.705,53.285,59.415,59.06,46.445,46.84,51.925,47.595,37.95,40.015,38.03,52.495,68.365,64.48,45.335,44.965,54.55,60.505,56.21,53.87,36.185,39.44,48.895,47.605,38.23,45.56,35.905,26.82
2,13,2014,4,41.915,52.065,58.645,58.73,50.705,53.285,59.415,59.06,46.445,46.84,51.925,47.595,37.95,40.015,38.03,52.495,68.365,64.48,45.335,44.965,54.55,60.505,56.21,53.87,36.185,39.44,48.895,47.605,38.23,45.56,35.905
2,14,2014,5,47.01,41.915,52.065,58.645,58.73,50.705,53.285,59.415,59.06,46.445,46.84,51.925,47.595,37.95,40.015,38.03,52.495,68.365,64.48,45.335,44.965,54.55,60.505,56.21,53.87,36.185,39.44,48.895,47.605,38.23,45.56
2,15,2014,6,48.775,47.01,41.915,52.065,58.645,58.73,50.705,53.285,59.415,59.06,46.445,46.84,51.925,47.595,37.95,40.015,38.03,52.495,68.365,64.48,45.335,44.965,54.55,60.505,56.21,53.87,36.185,39.44,48.895,47.605,38.23
2,16,2014,7,43.47,48.775,47.01,41.915,52.065,58.645,58.73,50.705,53.285,59.415,59.06,46.445,46.84,51.925,47.595,37.95,40.015,38.03,52.495,68.365,64.48,45.335,44.965,54.55,60.505,56.21,53.87,36.185,39.44,48.895,47.605
2,17,2014,1,39.645,43.47,48.775,47.01,41.915,52.065,58.645,58.73,50.705,53.285,59.415,59.06,46.445,46.84,51.925,47.595,37.95,40.015,38.03,52.495,68.365,64.48,45.335,44.965,54.55,60.505,56.21,53.87,36.185,39.44,48.895
2,18,2014,2,30.165,39.645,43.47,48.775,47.01,41.915,52.065,58.645,58.73,50.705,53.285,59.415,59.06,46.445,46.84,51.925,47.595,37.95,40.015,38.03,52.495,68.365,64.48,45.335,44.965,54.55,60.505,56.21,53.87,36.185,39.44
2,19,2014,3,26.015,30.165,39.645,43.47,48.775,47.01,41.915,52.065,58.645,58.73,50.705,53.285,59.415,59.06,46.445,46.84,51.925,47.595,37.95,40.015,38.03,52.495,68.365,64.48,45.335,44.965,54.55,60.505,56.21,53.87,36.185
2,20,2014,4,22.895,26.015,30.165,39.645,43.47,48.775,47.01,41.915,52.065,58.645,58.73,50.705,53.285,59.415,59.06,46.445,46.84,51.925,47.595,37.95,40.015,38.03,52.495,68.365,64.48,45.335,44.965,54.55,60.505,56.21,53.87
2,21,2014,5,32.03,22.895,26.015,30.165,39.645,43.47,48.775,47.01,41.915,52.065,58.645,58.73,50.705,53.285,59.415,59.06,46.445,46.84,51.925,47.595,37.95,40.015,38.03,52.495,68.365,64.48,45.335,44.965,54.55,60.505,56.21
2,22,2014,6,35.495,32.03,22.895,26.015,30.165,39.645,43.47,48.775,47.01,41.915,52.065,58.645,58.73,50.705,53.285,59.415,59.06,46.445,46.84,51.925,47.595,37.95,40.015,38.03,52.495,68.365,64.48,45.335,44.965,54.55,60.505
2,23,2014,7,42.035,35.495,32.03,22.895,26.015,30.165,39.645,43.47,48.775,47.01,41.915,52.065,58.645,58.73,50.705,53.285,59.415,59.06,46.445,46.84,51.925,47.595,37.95,40.015,38.03,52.495,68.365,64.48,45.335,44.965,54.55
2,24,2014,1,45.89,42.035,35.495,32.03,22.895,26.015,30.165,39.645,43.47,48.775,47.01,41.915,52.065,58.645,58.73,50.705,53.285,59.415,59.06,46.445,46.84,51.925,47.595,37.95,40.015,38.03,52.495,68.365,64.48,45.335,44.965
2,25,2014,2,49.64,45.89,42.035,35.495,32.03,22.895,26.015,30.165,39.645,43.47,48.775,47.01,41.915,52.065,58.645,58.73,50.705,53.285,59.415,59.06,46.445,46.84,51.925,47.595,37.95,40.015,38.03,52.495,68.365,64.48,45.335
2,26,2014,3,54.66,49.64,45.89,42.035,35.495,32.03,22.895,26.015,30.165,39.645,43.47,48.775,47.01,41.915,52.065,58.645,58.73,50.705,53.285,59.415,59.06,46.445,46.84,51.925,47.595,37.95,40.015,38.03,52.495,68.365,64.48
2,27,2014,4,52.46,54.66,49.64,45.89,42.035,35.495,32.03,22.895,26.015,30.165,39.645,43.47,48.775,47.01,41.915,52.065,58.645,58.73,50.705,53.285,59.415,59.06,46.445,46.84,51.925,47.595,37.95,40.015,38.03,52.495,68.365
2,28,2014,5,46.435,52.46,54.66,49.64,45.89,42.035,35.495,32.03,22.895,26.015,30.165,39.645,43.47,48.775,47.01,41.915,52.065,58.645,58.73,50.705,53.285,59.415,59.06,46.445,46.84,51.925,47.595,37.95,40.015,38.03,52.495
3,1,2014,6,43.06,46.435,52.46,54.66,49.64,45.89,42.035,35.495,32.03,22.895,26.015,30.165,39.645,43.47,48.775,47.01,41.915,52.065,58.645,58.73,50.705,53.285,59.415,59.06,46.445,46.84,51.925,47.595,37.95,40.015,38.03
3,2,2014,7,55.93,43.06,46.435,52.46,54.66,49.64,45.89,42.035,35.495,32.03,22.895,26.015,30.165,39.645,43.47,48.775,47.01,41.915,52.065,58.645,58.73,50.705,53.285,59.415,59.06,46.445,46.84,51.925,47.595,37.95,40.015
3,3,2014,1,55.845,55.93,43.06,46.435,52.46,54.66,49.64,45.89,42.035,35.495,32.03,22.895,26.015,30.165,39.645,43.47,48.775,47.01,41.915,52.065,58.645,58.73,50.705,53.285,59.415,59.06,46.445,46.84,51.925,47.595,37.95
3,4,2014,2,45.33,55.845,55.93,43.06,46.435,52.46,54.66,49.64,45.89,42.035,35.495,32.03,22.895,26.015,30.165,39.645,43.47,48.775,47.01,41.915,52.065,58.645,58.73,50.705,53.285,59.415,59.06,46.445,46.84,51.925,47.595
3,5,2014,3,44.08,45.33,55.845,55.93,43.06,46.435,52.46,54.66,49.64,45.89,42.035,35.495,32.03,22.895,26.015,30.165,39.645,43.47,48.775,47.01,41.915,52.065,58.645,58.73,50.705,53.285,59.415,59.06,46.445,46.84,51.925
3,6,2014,4,43.48,44.08,45.33,55.845,55.93,43.06,46.435,52.46,54.66,49.64,45.89,42.035,35.495,32.03,22.895,26.015,30.165,39.645,43.47,48.775,47.01,41.915,52.065,58.645,58.73,50.705,53.285,59.415,59.06,46.445,46.84
3,7,2014,5,32.06,43.48,44.08,45.33,55.845,55.93,43.06,46.435,52.46,54.66,49.64,45.89,42.035,35.495,32.03,22.895,26.015,30.165,39.645,43.47,48.775,47.01,41.915,52.065,58.645,58.73,50.705,53.285,59.415,59.06,46.445
3,8,2014,6,34.64,32.06,43.48,44.08,45.33,55.845,55.93,43.06,46.435,52.46,54.66,49.64,45.89,42.035,35.495,32.03,22.895,26.015,30.165,39.645,43.47,48.775,47.01,41.915,52.065,58.645,58.73,50.705,53.285,59.415,59.06
3,9,2014,7,33.405,34.64,32.06,43.48,44.08,45.33,55.845,55.93,43.06,46.435,52.46,54.66,49.64,45.89,42.035,35.495,32.03,22.895,26.015,30.165,39.645,43.47,48.775,47.01,41.915,52.065,58.645,58.73,50.705,53.285,59.415
3,10,2014,1,17.395,33.405,34.64,32.06,43.48,44.08,45.33,55.845,55.93,43.06,46.435,52.46,54.66,49.64,45.89,42.035,35.495,32.03,22.895,26.015,30.165,39.645,43.47,48.775,47.01,41.915,52.065,58.645,58.73,50.705,53.285
3,11,2014,2,24.14,17.395,33.405,34.64,32.06,43.48,44.08,45.33,55.845,55.93,43.06,46.435,52.46,54.66,49.64,45.89,42.035,35.495,32.03,22.895,26.015,30.165,39.645,43.47,48.775,47.01,41.915,52.065,58.645,58.73,50.705
3,12,2014,3,38.56,24.14,17.395,33.405,34.64,32.06,43.48,44.08,45.33,55.845,55.93,43.06,46.435,52.46,54.66,49.64,45.89,42.035,35.495,32.03,22.895,26.015,30.165,39.645,43.47,48.775,47.01,41.915,52.065,58.645,58.73
3,13,2014,4,38.17,38.56,24.14,17.395,33.405,34.64,32.06,43.48,44.08,45.33,55.845,55.93,43.06,46.435,52.46,54.66,49.64,45.89,42.035,35.495,32.03,22.895,26.015,30.165,39.645,43.47,48.775,47.01,41.915,52.065,58.645
3,14,2014,5,18.88,38.17,38.56,24.14,17.395,33.405,34.64,32.06,43.48,44.08,45.33,55.845,55.93,43.06,46.435,52.46,54.66,49.64,45.89,42.035,35.495,32.03,22.895,26.015,30.165,39.645,43.47,48.775,47.01,41.915,52.065
3,15,2014,6,31.335,18.88,38.17,38.56,24.14,17.395,33.405,34.64,32.06,43.48,44.08,45.33,55.845,55.93,43.06,46.435,52.46,54.66,49.64,45.89,42.035,35.495,32.03,22.895,26.015,30.165,39.645,43.47,48.775,47.01,41.915
3,16,2014,7,40.965,31.335,18.88,38.17,38.56,24.14,17.395,33.405,34.64,32.06,43.48,44.08,45.33,55.845,55.93,43.06,46.435,52.46,54.66,49.64,45.89,42.035,35.495,32.03,22.895,26.015,30.165,39.645,43.47,48.775,47.01
3,17,2014,1,37.03,40.965,31.335,18.88,38.17,38.56,24.14,17.395,33.405,34.64,32.06,43.48,44.08,45.33,55.845,55.93,43.06,46.435,52.46,54.66,49.64,45.89,42.035,35.495,32.03,22.895,26.015,30.165,39.645,43.47,48.775
3,18,2014,2,26.13,37.03,40.965,31.335,18.88,38.17,38.56,24.14,17.395,33.405,34.64,32.06,43.48,44.08,45.33,55.845,55.93,43.06,46.435,52.46,54.66,49.64,45.89,42.035,35.495,32.03,22.895,26.015,30.165,39.645,43.47
3,19,2014,3,24.82,26.13,37.03,40.965,31.335,18.88,38.17,38.56,24.14,17.395,33.405,34.64,32.06,43.48,44.08,45.33,55.845,55.93,43.06,46.435,52.46,54.66,49.64,45.89,42.035,35.495,32.03,22.895,26.015,30.165,39.645
3,20,2014,4,28.03,24.82,26.13,37.03,40.965,31.335,18.88,38.17,38.56,24.14,17.395,33.405,34.64,32.06,43.48,44.08,45.33,55.845,55.93,43.06,46.435,52.46,54.66,49.64,45.89,42.035,35.495,32.03,22.895,26.015,30.165
3,21,2014,5,19.915,28.03,24.82,26.13,37.03,40.965,31.335,18.88,38.17,38.56,24.14,17.395,33.405,34.64,32.06,43.48,44.08,45.33,55.845,55.93,43.06,46.435,52.46,54.66,49.64,45.89,42.035,35.495,32.03,22.895,26.015
3,22,2014,6,27.515,19.915,28.03,24.82,26.13,37.03,40.965,31.335,18.88,38.17,38.56,24.14,17.395,33.405,34.64,32.06,43.48,44.08,45.33,55.845,55.93,43.06,46.435,52.46,54.66,49.64,45.89,42.035,35.495,32.03,22.895
3,23,2014,7,38.69,27.515,19.915,28.03,24.82,26.13,37.03,40.965,31.335,18.88,38.17,38.56,24.14,17.395,33.405,34.64,32.06,43.48,44.08,45.33,55.845,55.93,43.06,46.435,52.46,54.66,49.64,45.89,42.035,35.495,32.03
3,24,2014,1,38.13,38.69,27.515,19.915,28.03,24.82,26.13,37.03,40.965,31.335,18.88,38.17,38.56,24.14,17.395,33.405,34.64,32.06,43.48,44.08,45.33,55.845,55.93,43.06,46.435,52.46,54.66,49.64,45.89,42.035,35.495
3,25,2014,2,37.935,38.13,38.69,27.515,19.915,28.03,24.82,26.13,37.03,40.965,31.335,18.88,38.17,38.56,24.14,17.395,33.405,34.64,32.06,43.48,44.08,45.33,55.845,55.93,43.06,46.435,52.46,54.66,49.64,45.89,42.035
3,26,2014,3,36.31,37.935,38.13,38.69,27.515,19.915,28.03,24.82,26.13,37.03,40.965,31.335,18.88,38.17,38.56,24.14,17.395,33.405,34.64,32.06,43.48,44.08,45.33,55.845,55.93,43.06,46.435,52.46,54.66,49.64,45.89
3,27,2014,4,21.395,36.31,37.935,38.13,38.69,27.515,19.915,28.03,24.82,26.13,37.03,40.965,31.335,18.88,38.17,38.56,24.14,17.395,33.405,34.64,32.06,43.48,44.08,45.33,55.845,55.93,43.06,46.435,52.46,54.66,49.64
3,28,2014,5,20.955,21.395,36.31,37.935,38.13,38.69,27.515,19.915,28.03,24.82,26.13,37.03,40.965,31.335,18.88,38.17,38.56,24.14,17.395,33.405,34.64,32.06,43.48,44.08,45.33,55.845,55.93,43.06,46.435,52.46,54.66
3,29,2014,6,30.67,20.955,21.395,36.31,37.935,38.13,38.69,27.515,19.915,28.03,24.82,26.13,37.03,40.965,31.335,18.88,38.17,38.56,24.14,17.395,33.405,34.64,32.06,43.48,44.08,45.33,55.845,55.93,43.06,46.435,52.46
3,30,2014,7,24.205,30.67,20.955,21.395,36.31,37.935,38.13,38.69,27.515,19.915,28.03,24.82,26.13,37.03,40.965,31.335,18.88,38.17,38.56,24.14,17.395,33.405,34.64,32.06,43.48,44.08,45.33,55.845,55.93,43.06,46.435
3,31,2014,1,11.55,24.205,30.67,20.955,21.395,36.31,37.935,38.13,38.69,27.515,19.915,28.03,24.82,26.13,37.03,40.965,31.335,18.88,38.17,38.56,24.14,17.395,33.405,34.64,32.06,43.48,44.08,45.33,55.845,55.93,43.06
4,1,2014,2,19.985,11.55,24.205,30.67,20.955,21.395,36.31,37.935,38.13,38.69,27.515,19.915,28.03,24.82,26.13,37.03,40.965,31.335,18.88,38.17,38.56,24.14,17.395,33.405,34.64,32.06,43.48,44.08,45.33,55.845,55.93
4,2,2014,3,25.345,19.985,11.55,24.205,30.67,20.955,21.395,36.31,37.935,38.13,38.69,27.515,19.915,28.03,24.82,26.13,37.03,40.965,31.335,18.88,38.17,38.56,24.14,17.395,33.405,34.64,32.06,43.48,44.08,45.33,55.845
4,3,2014,4,26.84,25.345,19.985,11.55,24.205,30.67,20.955,21.395,36.31,37.935,38.13,38.69,27.515,19.915,28.03,24.82,26.13,37.03,40.965,31.335,18.88,38.17,38.56,24.14,17.395,33.405,34.64,32.06,43.48,44.08,45.33
4,4,2014,5,23.385,26.84,25.345,19.985,11.55,24.205,30.67,20.955,21.395,36.31,37.935,38.13,38.69,27.515,19.915,28.03,24.82,26.13,37.03,40.965,31.335,18.88,38.17,38.56,24.14,17.395,33.405,34.64,32.06,43.48,44.08
4,5,2014,6,26.255,23.385,26.84,25.345,19.985,11.55,24.205,30.67,20.955,21.395,36.31,37.935,38.13,38.69,27.515,19.915,28.03,24.82,26.13,37.03,40.965,31.335,18.88,38.17,38.56,24.14,17.395,33.405,34.64,32.06,43.48
4,6,2014,7,21.61,26.255,23.385,26.84,25.345,19.985,11.55,24.205,30.67,20.955,21.395,36.31,37.935,38.13,38.69,27.515,19.915,28.03,24.82,26.13,37.03,40.965,31.335,18.88,38.17,38.56,24.14,17.395,33.405,34.64,32.06
4,7,2014,1,23.095,21.61,26.255,23.385,26.84,25.345,19.985,11.55,24.205,30.67,20.955,21.395,36.31,37.935,38.13,38.69,27.515,19.915,28.03,24.82,26.13,37.03,40.965,31.335,18.88,38.17,38.56,24.14,17.395,33.405,34.64
4,8,2014,2,18.435,23.095,21.61,26.255,23.385,26.84,25.345,19.985,11.55,24.205,30.67,20.955,21.395,36.31,37.935,38.13,38.69,27.515,19.915,28.03,24.82,26.13,37.03,40.965,31.335,18.88,38.17,38.56,24.14,17.395,33.405
4,9,2014,3,15.48,18.435,23.095,21.61,26.255,23.385,26.84,25.345,19.985,11.55,24.205,30.67,20.955,21.395,36.31,37.935,38.13,38.69,27.515,19.915,28.03,24.82,26.13,37.03,40.965,31.335,18.88,38.17,38.56,24.14,17.395
4,10,2014,4,10.27,15.48,18.435,23.095,21.61,26.255,23.385,26.84,25.345,19.985,11.55,24.205,30.67,20.955,21.395,36.31,37.935,38.13,38.69,27.515,19.915,28.03,24.82,26.13,37.03,40.965,31.335,18.88,38.17,38.56,24.14
4,11,2014,5,10.49,10.27,15.48,18.435,23.095,21.61,26.255,23.385,26.84,25.345,19.985,11.55,24.205,30.67,20.955,21.395,36.31,37.935,38.13,38.69,27.515,19.915,28.03,24.82,26.13,37.03,40.965,31.335,18.88,38.17,38.56
4,12,2014,6,0.935,10.49,10.27,15.48,18.435,23.095,21.61,26.255,23.385,26.84,25.345,19.985,11.55,24.205,30.67,20.955,21.395,36.31,37.935,38.13,38.69,27.515,19.915,28.03,24.82,26.13,37.03,40.965,31.335,18.88,38.17
4,13,2014,7,6.5,0.935,10.49,10.27,15.48,18.435,23.095,21.61,26.255,23.385,26.84,25.345,19.985,11.55,24.205,30.67,20.955,21.395,36.31,37.935,38.13,38.69,27.515,19.915,28.03,24.82,26.13,37.03,40.965,31.335,18.88
4,14,2014,1,16.72,6.5,0.935,10.49,10.27,15.48,18.435,23.095,21.61,26.255,23.385,26.84,25.345,19.985,11.55,24.205,30.67,20.955,21.395,36.31,37.935,38.13,38.69,27.515,19.915,28.03,24.82,26.13,37.03,40.965,31.335
4,15,2014,2,34.09,16.72,6.5,0.935,10.49,10.27,15.48,18.435,23.095,21.61,26.255,23.385,26.84,25.345,19.985,11.55,24.205,30.67,20.955,21.395,36.31,37.935,38.13,38.69,27.515,19.915,28.03,24.82,26.13,37.03,40.965
4,16,2014,3,24.385,34.09,16.72,6.5,0.935,10.49,10.27,15.48,18.435,23.095,21.61,26.255,23.385,26.84,25.345,19.985,11.55,24.205,30.67,20.955,21.395,36.31,37.935,38.13,38.69,27.515,19.915,28.03,24.82,26.13,37.03
4,17,2014,4,13.645,24.385,34.09,16.72,6.5,0.935,10.49,10.27,15.48,18.435,23.095,21.61,26.255,23.385,26.84,25.345,19.985,11.55,24.205,30.67,20.955,21.395,36.31,37.935,38.13,38.69,27.515,19.915,28.03,24.82,26.13
4,18,2014,5,21.75,13.645,24.385,34.09,16.72,6.5,0.935,10.49,10.27,15.48,18.435,23.095,21.61,26.255,23.385,26.84,25.345,19.985,11.55,24.205,30.67,20.955,21.395,36.31,37.935,38.13,38.69,27.515,19.915,28.03,24.82
4,19,2014,6,18.515,21.75,13.645,24.385,34.09,16.72,6.5,0.935,10.49,10.27,15.48,18.435,23.095,21.61,26.255,23.385,26.84,25.345,19.985,11.55,24.205,30.67,20.955,21.395,36.31,37.935,38.13,38.69,27.515,19.915,28.03
4,20,2014,7,4.57,18.515,21.75,13.645,24.385,34.09,16.72,6.5,0.935,10.49,10.27,15.48,18.435,23.095,21.61,26.255,23.385,26.84,25.345,19.985,11.55,24.205,30.67,20.955,21.395,36.31,37.935,38.13,38.69,27.515,19.915
4,21,2014,1,-2.465,4.57,18.515,21.75,13.645,24.385,34.09,16.72,6.5,0.935,10.49,10.27,15.48,18.435,23.095,21.61,26.255,23.385,26.84,25.345,19.985,11.55,24.205,30.67,20.955,21.395,36.31,37.935,38.13,38.69,27.515
4,22,2014,2,14.595,-2.465,4.57,18.515,21.75,13.645,24.385,34.09,16.72,6.5,0.935,10.49,10.27,15.48,18.435,23.095,21.61,26.255,23.385,26.84,25.345,19.985,11.55,24.205,30.67,20.955,21.395,36.31,37.935,38.13,38.69
4,23,2014,3,24.48,14.595,-2.465,4.57,18.515,21.75,13.645,24.385,34.09,16.72,6.5,0.935,10.49,10.27,15.48,18.435,23.095,21.61,26.255,23.385,26.84,25.345,19.985,11.55,24.205,30.67,20.955,21.395,36.31,37.935,38.13
4,24,2014,4,14.46,24.48,14.595,-2.465,4.57,18.515,21.75,13.645,24.385,34.09,16.72,6.5,0.935,10.49,10.27,15.48,18.435,23.095,21.61,26.255,23.385,26.84,25.345,19.985,11.55,24.205,30.67,20.955,21.395,36.31,37.935
4,25,2014,5,8.0,14.46,24.48,14.595,-2.465,4.57,18.515,21.75,13.645,24.385,34.09,16.72,6.5,0.935,10.49,10.27,15.48,18.435,23.095,21.61,26.255,23.385,26.84,25.345,19.985,11.55,24.205,30.67,20.955,21.395,36.31
4,26,2014,6,14.725,8.0,14.46,24.48,14.595,-2.465,4.57,18.515,21.75,13.645,24.385,34.09,16.72,6.5,0.935,10.49,10.27,15.48,18.435,23.095,21.61,26.255,23.385,26.84,25.345,19.985,11.55,24.205,30.67,20.955,21.395
4,27,2014,7,16.085,14.725,8.0,14.46,24.48,14.595,-2.465,4.57,18.515,21.75,13.645,24.385,34.09,16.72,6.5,0.935,10.49,10.27,15.48,18.435,23.095,21.61,26.255,23.385,26.84,25.345,19.985,11.55,24.205,30.67,20.955
4,28,2014,1,14.86,16.085,14.725,8.0,14.46,24.48,14.595,-2.465,4.57,18.515,21.75,13.645,24.385,34.09,16.72,6.5,0.935,10.49,10.27,15.48,18.435,23.095,21.61,26.255,23.385,26.84,25.345,19.985,11.55,24.205,30.67
4,29,2014,2,9.97,14.86,16.085,14.725,8.0,14.46,24.48,14.595,-2.465,4.57,18.515,21.75,13.645,24.385,34.09,16.72,6.5,0.935,10.49,10.27,15.48,18.435,23.095,21.61,26.255,23.385,26.84,25.345,19.985,11.55,24.205
4,30,2014,3,15.755,9.97,14.86,16.085,14.725,8.0,14.46,24.48,14.595,-2.465,4.57,18.515,21.75,13.645,24.385,34.09,16.72,6.5,0.935,10.49,10.27,15.48,18.435,23.095,21.61,26.255,23.385,26.84,25.345,19.985,11.55
5,1,2014,4,18.92,15.755,9.97,14.86,16.085,14.725,8.0,14.46,24.48,14.595,-2.465,4.57,18.515,21.75,13.645,24.385,34.09,16.72,6.5,0.935,10.49,10.27,15.48,18.435,23.095,21.61,26.255,23.385,26.84,25.345,19.985
5,2,2014,5,15.285,18.92,15.755,9.97,14.86,16.085,14.725,8.0,14.46,24.48,14.595,-2.465,4.57,18.515,21.75,13.645,24.385,34.09,16.72,6.5,0.935,10.49,10.27,15.48,18.435,23.095,21.61,26.255,23.385,26.84,25.345
5,3,2014,6,7.76,15.285,18.92,15.755,9.97,14.86,16.085,14.725,8.0,14.46,24.48,14.595,-2.465,4.57,18.515,21.75,13.645,24.385,34.09,16.72,6.5,0.935,10.49,10.27,15.48,18.435,23.095,21.61,26.255,23.385,26.84
5,4,2014,7,11.515,7.76,15.285,18.92,15.755,9.97,14.86,16.085,14.725,8.0,14.46,24.48,14.595,-2.465,4.57,18.515,21.75,13.645,24.385,34.09,16.72,6.5,0.935,10.49,10.27,15.48,18.435,23.095,21.61,26.255,23.385
5,5,2014,1,17.475,11.515,7.76,15.285,18.92,15.755,9.97,14.86,16.085,14.725,8.0,14.46,24.48,14.595,-2.465,4.57,18.515,21.75,13.645,24.385,34.09,16.72,6.5,0.935,10.49,10.27,15.48,18.435,23.095,21.61,26.255
5,6,2014,2,14.19,17.475,11.515,7.76,15.285,18.92,15.755,9.97,14.86,16.085,14.725,8.0,14.46,24.48,14.595,-2.465,4.57,18.515,21.75,13.645,24.385,34.09,16.72,6.5,0.935,10.49,10.27,15.48,18.435,23.095,21.61
5,7,2014,3,3.56,14.19,17.475,11.515,7.76,15.285,18.92,15.755,9.97,14.86,16.085,14.725,8.0,14.46,24.48,14.595,-2.465,4.57,18.515,21.75,13.645,24.385,34.09,16.72,6.5,0.935,10.49,10.27,15.48,18.435,23.095
5,8,2014,4,-8.84,3.56,14.19,17.475,11.515,7.76,15.285,18.92,15.755,9.97,14.86,16.085,14.725,8.0,14.46,24.48,14.595,-2.465,4.57,18.515,21.75,13.645,24.385,34.09,16.72,6.5,0.935,10.49,10.27,15.48,18.435
5,9,2014,5,-1.185,-8.84,3.56,14.19,17.475,11.515,7.76,15.285,18.92,15.755,9.97,14.86,16.085,14.725,8.0,14.46,24.48,14.595,-2.465,4.57,18.515,21.75,13.645,24.385,34.09,16.72,6.5,0.935,10.49,10.27,15.48
5,10,2014,6,2.19,-1.185,-8.84,3.56,14.19,17.475,11.515,7.76,15.285,18.92,15.755,9.97,14.86,16.085,14.725,8.0,14.46,24.48,14.595,-2.465,4.57,18.515,21.75,13.645,24.385,34.09,16.72,6.5,0.935,10.49,10.27
5,11,2014,7,-6.75,2.19,-1.185,-8.84,3.56,14.19,17.475,11.515,7.76,15.285,18.92,15.755,9.97,14.86,16.085,14.725,8.0,14.46,24.48,14.595,-2.465,4.57,18.515,21.75,13.645,24.385,34.09,16.72,6.5,0.935,10.49
5,12,2014,1,-8.125,-6.75,2.19,-1.185,-8.84,3.56,14.19,17.475,11.515,7.76,15.285,18.92,15.755,9.97,14.86,16.085,14.725,8.0,14.46,24.48,14.595,-2.465,4.57,18.515,21.75,13.645,24.385,34.09,16.72,6.5,0.935
5,13,2014,2,3.0,-8.125,-6.75,2.19,-1.185,-8.84,3.56,14.19,17.475,11.515,7.76,15.285,18.92,15.755,9.97,14.86,16.085,14.725,8.0,14.46,24.48,14.595,-2.465,4.57,18.515,21.75,13.645,24.385,34.09,16.72,6.5
5,14,2014,3,15.065,3.0,-8.125,-6.75,2.19,-1.185,-8.84,3.56,14.19,17.475,11.515,7.76,15.285,18.92,15.755,9.97,14.86,16.085,14.725,8.0,14.46,24.48,14.595,-2.465,4.57,18.515,21.75,13.645,24.385,34.09,16.72
5,15,2014,4,19.32,15.065,3.0,-8.125,-6.75,2.19,-1.185,-8.84,3.56,14.19,17.475,11.515,7.76,15.285,18.92,15.755,9.97,14.86,16.085,14.725,8.0,14.46,24.48,14.595,-2.465,4.57,18.515,21.75,13.645,24.385,34.09
5,16,2014,5,23.8,19.32,15.065,3.0,-8.125,-6.75,2.19,-1.185,-8.84,3.56,14.19,17.475,11.515,7.76,15.285,18.92,15.755,9.97,14.86,16.085,14.725,8.0,14.46,24.48,14.595,-2.465,4.57,18.515,21.75,13.645,24.385
5,17,2014,6,15.225,23.8,19.32,15.065,3.0,-8.125,-6.75,2.19,-1.185,-8.84,3.56,14.19,17.475,11.515,7.76,15.285,18.92,15.755,9.97,14.86,16.085,14.725,8.0,14.46,24.48,14.595,-2.465,4.57,18.515,21.75,13.645
5,18,2014,7,7.08,15.225,23.8,19.32,15.065,3.0,-8.125,-6.75,2.19,-1.185,-8.84,3.56,14.19,17.475,11.515,7.76,15.285,18.92,15.755,9.97,14.86,16.085,14.725,8.0,14.46,24.48,14.595,-2.465,4.57,18.515,21.75
5,19,2014,1,5.36,7.08,15.225,23.8,19.32,15.065,3.0,-8.125,-6.75,2.19,-1.185,-8.84,3.56,14.19,17.475,11.515,7.76,15.285,18.92,15.755,9.97,14.86,16.085,14.725,8.0,14.46,24.48,14.595,-2.465,4.57,18.515
5,20,2014,2,-8.135,5.36,7.08,15.225,23.8,19.32,15.065,3.0,-8.125,-6.75,2.19,-1.185,-8.84,3.56,14.19,17.475,11.515,7.76,15.285,18.92,15.755,9.97,14.86,16.085,14.725,8.0,14.46,24.48,14.595,-2.465,4.57
5,21,2014,3,-5.085,-8.135,5.36,7.08,15.225,23.8,19.32,15.065,3.0,-8.125,-6.75,2.19,-1.185,-8.84,3.56,14.19,17.475,11.515,7.76,15.285,18.92,15.755,9.97,14.86,16.085,14.725,8.0,14.46,24.48,14.595,-2.465
5,22,2014,4,5.305,-5.085,-8.135,5.36,7.08,15.225,23.8,19.32,15.065,3.0,-8.125,-6.75,2.19,-1.185,-8.84,3.56,14.19,17.475,11.515,7.76,15.285,18.92,15.755,9.97,14.86,16.085,14.725,8.0,14.46,24.48,14.595
5,23,2014,5,9.485,5.305,-5.085,-8.135,5.36,7.08,15.225,23.8,19.32,15.065,3.0,-8.125,-6.75,2.19,-1.185,-8.84,3.56,14.19,17.475,11.515,7.76,15.285,18.92,15.755,9.97,14.86,16.085,14.725,8.0,14.46,24.48
5,24,2014,6,7.51,9.485,5.305,-5.085,-8.135,5.36,7.08,15.225,23.8,19.32,15.065,3.0,-8.125,-6.75,2.19,-1.185,-8.84,3.56,14.19,17.475,11.515,7.76,15.285,18.92,15.755,9.97,14.86,16.085,14.725,8.0,14.46
5,25,2014,7,0.03,7.51,9.485,5.305,-5.085,-8.135,5.36,7.08,15.225,23.8,19.32,15.065,3.0,-8.125,-6.75,2.19,-1.185,-8.84,3.56,14.19,17.475,11.515,7.76,15.285,18.92,15.755,9.97,14.86,16.085,14.725,8.0
5,26,2014,1,-9.63,0.03,7.51,9.485,5.305,-5.085,-8.135,5.36,7.08,15.225,23.8,19.32,15.065,3.0,-8.125,-6.75,2.19,-1.185,-8.84,3.56,14.19,17.475,11.515,7.76,15.285,18.92,15.755,9.97,14.86,16.085,14.725
5,27,2014,2,-6.22,-9.63,0.03,7.51,9.485,5.305,-5.085,-8.135,5.36,7.08,15.225,23.8,19.32,15.065,3.0,-8.125,-6.75,2.19,-1.185,-8.84,3.56,14.19,17.475,11.515,7.76,15.285,18.92,15.755,9.97,14.86,16.085
5,28,2014,3,7.065,-6.22,-9.63,0.03,7.51,9.485,5.305,-5.085,-8.135,5.36,7.08,15.225,23.8,19.32,15.065,3.0,-8.125,-6.75,2.19,-1.185,-8.84,3.56,14.19,17.475,11.515,7.76,15.285,18.92,15.755,9.97,14.86
5,29,2014,4,5.5,7.065,-6.22,-9.63,0.03,7.51,9.485,5.305,-5.085,-8.135,5.36,7.08,15.225,23.8,19.32,15.065,3.0,-8.125,-6.75,2.19,-1.185,-8.84,3.56,14.19,17.475,11.515,7.76,15.285,18.92,15.755,9.97
5,30,2014,5,3.29,5.5,7.065,-6.22,-9.63,0.03,7.51,9.485,5.305,-5.085,-8.135,5.36,7.08,15.225,23.8,19.32,15.065,3.0,-8.125,-6.75,2.19,-1.185,-8.84,3.56,14.19,17.475,11.515,7.76,15.285,18.92,15.755
5,31,2014,6,-2.915,3.29,5.5,7.065,-6.22,-9.63,0.03,7.51,9.485,5.305,-5.085,-8.135,5.36,7.08,15.225,23.8,19.32,15.065,3.0,-8.125,-6.75,2.19,-1.185,-8.84,3.56,14.19,17.475,11.515,7.76,15.285,18.92
6,1,2014,7,-11.52,-2.915,3.29,5.5,7.065,-6.22,-9.63,0.03,7.51,9.485,5.305,-5.085,-8.135,5.36,7.08,15.225,23.8,19.32,15.065,3.0,-8.125,-6.75,2.19,-1.185,-8.84,3.56,14.19,17.475,11.515,7.76,15.285
6,2,2014,1,-12.035,-11.52,-2.915,3.29,5.5,7.065,-6.22,-9.63,0.03,7.51,9.485,5.305,-5.085,-8.135,5.36,7.08,15.225,23.8,19.32,15.065,3.0,-8.125,-6.75,2.19,-1.185,-8.84,3.56,14.19,17.475,11.515,7.76
6,3,2014,2,-6.665,-12.035,-11.52,-2.915,3.29,5.5,7.065,-6.22,-9.63,0.03,7.51,9.485,5.305,-5.085,-8.135,5.36,7.08,15.225,23.8,19.32,15.065,3.0,-8.125,-6.75,2.19,-1.185,-8.84,3.56,14.19,17.475,11.515
6,4,2014,3,2.56,-6.665,-12.035,-11.52,-2.915,3.29,5.5,7.065,-6.22,-9.63,0.03,7.51,9.485,5.305,-5.085,-8.135,5.36,7.08,15.225,23.8,19.32,15.065,3.0,-8.125,-6.75,2.19,-1.185,-8.84,3.56,14.19,17.475
6,5,2014,4,3.745,2.56,-6.665,-12.035,-11.52,-2.915,3.29,5.5,7.065,-6.22,-9.63,0.03,7.51,9.485,5.305,-5.085,-8.135,5.36,7.08,15.225,23.8,19.32,15.065,3.0,-8.125,-6.75,2.19,-1.185,-8.84,3.56,14.19
6,6,2014,5,1.115,3.745,2.56,-6.665,-12.035,-11.52,-2.915,3.29,5.5,7.065,-6.22,-9.63,0.03,7.51,9.485,5.305,-5.085,-8.135,5.36,7.08,15.225,23.8,19.32,15.065,3.0,-8.125,-6.75,2.19,-1.185,-8.84,3.56
6,7,2014,6,-4.99,1.115,3.745,2.56,-6.665,-12.035,-11.52,-2.915,3.29,5.5,7.065,-6.22,-9.63,0.03,7.51,9.485,5.305,-5.085,-8.135,5.36,7.08,15.225,23.8,19.32,15.065,3.0,-8.125,-6.75,2.19,-1.185,-8.84
6,8,2014,7,5.73,-4.99,1.115,3.745,2.56,-6.665,-12.035,-11.52,-2.915,3.29,5.5,7.065,-6.22,-9.63,0.03,7.51,9.485,5.305,-5.085,-8.135,5.36,7.08,15.225,23.8,19.32,15.065,3.0,-8.125,-6.75,2.19,-1.185
6,9,2014,1,4.44,5.73,-4.99,1.115,3.745,2.56,-6.665,-12.035,-11.52,-2.915,3.29,5.5,7.065,-6.22,-9.63,0.03,7.51,9.485,5.305,-5.085,-8.135,5.36,7.08,15.225,23.8,19.32,15.065,3.0,-8.125,-6.75,2.19
6,10,2014,2,5.86,4.44,5.73,-4.99,1.115,3.745,2.56,-6.665,-12.035,-11.52,-2.915,3.29,5.5,7.065,-6.22,-9.63,0.03,7.51,9.485,5.305,-5.085,-8.135,5.36,7.08,15.225,23.8,19.32,15.065,3.0,-8.125,-6.75
6,11,2014,3,3.85,5.86,4.44,5.73,-4.99,1.115,3.745,2.56,-6.665,-12.035,-11.52,-2.915,3.29,5.5,7.065,-6.22,-9.63,0.03,7.51,9.485,5.305,-5.085,-8.135,5.36,7.08,15.225,23.8,19.32,15.065,3.0,-8.125
6,12,2014,4,-4.815,3.85,5.86,4.44,5.73,-4.99,1.115,3.745,2.56,-6.665,-12.035,-11.52,-2.915,3.29,5.5,7.065,-6.22,-9.63,0.03,7.51,9.485,5.305,-5.085,-8.135,5.36,7.08,15.225,23.8,19.32,15.065,3.0
6,13,2014,5,3.37,-4.815,3.85,5.86,4.44,5.73,-4.99,1.115,3.745,2.56,-6.665,-12.035,-11.52,-2.915,3.29,5.5,7.065,-6.22,-9.63,0.03,7.51,9.485,5.305,-5.085,-8.135,5.36,7.08,15.225,23.8,19.32,15.065
6,14,2014,6,-0.765,3.37,-4.815,3.85,5.86,4.44,5.73,-4.99,1.115,3.745,2.56,-6.665,-12.035,-11.52,-2.915,3.29,5.5,7.065,-6.22,-9.63,0.03,7.51,9.485,5.305,-5.085,-8.135,5.36,7.08,15.225,23.8,19.32
6,15,2014,7,-7.94,-0.765,3.37,-4.815,3.85,5.86,4.44,5.73,-4.99,1.115,3.745,2.56,-6.665,-12.035,-11.52,-2.915,3.29,5.5,7.065,-6.22,-9.63,0.03,7.51,9.485,5.305,-5.085,-8.135,5.36,7.08,15.225,23.8
6,16,2014,1,-11.275,-7.94,-0.765,3.37,-4.815,3.85,5.86,4.44,5.73,-4.99,1.115,3.745,2.56,-6.665,-12.035,-11.52,-2.915,3.29,5.5,7.065,-6.22,-9.63,0.03,7.51,9.485,5.305,-5.085,-8.135,5.36,7.08,15.225
6,17,2014,2,-16.065,-11.275,-7.94,-0.765,3.37,-4.815,3.85,5.86,4.44,5.73,-4.99,1.115,3.745,2.56,-6.665,-12.035,-11.52,-2.915,3.29,5.5,7.065,-6.22,-9.63,0.03,7.51,9.485,5.305,-5.085,-8.135,5.36,7.08
6,18,2014,3,-5.76,-16.065,-11.275,-7.94,-0.765,3.37,-4.815,3.85,5.86,4.44,5.73,-4.99,1.115,3.745,2.56,-6.665,-12.035,-11.52,-2.915,3.29,5.5,7.065,-6.22,-9.63,0.03,7.51,9.485,5.305,-5.085,-8.135,5.36
6,19,2014,4,-0.54,-5.76,-16.065,-11.275,-7.94,-0.765,3.37,-4.815,3.85,5.86,4.44,5.73,-4.99,1.115,3.745,2.56,-6.665,-12.035,-11.52,-2.915,3.29,5.5,7.065,-6.22,-9.63,0.03,7.51,9.485,5.305,-5.085,-8.135
6,20,2014,5,-7.49,-0.54,-5.76,-16.065,-11.275,-7.94,-0.765,3.37,-4.815,3.85,5.86,4.44,5.73,-4.99,1.115,3.745,2.56,-6.665,-12.035,-11.52,-2.915,3.29,5.5,7.065,-6.22,-9.63,0.03,7.51,9.485,5.305,-5.085
6,21,2014,6,-3.78,-7.49,-0.54,-5.76,-16.065,-11.275,-7.94,-0.765,3.37,-4.815,3.85,5.86,4.44,5.73,-4.99,1.115,3.745,2.56,-6.665,-12.035,-11.52,-2.915,3.29,5.5,7.065,-6.22,-9.63,0.03,7.51,9.485,5.305
6,22,2014,7,-1.28,-3.78,-7.49,-0.54,-5.76,-16.065,-11.275,-7.94,-0.765,3.37,-4.815,3.85,5.86,4.44,5.73,-4.99,1.115,3.745,2.56,-6.665,-12.035,-11.52,-2.915,3.29,5.5,7.065,-6.22,-9.63,0.03,7.51,9.485
6,23,2014,1,-6.04,-1.28,-3.78,-7.49,-0.54,-5.76,-16.065,-11.275,-7.94,-0.765,3.37,-4.815,3.85,5.86,4.44,5.73,-4.99,1.115,3.745,2.56,-6.665,-12.035,-11.52,-2.915,3.29,5.5,7.065,-6.22,-9.63,0.03,7.51
6,24,2014,2,-9.87,-6.04,-1.28,-3.78,-7.49,-0.54,-5.76,-16.065,-11.275,-7.94,-0.765,3.37,-4.815,3.85,5.86,4.44,5.73,-4.99,1.115,3.745,2.56,-6.665,-12.035,-11.52,-2.915,3.29,5.5,7.065,-6.22,-9.63,0.03
6,25,2014,3,-0.045,-9.87,-6.04,-1.28,-3.78,-7.49,-0.54,-5.76,-16.065,-11.275,-7.94,-0.765,3.37,-4.815,3.85,5.86,4.44,5.73,-4.99,1.115,3.745,2.56,-6.665,-12.035,-11.52,-2.915,3.29,5.5,7.065,-6.22,-9.63
6,26,2014,4,2.175,-0.045,-9.87,-6.04,-1.28,-3.78,-7.49,-0.54,-5.76,-16.065,-11.275,-7.94,-0.765,3.37,-4.815,3.85,5.86,4.44,5.73,-4.99,1.115,3.745,2.56,-6.665,-12.035,-11.52,-2.915,3.29,5.5,7.065,-6.22
6,27,2014,5,-7.985,2.175,-0.045,-9.87,-6.04,-1.28,-3.78,-7.49,-0.54,-5.76,-16.065,-11.275,-7.94,-0.765,3.37,-4.815,3.85,5.86,4.44,5.73,-4.99,1.115,3.745,2.56,-6.665,-12.035,-11.52,-2.915,3.29,5.5,7.065
6,28,2014,6,-12.495,-7.985,2.175,-0.045,-9.87,-6.04,-1.28,-3.78,-7.49,-0.54,-5.76,-16.065,-11.275,-7.94,-0.765,3.37,-4.815,3.85,5.86,4.44,5.73,-4.99,1.115,3.745,2.56,-6.665,-12.035,-11.52,-2.915,3.29,5.5
6,29,2014,7,-13.08,-12.495,-7.985,2.175,-0.045,-9.87,-6.04,-1.28,-3.78,-7.49,-0.54,-5.76,-16.065,-11.275,-7.94,-0.765,3.37,-4.815,3.85,5.86,4.44,5.73,-4.99,1.115,3.745,2.56,-6.665,-12.035,-11.52,-2.915,3.29
6,30,2014,1,-10.59,-13.08,-12.495,-7.985,2.175,-0.045,-9.87,-6.04,-1.28,-3.78,-7.49,-0.54,-5.76,-16.065,-11.275,-7.94,-0.765,3.37,-4.815,3.85,5.86,4.44,5.73,-4.99,1.115,3.745,2.56,-6.665,-12.035,-11.52,-2.915
7,1,2014,2,-8.585,-10.59,-13.08,-12.495,-7.985,2.175,-0.045,-9.87,-6.04,-1.28,-3.78,-7.49,-0.54,-5.76,-16.065,-11.275,-7.94,-0.765,3.37,-4.815,3.85,5.86,4.44,5.73,-4.99,1.115,3.745,2.56,-6.665,-12.035,-11.52
7,2,2014,3,0.465,-8.585,-10.59,-13.08,-12.495,-7.985,2.175,-0.045,-9.87,-6.04,-1.28,-3.78,-7.49,-0.54,-5.76,-16.065,-11.275,-7.94,-0.765,3.37,-4.815,3.85,5.86,4.44,5.73,-4.99,1.115,3.745,2.56,-6.665,-12.035
7,3,2014,4,0.83,0.465,-8.585,-10.59,-13.08,-12.495,-7.985,2.175,-0.045,-9.87,-6.04,-1.28,-3.78,-7.49,-0.54,-5.76,-16.065,-11.275,-7.94,-0.765,3.37,-4.815,3.85,5.86,4.44,5.73,-4.99,1.115,3.745,2.56,-6.665
7,4,2014,5,-1.365,0.83,0.465,-8.585,-10.59,-13.08,-12.495,-7.985,2.175,-0.045,-9.87,-6.04,-1.28,-3.78,-7.49,-0.54,-5.76,-16.065,-11.275,-7.94,-0.765,3.37,-4.815,3.85,5.86,4.44,5.73,-4.99,1.115,3.745,2.56
7,5,2014,6,-4.63,-1.365,0.83,0.465,-8.585,-10.59,-13.08,-12.495,-7.985,2.175,-0.045,-9.87,-6.04,-1.28,-3.78,-7.49,-0.54,-5.76,-16.065,-11.275,-7.94,-0.765,3.37,-4.815,3.85,5.86,4.44,5.73,-4.99,1.115,3.745
7,6,2014,7,-9.935,-4.63,-1.365,0.83,0.465,-8.585,-10.59,-13.08,-12.495,-7.985,2.175,-0.045,-9.87,-6.04,-1.28,-3.78,-7.49,-0.54,-5.76,-16.065,-11.275,-7.94,-0.765,3.37,-4.815,3.85,5.86,4.44,5.73,-4.99,1.115
7,7,2014,1,-11.715,-9.935,-4.63,-1.365,0.83,0.465,-8.585,-10.59,-13.08,-12.495,-7.985,2.175,-0.045,-9.87,-6.04,-1.28,-3.78,-7.49,-0.54,-5.76,-16.065,-11.275,-7.94,-0.765,3.37,-4.815,3.85,5.86,4.44,5.73,-4.99
7,8,2014,2,-10.355,-11.715,-9.935,-4.63,-1.365,0.83,0.465,-8.585,-10.59,-13.08,-12.495,-7.985,2.175,-0.045,-9.87,-6.04,-1.28,-3.78,-7.49,-0.54,-5.76,-16.065,-11.275,-7.94,-0.765,3.37,-4.815,3.85,5.86,4.44,5.73
7,9,2014,3,-3.87,-10.355,-11.715,-9.935,-4.63,-1.365,0.83,0.465,-8.585,-10.59,-13.08,-12.495,-7.985,2.175,-0.045,-9.87,-6.04,-1.28,-3.78,-7.49,-0.54,-5.76,-16.065,-11.275,-7.94,-0.765,3.37,-4.815,3.85,5.86,4.44
7,10,2014,4,-2.505,-3.87,-10.355,-11.715,-9.935,-4.63,-1.365,0.83,0.465,-8.585,-10.59,-13.08,-12.495,-7.985,2.175,-0.045,-9.87,-6.04,-1.28,-3.78,-7.49,-0.54,-5.76,-16.065,-11.275,-7.94,-0.765,3.37,-4.815,3.85,5.86
7,11,2014,5,-4.525,-2.505,-3.87,-10.355,-11.715,-9.935,-4.63,-1.365,0.83,0.465,-8.585,-10.59,-13.08,-12.495,-7.985,2.175,-0.045,-9.87,-6.04,-1.28,-3.78,-7.49,-0.54,-5.76,-16.065,-11.275,-7.94,-0.765,3.37,-4.815,3.85
7,12,2014,6,-10.065,-4.525,-2.505,-3.87,-10.355,-11.715,-9.935,-4.63,-1.365,0.83,0.465,-8.585,-10.59,-13.08,-12.495,-7.985,2.175,-0.045,-9.87,-6.04,-1.28,-3.78,-7.49,-0.54,-5.76,-16.065,-11.275,-7.94,-0.765,3.37,-4.815
7,13,2014,7,-12.955,-10.065,-4.525,-2.505,-3.87,-10.355,-11.715,-9.935,-4.63,-1.365,0.83,0.465,-8.585,-10.59,-13.08,-12.495,-7.985,2.175,-0.045,-9.87,-6.04,-1.28,-3.78,-7.49,-0.54,-5.76,-16.065,-11.275,-7.94,-0.765,3.37
7,14,2014,1,-5.685,-12.955,-10.065,-4.525,-2.505,-3.87,-10.355,-11.715,-9.935,-4.63,-1.365,0.83,0.465,-8.585,-10.59,-13.08,-12.495,-7.985,2.175,-0.045,-9.87,-6.04,-1.28,-3.78,-7.49,-0.54,-5.76,-16.065,-11.275,-7.94,-0.765
7,15,2014,2,2.82,-5.685,-12.955,-10.065,-4.525,-2.505,-3.87,-10.355,-11.715,-9.935,-4.63,-1.365,0.83,0.465,-8.585,-10.59,-13.08,-12.495,-7.985,2.175,-0.045,-9.87,-6.04,-1.28,-3.78,-7.49,-0.54,-5.76,-16.065,-11.275,-7.94
7,16,2014,3,2.485,2.82,-5.685,-12.955,-10.065,-4.525,-2.505,-3.87,-10.355,-11.715,-9.935,-4.63,-1.365,0.83,0.465,-8.585,-10.59,-13.08,-12.495,-7.985,2.175,-0.045,-9.87,-6.04,-1.28,-3.78,-7.49,-0.54,-5.76,-16.065,-11.275
7,17,2014,4,-0.815,2.485,2.82,-5.685,-12.955,-10.065,-4.525,-2.505,-3.87,-10.355,-11.715,-9.935,-4.63,-1.365,0.83,0.465,-8.585,-10.59,-13.08,-12.495,-7.985,2.175,-0.045,-9.87,-6.04,-1.28,-3.78,-7.49,-0.54,-5.76,-16.065
7,18,2014,5,-4.075,-0.815,2.485,2.82,-5.685,-12.955,-10.065,-4.525,-2.505,-3.87,-10.355,-11.715,-9.935,-4.63,-1.365,0.83,0.465,-8.585,-10.59,-13.08,-12.495,-7.985,2.175,-0.045,-9.87,-6.04,-1.28,-3.78,-7.49,-0.54,-5.76
7,19,2014,6,-3.675,-4.075,-0.815,2.485,2.82,-5.685,-12.955,-10.065,-4.525,-2.505,-3.87,-10.355,-11.715,-9.935,-4.63,-1.365,0.83,0.465,-8.585,-10.59,-13.08,-12.495,-7.985,2.175,-0.045,-9.87,-6.04,-1.28,-3.78,-7.49,-0.54
7,20,2014,7,-6.295,-3.675,-4.075,-0.815,2.485,2.82,-5.685,-12.955,-10.065,-4.525,-2.505,-3.87,-10.355,-11.715,-9.935,-4.63,-1.365,0.83,0.465,-8.585,-10.59,-13.08,-12.495,-7.985,2.175,-0.045,-9.87,-6.04,-1.28,-3.78,-7.49
7,21,2014,1,-10.055,-6.295,-3.675,-4.075,-0.815,2.485,2.82,-5.685,-12.955,-10.065,-4.525,-2.505,-3.87,-10.355,-11.715,-9.935,-4.63,-1.365,0.83,0.465,-8.585,-10.59,-13.08,-12.495,-7.985,2.175,-0.045,-9.87,-6.04,-1.28,-3.78
7,22,2014,2,-14.425,-10.055,-6.295,-3.675,-4.075,-0.815,2.485,2.82,-5.685,-12.955,-10.065,-4.525,-2.505,-3.87,-10.355,-11.715,-9.935,-4.63,-1.365,0.83,0.465,-8.585,-10.59,-13.08,-12.495,-7.985,2.175,-0.045,-9.87,-6.04,-1.28
7,23,2014,3,-4.04,-14.425,-10.055,-6.295,-3.675,-4.075,-0.815,2.485,2.82,-5.685,-12.955,-10.065,-4.525,-2.505,-3.87,-10.355,-11.715,-9.935,-4.63,-1.365,0.83,0.465,-8.585,-10.59,-13.08,-12.495,-7.985,2.175,-0.045,-9.87,-6.04
7,24,2014,4,-0.435,-4.04,-14.425,-10.055,-6.295,-3.675,-4.075,-0.815,2.485,2.82,-5.685,-12.955,-10.065,-4.525,-2.505,-3.87,-10.355,-11.715,-9.935,-4.63,-1.365,0.83,0.465,-8.585,-10.59,-13.08,-12.495,-7.985,2.175,-0.045,-9.87
7,25,2014,5,-1.9,-0.435,-4.04,-14.425,-10.055,-6.295,-3.675,-4.075,-0.815,2.485,2.82,-5.685,-12.955,-10.065,-4.525,-2.505,-3.87,-10.355,-11.715,-9.935,-4.63,-1.365,0.83,0.465,-8.585,-10.59,-13.08,-12.495,-7.985,2.175,-0.045
7,26,2014,6,-8.51,-1.9,-0.435,-4.04,-14.425,-10.055,-6.295,-3.675,-4.075,-0.815,2.485,2.82,-5.685,-12.955,-10.065,-4.525,-2.505,-3.87,-10.355,-11.715,-9.935,-4.63,-1.365,0.83,0.465,-8.585,-10.59,-13.08,-12.495,-7.985,2.175
7,27,2014,7,-10.51,-8.51,-1.9,-0.435,-4.04,-14.425,-10.055,-6.295,-3.675,-4.075,-0.815,2.485,2.82,-5.685,-12.955,-10.065,-4.525,-2.505,-3.87,-10.355,-11.715,-9.935,-4.63,-1.365,0.83,0.465,-8.585,-10.59,-13.08,-12.495,-7.985
7,28,2014,1,0.94,-10.51,-8.51,-1.9,-0.435,-4.04,-14.425,-10.055,-6.295,-3.675,-4.075,-0.815,2.485,2.82,-5.685,-12.955,-10.065,-4.525,-2.505,-3.87,-10.355,-11.715,-9.935,-4.63,-1.365,0.83,0.465,-8.585,-10.59,-13.08,-12.495
7,29,2014,2,-1.8,0.94,-10.51,-8.51,-1.9,-0.435,-4.04,-14.425,-10.055,-6.295,-3.675,-4.075,-0.815,2.485,2.82,-5.685,-12.955,-10.065,-4.525,-2.505,-3.87,-10.355,-11.715,-9.935,-4.63,-1.365,0.83,0.465,-8.585,-10.59,-13.08
7,30,2014,3,-2.11,-1.8,0.94,-10.51,-8.51,-1.9,-0.435,-4.04,-14.425,-10.055,-6.295,-3.675,-4.075,-0.815,2.485,2.82,-5.685,-12.955,-10.065,-4.525,-2.505,-3.87,-10.355,-11.715,-9.935,-4.63,-1.365,0.83,0.465,-8.585,-10.59
7,31,2014,4,-7.75,-2.11,-1.8,0.94,-10.51,-8.51,-1.9,-0.435,-4.04,-14.425,-10.055,-6.295,-3.675,-4.075,-0.815,2.485,2.82,-5.685,-12.955,-10.065,-4.525,-2.505,-3.87,-10.355,-11.715,-9.935,-4.63,-1.365,0.83,0.465,-8.585
8,1,2014,5,-7.345,-7.75,-2.11,-1.8,0.94,-10.51,-8.51,-1.9,-0.435,-4.04,-14.425,-10.055,-6.295,-3.675,-4.075,-0.815,2.485,2.82,-5.685,-12.955,-10.065,-4.525,-2.505,-3.87,-10.355,-11.715,-9.935,-4.63,-1.365,0.83,0.465
8,2,2014,6,-4.775,-7.345,-7.75,-2.11,-1.8,0.94,-10.51,-8.51,-1.9,-0.435,-4.04,-14.425,-10.055,-6.295,-3.675,-4.075,-0.815,2.485,2.82,-5.685,-12.955,-10.065,-4.525,-2.505,-3.87,-10.355,-11.715,-9.935,-4.63,-1.365,0.83
8,3,2014,7,-9.425,-4.775,-7.345,-7.75,-2.11,-1.8,0.94,-10.51,-8.51,-1.9,-0.435,-4.04,-14.425,-10.055,-6.295,-3.675,-4.075,-0.815,2.485,2.82,-5.685,-12.955,-10.065,-4.525,-2.505,-3.87,-10.355,-11.715,-9.935,-4.63,-1.365
8,4,2014,1,-9.645,-9.425,-4.775,-7.345,-7.75,-2.11,-1.8,0.94,-10.51,-8.51,-1.9,-0.435,-4.04,-14.425,-10.055,-6.295,-3.675,-4.075,-0.815,2.485,2.82,-5.685,-12.955,-10.065,-4.525,-2.505,-3.87,-10.355,-11.715,-9.935,-4.63
8,5,2014,2,-6.2,-9.645,-9.425,-4.775,-7.345,-7.75,-2.11,-1.8,0.94,-10.51,-8.51,-1.9,-0.435,-4.04,-14.425,-10.055,-6.295,-3.675,-4.075,-0.815,2.485,2.82,-5.685,-12.955,-10.065,-4.525,-2.505,-3.87,-10.355,-11.715,-9.935
8,6,2014,3,-5.025,-6.2,-9.645,-9.425,-4.775,-7.345,-7.75,-2.11,-1.8,0.94,-10.51,-8.51,-1.9,-0.435,-4.04,-14.425,-10.055,-6.295,-3.675,-4.075,-0.815,2.485,2.82,-5.685,-12.955,-10.065,-4.525,-2.505,-3.87,-10.355,-11.715
8,7,2014,4,-6.64,-5.025,-6.2,-9.645,-9.425,-4.775,-7.345,-7.75,-2.11,-1.8,0.94,-10.51,-8.51,-1.9,-0.435,-4.04,-14.425,-10.055,-6.295,-3.675,-4.075,-0.815,2.485,2.82,-5.685,-12.955,-10.065,-4.525,-2.505,-3.87,-10.355
8,8,2014,5,-8.105,-6.64,-5.025,-6.2,-9.645,-9.425,-4.775,-7.345,-7.75,-2.11,-1.8,0.94,-10.51,-8.51,-1.9,-0.435,-4.04,-14.425,-10.055,-6.295,-3.675,-4.075,-0.815,2.485,2.82,-5.685,-12.955,-10.065,-4.525,-2.505,-3.87
8,9,2014,6,-6.715,-8.105,-6.64,-5.025,-6.2,-9.645,-9.425,-4.775,-7.345,-7.75,-2.11,-1.8,0.94,-10.51,-8.51,-1.9,-0.435,-4.04,-14.425,-10.055,-6.295,-3.675,-4.075,-0.815,2.485,2.82,-5.685,-12.955,-10.065,-4.525,-2.505
8,10,2014,7,-7.55,-6.715,-8.105,-6.64,-5.025,-6.2,-9.645,-9.425,-4.775,-7.345,-7.75,-2.11,-1.8,0.94,-10.51,-8.51,-1.9,-0.435,-4.04,-14.425,-10.055,-6.295,-3.675,-4.075,-0.815,2.485,2.82,-5.685,-12.955,-10.065,-4.525
8,11,2014,1,-7.505,-7.55,-6.715,-8.105,-6.64,-5.025,-6.2,-9.645,-9.425,-4.775,-7.345,-7.75,-2.11,-1.8,0.94,-10.51,-8.51,-1.9,-0.435,-4.04,-14.425,-10.055,-6.295,-3.675,-4.075,-0.815,2.485,2.82,-5.685,-12.955,-10.065
8,12,2014,2,-1.315,-7.505,-7.55,-6.715,-8.105,-6.64,-5.025,-6.2,-9.645,-9.425,-4.775,-7.345,-7.75,-2.11,-1.8,0.94,-10.51,-8.51,-1.9,-0.435,-4.04,-14.425,-10.055,-6.295,-3.675,-4.075,-0.815,2.485,2.82,-5.685,-12.955
8,13,2014,3,-4.015,-1.315,-7.505,-7.55,-6.715,-8.105,-6.64,-5.025,-6.2,-9.645,-9.425,-4.775,-7.345,-7.75,-2.11,-1.8,0.94,-10.51,-8.51,-1.9,-0.435,-4.04,-14.425,-10.055,-6.295,-3.675,-4.075,-0.815,2.485,2.82,-5.685
8,14,2014,4,-0.295,-4.015,-1.315,-7.505,-7.55,-6.715,-8.105,-6.64,-5.025,-6.2,-9.645,-9.425,-4.775,-7.345,-7.75,-2.11,-1.8,0.94,-10.51,-8.51,-1.9,-0.435,-4.04,-14.425,-10.055,-6.295,-3.675,-4.075,-0.815,2.485,2.82
8,15,2014,5,-0.585,-0.295,-4.015,-1.315,-7.505,-7.55,-6.715,-8.105,-6.64,-5.025,-6.2,-9.645,-9.425,-4.775,-7.345,-7.75,-2.11,-1.8,0.94,-10.51,-8.51,-1.9,-0.435,-4.04,-14.425,-10.055,-6.295,-3.675,-4.075,-0.815,2.485
8,16,2014,6,-6.795,-0.585,-0.295,-4.015,-1.315,-7.505,-7.55,-6.715,-8.105,-6.64,-5.025,-6.2,-9.645,-9.425,-4.775,-7.345,-7.75,-2.11,-1.8,0.94,-10.51,-8.51,-1.9,-0.435,-4.04,-14.425,-10.055,-6.295,-3.675,-4.075,-0.815
8,17,2014,7,-3.62,-6.795,-0.585,-0.295,-4.015,-1.315,-7.505,-7.55,-6.715,-8.105,-6.64,-5.025,-6.2,-9.645,-9.425,-4.775,-7.345,-7.75,-2.11,-1.8,0.94,-10.51,-8.51,-1.9,-0.435,-4.04,-14.425,-10.055,-6.295,-3.675,-4.075
8,18,2014,1,-7.485,-3.62,-6.795,-0.585,-0.295,-4.015,-1.315,-7.505,-7.55,-6.715,-8.105,-6.64,-5.025,-6.2,-9.645,-9.425,-4.775,-7.345,-7.75,-2.11,-1.8,0.94,-10.51,-8.51,-1.9,-0.435,-4.04,-14.425,-10.055,-6.295,-3.675
8,19,2014,2,-13.035,-7.485,-3.62,-6.795,-0.585,-0.295,-4.015,-1.315,-7.505,-7.55,-6.715,-8.105,-6.64,-5.025,-6.2,-9.645,-9.425,-4.775,-7.345,-7.75,-2.11,-1.8,0.94,-10.51,-8.51,-1.9,-0.435,-4.04,-14.425,-10.055,-6.295
8,20,2014,3,-11.71,-13.035,-7.485,-3.62,-6.795,-0.585,-0.295,-4.015,-1.315,-7.505,-7.55,-6.715,-8.105,-6.64,-5.025,-6.2,-9.645,-9.425,-4.775,-7.345,-7.75,-2.11,-1.8,0.94,-10.51,-8.51,-1.9,-0.435,-4.04,-14.425,-10.055
8,21,2014,4,-9.92,-11.71,-13.035,-7.485,-3.62,-6.795,-0.585,-0.295,-4.015,-1.315,-7.505,-7.55,-6.715,-8.105,-6.64,-5.025,-6.2,-9.645,-9.425,-4.775,-7.345,-7.75,-2.11,-1.8,0.94,-10.51,-8.51,-1.9,-0.435,-4.04,-14.425
8,22,2014,5,-13.18,-9.92,-11.71,-13.035,-7.485,-3.62,-6.795,-0.585,-0.295,-4.015,-1.315,-7.505,-7.55,-6.715,-8.105,-6.64,-5.025,-6.2,-9.645,-9.425,-4.775,-7.345,-7.75,-2.11,-1.8,0.94,-10.51,-8.51,-1.9,-0.435,-4.04
8,23,2014,6,-10.38,-13.18,-9.92,-11.71,-13.035,-7.485,-3.62,-6.795,-0.585,-0.295,-4.015,-1.315,-7.505,-7.55,-6.715,-8.105,-6.64,-5.025,-6.2,-9.645,-9.425,-4.775,-7.345,-7.75,-2.11,-1.8,0.94,-10.51,-8.51,-1.9,-0.435
8,24,2014,7,-11.585,-10.38,-13.18,-9.92,-11.71,-13.035,-7.485,-3.62,-6.795,-0.585,-0.295,-4.015,-1.315,-7.505,-7.55,-6.715,-8.105,-6.64,-5.025,-6.2,-9.645,-9.425,-4.775,-7.345,-7.75,-2.11,-1.8,0.94,-10.51,-8.51,-1.9
8,25,2014,1,-14.44,-11.585,-10.38,-13.18,-9.92,-11.71,-13.035,-7.485,-3.62,-6.795,-0.585,-0.295,-4.015,-1.315,-7.505,-7.55,-6.715,-8.105,-6.64,-5.025,-6.2,-9.645,-9.425,-4.775,-7.345,-7.75,-2.11,-1.8,0.94,-10.51,-8.51
8,26,2014,2,-10.76,-14.44,-11.585,-10.38,-13.18,-9.92,-11.71,-13.035,-7.485,-3.62,-6.795,-0.585,-0.295,-4.015,-1.315,-7.505,-7.55,-6.715,-8.105,-6.64,-5.025,-6.2,-9.645,-9.425,-4.775,-7.345,-7.75,-2.11,-1.8,0.94,-10.51
8,27,2014,3,-7.775,-10.76,-14.44,-11.585,-10.38,-13.18,-9.92,-11.71,-13.035,-7.485,-3.62,-6.795,-0.585,-0.295,-4.015,-1.315,-7.505,-7.55,-6.715,-8.105,-6.64,-5.025,-6.2,-9.645,-9.425,-4.775,-7.345,-7.75,-2.11,-1.8,0.94
8,28,2014,4,-5.09,-7.775,-10.76,-14.44,-11.585,-10.38,-13.18,-9.92,-11.71,-13.035,-7.485,-3.62,-6.795,-0.585,-0.295,-4.015,-1.315,-7.505,-7.55,-6.715,-8.105,-6.64,-5.025,-6.2,-9.645,-9.425,-4.775,-7.345,-7.75,-2.11,-1.8
8,29,2014,5,-12.145,-5.09,-7.775,-10.76,-14.44,-11.585,-10.38,-13.18,-9.92,-11.71,-13.035,-7.485,-3.62,-6.795,-0.585,-0.295,-4.015,-1.315,-7.505,-7.55,-6.715,-8.105,-6.64,-5.025,-6.2,-9.645,-9.425,-4.775,-7.345,-7.75,-2.11
8,30,2014,6,-13.43,-12.145,-5.09,-7.775,-10.76,-14.44,-11.585,-10.38,-13.18,-9.92,-11.71,-13.035,-7.485,-3.62,-6.795,-0.585,-0.295,-4.015,-1.315,-7.505,-7.55,-6.715,-8.105,-6.64,-5.025,-6.2,-9.645,-9.425,-4.775,-7.345,-7.75
8,31,2014,7,-12.0,-13.43,-12.145,-5.09,-7.775,-10.76,-14.44,-11.585,-10.38,-13.18,-9.92,-11.71,-13.035,-7.485,-3.62,-6.795,-0.585,-0.295,-4.015,-1.315,-7.505,-7.55,-6.715,-8.105,-6.64,-5.025,-6.2,-9.645,-9.425,-4.775,-7.345
9,1,2014,1,-12.73,-12.0,-13.43,-12.145,-5.09,-7.775,-10.76,-14.44,-11.585,-10.38,-13.18,-9.92,-11.71,-13.035,-7.485,-3.62,-6.795,-0.585,-0.295,-4.015,-1.315,-7.505,-7.55,-6.715,-8.105,-6.64,-5.025,-6.2,-9.645,-9.425,-4.775
9,2,2014,2,-9.615,-12.73,-12.0,-13.43,-12.145,-5.09,-7.775,-10.76,-14.44,-11.585,-10.38,-13.18,-9.92,-11.71,-13.035,-7.485,-3.62,-6.795,-0.585,-0.295,-4.015,-1.315,-7.505,-7.55,-6.715,-8.105,-6.64,-5.025,-6.2,-9.645,-9.425
9,3,2014,3,-8.925,-9.615,-12.73,-12.0,-13.43,-12.145,-5.09,-7.775,-10.76,-14.44,-11.585,-10.38,-13.18,-9.92,-11.71,-13.035,-7.485,-3.62,-6.795,-0.585,-0.295,-4.015,-1.315,-7.505,-7.55,-6.715,-8.105,-6.64,-5.025,-6.2,-9.645
9,4,2014,4,-13.125,-8.925,-9.615,-12.73,-12.0,-13.43,-12.145,-5.09,-7.775,-10.76,-14.44,-11.585,-10.38,-13.18,-9.92,-11.71,-13.035,-7.485,-3.62,-6.795,-0.585,-0.295,-4.015,-1.315,-7.505,-7.55,-6.715,-8.105,-6.64,-5.025,-6.2
9,5,2014,5,-11.09,-13.125,-8.925,-9.615,-12.73,-12.0,-13.43,-12.145,-5.09,-7.775,-10.76,-14.44,-11.585,-10.38,-13.18,-9.92,-11.71,-13.035,-7.485,-3.62,-6.795,-0.585,-0.295,-4.015,-1.315,-7.505,-7.55,-6.715,-8.105,-6.64,-5.025
9,6,2014,6,-1.555,-11.09,-13.125,-8.925,-9.615,-12.73,-12.0,-13.43,-12.145,-5.09,-7.775,-10.76,-14.44,-11.585,-10.38,-13.18,-9.92,-11.71,-13.035,-7.485,-3.62,-6.795,-0.585,-0.295,-4.015,-1.315,-7.505,-7.55,-6.715,-8.105,-6.64
9,7,2014,7,-2.01,-1.555,-11.09,-13.125,-8.925,-9.615,-12.73,-12.0,-13.43,-12.145,-5.09,-7.775,-10.76,-14.44,-11.585,-10.38,-13.18,-9.92,-11.71,-13.035,-7.485,-3.62,-6.795,-0.585,-0.295,-4.015,-1.315,-7.505,-7.55,-6.715,-8.105
9,8,2014,1,-3.555,-2.01,-1.555,-11.09,-13.125,-8.925,-9.615,-12.73,-12.0,-13.43,-12.145,-5.09,-7.775,-10.76,-14.44,-11.585,-10.38,-13.18,-9.92,-11.71,-13.035,-7.485,-3.62,-6.795,-0.585,-0.295,-4.015,-1.315,-7.505,-7.55,-6.715
9,9,2014,2,-6.875,-3.555,-2.01,-1.555,-11.09,-13.125,-8.925,-9.615,-12.73,-12.0,-13.43,-12.145,-5.09,-7.775,-10.76,-14.44,-11.585,-10.38,-13.18,-9.92,-11.71,-13.035,-7.485,-3.62,-6.795,-0.585,-0.295,-4.015,-1.315,-7.505,-7.55
9,10,2014,3,-4.55,-6.875,-3.555,-2.01,-1.555,-11.09,-13.125,-8.925,-9.615,-12.73,-12.0,-13.43,-12.145,-5.09,-7.775,-10.76,-14.44,-11.585,-10.38,-13.18,-9.92,-11.71,-13.035,-7.485,-3.62,-6.795,-0.585,-0.295,-4.015,-1.315,-7.505
9,11,2014,4,10.28,-4.55,-6.875,-3.555,-2.01,-1.555,-11.09,-13.125,-8.925,-9.615,-12.73,-12.0,-13.43,-12.145,-5.09,-7.775,-10.76,-14.44,-11.585,-10.38,-13.18,-9.92,-11.71,-13.035,-7.485,-3.62,-6.795,-0.585,-0.295,-4.015,-1.315
9,12,2014,5,13.805,10.28,-4.55,-6.875,-3.555,-2.01,-1.555,-11.09,-13.125,-8.925,-9.615,-12.73,-12.0,-13.43,-12.145,-5.09,-7.775,-10.76,-14.44,-11.585,-10.38,-13.18,-9.92,-11.71,-13.035,-7.485,-3.62,-6.795,-0.585,-0.295,-4.015
9,13,2014,6,15.955,13.805,10.28,-4.55,-6.875,-3.555,-2.01,-1.555,-11.09,-13.125,-8.925,-9.615,-12.73,-12.0,-13.43,-12.145,-5.09,-7.775,-10.76,-14.44,-11.585,-10.38,-13.18,-9.92,-11.71,-13.035,-7.485,-3.62,-6.795,-0.585,-0.295
9,14,2014,7,8.195,15.955,13.805,10.28,-4.55,-6.875,-3.555,-2.01,-1.555,-11.09,-13.125,-8.925,-9.615,-12.73,-12.0,-13.43,-12.145,-5.09,-7.775,-10.76,-14.44,-11.585,-10.38,-13.18,-9.92,-11.71,-13.035,-7.485,-3.62,-6.795,-0.585
9,15,2014,1,7.645,8.195,15.955,13.805,10.28,-4.55,-6.875,-3.555,-2.01,-1.555,-11.09,-13.125,-8.925,-9.615,-12.73,-12.0,-13.43,-12.145,-5.09,-7.775,-10.76,-14.44,-11.585,-10.38,-13.18,-9.92,-11.71,-13.035,-7.485,-3.62,-6.795
9,16,2014,2,8.95,7.645,8.195,15.955,13.805,10.28,-4.55,-6.875,-3.555,-2.01,-1.555,-11.09,-13.125,-8.925,-9.615,-12.73,-12.0,-13.43,-12.145,-5.09,-7.775,-10.76,-14.44,-11.585,-10.38,-13.18,-9.92,-11.71,-13.035,-7.485,-3.62
9,17,2014,3,6.395,8.95,7.645,8.195,15.955,13.805,10.28,-4.55,-6.875,-3.555,-2.01,-1.555,-11.09,-13.125,-8.925,-9.615,-12.73,-12.0,-13.43,-12.145,-5.09,-7.775,-10.76,-14.44,-11.585,-10.38,-13.18,-9.92,-11.71,-13.035,-7.485
9,18,2014,4,5.09,6.395,8.95,7.645,8.195,15.955,13.805,10.28,-4.55,-6.875,-3.555,-2.01,-1.555,-11.09,-13.125,-8.925,-9.615,-12.73,-12.0,-13.43,-12.145,-5.09,-7.775,-10.76,-14.44,-11.585,-10.38,-13.18,-9.92,-11.71,-13.035
9,19,2014,5,-0.38,5.09,6.395,8.95,7.645,8.195,15.955,13.805,10.28,-4.55,-6.875,-3.555,-2.01,-1.555,-11.09,-13.125,-8.925,-9.615,-12.73,-12.0,-13.43,-12.145,-5.09,-7.775,-10.76,-14.44,-11.585,-10.38,-13.18,-9.92,-11.71
9,20,2014,6,-5.24,-0.38,5.09,6.395,8.95,7.645,8.195,15.955,13.805,10.28,-4.55,-6.875,-3.555,-2.01,-1.555,-11.09,-13.125,-8.925,-9.615,-12.73,-12.0,-13.43,-12.145,-5.09,-7.775,-10.76,-14.44,-11.585,-10.38,-13.18,-9.92
9,21,2014,7,1.18,-5.24,-0.38,5.09,6.395,8.95,7.645,8.195,15.955,13.805,10.28,-4.55,-6.875,-3.555,-2.01,-1.555,-11.09,-13.125,-8.925,-9.615,-12.73,-12.0,-13.43,-12.145,-5.09,-7.775,-10.76,-14.44,-11.585,-10.38,-13.18
9,22,2014,1,8.16,1.18,-5.24,-0.38,5.09,6.395,8.95,7.645,8.195,15.955,13.805,10.28,-4.55,-6.875,-3.555,-2.01,-1.555,-11.09,-13.125,-8.925,-9.615,-12.73,-12.0,-13.43,-12.145,-5.09,-7.775,-10.76,-14.44,-11.585,-10.38
9,23,2014,2,4.53,8.16,1.18,-5.24,-0.38,5.09,6.395,8.95,7.645,8.195,15.955,13.805,10.28,-4.55,-6.875,-3.555,-2.01,-1.555,-11.09,-13.125,-8.925,-9.615,-12.73,-12.0,-13.43,-12.145,-5.09,-7.775,-10.76,-14.44,-11.585
9,24,2014,3,0.89,4.53,8.16,1.18,-5.24,-0.38,5.09,6.395,8.95,7.645,8.195,15.955,13.805,10.28,-4.55,-6.875,-3.555,-2.01,-1.555,-11.09,-13.125,-8.925,-9.615,-12.73,-12.0,-13.43,-12.145,-5.09,-7.775,-10.76,-14.44
9,25,2014,4,-0.495,0.89,4.53,8.16,1.18,-5.24,-0.38,5.09,6.395,8.95,7.645,8.195,15.955,13.805,10.28,-4.55,-6.875,-3.555,-2.01,-1.555,-11.09,-13.125,-8.925,-9.615,-12.73,-12.0,-13.43,-12.145,-5.09,-7.775,-10.76
9,26,2014,5,-0.27,-0.495,0.89,4.53,8.16,1.18,-5.24,-0.38,5.09,6.395,8.95,7.645,8.195,15.955,13.805,10.28,-4.55,-6.875,-3.555,-2.01,-1.555,-11.09,-13.125,-8.925,-9.615,-12.73,-12.0,-13.43,-12.145,-5.09,-7.775
9,27,2014,6,-0.545,-0.27,-0.495,0.89,4.53,8.16,1.18,-5.24,-0.38,5.09,6.395,8.95,7.645,8.195,15.955,13.805,10.28,-4.55,-6.875,-3.555,-2.01,-1.555,-11.09,-13.125,-8.925,-9.615,-12.73,-12.0,-13.43,-12.145,-5.09
9,28,2014,7,0.34,-0.545,-0.27,-0.495,0.89,4.53,8.16,1.18,-5.24,-0.38,5.09,6.395,8.95,7.645,8.195,15.955,13.805,10.28,-4.55,-6.875,-3.555,-2.01,-1.555,-11.09,-13.125,-8.925,-9.615,-12.73,-12.0,-13.43,-12.145
9,29,2014,1,-4.12,0.34,-0.545,-0.27,-0.495,0.89,4.53,8.16,1.18,-5.24,-0.38,5.09,6.395,8.95,7.645,8.195,15.955,13.805,10.28,-4.55,-6.875,-3.555,-2.01,-1.555,-11.09,-13.125,-8.925,-9.615,-12.73,-12.0,-13.43
9,30,2014,2,10.765,-4.12,0.34,-0.545,-0.27,-0.495,0.89,4.53,8.16,1.18,-5.24,-0.38,5.09,6.395,8.95,7.645,8.195,15.955,13.805,10.28,-4.55,-6.875,-3.555,-2.01,-1.555,-11.09,-13.125,-8.925,-9.615,-12.73,-12.0
10,1,2014,3,4.045,10.765,-4.12,0.34,-0.545,-0.27,-0.495,0.89,4.53,8.16,1.18,-5.24,-0.38,5.09,6.395,8.95,7.645,8.195,15.955,13.805,10.28,-4.55,-6.875,-3.555,-2.01,-1.555,-11.09,-13.125,-8.925,-9.615,-12.73
10,2,2014,4,-3.0,4.045,10.765,-4.12,0.34,-0.545,-0.27,-0.495,0.89,4.53,8.16,1.18,-5.24,-0.38,5.09,6.395,8.95,7.645,8.195,15.955,13.805,10.28,-4.55,-6.875,-3.555,-2.01,-1.555,-11.09,-13.125,-8.925,-9.615
10,3,2014,5,8.755,-3.0,4.045,10.765,-4.12,0.34,-0.545,-0.27,-0.495,0.89,4.53,8.16,1.18,-5.24,-0.38,5.09,6.395,8.95,7.645,8.195,15.955,13.805,10.28,-4.55,-6.875,-3.555,-2.01,-1.555,-11.09,-13.125,-8.925
10,4,2014,6,22.475,8.755,-3.0,4.045,10.765,-4.12,0.34,-0.545,-0.27,-0.495,0.89,4.53,8.16,1.18,-5.24,-0.38,5.09,6.395,8.95,7.645,8.195,15.955,13.805,10.28,-4.55,-6.875,-3.555,-2.01,-1.555,-11.09,-13.125
10,5,2014,7,17.015,22.475,8.755,-3.0,4.045,10.765,-4.12,0.34,-0.545,-0.27,-0.495,0.89,4.53,8.16,1.18,-5.24,-0.38,5.09,6.395,8.95,7.645,8.195,15.955,13.805,10.28,-4.55,-6.875,-3.555,-2.01,-1.555,-11.09
10,6,2014,1,10.275,17.015,22.475,8.755,-3.0,4.045,10.765,-4.12,0.34,-0.545,-0.27,-0.495,0.89,4.53,8.16,1.18,-5.24,-0.38,5.09,6.395,8.95,7.645,8.195,15.955,13.805,10.28,-4.55,-6.875,-3.555,-2.01,-1.555
10,7,2014,2,6.75,10.275,17.015,22.475,8.755,-3.0,4.045,10.765,-4.12,0.34,-0.545,-0.27,-0.495,0.89,4.53,8.16,1.18,-5.24,-0.38,5.09,6.395,8.95,7.645,8.195,15.955,13.805,10.28,-4.55,-6.875,-3.555,-2.01
10,8,2014,3,8.26,6.75,10.275,17.015,22.475,8.755,-3.0,4.045,10.765,-4.12,0.34,-0.545,-0.27,-0.495,0.89,4.53,8.16,1.18,-5.24,-0.38,5.09,6.395,8.95,7.645,8.195,15.955,13.805,10.28,-4.55,-6.875,-3.555
10,9,2014,4,11.195,8.26,6.75,10.275,17.015,22.475,8.755,-3.0,4.045,10.765,-4.12,0.34,-0.545,-0.27,-0.495,0.89,4.53,8.16,1.18,-5.24,-0.38,5.09,6.395,8.95,7.645,8.195,15.955,13.805,10.28,-4.55,-6.875
10,10,2014,5,14.955,11.195,8.26,6.75,10.275,17.015,22.475,8.755,-3.0,4.045,10.765,-4.12,0.34,-0.545,-0.27,-0.495,0.89,4.53,8.16,1.18,-5.24,-0.38,5.09,6.395,8.95,7.645,8.195,15.955,13.805,10.28,-4.55
10,11,2014,6,14.785,14.955,11.195,8.26,6.75,10.275,17.015,22.475,8.755,-3.0,4.045,10.765,-4.12,0.34,-0.545,-0.27,-0.495,0.89,4.53,8.16,1.18,-5.24,-0.38,5.09,6.395,8.95,7.645,8.195,15.955,13.805,10.28
10,12,2014,7,11.895,14.785,14.955,11.195,8.26,6.75,10.275,17.015,22.475,8.755,-3.0,4.045,10.765,-4.12,0.34,-0.545,-0.27,-0.495,0.89,4.53,8.16,1.18,-5.24,-0.38,5.09,6.395,8.95,7.645,8.195,15.955,13.805
10,13,2014,1,2.8,11.895,14.785,14.955,11.195,8.26,6.75,10.275,17.015,22.475,8.755,-3.0,4.045,10.765,-4.12,0.34,-0.545,-0.27,-0.495,0.89,4.53,8.16,1.18,-5.24,-0.38,5.09,6.395,8.95,7.645,8.195,15.955
10,14,2014,2,5.035,2.8,11.895,14.785,14.955,11.195,8.26,6.75,10.275,17.015,22.475,8.755,-3.0,4.045,10.765,-4.12,0.34,-0.545,-0.27,-0.495,0.89,4.53,8.16,1.18,-5.24,-0.38,5.09,6.395,8.95,7.645,8.195
10,15,2014,3,11.47,5.035,2.8,11.895,14.785,14.955,11.195,8.26,6.75,10.275,17.015,22.475,8.755,-3.0,4.045,10.765,-4.12,0.34,-0.545,-0.27,-0.495,0.89,4.53,8.16,1.18,-5.24,-0.38,5.09,6.395,8.95,7.645
10,16,2014,4,10.625,11.47,5.035,2.8,11.895,14.785,14.955,11.195,8.26,6.75,10.275,17.015,22.475,8.755,-3.0,4.045,10.765,-4.12,0.34,-0.545,-0.27,-0.495,0.89,4.53,8.16,1.18,-5.24,-0.38,5.09,6.395,8.95
10,17,2014,5,9.39,10.625,11.47,5.035,2.8,11.895,14.785,14.955,11.195,8.26,6.75,10.275,17.015,22.475,8.755,-3.0,4.045,10.765,-4.12,0.34,-0.545,-0.27,-0.495,0.89,4.53,8.16,1.18,-5.24,-0.38,5.09,6.395
10,18,2014,6,18.525,9.39,10.625,11.47,5.035,2.8,11.895,14.785,14.955,11.195,8.26,6.75,10.275,17.015,22.475,8.755,-3.0,4.045,10.765,-4.12,0.34,-0.545,-0.27,-0.495,0.89,4.53,8.16,1.18,-5.24,-0.38,5.09
10,19,2014,7,18.815,18.525,9.39,10.625,11.47,5.035,2.8,11.895,14.785,14.955,11.195,8.26,6.75,10.275,17.015,22.475,8.755,-3.0,4.045,10.765,-4.12,0.34,-0.545,-0.27,-0.495,0.89,4.53,8.16,1.18,-5.24,-0.38
10,20,2014,1,10.015,18.815,18.525,9.39,10.625,11.47,5.035,2.8,11.895,14.785,14.955,11.195,8.26,6.75,10.275,17.015,22.475,8.755,-3.0,4.045,10.765,-4.12,0.34,-0.545,-0.27,-0.495,0.89,4.53,8.16,1.18,-5.24
10,21,2014,2,14.765,10.015,18.815,18.525,9.39,10.625,11.47,5.035,2.8,11.895,14.785,14.955,11.195,8.26,6.75,10.275,17.015,22.475,8.755,-3.0,4.045,10.765,-4.12,0.34,-0.545,-0.27,-0.495,0.89,4.53,8.16,1.18
10,22,2014,3,16.29,14.765,10.015,18.815,18.525,9.39,10.625,11.47,5.035,2.8,11.895,14.785,14.955,11.195,8.26,6.75,10.275,17.015,22.475,8.755,-3.0,4.045,10.765,-4.12,0.34,-0.545,-0.27,-0.495,0.89,4.53,8.16
10,23,2014,4,14.495,16.29,14.765,10.015,18.815,18.525,9.39,10.625,11.47,5.035,2.8,11.895,14.785,14.955,11.195,8.26,6.75,10.275,17.015,22.475,8.755,-3.0,4.045,10.765,-4.12,0.34,-0.545,-0.27,-0.495,0.89,4.53
10,24,2014,5,7.0,14.495,16.29,14.765,10.015,18.815,18.525,9.39,10.625,11.47,5.035,2.8,11.895,14.785,14.955,11.195,8.26,6.75,10.275,17.015,22.475,8.755,-3.0,4.045,10.765,-4.12,0.34,-0.545,-0.27,-0.495,0.89
10,25,2014,6,3.54,7.0,14.495,16.29,14.765,10.015,18.815,18.525,9.39,10.625,11.47,5.035,2.8,11.895,14.785,14.955,11.195,8.26,6.75,10.275,17.015,22.475,8.755,-3.0,4.045,10.765,-4.12,0.34,-0.545,-0.27,-0.495
10,26,2014,7,12.16,4.895,6.295,14.16,16.03,14.59,9.72,19.17,18.525,9.39,10.625,11.47,5.035,2.8,11.24,14.785,14.955,11.195,8.26,6.75,10.275,17.015,22.475,8.755,-3.0,4.045,10.765,-4.12,0.34,-0.545,-0.27
