10,25,2013,5,4.6,-2.83,-2.66,4.44,0.985,6.5,11.0,3.13,5.375,5.96,-1.0,-6.74,-7.23,-15.87,-12.105,-7.42,-4.78,-2.15,-1.745,1.605,-1.74,-16.705,-17.93,-16.345,-13.935,-8.42,-8.1,-11.445,-14.3,-16.73,-13.02
10,26,2013,6,-0.67,4.6,-2.83,-2.66,4.44,0.985,6.5,11.0,3.13,5.375,5.96,-1.0,-6.74,-7.23,-15.87,-12.105,-7.42,-4.78,-2.15,-1.745,1.605,-1.74,-16.705,-17.93,-16.345,-13.935,-8.42,-8.1,-11.445,-14.3,-16.73
10,27,2013,7,1.2,-0.67,4.6,-2.83,-2.66,4.44,0.985,6.5,11.0,3.13,5.375,5.96,-1.0,-6.74,-7.23,-15.87,-12.105,-7.42,-4.78,-2.15,-1.745,1.605,-1.74,-16.705,-17.93,-16.345,-13.935,-8.42,-8.1,-11.445,-14.3
10,28,2013,1,-2.38,1.2,-0.67,4.6,-2.83,-2.66,4.44,0.985,6.5,11.0,3.13,5.375,5.96,-1.0,-6.74,-7.23,-15.87,-12.105,-7.42,-4.78,-2.15,-1.745,1.605,-1.74,-16.705,-17.93,-16.345,-13.935,-8.42,-8.1,-11.445
10,29,2013,2,-8.0,-2.38,1.2,-0.67,4.6,-2.83,-2.66,4.44,0.985,6.5,11.0,3.13,5.375,5.96,-1.0,-6.74,-7.23,-15.87,-12.105,-7.42,-4.78,-2.15,-1.745,1.605,-1.74,-16.705,-17.93,-16.345,-13.935,-8.42,-8.1
10,30,2013,3,-4.765,-8.0,-2.38,1.2,-0.67,4.6,-2.83,-2.66,4.44,0.985,6.5,11.0,3.13,5.375,5.96,-1.0,-6.74,-7.23,-15.87,-12.105,-7.42,-4.78,-2.15,-1.745,1.605,-1.74,-16.705,-17.93,-16.345,-13.935,-8.42
10,31,2013,4,-0.35,-4.765,-8.0,-2.38,1.2,-0.67,4.6,-2.83,-2.66,4.44,0.985,6.5,11.0,3.13,5.375,5.96,-1.0,-6.74,-7.23,-15.87,-12.105,-7.42,-4.78,-2.15,-1.745,1.605,-1.74,-16.705,-17.93,-16.345,-13.935
11,1,2013,5,1.52,-0.35,-4.765,-8.0,-2.38,1.2,-0.67,4.6,-2.83,-2.66,4.44,0.985,6.5,11.0,3.13,5.375,5.96,-1.0,-6.74,-7.23,-15.87,-12.105,-7.42,-4.78,-2.15,-1.745,1.605,-1.74,-16.705,-17.93,-16.345
11,2,2013,6,6.435,1.52,-0.35,-4.765,-8.0,-2.38,1.2,-0.67,4.6,-2.83,-2.66,4.44,0.985,6.5,11.0,3.13,5.375,5.96,-1.0,-6.74,-7.23,-15.87,-12.105,-7.42,-4.78,-2.15,-1.745,1.605,-1.74,-16.705,-17.93
11,3,2013,7,9.285,6.435,1.52,-0.35,-4.765,-8.0,-2.38,1.2,-0.67,4.6,-2.83,-2.66,4.44,0.985,6.5,11.0,3.13,5.375,5.96,-1.0,-6.74,-7.23,-15.87,-12.105,-7.42,-4.78,-2.15,-1.745,1.605,-1.74,-16.705
11,4,2013,1,7.02,9.285,6.435,1.52,-0.35,-4.765,-8.0,-2.38,1.2,-0.67,4.6,-2.83,-2.66,4.44,0.985,6.5,11.0,3.13,5.375,5.96,-1.0,-6.74,-7.23,-15.87,-12.105,-7.42,-4.78,-2.15,-1.745,1.605,-1.74
11,5,2013,2,-0.63,7.02,9.285,6.435,1.52,-0.35,-4.765,-8.0,-2.38,1.2,-0.67,4.6,-2.83,-2.66,4.44,0.985,6.5,11.0,3.13,5.375,5.96,-1.0,-6.74,-7.23,-15.87,-12.105,-7.42,-4.78,-2.15,-1.745,1.605
11,6,2013,3,6.435,-0.63,7.02,9.285,6.435,1.52,-0.35,-4.765,-8.0,-2.38,1.2,-0.67,4.6,-2.83,-2.66,4.44,0.985,6.5,11.0,3.13,5.375,5.96,-1.0,-6.74,-7.23,-15.87,-12.105,-7.42,-4.78,-2.15,-1.745
11,7,2013,4,13.46,6.435,-0.63,7.02,9.285,6.435,1.52,-0.35,-4.765,-8.0,-2.38,1.2,-0.67,4.6,-2.83,-2.66,4.44,0.985,6.5,11.0,3.13,5.375,5.96,-1.0,-6.74,-7.23,-15.87,-12.105,-7.42,-4.78,-2.15
11,8,2013,5,11.065,13.46,6.435,-0.63,7.02,9.285,6.435,1.52,-0.35,-4.765,-8.0,-2.38,1.2,-0.67,4.6,-2.83,-2.66,4.44,0.985,6.5,11.0,3.13,5.375,5.96,-1.0,-6.74,-7.23,-15.87,-12.105,-7.42,-4.78
11,9,2013,6,2.655,11.065,13.46,6.435,-0.63,7.02,9.285,6.435,1.52,-0.35,-4.765,-8.0,-2.38,1.2,-0.67,4.6,-2.83,-2.66,4.44,0.985,6.5,11.0,3.13,5.375,5.96,-1.0,-6.74,-7.23,-15.87,-12.105,-7.42
11,10,2013,7,6.89,2.655,11.065,13.46,6.435,-0.63,7.02,9.285,6.435,1.52,-0.35,-4.765,-8.0,-2.38,1.2,-0.67,4.6,-2.83,-2.66,4.44,0.985,6.5,11.0,3.13,5.375,5.96,-1.0,-6.74,-7.23,-15.87,-12.105
11,11,2013,1,4.495,6.89,2.655,11.065,13.46,6.435,-0.63,7.02,9.285,6.435,1.52,-0.35,-4.765,-8.0,-2.38,1.2,-0.67,4.6,-2.83,-2.66,4.44,0.985,6.5,11.0,3.13,5.375,5.96,-1.0,-6.74,-7.23,-15.87
11,12,2013,2,15.41,4.495,6.89,2.655,11.065,13.46,6.435,-0.63,7.02,9.285,6.435,1.52,-0.35,-4.765,-8.0,-2.38,1.2,-0.67,4.6,-2.83,-2.66,4.44,0.985,6.5,11.0,3.13,5.375,5.96,-1.0,-6.74,-7.23
11,13,2013,3,23.77,15.41,4.495,6.89,2.655,11.065,13.46,6.435,-0.63,7.02,9.285,6.435,1.52,-0.35,-4.765,-8.0,-2.38,1.2,-0.67,4.6,-2.83,-2.66,4.44,0.985,6.5,11.0,3.13,5.375,5.96,-1.0,-6.74
11,14,2013,4,17.415,23.77,15.41,4.495,6.89,2.655,11.065,13.46,6.435,-0.63,7.02,9.285,6.435,1.52,-0.35,-4.765,-8.0,-2.38,1.2,-0.67,4.6,-2.83,-2.66,4.44,0.985,6.5,11.0,3.13,5.375,5.96,-1.0
11,15,2013,5,1.75,17.415,23.77,15.41,4.495,6.89,2.655,11.065,13.46,6.435,-0.63,7.02,9.285,6.435,1.52,-0.35,-4.765,-8.0,-2.38,1.2,-0.67,4.6,-2.83,-2.66,4.44,0.985,6.5,11.0,3.13,5.375,5.96
11,16,2013,6,-4.805,1.75,17.415,23.77,15.41,4.495,6.89,2.655,11.065,13.46,6.435,-0.63,7.02,9.285,6.435,1.52,-0.35,-4.765,-8.0,-2.38,1.2,-0.67,4.6,-2.83,-2.66,4.44,0.985,6.5,11.0,3.13,5.375
11,17,2013,7,-12.16,-4.805,1.75,17.415,23.77,15.41,4.495,6.89,2.655,11.065,13.46,6.435,-0.63,7.02,9.285,6.435,1.52,-0.35,-4.765,-8.0,-2.38,1.2,-0.67,4.6,-2.83,-2.66,4.44,0.985,6.5,11.0,3.13
11,18,2013,1,0.815,-12.16,-4.805,1.75,17.415,23.77,15.41,4.495,6.89,2.655,11.065,13.46,6.435,-0.63,7.02,9.285,6.435,1.52,-0.35,-4.765,-8.0,-2.38,1.2,-0.67,4.6,-2.83,-2.66,4.44,0.985,6.5,11.0
11,19,2013,2,2.71,0.815,-12.16,-4.805,1.75,17.415,23.77,15.41,4.495,6.89,2.655,11.065,13.46,6.435,-0.63,7.02,9.285,6.435,1.52,-0.35,-4.765,-8.0,-2.38,1.2,-0.67,4.6,-2.83,-2.66,4.44,0.985,6.5
11,20,2013,3,8.205,2.71,0.815,-12.16,-4.805,1.75,17.415,23.77,15.41,4.495,6.89,2.655,11.065,13.46,6.435,-0.63,7.02,9.285,6.435,1.52,-0.35,-4.765,-8.0,-2.38,1.2,-0.67,4.6,-2.83,-2.66,4.44,0.985
11,21,2013,4,5.205,8.205,2.71,0.815,-12.16,-4.805,1.75,17.415,23.77,15.41,4.495,6.89,2.655,11.065,13.46,6.435,-0.63,7.02,9.285,6.435,1.52,-0.35,-4.765,-8.0,-2.38,1.2,-0.67,4.6,-2.83,-2.66,4.44
11,22,2013,5,25.495,5.205,8.205,2.71,0.815,-12.16,-4.805,1.75,17.415,23.77,15.41,4.495,6.89,2.655,11.065,13.46,6.435,-0.63,7.02,9.285,6.435,1.52,-0.35,-4.765,-8.0,-2.38,1.2,-0.67,4.6,-2.83,-2.66
11,23,2013,6,25.58,25.495,5.205,8.205,2.71,0.815,-12.16,-4.805,1.75,17.415,23.77,15.41,4.495,6.89,2.655,11.065,13.46,6.435,-0.63,7.02,9.285,6.435,1.52,-0.35,-4.765,-8.0,-2.38,1.2,-0.67,4.6,-2.83
11,24,2013,7,29.435,25.58,25.495,5.205,8.205,2.71,0.815,-12.16,-4.805,1.75,17.415,23.77,15.41,4.495,6.89,2.655,11.065,13.46,6.435,-0.63,7.02,9.285,6.435,1.52,-0.35,-4.765,-8.0,-2.38,1.2,-0.67,4.6
11,25,2013,1,29.1,29.435,25.58,25.495,5.205,8.205,2.71,0.815,-12.16,-4.805,1.75,17.415,23.77,15.41,4.495,6.89,2.655,11.065,13.46,6.435,-0.63,7.02,9.285,6.435,1.52,-0.35,-4.765,-8.0,-2.38,1.2,-0.67
11,26,2013,2,20.705,29.1,29.435,25.58,25.495,5.205,8.205,2.71,0.815,-12.16,-4.805,1.75,17.415,23.77,15.41,4.495,6.89,2.655,11.065,13.46,6.435,-0.63,7.02,9.285,6.435,1.52,-0.35,-4.765,-8.0,-2.38,1.2
11,27,2013,3,27.285,20.705,29.1,29.435,25.58,25.495,5.205,8.205,2.71,0.815,-12.16,-4.805,1.75,17.415,23.77,15.41,4.495,6.89,2.655,11.065,13.46,6.435,-0.63,7.02,9.285,6.435,1.52,-0.35,-4.765,-8.0,-2.38
11,28,2013,4,23.505,27.285,20.705,29.1,29.435,25.58,25.495,5.205,8.205,2.71,0.815,-12.16,-4.805,1.75,17.415,23.77,15.41,4.495,6.89,2.655,11.065,13.46,6.435,-0.63,7.02,9.285,6.435,1.52,-0.35,-4.765,-8.0
11,29,2013,5,20.305,23.505,27.285,20.705,29.1,29.435,25.58,25.495,5.205,8.205,2.71,0.815,-12.16,-4.805,1.75,17.415,23.77,15.41,4.495,6.89,2.655,11.065,13.46,6.435,-0.63,7.02,9.285,6.435,1.52,-0.35,-4.765
11,30,2013,6,10.835,20.305,23.505,27.285,20.705,29.1,29.435,25.58,25.495,5.205,8.205,2.71,0.815,-12.16,-4.805,1.75,17.415,23.77,15.41,4.495,6.89,2.655,11.065,13.46,6.435,-0.63,7.02,9.285,6.435,1.52,-0.35
12,1,2013,7,4.285,10.835,20.305,23.505,27.285,20.705,29.1,29.435,25.58,25.495,5.205,8.205,2.71,0.815,-12.16,-4.805,1.75,17.415,23.77,15.41,4.495,6.89,2.655,11.065,13.46,6.435,-0.63,7.02,9.285,6.435,1.52
12,2,2013,1,8.35,4.285,10.835,20.305,23.505,27.285,20.705,29.1,29.435,25.58,25.495,5.205,8.205,2.71,0.815,-12.16,-4.805,1.75,17.415,23.77,15.41,4.495,6.89,2.655,11.065,13.46,6.435,-0.63,7.02,9.285,6.435
12,3,2013,2,5.315,8.35,4.285,10.835,20.305,23.505,27.285,20.705,29.1,29.435,25.58,25.495,5.205,8.205,2.71,0.815,-12.16,-4.805,1.75,17.415,23.77,15.41,4.495,6.89,2.655,11.065,13.46,6.435,-0.63,7.02,9.285
12,4,2013,3,-1.28,5.315,8.35,4.285,10.835,20.305,23.505,27.285,20.705,29.1,29.435,25.58,25.495,5.205,8.205,2.71,0.815,-12.16,-4.805,1.75,17.415,23.77,15.41,4.495,6.89,2.655,11.065,13.46,6.435,-0.63,7.02
12,5,2013,4,25.07,-1.28,5.315,8.35,4.285,10.835,20.305,23.505,27.285,20.705,29.1,29.435,25.58,25.495,5.205,8.205,2.71,0.815,-12.16,-4.805,1.75,17.415,23.77,15.41,4.495,6.89,2.655,11.065,13.46,6.435,-0.63
12,6,2013,5,35.54,25.07,-1.28,5.315,8.35,4.285,10.835,20.305,23.505,27.285,20.705,29.1,29.435,25.58,25.495,5.205,8.205,2.71,0.815,-12.16,-4.805,1.75,17.415,23.77,15.41,4.495,6.89,2.655,11.065,13.46,6.435
12,7,2013,6,41.385,35.54,25.07,-1.28,5.315,8.35,4.285,10.835,20.305,23.505,27.285,20.705,29.1,29.435,25.58,25.495,5.205,8.205,2.71,0.815,-12.16,-4.805,1.75,17.415,23.77,15.41,4.495,6.89,2.655,11.065,13.46
12,8,2013,7,35.285,41.385,35.54,25.07,-1.28,5.315,8.35,4.285,10.835,20.305,23.505,27.285,20.705,29.1,29.435,25.58,25.495,5.205,8.205,2.71,0.815,-12.16,-4.805,1.75,17.415,23.77,15.41,4.495,6.89,2.655,11.065
12,9,2013,1,33.065,35.285,41.385,35.54,25.07,-1.28,5.315,8.35,4.285,10.835,20.305,23.505,27.285,20.705,29.1,29.435,25.58,25.495,5.205,8.205,2.71,0.815,-12.16,-4.805,1.75,17.415,23.77,15.41,4.495,6.89,2.655
12,10,2013,2,36.565,33.065,35.285,41.385,35.54,25.07,-1.28,5.315,8.35,4.285,10.835,20.305,23.505,27.285,20.705,29.1,29.435,25.58,25.495,5.205,8.205,2.71,0.815,-12.16,-4.805,1.75,17.415,23.77,15.41,4.495,6.89
12,11,2013,3,28.86,36.565,33.065,35.285,41.385,35.54,25.07,-1.28,5.315,8.35,4.285,10.835,20.305,23.505,27.285,20.705,29.1,29.435,25.58,25.495,5.205,8.205,2.71,0.815,-12.16,-4.805,1.75,17.415,23.77,15.41,4.495
12,12,2013,4,27.49,28.86,36.565,33.065,35.285,41.385,35.54,25.07,-1.28,5.315,8.35,4.285,10.835,20.305,23.505,27.285,20.705,29.1,29.435,25.58,25.495,5.205,8.205,2.71,0.815,-12.16,-4.805,1.75,17.415,23.77,15.41
12,13,2013,5,20.345,27.49,28.86,36.565,33.065,35.285,41.385,35.54,25.07,-1.28,5.315,8.35,4.285,10.835,20.305,23.505,27.285,20.705,29.1,29.435,25.58,25.495,5.205,8.205,2.71,0.815,-12.16,-4.805,1.75,17.415,23.77
12,14,2013,6,24.655,20.345,27.49,28.86,36.565,33.065,35.285,41.385,35.54,25.07,-1.28,5.315,8.35,4.285,10.835,20.305,23.505,27.285,20.705,29.1,29.435,25.58,25.495,5.205,8.205,2.71,0.815,-12.16,-4.805,1.75,17.415
12,15,2013,7,19.88,24.655,20.345,27.49,28.86,36.565,33.065,35.285,41.385,35.54,25.07,-1.28,5.315,8.35,4.285,10.835,20.305,23.505,27.285,20.705,29.1,29.435,25.58,25.495,5.205,8.205,2.71,0.815,-12.16,-4.805,1.75
12,16,2013,1,13.96,19.88,24.655,20.345,27.49,28.86,36.565,33.065,35.285,41.385,35.54,25.07,-1.28,5.315,8.35,4.285,10.835,20.305,23.505,27.285,20.705,29.1,29.435,25.58,25.495,5.205,8.205,2.71,0.815,-12.16,-4.805
12,17,2013,2,11.32,13.96,19.88,24.655,20.345,27.49,28.86,36.565,33.065,35.285,41.385,35.54,25.07,-1.28,5.315,8.35,4.285,10.835,20.305,23.505,27.285,20.705,29.1,29.435,25.58,25.495,5.205,8.205,2.71,0.815,-12.16
12,18,2013,3,10.24,11.32,13.96,19.88,24.655,20.345,27.49,28.86,36.565,33.065,35.285,41.385,35.54,25.07,-1.28,5.315,8.35,4.285,10.835,20.305,23.505,27.285,20.705,29.1,29.435,25.58,25.495,5.205,8.205,2.71,0.815
12,19,2013,4,1.67,10.24,11.32,13.96,19.88,24.655,20.345,27.49,28.86,36.565,33.065,35.285,41.385,35.54,25.07,-1.28,5.315,8.35,4.285,10.835,20.305,23.505,27.285,20.705,29.1,29.435,25.58,25.495,5.205,8.205,2.71
12,20,2013,5,12.18,1.67,10.24,11.32,13.96,19.88,24.655,20.345,27.49,28.86,36.565,33.065,35.285,41.385,35.54,25.07,-1.28,5.315,8.35,4.285,10.835,20.305,23.505,27.285,20.705,29.1,29.435,25.58,25.495,5.205,8.205
12,21,2013,6,20.585,12.18,1.67,10.24,11.32,13.96,19.88,24.655,20.345,27.49,28.86,36.565,33.065,35.285,41.385,35.54,25.07,-1.28,5.315,8.35,4.285,10.835,20.305,23.505,27.285,20.705,29.1,29.435,25.58,25.495,5.205
12,22,2013,7,26.37,20.585,12.18,1.67,10.24,11.32,13.96,19.88,24.655,20.345,27.49,28.86,36.565,33.065,35.285,41.385,35.54,25.07,-1.28,5.315,8.35,4.285,10.835,20.305,23.505,27.285,20.705,29.1,29.435,25.58,25.495
12,23,2013,1,28.075,26.37,20.585,12.18,1.67,10.24,11.32,13.96,19.88,24.655,20.345,27.49,28.86,36.565,33.065,35.285,41.385,35.54,25.07,-1.28,5.315,8.35,4.285,10.835,20.305,23.505,27.285,20.705,29.1,29.435,25.58
12,24,2013,2,25.805,28.075,26.37,20.585,12.18,1.67,10.24,11.32,13.96,19.88,24.655,20.345,27.49,28.86,36.565,33.065,35.285,41.385,35.54,25.07,-1.28,5.315,8.35,4.285,10.835,20.305,23.505,27.285,20.705,29.1,29.435
12,25,2013,3,18.965,25.805,28.075,26.37,20.585,12.18,1.67,10.24,11.32,13.96,19.88,24.655,20.345,27.49,28.86,36.565,33.065,35.285,41.385,35.54,25.07,-1.28,5.315,8.35,4.285,10.835,20.305,23.505,27.285,20.705,29.1
12,26,2013,4,22.71,18.965,25.805,28.075,26.37,20.585,12.18,1.67,10.24,11.32,13.96,19.88,24.655,20.345,27.49,28.86,36.565,33.065,35.285,41.385,35.54,25.07,-1.28,5.315,8.35,4.285,10.835,20.305,23.505,27.285,20.705
12,27,2013,5,19.985,22.71,18.965,25.805,28.075,26.37,20.585,12.18,1.67,10.24,11.32,13.96,19.88,24.655,20.345,27.49,28.86,36.565,33.065,35.285,41.385,35.54,25.07,-1.28,5.315,8.35,4.285,10.835,20.305,23.505,27.285
12,28,2013,6,16.22,19.985,22.71,18.965,25.805,28.075,26.37,20.585,12.18,1.67,10.24,11.32,13.96,19.88,24.655,20.345,27.49,28.86,36.565,33.065,35.285,41.385,35.54,25.07,-1.28,5.315,8.35,4.285,10.835,20.305,23.505
12,29,2013,7,23.79,16.22,19.985,22.71,18.965,25.805,28.075,26.37,20.585,12.18,1.67,10.24,11.32,13.96,19.88,24.655,20.345,27.49,28.86,36.565,33.065,35.285,41.385,35.54,25.07,-1.28,5.315,8.35,4.285,10.835,20.305
12,30,2013,1,28.85,23.79,16.22,19.985,22.71,18.965,25.805,28.075,26.37,20.585,12.18,1.67,10.24,11.32,13.96,19.88,24.655,20.345,27.49,28.86,36.565,33.065,35.285,41.385,35.54,25.07,-1.28,5.315,8.35,4.285,10.835
12,31,2013,2,24.565,28.85,23.79,16.22,19.985,22.71,18.965,25.805,28.075,26.37,20.585,12.18,1.67,10.24,11.32,13.96,19.88,24.655,20.345,27.49,28.86,36.565,33.065,35.285,41.385,35.54,25.07,-1.28,5.315,8.35,4.285
1,1,2014,3,13.655,24.565,28.85,23.79,16.22,19.985,22.71,18.965,25.805,28.075,26.37,20.585,12.18,1.67,10.24,11.32,13.96,19.88,24.655,20.345,27.49,28.86,36.565,33.065,35.285,41.385,35.54,25.07,-1.28,5.315,8.35
1,2,2014,4,30.825,13.655,24.565,28.85,23.79,16.22,19.985,22.71,18.965,25.805,28.075,26.37,20.585,12.18,1.67,10.24,11.32,13.96,19.88,24.655,20.345,27.49,28.86,36.565,33.065,35.285,41.385,35.54,25.07,-1.28,5.315
1,3,2014,5,26.165,30.825,13.655,24.565,28.85,23.79,16.22,19.985,22.71,18.965,25.805,28.075,26.37,20.585,12.18,1.67,10.24,11.32,13.96,19.88,24.655,20.345,27.49,28.86,36.565,33.065,35.285,41.385,35.54,25.07,-1.28
1,4,2014,6,10.375,26.165,30.825,13.655,24.565,28.85,23.79,16.22,19.985,22.71,18.965,25.805,28.075,26.37,20.585,12.18,1.67,10.24,11.32,13.96,19.88,24.655,20.345,27.49,28.86,36.565,33.065,35.285,41.385,35.54,25.07
1,5,2014,7,24.945,10.375,26.165,30.825,13.655,24.565,28.85,23.79,16.22,19.985,22.71,18.965,25.805,28.075,26.37,20.585,12.18,1.67,10.24,11.32,13.96,19.88,24.655,20.345,27.49,28.86,36.565,33.065,35.285,41.385,35.54
1,6,2014,1,41.48,24.945,10.375,26.165,30.825,13.655,24.565,28.85,23.79,16.22,19.985,22.71,18.965,25.805,28.075,26.37,20.585,12.18,1.67,10.24,11.32,13.96,19.88,24.655,20.345,27.49,28.86,36.565,33.065,35.285,41.385
1,7,2014,2,30.13,41.48,24.945,10.375,26.165,30.825,13.655,24.565,28.85,23.79,16.22,19.985,22.71,18.965,25.805,28.075,26.37,20.585,12.18,1.67,10.24,11.32,13.96,19.88,24.655,20.345,27.49,28.86,36.565,33.065,35.285
1,8,2014,3,21.995,30.13,41.48,24.945,10.375,26.165,30.825,13.655,24.565,28.85,23.79,16.22,19.985,22.71,18.965,25.805,28.075,26.37,20.585,12.18,1.67,10.24,11.32,13.96,19.88,24.655,20.345,27.49,28.86,36.565,33.065
1,9,2014,4,20.375,21.995,30.13,41.48,24.945,10.375,26.165,30.825,13.655,24.565,28.85,23.79,16.22,19.985,22.71,18.965,25.805,28.075,26.37,20.585,12.18,1.67,10.24,11.32,13.96,19.88,24.655,20.345,27.49,28.86,36.565
1,10,2014,5,7.49,20.375,21.995,30.13,41.48,24.945,10.375,26.165,30.825,13.655,24.565,28.85,23.79,16.22,19.985,22.71,18.965,25.805,28.075,26.37,20.585,12.18,1.67,10.24,11.32,13.96,19.88,24.655,20.345,27.49,28.86
1,11,2014,6,10.06,7.49,20.375,21.995,30.13,41.48,24.945,10.375,26.165,30.825,13.655,24.565,28.85,23.79,16.22,19.985,22.71,18.965,25.805,28.075,26.37,20.585,12.18,1.67,10.24,11.32,13.96,19.88,24.655,20.345,27.49
1,12,2014,7,5.565,10.06,7.49,20.375,21.995,30.13,41.48,24.945,10.375,26.165,30.825,13.655,24.565,28.85,23.79,16.22,19.985,22.71,18.965,25.805,28.075,26.37,20.585,12.18,1.67,10.24,11.32,13.96,19.88,24.655,20.345
1,13,2014,1,11.07,5.565,10.06,7.49,20.375,21.995,30.13,41.48,24.945,10.375,26.165,30.825,13.655,24.565,28.85,23.79,16.22,19.985,22.71,18.965,25.805,28.075,26.37,20.585,12.18,1.67,10.24,11.32,13.96,19.88,24.655
1,14,2014,2,12.47,11.07,5.565,10.06,7.49,20.375,21.995,30.13,41.48,24.945,10.375,26.165,30.825,13.655,24.565,28.85,23.79,16.22,19.985,22.71,18.965,25.805,28.075,26.37,20.585,12.18,1.67,10.24,11.32,13.96,19.88
1,15,2014,3,19.37,12.47,11.07,5.565,10.06,7.49,20.375,21.995,30.13,41.48,24.945,10.375,26.165,30.825,13.655,24.565,28.85,23.79,16.22,19.985,22.71,18.965,25.805,28.075,26.37,20.585,12.18,1.67,10.24,11.32,13.96
1,16,2014,4,13.15,19.37,12.47,11.07,5.565,10.06,7.49,20.375,21.995,30.13,41.48,24.945,10.375,26.165,30.825,13.655,24.565,28.85,23.79,16.22,19.985,22.71,18.965,25.805,28.075,26.37,20.585,12.18,1.67,10.24,11.32
1,17,2014,5,17.945,13.15,19.37,12.47,11.07,5.565,10.06,7.49,20.375,21.995,30.13,41.48,24.945,10.375,26.165,30.825,13.655,24.565,28.85,23.79,16.22,19.985,22.71,18.965,25.805,28.075,26.37,20.585,12.18,1.67,10.24
1,18,2014,6,11.07,17.945,13.15,19.37,12.47,11.07,5.565,10.06,7.49,20.375,21.995,30.13,41.48,24.945,10.375,26.165,30.825,13.655,24.565,28.85,23.79,16.22,19.985,22.71,18.965,25.805,28.075,26.37,20.585,12.18,1.67
1,19,2014,7,14.72,11.07,17.945,13.15,19.37,12.47,11.07,5.565,10.06,7.49,20.375,21.995,30.13,41.48,24.945,10.375,26.165,30.825,13.655,24.565,28.85,23.79,16.22,19.985,22.71,18.965,25.805,28.075,26.37,20.585,12.18
1,20,2014,1,5.755,14.72,11.07,17.945,13.15,19.37,12.47,11.07,5.565,10.06,7.49,20.375,21.995,30.13,41.48,24.945,10.375,26.165,30.825,13.655,24.565,28.85,23.79,16.22,19.985,22.71,18.965,25.805,28.075,26.37,20.585
1,21,2014,2,19.79,5.755,14.72,11.07,17.945,13.15,19.37,12.47,11.07,5.565,10.06,7.49,20.375,21.995,30.13,41.48,24.945,10.375,26.165,30.825,13.655,24.565,28.85,23.79,16.22,19.985,22.71,18.965,25.805,28.075,26.37
1,22,2014,3,20.075,19.79,5.755,14.72,11.07,17.945,13.15,19.37,12.47,11.07,5.565,10.06,7.49,20.375,21.995,30.13,41.48,24.945,10.375,26.165,30.825,13.655,24.565,28.85,23.79,16.22,19.985,22.71,18.965,25.805,28.075
1,23,2014,4,29.505,20.075,19.79,5.755,14.72,11.07,17.945,13.15,19.37,12.47,11.07,5.565,10.06,7.49,20.375,21.995,30.13,41.48,24.945,10.375,26.165,30.825,13.655,24.565,28.85,23.79,16.22,19.985,22.71,18.965,25.805
1,24,2014,5,34.99,29.505,20.075,19.79,5.755,14.72,11.07,17.945,13.15,19.37,12.47,11.07,5.565,10.06,7.49,20.375,21.995,30.13,41.48,24.945,10.375,26.165,30.825,13.655,24.565,28.85,23.79,16.22,19.985,22.71,18.965
1,25,2014,6,17.02,34.99,29.505,20.075,19.79,5.755,14.72,11.07,17.945,13.15,19.37,12.47,11.07,5.565,10.06,7.49,20.375,21.995,30.13,41.48,24.945,10.375,26.165,30.825,13.655,24.565,28.85,23.79,16.22,19.985,22.71
1,26,2014,7,4.76,17.02,34.99,29.505,20.075,19.79,5.755,14.72,11.07,17.945,13.15,19.37,12.47,11.07,5.565,10.06,7.49,20.375,21.995,30.13,41.48,24.945,10.375,26.165,30.825,13.655,24.565,28.85,23.79,16.22,19.985
1,27,2014,1,26.845,4.76,17.02,34.99,29.505,20.075,19.79,5.755,14.72,11.07,17.945,13.15,19.37,12.47,11.07,5.565,10.06,7.49,20.375,21.995,30.13,41.48,24.945,10.375,26.165,30.825,13.655,24.565,28.85,23.79,16.22
1,28,2014,2,35.97,26.845,4.76,17.02,34.99,29.505,20.075,19.79,5.755,14.72,11.07,17.945,13.15,19.37,12.47,11.07,5.565,10.06,7.49,20.375,21.995,30.13,41.48,24.945,10.375,26.165,30.825,13.655,24.565,28.85,23.79
1,29,2014,3,32.32,35.97,26.845,4.76,17.02,34.99,29.505,20.075,19.79,5.755,14.72,11.07,17.945,13.15,19.37,12.47,11.07,5.565,10.06,7.49,20.375,21.995,30.13,41.48,24.945,10.375,26.165,30.825,13.655,24.565,28.85
1,30,2014,4,21.01,32.32,35.97,26.845,4.76,17.02,34.99,29.505,20.075,19.79,5.755,14.72,11.07,17.945,13.15,19.37,12.47,11.07,5.565,10.06,7.49,20.375,21.995,30.13,41.48,24.945,10.375,26.165,30.825,13.655,24.565
1,31,2014,5,1.545,21.01,32.32,35.97,26.845,4.76,17.02,34.99,29.505,20.075,19.79,5.755,14.72,11.07,17.945,13.15,19.37,12.47,11.07,5.565,10.06,7.49,20.375,21.995,30.13,41.48,24.945,10.375,26.165,30.825,13.655
2,1,2014,6,10.605,1.545,21.01,32.32,35.97,26.845,4.76,17.02,34.99,29.505,20.075,19.79,5.755,14.72,11.07,17.945,13.15,19.37,12.47,11.07,5.565,10.06,7.49,20.375,21.995,30.13,41.48,24.945,10.375,26.165,30.825
2,2,2014,7,29.85,10.605,1.545,21.01,32.32,35.97,26.845,4.76,17.02,34.99,29.505,20.075,19.79,5.755,14.72,11.07,17.945,13.15,19.37,12.47,11.07,5.565,10.06,7.49,20.375,21.995,30.13,41.48,24.945,10.375,26.165
2,3,2014,1,28.61,29.85,10.605,1.545,21.01,32.32,35.97,26.845,4.76,17.02,34.99,29.505,20.075,19.79,5.755,14.72,11.07,17.945,13.15,19.37,12.47,11.07,5.565,10.06,7.49,20.375,21.995,30.13,41.48,24.945,10.375
2,4,2014,2,22.67,28.61,29.85,10.605,1.545,21.01,32.32,35.97,26.845,4.76,17.02,34.99,29.505,20.075,19.79,5.755,14.72,11.07,17.945,13.15,19.37,12.47,11.07,5.565,10.06,7.49,20.375,21.995,30.13,41.48,24.945
2,5,2014,3,33.85,22.67,28.61,29.85,10.605,1.545,21.01,32.32,35.97,26.845,4.76,17.02,34.99,29.505,20.075,19.79,5.755,14.72,11.07,17.945,13.15,19.37,12.47,11.07,5.565,10.06,7.49,20.375,21.995,30.13,41.48
2,6,2014,4,44.225,33.85,22.67,28.61,29.85,10.605,1.545,21.01,32.32,35.97,26.845,4.76,17.02,34.99,29.505,20.075,19.79,5.755,14.72,11.07,17.945,13.15,19.37,12.47,11.07,5.565,10.06,7.49,20.375,21.995,30.13
2,7,2014,5,37.37,44.225,33.85,22.67,28.61,29.85,10.605,1.545,21.01,32.32,35.97,26.845,4.76,17.02,34.99,29.505,20.075,19.79,5.755,14.72,11.07,17.945,13.15,19.37,12.47,11.07,5.565,10.06,7.49,20.375,21.995
2,8,2014,6,22.275,37.37,44.225,33.85,22.67,28.61,29.85,10.605,1.545,21.01,32.32,35.97,26.845,4.76,17.02,34.99,29.505,20.075,19.79,5.755,14.72,11.07,17.945,13.15,19.37,12.47,11.07,5.565,10.06,7.49,20.375
2,9,2014,7,22.165,22.275,37.37,44.225,33.85,22.67,28.61,29.85,10.605,1.545,21.01,32.32,35.97,26.845,4.76,17.02,34.99,29.505,20.075,19.79,5.755,14.72,11.07,17.945,13.15,19.37,12.47,11.07,5.565,10.06,7.49
2,10,2014,1,31.12,22.165,22.275,37.37,44.225,33.85,22.67,28.61,29.85,10.605,1.545,21.01,32.32,35.97,26.845,4.76,17.02,34.99,29.505,20.075,19.79,5.755,14.72,11.07,17.945,13.15,19.37,12.47,11.07,5.565,10.06
2,11,2014,2,33.11,31.12,22.165,22.275,37.37,44.225,33.85,22.67,28.61,29.85,10.605,1.545,21.01,32.32,35.97,26.845,4.76,17.02,34.99,29.505,20.075,19.79,5.755,14.72,11.07,17.945,13.15,19.37,12.47,11.07,5.565
2,12,2014,3,24.305,33.11,31.12,22.165,22.275,37.37,44.225,33.85,22.67,28.61,29.85,10.605,1.545,21.01,32.32,35.97,26.845,4.76,17.02,34.99,29.505,20.075,19.79,5.755,14.72,11.07,17.945,13.15,19.37,12.47,11.07
2,13,2014,4,15.89,24.305,33.11,31.12,22.165,22.275,37.37,44.225,33.85,22.67,28.61,29.85,10.605,1.545,21.01,32.32,35.97,26.845,4.76,17.02,34.99,29.505,20.075,19.79,5.755,14.72,11.07,17.945,13.15,19.37,12.47
2,14,2014,5,7.18,15.89,24.305,33.11,31.12,22.165,22.275,37.37,44.225,33.85,22.67,28.61,29.85,10.605,1.545,21.01,32.32,35.97,26.845,4.76,17.02,34.99,29.505,20.075,19.79,5.755,14.72,11.07,17.945,13.15,19.37
2,15,2014,6,11.14,7.18,15.89,24.305,33.11,31.12,22.165,22.275,37.37,44.225,33.85,22.67,28.61,29.85,10.605,1.545,21.01,32.32,35.97,26.845,4.76,17.02,34.99,29.505,20.075,19.79,5.755,14.72,11.07,17.945,13.15
2,16,2014,7,3.93,11.14,7.18,15.89,24.305,33.11,31.12,22.165,22.275,37.37,44.225,33.85,22.67,28.61,29.85,10.605,1.545,21.01,32.32,35.97,26.845,4.76,17.02,34.99,29.505,20.075,19.79,5.755,14.72,11.07,17.945
2,17,2014,1,1.195,3.93,11.14,7.18,15.89,24.305,33.11,31.12,22.165,22.275,37.37,44.225,33.85,22.67,28.61,29.85,10.605,1.545,21.01,32.32,35.97,26.845,4.76,17.02,34.99,29.505,20.075,19.79,5.755,14.72,11.07
2,18,2014,2,1.61,1.195,3.93,11.14,7.18,15.89,24.305,33.11,31.12,22.165,22.275,37.37,44.225,33.85,22.67,28.61,29.85,10.605,1.545,21.01,32.32,35.97,26.845,4.76,17.02,34.99,29.505,20.075,19.79,5.755,14.72
2,19,2014,3,-0.73,1.61,1.195,3.93,11.14,7.18,15.89,24.305,33.11,31.12,22.165,22.275,37.37,44.225,33.85,22.67,28.61,29.85,10.605,1.545,21.01,32.32,35.97,26.845,4.76,17.02,34.99,29.505,20.075,19.79,5.755
2,20,2014,4,5.195,-0.73,1.61,1.195,3.93,11.14,7.18,15.89,24.305,33.11,31.12,22.165,22.275,37.37,44.225,33.85,22.67,28.61,29.85,10.605,1.545,21.01,32.32,35.97,26.845,4.76,17.02,34.99,29.505,20.075,19.79
2,21,2014,5,13.345,5.195,-0.73,1.61,1.195,3.93,11.14,7.18,15.89,24.305,33.11,31.12,22.165,22.275,37.37,44.225,33.85,22.67,28.61,29.85,10.605,1.545,21.01,32.32,35.97,26.845,4.76,17.02,34.99,29.505,20.075
2,22,2014,6,3.375,13.345,5.195,-0.73,1.61,1.195,3.93,11.14,7.18,15.89,24.305,33.11,31.12,22.165,22.275,37.37,44.225,33.85,22.67,28.61,29.85,10.605,1.545,21.01,32.32,35.97,26.845,4.76,17.02,34.99,29.505
2,23,2014,7,4.31,3.375,13.345,5.195,-0.73,1.61,1.195,3.93,11.14,7.18,15.89,24.305,33.11,31.12,22.165,22.275,37.37,44.225,33.85,22.67,28.61,29.85,10.605,1.545,21.01,32.32,35.97,26.845,4.76,17.02,34.99
2,24,2014,1,14.075,4.31,3.375,13.345,5.195,-0.73,1.61,1.195,3.93,11.14,7.18,15.89,24.305,33.11,31.12,22.165,22.275,37.37,44.225,33.85,22.67,28.61,29.85,10.605,1.545,21.01,32.32,35.97,26.845,4.76,17.02
2,25,2014,2,16.565,14.075,4.31,3.375,13.345,5.195,-0.73,1.61,1.195,3.93,11.14,7.18,15.89,24.305,33.11,31.12,22.165,22.275,37.37,44.225,33.85,22.67,28.61,29.85,10.605,1.545,21.01,32.32,35.97,26.845,4.76
2,26,2014,3,28.025,16.565,14.075,4.31,3.375,13.345,5.195,-0.73,1.61,1.195,3.93,11.14,7.18,15.89,24.305,33.11,31.12,22.165,22.275,37.37,44.225,33.85,22.67,28.61,29.85,10.605,1.545,21.01,32.32,35.97,26.845
2,27,2014,4,24.5,28.025,16.565,14.075,4.31,3.375,13.345,5.195,-0.73,1.61,1.195,3.93,11.14,7.18,15.89,24.305,33.11,31.12,22.165,22.275,37.37,44.225,33.85,22.67,28.61,29.85,10.605,1.545,21.01,32.32,35.97
2,28,2014,5,2.86,24.5,28.025,16.565,14.075,4.31,3.375,13.345,5.195,-0.73,1.61,1.195,3.93,11.14,7.18,15.89,24.305,33.11,31.12,22.165,22.275,37.37,44.225,33.85,22.67,28.61,29.85,10.605,1.545,21.01,32.32
3,1,2014,6,-0.09,2.86,24.5,28.025,16.565,14.075,4.31,3.375,13.345,5.195,-0.73,1.61,1.195,3.93,11.14,7.18,15.89,24.305,33.11,31.12,22.165,22.275,37.37,44.225,33.85,22.67,28.61,29.85,10.605,1.545,21.01
3,2,2014,7,19.455,-0.09,2.86,24.5,28.025,16.565,14.075,4.31,3.375,13.345,5.195,-0.73,1.61,1.195,3.93,11.14,7.18,15.89,24.305,33.11,31.12,22.165,22.275,37.37,44.225,33.85,22.67,28.61,29.85,10.605,1.545
3,3,2014,1,40.015,19.455,-0.09,2.86,24.5,28.025,16.565,14.075,4.31,3.375,13.345,5.195,-0.73,1.61,1.195,3.93,11.14,7.18,15.89,24.305,33.11,31.12,22.165,22.275,37.37,44.225,33.85,22.67,28.61,29.85,10.605
3,4,2014,2,27.085,40.015,19.455,-0.09,2.86,24.5,28.025,16.565,14.075,4.31,3.375,13.345,5.195,-0.73,1.61,1.195,3.93,11.14,7.18,15.89,24.305,33.11,31.12,22.165,22.275,37.37,44.225,33.85,22.67,28.61,29.85
3,5,2014,3,21.675,27.085,40.015,19.455,-0.09,2.86,24.5,28.025,16.565,14.075,4.31,3.375,13.345,5.195,-0.73,1.61,1.195,3.93,11.14,7.18,15.89,24.305,33.11,31.12,22.165,22.275,37.37,44.225,33.85,22.67,28.61
3,6,2014,4,16.945,21.675,27.085,40.015,19.455,-0.09,2.86,24.5,28.025,16.565,14.075,4.31,3.375,13.345,5.195,-0.73,1.61,1.195,3.93,11.14,7.18,15.89,24.305,33.11,31.12,22.165,22.275,37.37,44.225,33.85,22.67
3,7,2014,5,12.46,16.945,21.675,27.085,40.015,19.455,-0.09,2.86,24.5,28.025,16.565,14.075,4.31,3.375,13.345,5.195,-0.73,1.61,1.195,3.93,11.14,7.18,15.89,24.305,33.11,31.12,22.165,22.275,37.37,44.225,33.85
3,8,2014,6,17.75,12.46,16.945,21.675,27.085,40.015,19.455,-0.09,2.86,24.5,28.025,16.565,14.075,4.31,3.375,13.345,5.195,-0.73,1.61,1.195,3.93,11.14,7.18,15.89,24.305,33.11,31.12,22.165,22.275,37.37,44.225
3,9,2014,7,15.465,17.75,12.46,16.945,21.675,27.085,40.015,19.455,-0.09,2.86,24.5,28.025,16.565,14.075,4.31,3.375,13.345,5.195,-0.73,1.61,1.195,3.93,11.14,7.18,15.89,24.305,33.11,31.12,22.165,22.275,37.37
3,10,2014,1,4.53,15.465,17.75,12.46,16.945,21.675,27.085,40.015,19.455,-0.09,2.86,24.5,28.025,16.565,14.075,4.31,3.375,13.345,5.195,-0.73,1.61,1.195,3.93,11.14,7.18,15.89,24.305,33.11,31.12,22.165,22.275
3,11,2014,2,-3.435,4.53,15.465,17.75,12.46,16.945,21.675,27.085,40.015,19.455,-0.09,2.86,24.5,28.025,16.565,14.075,4.31,3.375,13.345,5.195,-0.73,1.61,1.195,3.93,11.14,7.18,15.89,24.305,33.11,31.12,22.165
3,12,2014,3,11.295,-3.435,4.53,15.465,17.75,12.46,16.945,21.675,27.085,40.015,19.455,-0.09,2.86,24.5,28.025,16.565,14.075,4.31,3.375,13.345,5.195,-0.73,1.61,1.195,3.93,11.14,7.18,15.89,24.305,33.11,31.12
3,13,2014,4,11.775,11.295,-3.435,4.53,15.465,17.75,12.46,16.945,21.675,27.085,40.015,19.455,-0.09,2.86,24.5,28.025,16.565,14.075,4.31,3.375,13.345,5.195,-0.73,1.61,1.195,3.93,11.14,7.18,15.89,24.305,33.11
3,14,2014,5,5.555,11.775,11.295,-3.435,4.53,15.465,17.75,12.46,16.945,21.675,27.085,40.015,19.455,-0.09,2.86,24.5,28.025,16.565,14.075,4.31,3.375,13.345,5.195,-0.73,1.61,1.195,3.93,11.14,7.18,15.89,24.305
3,15,2014,6,4.235,5.555,11.775,11.295,-3.435,4.53,15.465,17.75,12.46,16.945,21.675,27.085,40.015,19.455,-0.09,2.86,24.5,28.025,16.565,14.075,4.31,3.375,13.345,5.195,-0.73,1.61,1.195,3.93,11.14,7.18,15.89
3,16,2014,7,16.405,4.235,5.555,11.775,11.295,-3.435,4.53,15.465,17.75,12.46,16.945,21.675,27.085,40.015,19.455,-0.09,2.86,24.5,28.025,16.565,14.075,4.31,3.375,13.345,5.195,-0.73,1.61,1.195,3.93,11.14,7.18
3,17,2014,1,16.94,16.405,4.235,5.555,11.775,11.295,-3.435,4.53,15.465,17.75,12.46,16.945,21.675,27.085,40.015,19.455,-0.09,2.86,24.5,28.025,16.565,14.075,4.31,3.375,13.345,5.195,-0.73,1.61,1.195,3.93,11.14
3,18,2014,2,-0.495,16.94,16.405,4.235,5.555,11.775,11.295,-3.435,4.53,15.465,17.75,12.46,16.945,21.675,27.085,40.015,19.455,-0.09,2.86,24.5,28.025,16.565,14.075,4.31,3.375,13.345,5.195,-0.73,1.61,1.195,3.93
3,19,2014,3,9.215,-0.495,16.94,16.405,4.235,5.555,11.775,11.295,-3.435,4.53,15.465,17.75,12.46,16.945,21.675,27.085,40.015,19.455,-0.09,2.86,24.5,28.025,16.565,14.075,4.31,3.375,13.345,5.195,-0.73,1.61,1.195
3,20,2014,4,8.78,9.215,-0.495,16.94,16.405,4.235,5.555,11.775,11.295,-3.435,4.53,15.465,17.75,12.46,16.945,21.675,27.085,40.015,19.455,-0.09,2.86,24.5,28.025,16.565,14.075,4.31,3.375,13.345,5.195,-0.73,1.61
3,21,2014,5,-1.345,8.78,9.215,-0.495,16.94,16.405,4.235,5.555,11.775,11.295,-3.435,4.53,15.465,17.75,12.46,16.945,21.675,27.085,40.015,19.455,-0.09,2.86,24.5,28.025,16.565,14.075,4.31,3.375,13.345,5.195,-0.73
3,22,2014,6,5.555,-1.345,8.78,9.215,-0.495,16.94,16.405,4.235,5.555,11.775,11.295,-3.435,4.53,15.465,17.75,12.46,16.945,21.675,27.085,40.015,19.455,-0.09,2.86,24.5,28.025,16.565,14.075,4.31,3.375,13.345,5.195
3,23,2014,7,12.57,5.555,-1.345,8.78,9.215,-0.495,16.94,16.405,4.235,5.555,11.775,11.295,-3.435,4.53,15.465,17.75,12.46,16.945,21.675,27.085,40.015,19.455,-0.09,2.86,24.5,28.025,16.565,14.075,4.31,3.375,13.345
3,24,2014,1,11.74,12.57,5.555,-1.345,8.78,9.215,-0.495,16.94,16.405,4.235,5.555,11.775,11.295,-3.435,4.53,15.465,17.75,12.46,16.945,21.675,27.085,40.015,19.455,-0.09,2.86,24.5,28.025,16.565,14.075,4.31,3.375
3,25,2014,2,12.325,11.74,12.57,5.555,-1.345,8.78,9.215,-0.495,16.94,16.405,4.235,5.555,11.775,11.295,-3.435,4.53,15.465,17.75,12.46,16.945,21.675,27.085,40.015,19.455,-0.09,2.86,24.5,28.025,16.565,14.075,4.31
3,26,2014,3,11.825,12.325,11.74,12.57,5.555,-1.345,8.78,9.215,-0.495,16.94,16.405,4.235,5.555,11.775,11.295,-3.435,4.53,15.465,17.75,12.46,16.945,21.675,27.085,40.015,19.455,-0.09,2.86,24.5,28.025,16.565,14.075
3,27,2014,4,-4.035,11.825,12.325,11.74,12.57,5.555,-1.345,8.78,9.215,-0.495,16.94,16.405,4.235,5.555,11.775,11.295,-3.435,4.53,15.465,17.75,12.46,16.945,21.675,27.085,40.015,19.455,-0.09,2.86,24.5,28.025,16.565
3,28,2014,5,-3.785,-4.035,11.825,12.325,11.74,12.57,5.555,-1.345,8.78,9.215,-0.495,16.94,16.405,4.235,5.555,11.775,11.295,-3.435,4.53,15.465,17.75,12.46,16.945,21.675,27.085,40.015,19.455,-0.09,2.86,24.5,28.025
3,29,2014,6,4.965,-3.785,-4.035,11.825,12.325,11.74,12.57,5.555,-1.345,8.78,9.215,-0.495,16.94,16.405,4.235,5.555,11.775,11.295,-3.435,4.53,15.465,17.75,12.46,16.945,21.675,27.085,40.015,19.455,-0.09,2.86,24.5
3,30,2014,7,1.36,4.965,-3.785,-4.035,11.825,12.325,11.74,12.57,5.555,-1.345,8.78,9.215,-0.495,16.94,16.405,4.235,5.555,11.775,11.295,-3.435,4.53,15.465,17.75,12.46,16.945,21.675,27.085,40.015,19.455,-0.09,2.86
3,31,2014,1,-3.525,1.36,4.965,-3.785,-4.035,11.825,12.325,11.74,12.57,5.555,-1.345,8.78,9.215,-0.495,16.94,16.405,4.235,5.555,11.775,11.295,-3.435,4.53,15.465,17.75,12.46,16.945,21.675,27.085,40.015,19.455,-0.09
4,1,2014,2,-8.965,-3.525,1.36,4.965,-3.785,-4.035,11.825,12.325,11.74,12.57,5.555,-1.345,8.78,9.215,-0.495,16.94,16.405,4.235,5.555,11.775,11.295,-3.435,4.53,15.465,17.75,12.46,16.945,21.675,27.085,40.015,19.455
4,2,2014,3,-11.445,-8.965,-3.525,1.36,4.965,-3.785,-4.035,11.825,12.325,11.74,12.57,5.555,-1.345,8.78,9.215,-0.495,16.94,16.405,4.235,5.555,11.775,11.295,-3.435,4.53,15.465,17.75,12.46,16.945,21.675,27.085,40.015
4,3,2014,4,-10.345,-11.445,-8.965,-3.525,1.36,4.965,-3.785,-4.035,11.825,12.325,11.74,12.57,5.555,-1.345,8.78,9.215,-0.495,16.94,16.405,4.235,5.555,11.775,11.295,-3.435,4.53,15.465,17.75,12.46,16.945,21.675,27.085
4,4,2014,5,8.295,-10.345,-11.445,-8.965,-3.525,1.36,4.965,-3.785,-4.035,11.825,12.325,11.74,12.57,5.555,-1.345,8.78,9.215,-0.495,16.94,16.405,4.235,5.555,11.775,11.295,-3.435,4.53,15.465,17.75,12.46,16.945,21.675
4,5,2014,6,11.525,8.295,-10.345,-11.445,-8.965,-3.525,1.36,4.965,-3.785,-4.035,11.825,12.325,11.74,12.57,5.555,-1.345,8.78,9.215,-0.495,16.94,16.405,4.235,5.555,11.775,11.295,-3.435,4.53,15.465,17.75,12.46,16.945
4,6,2014,7,15.52,11.525,8.295,-10.345,-11.445,-8.965,-3.525,1.36,4.965,-3.785,-4.035,11.825,12.325,11.74,12.57,5.555,-1.345,8.78,9.215,-0.495,16.94,16.405,4.235,5.555,11.775,11.295,-3.435,4.53,15.465,17.75,12.46
4,7,2014,1,7.115,15.52,11.525,8.295,-10.345,-11.445,-8.965,-3.525,1.36,4.965,-3.785,-4.035,11.825,12.325,11.74,12.57,5.555,-1.345,8.78,9.215,-0.495,16.94,16.405,4.235,5.555,11.775,11.295,-3.435,4.53,15.465,17.75
4,8,2014,2,4.555,7.115,15.52,11.525,8.295,-10.345,-11.445,-8.965,-3.525,1.36,4.965,-3.785,-4.035,11.825,12.325,11.74,12.57,5.555,-1.345,8.78,9.215,-0.495,16.94,16.405,4.235,5.555,11.775,11.295,-3.435,4.53,15.465
4,9,2014,3,1.585,4.555,7.115,15.52,11.525,8.295,-10.345,-11.445,-8.965,-3.525,1.36,4.965,-3.785,-4.035,11.825,12.325,11.74,12.57,5.555,-1.345,8.78,9.215,-0.495,16.94,16.405,4.235,5.555,11.775,11.295,-3.435,4.53
4,10,2014,4,-6.67,1.585,4.555,7.115,15.52,11.525,8.295,-10.345,-11.445,-8.965,-3.525,1.36,4.965,-3.785,-4.035,11.825,12.325,11.74,12.57,5.555,-1.345,8.78,9.215,-0.495,16.94,16.405,4.235,5.555,11.775,11.295,-3.435
4,11,2014,5,-7.28,-6.67,1.585,4.555,7.115,15.52,11.525,8.295,-10.345,-11.445,-8.965,-3.525,1.36,4.965,-3.785,-4.035,11.825,12.325,11.74,12.57,5.555,-1.345,8.78,9.215,-0.495,16.94,16.405,4.235,5.555,11.775,11.295
4,12,2014,6,-9.54,-7.28,-6.67,1.585,4.555,7.115,15.52,11.525,8.295,-10.345,-11.445,-8.965,-3.525,1.36,4.965,-3.785,-4.035,11.825,12.325,11.74,12.57,5.555,-1.345,8.78,9.215,-0.495,16.94,16.405,4.235,5.555,11.775
4,13,2014,7,-6.855,-9.54,-7.28,-6.67,1.585,4.555,7.115,15.52,11.525,8.295,-10.345,-11.445,-8.965,-3.525,1.36,4.965,-3.785,-4.035,11.825,12.325,11.74,12.57,5.555,-1.345,8.78,9.215,-0.495,16.94,16.405,4.235,5.555
4,14,2014,1,6.715,-6.855,-9.54,-7.28,-6.67,1.585,4.555,7.115,15.52,11.525,8.295,-10.345,-11.445,-8.965,-3.525,1.36,4.965,-3.785,-4.035,11.825,12.325,11.74,12.57,5.555,-1.345,8.78,9.215,-0.495,16.94,16.405,4.235
4,15,2014,2,15.625,6.715,-6.855,-9.54,-7.28,-6.67,1.585,4.555,7.115,15.52,11.525,8.295,-10.345,-11.445,-8.965,-3.525,1.36,4.965,-3.785,-4.035,11.825,12.325,11.74,12.57,5.555,-1.345,8.78,9.215,-0.495,16.94,16.405
4,16,2014,3,9.015,15.625,6.715,-6.855,-9.54,-7.28,-6.67,1.585,4.555,7.115,15.52,11.525,8.295,-10.345,-11.445,-8.965,-3.525,1.36,4.965,-3.785,-4.035,11.825,12.325,11.74,12.57,5.555,-1.345,8.78,9.215,-0.495,16.94
4,17,2014,4,8.275,9.015,15.625,6.715,-6.855,-9.54,-7.28,-6.67,1.585,4.555,7.115,15.52,11.525,8.295,-10.345,-11.445,-8.965,-3.525,1.36,4.965,-3.785,-4.035,11.825,12.325,11.74,12.57,5.555,-1.345,8.78,9.215,-0.495
4,18,2014,5,-0.88,8.275,9.015,15.625,6.715,-6.855,-9.54,-7.28,-6.67,1.585,4.555,7.115,15.52,11.525,8.295,-10.345,-11.445,-8.965,-3.525,1.36,4.965,-3.785,-4.035,11.825,12.325,11.74,12.57,5.555,-1.345,8.78,9.215
4,19,2014,6,-1.26,-0.88,8.275,9.015,15.625,6.715,-6.855,-9.54,-7.28,-6.67,1.585,4.555,7.115,15.52,11.525,8.295,-10.345,-11.445,-8.965,-3.525,1.36,4.965,-3.785,-4.035,11.825,12.325,11.74,12.57,5.555,-1.345,8.78
4,20,2014,7,-5.195,-1.26,-0.88,8.275,9.015,15.625,6.715,-6.855,-9.54,-7.28,-6.67,1.585,4.555,7.115,15.52,11.525,8.295,-10.345,-11.445,-8.965,-3.525,1.36,4.965,-3.785,-4.035,11.825,12.325,11.74,12.57,5.555,-1.345
4,21,2014,1,-5.97,-5.195,-1.26,-0.88,8.275,9.015,15.625,6.715,-6.855,-9.54,-7.28,-6.67,1.585,4.555,7.115,15.52,11.525,8.295,-10.345,-11.445,-8.965,-3.525,1.36,4.965,-3.785,-4.035,11.825,12.325,11.74,12.57,5.555
4,22,2014,2,-6.905,-5.97,-5.195,-1.26,-0.88,8.275,9.015,15.625,6.715,-6.855,-9.54,-7.28,-6.67,1.585,4.555,7.115,15.52,11.525,8.295,-10.345,-11.445,-8.965,-3.525,1.36,4.965,-3.785,-4.035,11.825,12.325,11.74,12.57
4,23,2014,3,-8.56,-6.905,-5.97,-5.195,-1.26,-0.88,8.275,9.015,15.625,6.715,-6.855,-9.54,-7.28,-6.67,1.585,4.555,7.115,15.52,11.525,8.295,-10.345,-11.445,-8.965,-3.525,1.36,4.965,-3.785,-4.035,11.825,12.325,11.74
4,24,2014,4,-10.215,-8.56,-6.905,-5.97,-5.195,-1.26,-0.88,8.275,9.015,15.625,6.715,-6.855,-9.54,-7.28,-6.67,1.585,4.555,7.115,15.52,11.525,8.295,-10.345,-11.445,-8.965,-3.525,1.36,4.965,-3.785,-4.035,11.825,12.325
4,25,2014,5,-3.96,-10.215,-8.56,-6.905,-5.97,-5.195,-1.26,-0.88,8.275,9.015,15.625,6.715,-6.855,-9.54,-7.28,-6.67,1.585,4.555,7.115,15.52,11.525,8.295,-10.345,-11.445,-8.965,-3.525,1.36,4.965,-3.785,-4.035,11.825
4,26,2014,6,-7.015,-3.96,-10.215,-8.56,-6.905,-5.97,-5.195,-1.26,-0.88,8.275,9.015,15.625,6.715,-6.855,-9.54,-7.28,-6.67,1.585,4.555,7.115,15.52,11.525,8.295,-10.345,-11.445,-8.965,-3.525,1.36,4.965,-3.785,-4.035
4,27,2014,7,-16.525,-7.015,-3.96,-10.215,-8.56,-6.905,-5.97,-5.195,-1.26,-0.88,8.275,9.015,15.625,6.715,-6.855,-9.54,-7.28,-6.67,1.585,4.555,7.115,15.52,11.525,8.295,-10.345,-11.445,-8.965,-3.525,1.36,4.965,-3.785
4,28,2014,1,-8.585,-16.525,-7.015,-3.96,-10.215,-8.56,-6.905,-5.97,-5.195,-1.26,-0.88,8.275,9.015,15.625,6.715,-6.855,-9.54,-7.28,-6.67,1.585,4.555,7.115,15.52,11.525,8.295,-10.345,-11.445,-8.965,-3.525,1.36,4.965
4,29,2014,2,-1.485,-8.585,-16.525,-7.015,-3.96,-10.215,-8.56,-6.905,-5.97,-5.195,-1.26,-0.88,8.275,9.015,15.625,6.715,-6.855,-9.54,-7.28,-6.67,1.585,4.555,7.115,15.52,11.525,8.295,-10.345,-11.445,-8.965,-3.525,1.36
4,30,2014,3,5.72,-1.485,-8.585,-16.525,-7.015,-3.96,-10.215,-8.56,-6.905,-5.97,-5.195,-1.26,-0.88,8.275,9.015,15.625,6.715,-6.855,-9.54,-7.28,-6.67,1.585,4.555,7.115,15.52,11.525,8.295,-10.345,-11.445,-8.965,-3.525
5,1,2014,4,4.915,5.72,-1.485,-8.585,-16.525,-7.015,-3.96,-10.215,-8.56,-6.905,-5.97,-5.195,-1.26,-0.88,8.275,9.015,15.625,6.715,-6.855,-9.54,-7.28,-6.67,1.585,4.555,7.115,15.52,11.525,8.295,-10.345,-11.445,-8.965
5,2,2014,5,-2.3,4.915,5.72,-1.485,-8.585,-16.525,-7.015,-3.96,-10.215,-8.56,-6.905,-5.97,-5.195,-1.26,-0.88,8.275,9.015,15.625,6.715,-6.855,-9.54,-7.28,-6.67,1.585,4.555,7.115,15.52,11.525,8.295,-10.345,-11.445
5,3,2014,6,-4.51,-2.3,4.915,5.72,-1.485,-8.585,-16.525,-7.015,-3.96,-10.215,-8.56,-6.905,-5.97,-5.195,-1.26,-0.88,8.275,9.015,15.625,6.715,-6.855,-9.54,-7.28,-6.67,1.585,4.555,7.115,15.52,11.525,8.295,-10.345
5,4,2014,7,-12.315,-4.51,-2.3,4.915,5.72,-1.485,-8.585,-16.525,-7.015,-3.96,-10.215,-8.56,-6.905,-5.97,-5.195,-1.26,-0.88,8.275,9.015,15.625,6.715,-6.855,-9.54,-7.28,-6.67,1.585,4.555,7.115,15.52,11.525,8.295
5,5,2014,1,-10.6,-12.315,-4.51,-2.3,4.915,5.72,-1.485,-8.585,-16.525,-7.015,-3.96,-10.215,-8.56,-6.905,-5.97,-5.195,-1.26,-0.88,8.275,9.015,15.625,6.715,-6.855,-9.54,-7.28,-6.67,1.585,4.555,7.115,15.52,11.525
5,6,2014,2,-10.89,-10.6,-12.315,-4.51,-2.3,4.915,5.72,-1.485,-8.585,-16.525,-7.015,-3.96,-10.215,-8.56,-6.905,-5.97,-5.195,-1.26,-0.88,8.275,9.015,15.625,6.715,-6.855,-9.54,-7.28,-6.67,1.585,4.555,7.115,15.52
5,7,2014,3,-11.48,-10.89,-10.6,-12.315,-4.51,-2.3,4.915,5.72,-1.485,-8.585,-16.525,-7.015,-3.96,-10.215,-8.56,-6.905,-5.97,-5.195,-1.26,-0.88,8.275,9.015,15.625,6.715,-6.855,-9.54,-7.28,-6.67,1.585,4.555,7.115
5,8,2014,4,-5.135,-11.48,-10.89,-10.6,-12.315,-4.51,-2.3,4.915,5.72,-1.485,-8.585,-16.525,-7.015,-3.96,-10.215,-8.56,-6.905,-5.97,-5.195,-1.26,-0.88,8.275,9.015,15.625,6.715,-6.855,-9.54,-7.28,-6.67,1.585,4.555
5,9,2014,5,-10.615,-5.135,-11.48,-10.89,-10.6,-12.315,-4.51,-2.3,4.915,5.72,-1.485,-8.585,-16.525,-7.015,-3.96,-10.215,-8.56,-6.905,-5.97,-5.195,-1.26,-0.88,8.275,9.015,15.625,6.715,-6.855,-9.54,-7.28,-6.67,1.585
5,10,2014,6,-10.595,-10.615,-5.135,-11.48,-10.89,-10.6,-12.315,-4.51,-2.3,4.915,5.72,-1.485,-8.585,-16.525,-7.015,-3.96,-10.215,-8.56,-6.905,-5.97,-5.195,-1.26,-0.88,8.275,9.015,15.625,6.715,-6.855,-9.54,-7.28,-6.67
5,11,2014,7,-14.955,-10.595,-10.615,-5.135,-11.48,-10.89,-10.6,-12.315,-4.51,-2.3,4.915,5.72,-1.485,-8.585,-16.525,-7.015,-3.96,-10.215,-8.56,-6.905,-5.97,-5.195,-1.26,-0.88,8.275,9.015,15.625,6.715,-6.855,-9.54,-7.28
5,12,2014,1,-5.9,-14.955,-10.595,-10.615,-5.135,-11.48,-10.89,-10.6,-12.315,-4.51,-2.3,4.915,5.72,-1.485,-8.585,-16.525,-7.015,-3.96,-10.215,-8.56,-6.905,-5.97,-5.195,-1.26,-0.88,8.275,9.015,15.625,6.715,-6.855,-9.54
5,13,2014,2,3.5,-5.9,-14.955,-10.595,-10.615,-5.135,-11.48,-10.89,-10.6,-12.315,-4.51,-2.3,4.915,5.72,-1.485,-8.585,-16.525,-7.015,-3.96,-10.215,-8.56,-6.905,-5.97,-5.195,-1.26,-0.88,8.275,9.015,15.625,6.715,-6.855
5,14,2014,3,2.77,3.5,-5.9,-14.955,-10.595,-10.615,-5.135,-11.48,-10.89,-10.6,-12.315,-4.51,-2.3,4.915,5.72,-1.485,-8.585,-16.525,-7.015,-3.96,-10.215,-8.56,-6.905,-5.97,-5.195,-1.26,-0.88,8.275,9.015,15.625,6.715
5,15,2014,4,-2.24,2.77,3.5,-5.9,-14.955,-10.595,-10.615,-5.135,-11.48,-10.89,-10.6,-12.315,-4.51,-2.3,4.915,5.72,-1.485,-8.585,-16.525,-7.015,-3.96,-10.215,-8.56,-6.905,-5.97,-5.195,-1.26,-0.88,8.275,9.015,15.625
5,16,2014,5,-5.3,-2.24,2.77,3.5,-5.9,-14.955,-10.595,-10.615,-5.135,-11.48,-10.89,-10.6,-12.315,-4.51,-2.3,4.915,5.72,-1.485,-8.585,-16.525,-7.015,-3.96,-10.215,-8.56,-6.905,-5.97,-5.195,-1.26,-0.88,8.275,9.015
5,17,2014,6,-5.37,-5.3,-2.24,2.77,3.5,-5.9,-14.955,-10.595,-10.615,-5.135,-11.48,-10.89,-10.6,-12.315,-4.51,-2.3,4.915,5.72,-1.485,-8.585,-16.525,-7.015,-3.96,-10.215,-8.56,-6.905,-5.97,-5.195,-1.26,-0.88,8.275
5,18,2014,7,-7.765,-5.37,-5.3,-2.24,2.77,3.5,-5.9,-14.955,-10.595,-10.615,-5.135,-11.48,-10.89,-10.6,-12.315,-4.51,-2.3,4.915,5.72,-1.485,-8.585,-16.525,-7.015,-3.96,-10.215,-8.56,-6.905,-5.97,-5.195,-1.26,-0.88
5,19,2014,1,-10.16,-7.765,-5.37,-5.3,-2.24,2.77,3.5,-5.9,-14.955,-10.595,-10.615,-5.135,-11.48,-10.89,-10.6,-12.315,-4.51,-2.3,4.915,5.72,-1.485,-8.585,-16.525,-7.015,-3.96,-10.215,-8.56,-6.905,-5.97,-5.195,-1.26
5,20,2014,2,-12.845,-10.16,-7.765,-5.37,-5.3,-2.24,2.77,3.5,-5.9,-14.955,-10.595,-10.615,-5.135,-11.48,-10.89,-10.6,-12.315,-4.51,-2.3,4.915,5.72,-1.485,-8.585,-16.525,-7.015,-3.96,-10.215,-8.56,-6.905,-5.97,-5.195
5,21,2014,3,-13.04,-12.845,-10.16,-7.765,-5.37,-5.3,-2.24,2.77,3.5,-5.9,-14.955,-10.595,-10.615,-5.135,-11.48,-10.89,-10.6,-12.315,-4.51,-2.3,4.915,5.72,-1.485,-8.585,-16.525,-7.015,-3.96,-10.215,-8.56,-6.905,-5.97
5,22,2014,4,-12.515,-13.04,-12.845,-10.16,-7.765,-5.37,-5.3,-2.24,2.77,3.5,-5.9,-14.955,-10.595,-10.615,-5.135,-11.48,-10.89,-10.6,-12.315,-4.51,-2.3,4.915,5.72,-1.485,-8.585,-16.525,-7.015,-3.96,-10.215,-8.56,-6.905
5,23,2014,5,-11.31,-12.515,-13.04,-12.845,-10.16,-7.765,-5.37,-5.3,-2.24,2.77,3.5,-5.9,-14.955,-10.595,-10.615,-5.135,-11.48,-10.89,-10.6,-12.315,-4.51,-2.3,4.915,5.72,-1.485,-8.585,-16.525,-7.015,-3.96,-10.215,-8.56
5,24,2014,6,-13.5,-11.31,-12.515,-13.04,-12.845,-10.16,-7.765,-5.37,-5.3,-2.24,2.77,3.5,-5.9,-14.955,-10.595,-10.615,-5.135,-11.48,-10.89,-10.6,-12.315,-4.51,-2.3,4.915,5.72,-1.485,-8.585,-16.525,-7.015,-3.96,-10.215
5,25,2014,7,-13.105,-13.5,-11.31,-12.515,-13.04,-12.845,-10.16,-7.765,-5.37,-5.3,-2.24,2.77,3.5,-5.9,-14.955,-10.595,-10.615,-5.135,-11.48,-10.89,-10.6,-12.315,-4.51,-2.3,4.915,5.72,-1.485,-8.585,-16.525,-7.015,-3.96
5,26,2014,1,-9.3,-13.105,-13.5,-11.31,-12.515,-13.04,-12.845,-10.16,-7.765,-5.37,-5.3,-2.24,2.77,3.5,-5.9,-14.955,-10.595,-10.615,-5.135,-11.48,-10.89,-10.6,-12.315,-4.51,-2.3,4.915,5.72,-1.485,-8.585,-16.525,-7.015
5,27,2014,2,-5.67,-9.3,-13.105,-13.5,-11.31,-12.515,-13.04,-12.845,-10.16,-7.765,-5.37,-5.3,-2.24,2.77,3.5,-5.9,-14.955,-10.595,-10.615,-5.135,-11.48,-10.89,-10.6,-12.315,-4.51,-2.3,4.915,5.72,-1.485,-8.585,-16.525
5,28,2014,3,-9.085,-5.67,-9.3,-13.105,-13.5,-11.31,-12.515,-13.04,-12.845,-10.16,-7.765,-5.37,-5.3,-2.24,2.77,3.5,-5.9,-14.955,-10.595,-10.615,-5.135,-11.48,-10.89,-10.6,-12.315,-4.51,-2.3,4.915,5.72,-1.485,-8.585
5,29,2014,4,-12.275,-9.085,-5.67,-9.3,-13.105,-13.5,-11.31,-12.515,-13.04,-12.845,-10.16,-7.765,-5.37,-5.3,-2.24,2.77,3.5,-5.9,-14.955,-10.595,-10.615,-5.135,-11.48,-10.89,-10.6,-12.315,-4.51,-2.3,4.915,5.72,-1.485
5,30,2014,5,-13.28,-12.275,-9.085,-5.67,-9.3,-13.105,-13.5,-11.31,-12.515,-13.04,-12.845,-10.16,-7.765,-5.37,-5.3,-2.24,2.77,3.5,-5.9,-14.955,-10.595,-10.615,-5.135,-11.48,-10.89,-10.6,-12.315,-4.51,-2.3,4.915,5.72
5,31,2014,6,-13.51,-13.28,-12.275,-9.085,-5.67,-9.3,-13.105,-13.5,-11.31,-12.515,-13.04,-12.845,-10.16,-7.765,-5.37,-5.3,-2.24,2.77,3.5,-5.9,-14.955,-10.595,-10.615,-5.135,-11.48,-10.89,-10.6,-12.315,-4.51,-2.3,4.915
6,1,2014,7,-14.945,-13.51,-13.28,-12.275,-9.085,-5.67,-9.3,-13.105,-13.5,-11.31,-12.515,-13.04,-12.845,-10.16,-7.765,-5.37,-5.3,-2.24,2.77,3.5,-5.9,-14.955,-10.595,-10.615,-5.135,-11.48,-10.89,-10.6,-12.315,-4.51,-2.3
6,2,2014,1,-17.33,-14.945,-13.51,-13.28,-12.275,-9.085,-5.67,-9.3,-13.105,-13.5,-11.31,-12.515,-13.04,-12.845,-10.16,-7.765,-5.37,-5.3,-2.24,2.77,3.5,-5.9,-14.955,-10.595,-10.615,-5.135,-11.48,-10.89,-10.6,-12.315,-4.51
6,3,2014,2,-16.685,-17.33,-14.945,-13.51,-13.28,-12.275,-9.085,-5.67,-9.3,-13.105,-13.5,-11.31,-12.515,-13.04,-12.845,-10.16,-7.765,-5.37,-5.3,-2.24,2.77,3.5,-5.9,-14.955,-10.595,-10.615,-5.135,-11.48,-10.89,-10.6,-12.315
6,4,2014,3,-18.335,-16.685,-17.33,-14.945,-13.51,-13.28,-12.275,-9.085,-5.67,-9.3,-13.105,-13.5,-11.31,-12.515,-13.04,-12.845,-10.16,-7.765,-5.37,-5.3,-2.24,2.77,3.5,-5.9,-14.955,-10.595,-10.615,-5.135,-11.48,-10.89,-10.6
6,5,2014,4,-16.38,-18.335,-16.685,-17.33,-14.945,-13.51,-13.28,-12.275,-9.085,-5.67,-9.3,-13.105,-13.5,-11.31,-12.515,-13.04,-12.845,-10.16,-7.765,-5.37,-5.3,-2.24,2.77,3.5,-5.9,-14.955,-10.595,-10.615,-5.135,-11.48,-10.89
6,6,2014,5,-17.86,-16.38,-18.335,-16.685,-17.33,-14.945,-13.51,-13.28,-12.275,-9.085,-5.67,-9.3,-13.105,-13.5,-11.31,-12.515,-13.04,-12.845,-10.16,-7.765,-5.37,-5.3,-2.24,2.77,3.5,-5.9,-14.955,-10.595,-10.615,-5.135,-11.48
6,7,2014,6,-19.21,-17.86,-16.38,-18.335,-16.685,-17.33,-14.945,-13.51,-13.28,-12.275,-9.085,-5.67,-9.3,-13.105,-13.5,-11.31,-12.515,-13.04,-12.845,-10.16,-7.765,-5.37,-5.3,-2.24,2.77,3.5,-5.9,-14.955,-10.595,-10.615,-5.135
6,8,2014,7,-13.915,-19.21,-17.86,-16.38,-18.335,-16.685,-17.33,-14.945,-13.51,-13.28,-12.275,-9.085,-5.67,-9.3,-13.105,-13.5,-11.31,-12.515,-13.04,-12.845,-10.16,-7.765,-5.37,-5.3,-2.24,2.77,3.5,-5.9,-14.955,-10.595,-10.615
6,9,2014,1,-6.92,-13.915,-19.21,-17.86,-16.38,-18.335,-16.685,-17.33,-14.945,-13.51,-13.28,-12.275,-9.085,-5.67,-9.3,-13.105,-13.5,-11.31,-12.515,-13.04,-12.845,-10.16,-7.765,-5.37,-5.3,-2.24,2.77,3.5,-5.9,-14.955,-10.595
6,10,2014,2,-10.255,-6.92,-13.915,-19.21,-17.86,-16.38,-18.335,-16.685,-17.33,-14.945,-13.51,-13.28,-12.275,-9.085,-5.67,-9.3,-13.105,-13.5,-11.31,-12.515,-13.04,-12.845,-10.16,-7.765,-5.37,-5.3,-2.24,2.77,3.5,-5.9,-14.955
6,11,2014,3,-14.445,-10.255,-6.92,-13.915,-19.21,-17.86,-16.38,-18.335,-16.685,-17.33,-14.945,-13.51,-13.28,-12.275,-9.085,-5.67,-9.3,-13.105,-13.5,-11.31,-12.515,-13.04,-12.845,-10.16,-7.765,-5.37,-5.3,-2.24,2.77,3.5,-5.9
6,12,2014,4,-13.545,-14.445,-10.255,-6.92,-13.915,-19.21,-17.86,-16.38,-18.335,-16.685,-17.33,-14.945,-13.51,-13.28,-12.275,-9.085,-5.67,-9.3,-13.105,-13.5,-11.31,-12.515,-13.04,-12.845,-10.16,-7.765,-5.37,-5.3,-2.24,2.77,3.5
6,13,2014,5,-15.78,-13.545,-14.445,-10.255,-6.92,-13.915,-19.21,-17.86,-16.38,-18.335,-16.685,-17.33,-14.945,-13.51,-13.28,-12.275,-9.085,-5.67,-9.3,-13.105,-13.5,-11.31,-12.515,-13.04,-12.845,-10.16,-7.765,-5.37,-5.3,-2.24,2.77
6,14,2014,6,-16.965,-15.78,-13.545,-14.445,-10.255,-6.92,-13.915,-19.21,-17.86,-16.38,-18.335,-16.685,-17.33,-14.945,-13.51,-13.28,-12.275,-9.085,-5.67,-9.3,-13.105,-13.5,-11.31,-12.515,-13.04,-12.845,-10.16,-7.765,-5.37,-5.3,-2.24
6,15,2014,7,-19.03,-16.965,-15.78,-13.545,-14.445,-10.255,-6.92,-13.915,-19.21,-17.86,-16.38,-18.335,-16.685,-17.33,-14.945,-13.51,-13.28,-12.275,-9.085,-5.67,-9.3,-13.105,-13.5,-11.31,-12.515,-13.04,-12.845,-10.16,-7.765,-5.37,-5.3
6,16,2014,1,-19.415,-19.03,-16.965,-15.78,-13.545,-14.445,-10.255,-6.92,-13.915,-19.21,-17.86,-16.38,-18.335,-16.685,-17.33,-14.945,-13.51,-13.28,-12.275,-9.085,-5.67,-9.3,-13.105,-13.5,-11.31,-12.515,-13.04,-12.845,-10.16,-7.765,-5.37
6,17,2014,2,-19.955,-19.415,-19.03,-16.965,-15.78,-13.545,-14.445,-10.255,-6.92,-13.915,-19.21,-17.86,-16.38,-18.335,-16.685,-17.33,-14.945,-13.51,-13.28,-12.275,-9.085,-5.67,-9.3,-13.105,-13.5,-11.31,-12.515,-13.04,-12.845,-10.16,-7.765
6,18,2014,3,-19.755,-19.955,-19.415,-19.03,-16.965,-15.78,-13.545,-14.445,-10.255,-6.92,-13.915,-19.21,-17.86,-16.38,-18.335,-16.685,-17.33,-14.945,-13.51,-13.28,-12.275,-9.085,-5.67,-9.3,-13.105,-13.5,-11.31,-12.515,-13.04,-12.845,-10.16
6,19,2014,4,-19.305,-19.755,-19.955,-19.415,-19.03,-16.965,-15.78,-13.545,-14.445,-10.255,-6.92,-13.915,-19.21,-17.86,-16.38,-18.335,-16.685,-17.33,-14.945,-13.51,-13.28,-12.275,-9.085,-5.67,-9.3,-13.105,-13.5,-11.31,-12.515,-13.04,-12.845
6,20,2014,5,-18.625,-19.305,-19.755,-19.955,-19.415,-19.03,-16.965,-15.78,-13.545,-14.445,-10.255,-6.92,-13.915,-19.21,-17.86,-16.38,-18.335,-16.685,-17.33,-14.945,-13.51,-13.28,-12.275,-9.085,-5.67,-9.3,-13.105,-13.5,-11.31,-12.515,-13.04
6,21,2014,6,-16.945,-18.625,-19.305,-19.755,-19.955,-19.415,-19.03,-16.965,-15.78,-13.545,-14.445,-10.255,-6.92,-13.915,-19.21,-17.86,-16.38,-18.335,-16.685,-17.33,-14.945,-13.51,-13.28,-12.275,-9.085,-5.67,-9.3,-13.105,-13.5,-11.31,-12.515
6,22,2014,7,-10.955,-16.945,-18.625,-19.305,-19.755,-19.955,-19.415,-19.03,-16.965,-15.78,-13.545,-14.445,-10.255,-6.92,-13.915,-19.21,-17.86,-16.38,-18.335,-16.685,-17.33,-14.945,-13.51,-13.28,-12.275,-9.085,-5.67,-9.3,-13.105,-13.5,-11.31
6,23,2014,1,-12.94,-10.955,-16.945,-18.625,-19.305,-19.755,-19.955,-19.415,-19.03,-16.965,-15.78,-13.545,-14.445,-10.255,-6.92,-13.915,-19.21,-17.86,-16.38,-18.335,-16.685,-17.33,-14.945,-13.51,-13.28,-12.275,-9.085,-5.67,-9.3,-13.105,-13.5
6,24,2014,2,-15.37,-12.94,-10.955,-16.945,-18.625,-19.305,-19.755,-19.955,-19.415,-19.03,-16.965,-15.78,-13.545,-14.445,-10.255,-6.92,-13.915,-19.21,-17.86,-16.38,-18.335,-16.685,-17.33,-14.945,-13.51,-13.28,-12.275,-9.085,-5.67,-9.3,-13.105
6,25,2014,3,-10.94,-15.37,-12.94,-10.955,-16.945,-18.625,-19.305,-19.755,-19.955,-19.415,-19.03,-16.965,-15.78,-13.545,-14.445,-10.255,-6.92,-13.915,-19.21,-17.86,-16.38,-18.335,-16.685,-17.33,-14.945,-13.51,-13.28,-12.275,-9.085,-5.67,-9.3
6,26,2014,4,-14.93,-10.94,-15.37,-12.94,-10.955,-16.945,-18.625,-19.305,-19.755,-19.955,-19.415,-19.03,-16.965,-15.78,-13.545,-14.445,-10.255,-6.92,-13.915,-19.21,-17.86,-16.38,-18.335,-16.685,-17.33,-14.945,-13.51,-13.28,-12.275,-9.085,-5.67
6,27,2014,5,-16.86,-14.93,-10.94,-15.37,-12.94,-10.955,-16.945,-18.625,-19.305,-19.755,-19.955,-19.415,-19.03,-16.965,-15.78,-13.545,-14.445,-10.255,-6.92,-13.915,-19.21,-17.86,-16.38,-18.335,-16.685,-17.33,-14.945,-13.51,-13.28,-12.275,-9.085
6,28,2014,6,-18.105,-16.86,-14.93,-10.94,-15.37,-12.94,-10.955,-16.945,-18.625,-19.305,-19.755,-19.955,-19.415,-19.03,-16.965,-15.78,-13.545,-14.445,-10.255,-6.92,-13.915,-19.21,-17.86,-16.38,-18.335,-16.685,-17.33,-14.945,-13.51,-13.28,-12.275
6,29,2014,7,-21.075,-18.105,-16.86,-14.93,-10.94,-15.37,-12.94,-10.955,-16.945,-18.625,-19.305,-19.755,-19.955,-19.415,-19.03,-16.965,-15.78,-13.545,-14.445,-10.255,-6.92,-13.915,-19.21,-17.86,-16.38,-18.335,-16.685,-17.33,-14.945,-13.51,-13.28
6,30,2014,1,-20.525,-21.075,-18.105,-16.86,-14.93,-10.94,-15.37,-12.94,-10.955,-16.945,-18.625,-19.305,-19.755,-19.955,-19.415,-19.03,-16.965,-15.78,-13.545,-14.445,-10.255,-6.92,-13.915,-19.21,-17.86,-16.38,-18.335,-16.685,-17.33,-14.945,-13.51
7,1,2014,2,-18.67,-20.525,-21.075,-18.105,-16.86,-14.93,-10.94,-15.37,-12.94,-10.955,-16.945,-18.625,-19.305,-19.755,-19.955,-19.415,-19.03,-16.965,-15.78,-13.545,-14.445,-10.255,-6.92,-13.915,-19.21,-17.86,-16.38,-18.335,-16.685,-17.33,-14.945
7,2,2014,3,-19.96,-18.67,-20.525,-21.075,-18.105,-16.86,-14.93,-10.94,-15.37,-12.94,-10.955,-16.945,-18.625,-19.305,-19.755,-19.955,-19.415,-19.03,-16.965,-15.78,-13.545,-14.445,-10.255,-6.92,-13.915,-19.21,-17.86,-16.38,-18.335,-16.685,-17.33
7,3,2014,4,-13.57,-19.96,-18.67,-20.525,-21.075,-18.105,-16.86,-14.93,-10.94,-15.37,-12.94,-10.955,-16.945,-18.625,-19.305,-19.755,-19.955,-19.415,-19.03,-16.965,-15.78,-13.545,-14.445,-10.255,-6.92,-13.915,-19.21,-17.86,-16.38,-18.335,-16.685
7,4,2014,5,-17.47,-13.57,-19.96,-18.67,-20.525,-21.075,-18.105,-16.86,-14.93,-10.94,-15.37,-12.94,-10.955,-16.945,-18.625,-19.305,-19.755,-19.955,-19.415,-19.03,-16.965,-15.78,-13.545,-14.445,-10.255,-6.92,-13.915,-19.21,-17.86,-16.38,-18.335
7,5,2014,6,-17.27,-17.47,-13.57,-19.96,-18.67,-20.525,-21.075,-18.105,-16.86,-14.93,-10.94,-15.37,-12.94,-10.955,-16.945,-18.625,-19.305,-19.755,-19.955,-19.415,-19.03,-16.965,-15.78,-13.545,-14.445,-10.255,-6.92,-13.915,-19.21,-17.86,-16.38
7,6,2014,7,-18.46,-17.27,-17.47,-13.57,-19.96,-18.67,-20.525,-21.075,-18.105,-16.86,-14.93,-10.94,-15.37,-12.94,-10.955,-16.945,-18.625,-19.305,-19.755,-19.955,-19.415,-19.03,-16.965,-15.78,-13.545,-14.445,-10.255,-6.92,-13.915,-19.21,-17.86
7,7,2014,1,-20.825,-18.46,-17.27,-17.47,-13.57,-19.96,-18.67,-20.525,-21.075,-18.105,-16.86,-14.93,-10.94,-15.37,-12.94,-10.955,-16.945,-18.625,-19.305,-19.755,-19.955,-19.415,-19.03,-16.965,-15.78,-13.545,-14.445,-10.255,-6.92,-13.915,-19.21
7,8,2014,2,-22.505,-20.825,-18.46,-17.27,-17.47,-13.57,-19.96,-18.67,-20.525,-21.075,-18.105,-16.86,-14.93,-10.94,-15.37,-12.94,-10.955,-16.945,-18.625,-19.305,-19.755,-19.955,-19.415,-19.03,-16.965,-15.78,-13.545,-14.445,-10.255,-6.92,-13.915
7,9,2014,3,-21.835,-22.505,-20.825,-18.46,-17.27,-17.47,-13.57,-19.96,-18.67,-20.525,-21.075,-18.105,-16.86,-14.93,-10.94,-15.37,-12.94,-10.955,-16.945,-18.625,-19.305,-19.755,-19.955,-19.415,-19.03,-16.965,-15.78,-13.545,-14.445,-10.255,-6.92
7,10,2014,4,-22.205,-21.835,-22.505,-20.825,-18.46,-17.27,-17.47,-13.57,-19.96,-18.67,-20.525,-21.075,-18.105,-16.86,-14.93,-10.94,-15.37,-12.94,-10.955,-16.945,-18.625,-19.305,-19.755,-19.955,-19.415,-19.03,-16.965,-15.78,-13.545,-14.445,-10.255
7,11,2014,5,-19.835,-22.205,-21.835,-22.505,-20.825,-18.46,-17.27,-17.47,-13.57,-19.96,-18.67,-20.525,-21.075,-18.105,-16.86,-14.93,-10.94,-15.37,-12.94,-10.955,-16.945,-18.625,-19.305,-19.755,-19.955,-19.415,-19.03,-16.965,-15.78,-13.545,-14.445
7,12,2014,6,-21.78,-19.835,-22.205,-21.835,-22.505,-20.825,-18.46,-17.27,-17.47,-13.57,-19.96,-18.67,-20.525,-21.075,-18.105,-16.86,-14.93,-10.94,-15.37,-12.94,-10.955,-16.945,-18.625,-19.305,-19.755,-19.955,-19.415,-19.03,-16.965,-15.78,-13.545
7,13,2014,7,-24.02,-21.78,-19.835,-22.205,-21.835,-22.505,-20.825,-18.46,-17.27,-17.47,-13.57,-19.96,-18.67,-20.525,-21.075,-18.105,-16.86,-14.93,-10.94,-15.37,-12.94,-10.955,-16.945,-18.625,-19.305,-19.755,-19.955,-19.415,-19.03,-16.965,-15.78
7,14,2014,1,-23.645,-24.02,-21.78,-19.835,-22.205,-21.835,-22.505,-20.825,-18.46,-17.27,-17.47,-13.57,-19.96,-18.67,-20.525,-21.075,-18.105,-16.86,-14.93,-10.94,-15.37,-12.94,-10.955,-16.945,-18.625,-19.305,-19.755,-19.955,-19.415,-19.03,-16.965
7,15,2014,2,-19.16,-23.645,-24.02,-21.78,-19.835,-22.205,-21.835,-22.505,-20.825,-18.46,-17.27,-17.47,-13.57,-19.96,-18.67,-20.525,-21.075,-18.105,-16.86,-14.93,-10.94,-15.37,-12.94,-10.955,-16.945,-18.625,-19.305,-19.755,-19.955,-19.415,-19.03
7,16,2014,3,-14.705,-19.16,-23.645,-24.02,-21.78,-19.835,-22.205,-21.835,-22.505,-20.825,-18.46,-17.27,-17.47,-13.57,-19.96,-18.67,-20.525,-21.075,-18.105,-16.86,-14.93,-10.94,-15.37,-12.94,-10.955,-16.945,-18.625,-19.305,-19.755,-19.955,-19.415
7,17,2014,4,-8.85,-14.705,-19.16,-23.645,-24.02,-21.78,-19.835,-22.205,-21.835,-22.505,-20.825,-18.46,-17.27,-17.47,-13.57,-19.96,-18.67,-20.525,-21.075,-18.105,-16.86,-14.93,-10.94,-15.37,-12.94,-10.955,-16.945,-18.625,-19.305,-19.755,-19.955
7,18,2014,5,-5.835,-8.85,-14.705,-19.16,-23.645,-24.02,-21.78,-19.835,-22.205,-21.835,-22.505,-20.825,-18.46,-17.27,-17.47,-13.57,-19.96,-18.67,-20.525,-21.075,-18.105,-16.86,-14.93,-10.94,-15.37,-12.94,-10.955,-16.945,-18.625,-19.305,-19.755
7,19,2014,6,-7.6,-5.835,-8.85,-14.705,-19.16,-23.645,-24.02,-21.78,-19.835,-22.205,-21.835,-22.505,-20.825,-18.46,-17.27,-17.47,-13.57,-19.96,-18.67,-20.525,-21.075,-18.105,-16.86,-14.93,-10.94,-15.37,-12.94,-10.955,-16.945,-18.625,-19.305
7,20,2014,7,-13.875,-7.6,-5.835,-8.85,-14.705,-19.16,-23.645,-24.02,-21.78,-19.835,-22.205,-21.835,-22.505,-20.825,-18.46,-17.27,-17.47,-13.57,-19.96,-18.67,-20.525,-21.075,-18.105,-16.86,-14.93,-10.94,-15.37,-12.94,-10.955,-16.945,-18.625
7,21,2014,1,-19.68,-13.875,-7.6,-5.835,-8.85,-14.705,-19.16,-23.645,-24.02,-21.78,-19.835,-22.205,-21.835,-22.505,-20.825,-18.46,-17.27,-17.47,-13.57,-19.96,-18.67,-20.525,-21.075,-18.105,-16.86,-14.93,-10.94,-15.37,-12.94,-10.955,-16.945
7,22,2014,2,-21.43,-19.68,-13.875,-7.6,-5.835,-8.85,-14.705,-19.16,-23.645,-24.02,-21.78,-19.835,-22.205,-21.835,-22.505,-20.825,-18.46,-17.27,-17.47,-13.57,-19.96,-18.67,-20.525,-21.075,-18.105,-16.86,-14.93,-10.94,-15.37,-12.94,-10.955
7,23,2014,3,-19.615,-21.43,-19.68,-13.875,-7.6,-5.835,-8.85,-14.705,-19.16,-23.645,-24.02,-21.78,-19.835,-22.205,-21.835,-22.505,-20.825,-18.46,-17.27,-17.47,-13.57,-19.96,-18.67,-20.525,-21.075,-18.105,-16.86,-14.93,-10.94,-15.37,-12.94
7,24,2014,4,-18.985,-19.615,-21.43,-19.68,-13.875,-7.6,-5.835,-8.85,-14.705,-19.16,-23.645,-24.02,-21.78,-19.835,-22.205,-21.835,-22.505,-20.825,-18.46,-17.27,-17.47,-13.57,-19.96,-18.67,-20.525,-21.075,-18.105,-16.86,-14.93,-10.94,-15.37
7,25,2014,5,-21.305,-18.985,-19.615,-21.43,-19.68,-13.875,-7.6,-5.835,-8.85,-14.705,-19.16,-23.645,-24.02,-21.78,-19.835,-22.205,-21.835,-22.505,-20.825,-18.46,-17.27,-17.47,-13.57,-19.96,-18.67,-20.525,-21.075,-18.105,-16.86,-14.93,-10.94
7,26,2014,6,-24.38,-21.305,-18.985,-19.615,-21.43,-19.68,-13.875,-7.6,-5.835,-8.85,-14.705,-19.16,-23.645,-24.02,-21.78,-19.835,-22.205,-21.835,-22.505,-20.825,-18.46,-17.27,-17.47,-13.57,-19.96,-18.67,-20.525,-21.075,-18.105,-16.86,-14.93
7,27,2014,7,-25.96,-24.38,-21.305,-18.985,-19.615,-21.43,-19.68,-13.875,-7.6,-5.835,-8.85,-14.705,-19.16,-23.645,-24.02,-21.78,-19.835,-22.205,-21.835,-22.505,-20.825,-18.46,-17.27,-17.47,-13.57,-19.96,-18.67,-20.525,-21.075,-18.105,-16.86
7,28,2014,1,-23.285,-25.96,-24.38,-21.305,-18.985,-19.615,-21.43,-19.68,-13.875,-7.6,-5.835,-8.85,-14.705,-19.16,-23.645,-24.02,-21.78,-19.835,-22.205,-21.835,-22.505,-20.825,-18.46,-17.27,-17.47,-13.57,-19.96,-18.67,-20.525,-21.075,-18.105
7,29,2014,2,-14.515,-23.285,-25.96,-24.38,-21.305,-18.985,-19.615,-21.43,-19.68,-13.875,-7.6,-5.835,-8.85,-14.705,-19.16,-23.645,-24.02,-21.78,-19.835,-22.205,-21.835,-22.505,-20.825,-18.46,-17.27,-17.47,-13.57,-19.96,-18.67,-20.525,-21.075
7,30,2014,3,-17.22,-14.515,-23.285,-25.96,-24.38,-21.305,-18.985,-19.615,-21.43,-19.68,-13.875,-7.6,-5.835,-8.85,-14.705,-19.16,-23.645,-24.02,-21.78,-19.835,-22.205,-21.835,-22.505,-20.825,-18.46,-17.27,-17.47,-13.57,-19.96,-18.67,-20.525
7,31,2014,4,-12.315,-17.22,-14.515,-23.285,-25.96,-24.38,-21.305,-18.985,-19.615,-21.43,-19.68,-13.875,-7.6,-5.835,-8.85,-14.705,-19.16,-23.645,-24.02,-21.78,-19.835,-22.205,-21.835,-22.505,-20.825,-18.46,-17.27,-17.47,-13.57,-19.96,-18.67
8,1,2014,5,-9.9,-12.315,-17.22,-14.515,-23.285,-25.96,-24.38,-21.305,-18.985,-19.615,-21.43,-19.68,-13.875,-7.6,-5.835,-8.85,-14.705,-19.16,-23.645,-24.02,-21.78,-19.835,-22.205,-21.835,-22.505,-20.825,-18.46,-17.27,-17.47,-13.57,-19.96
8,2,2014,6,-12.78,-9.9,-12.315,-17.22,-14.515,-23.285,-25.96,-24.38,-21.305,-18.985,-19.615,-21.43,-19.68,-13.875,-7.6,-5.835,-8.85,-14.705,-19.16,-23.645,-24.02,-21.78,-19.835,-22.205,-21.835,-22.505,-20.825,-18.46,-17.27,-17.47,-13.57
8,3,2014,7,-16.325,-12.78,-9.9,-12.315,-17.22,-14.515,-23.285,-25.96,-24.38,-21.305,-18.985,-19.615,-21.43,-19.68,-13.875,-7.6,-5.835,-8.85,-14.705,-19.16,-23.645,-24.02,-21.78,-19.835,-22.205,-21.835,-22.505,-20.825,-18.46,-17.27,-17.47
8,4,2014,1,-17.62,-16.325,-12.78,-9.9,-12.315,-17.22,-14.515,-23.285,-25.96,-24.38,-21.305,-18.985,-19.615,-21.43,-19.68,-13.875,-7.6,-5.835,-8.85,-14.705,-19.16,-23.645,-24.02,-21.78,-19.835,-22.205,-21.835,-22.505,-20.825,-18.46,-17.27
8,5,2014,2,-19.735,-17.62,-16.325,-12.78,-9.9,-12.315,-17.22,-14.515,-23.285,-25.96,-24.38,-21.305,-18.985,-19.615,-21.43,-19.68,-13.875,-7.6,-5.835,-8.85,-14.705,-19.16,-23.645,-24.02,-21.78,-19.835,-22.205,-21.835,-22.505,-20.825,-18.46
8,6,2014,3,-23.08,-19.735,-17.62,-16.325,-12.78,-9.9,-12.315,-17.22,-14.515,-23.285,-25.96,-24.38,-21.305,-18.985,-19.615,-21.43,-19.68,-13.875,-7.6,-5.835,-8.85,-14.705,-19.16,-23.645,-24.02,-21.78,-19.835,-22.205,-21.835,-22.505,-20.825
8,7,2014,4,-23.67,-23.08,-19.735,-17.62,-16.325,-12.78,-9.9,-12.315,-17.22,-14.515,-23.285,-25.96,-24.38,-21.305,-18.985,-19.615,-21.43,-19.68,-13.875,-7.6,-5.835,-8.85,-14.705,-19.16,-23.645,-24.02,-21.78,-19.835,-22.205,-21.835,-22.505
8,8,2014,5,-26.8,-23.67,-23.08,-19.735,-17.62,-16.325,-12.78,-9.9,-12.315,-17.22,-14.515,-23.285,-25.96,-24.38,-21.305,-18.985,-19.615,-21.43,-19.68,-13.875,-7.6,-5.835,-8.85,-14.705,-19.16,-23.645,-24.02,-21.78,-19.835,-22.205,-21.835
8,9,2014,6,-25.23,-26.8,-23.67,-23.08,-19.735,-17.62,-16.325,-12.78,-9.9,-12.315,-17.22,-14.515,-23.285,-25.96,-24.38,-21.305,-18.985,-19.615,-21.43,-19.68,-13.875,-7.6,-5.835,-8.85,-14.705,-19.16,-23.645,-24.02,-21.78,-19.835,-22.205
8,10,2014,7,-24.485,-25.23,-26.8,-23.67,-23.08,-19.735,-17.62,-16.325,-12.78,-9.9,-12.315,-17.22,-14.515,-23.285,-25.96,-24.38,-21.305,-18.985,-19.615,-21.43,-19.68,-13.875,-7.6,-5.835,-8.85,-14.705,-19.16,-23.645,-24.02,-21.78,-19.835
8,11,2014,1,-23.29,-24.485,-25.23,-26.8,-23.67,-23.08,-19.735,-17.62,-16.325,-12.78,-9.9,-12.315,-17.22,-14.515,-23.285,-25.96,-24.38,-21.305,-18.985,-19.615,-21.43,-19.68,-13.875,-7.6,-5.835,-8.85,-14.705,-19.16,-23.645,-24.02,-21.78
8,12,2014,2,-20.8,-23.29,-24.485,-25.23,-26.8,-23.67,-23.08,-19.735,-17.62,-16.325,-12.78,-9.9,-12.315,-17.22,-14.515,-23.285,-25.96,-24.38,-21.305,-18.985,-19.615,-21.43,-19.68,-13.875,-7.6,-5.835,-8.85,-14.705,-19.16,-23.645,-24.02
8,13,2014,3,-16.16,-20.8,-23.29,-24.485,-25.23,-26.8,-23.67,-23.08,-19.735,-17.62,-16.325,-12.78,-9.9,-12.315,-17.22,-14.515,-23.285,-25.96,-24.38,-21.305,-18.985,-19.615,-21.43,-19.68,-13.875,-7.6,-5.835,-8.85,-14.705,-19.16,-23.645
8,14,2014,4,-18.125,-16.16,-20.8,-23.29,-24.485,-25.23,-26.8,-23.67,-23.08,-19.735,-17.62,-16.325,-12.78,-9.9,-12.315,-17.22,-14.515,-23.285,-25.96,-24.38,-21.305,-18.985,-19.615,-21.43,-19.68,-13.875,-7.6,-5.835,-8.85,-14.705,-19.16
8,15,2014,5,-21.475,-18.125,-16.16,-20.8,-23.29,-24.485,-25.23,-26.8,-23.67,-23.08,-19.735,-17.62,-16.325,-12.78,-9.9,-12.315,-17.22,-14.515,-23.285,-25.96,-24.38,-21.305,-18.985,-19.615,-21.43,-19.68,-13.875,-7.6,-5.835,-8.85,-14.705
8,16,2014,6,-24.925,-21.475,-18.125,-16.16,-20.8,-23.29,-24.485,-25.23,-26.8,-23.67,-23.08,-19.735,-17.62,-16.325,-12.78,-9.9,-12.315,-17.22,-14.515,-23.285,-25.96,-24.38,-21.305,-18.985,-19.615,-21.43,-19.68,-13.875,-7.6,-5.835,-8.85
8,17,2014,7,-14.06,-24.925,-21.475,-18.125,-16.16,-20.8,-23.29,-24.485,-25.23,-26.8,-23.67,-23.08,-19.735,-17.62,-16.325,-12.78,-9.9,-12.315,-17.22,-14.515,-23.285,-25.96,-24.38,-21.305,-18.985,-19.615,-21.43,-19.68,-13.875,-7.6,-5.835
8,18,2014,1,-17.625,-14.06,-24.925,-21.475,-18.125,-16.16,-20.8,-23.29,-24.485,-25.23,-26.8,-23.67,-23.08,-19.735,-17.62,-16.325,-12.78,-9.9,-12.315,-17.22,-14.515,-23.285,-25.96,-24.38,-21.305,-18.985,-19.615,-21.43,-19.68,-13.875,-7.6
8,19,2014,2,-19.92,-17.625,-14.06,-24.925,-21.475,-18.125,-16.16,-20.8,-23.29,-24.485,-25.23,-26.8,-23.67,-23.08,-19.735,-17.62,-16.325,-12.78,-9.9,-12.315,-17.22,-14.515,-23.285,-25.96,-24.38,-21.305,-18.985,-19.615,-21.43,-19.68,-13.875
8,20,2014,3,-22.775,-19.92,-17.625,-14.06,-24.925,-21.475,-18.125,-16.16,-20.8,-23.29,-24.485,-25.23,-26.8,-23.67,-23.08,-19.735,-17.62,-16.325,-12.78,-9.9,-12.315,-17.22,-14.515,-23.285,-25.96,-24.38,-21.305,-18.985,-19.615,-21.43,-19.68
8,21,2014,4,-23.35,-22.775,-19.92,-17.625,-14.06,-24.925,-21.475,-18.125,-16.16,-20.8,-23.29,-24.485,-25.23,-26.8,-23.67,-23.08,-19.735,-17.62,-16.325,-12.78,-9.9,-12.315,-17.22,-14.515,-23.285,-25.96,-24.38,-21.305,-18.985,-19.615,-21.43
8,22,2014,5,-24.775,-23.35,-22.775,-19.92,-17.625,-14.06,-24.925,-21.475,-18.125,-16.16,-20.8,-23.29,-24.485,-25.23,-26.8,-23.67,-23.08,-19.735,-17.62,-16.325,-12.78,-9.9,-12.315,-17.22,-14.515,-23.285,-25.96,-24.38,-21.305,-18.985,-19.615
8,23,2014,6,-23.53,-24.775,-23.35,-22.775,-19.92,-17.625,-14.06,-24.925,-21.475,-18.125,-16.16,-20.8,-23.29,-24.485,-25.23,-26.8,-23.67,-23.08,-19.735,-17.62,-16.325,-12.78,-9.9,-12.315,-17.22,-14.515,-23.285,-25.96,-24.38,-21.305,-18.985
8,24,2014,7,-23.28,-23.53,-24.775,-23.35,-22.775,-19.92,-17.625,-14.06,-24.925,-21.475,-18.125,-16.16,-20.8,-23.29,-24.485,-25.23,-26.8,-23.67,-23.08,-19.735,-17.62,-16.325,-12.78,-9.9,-12.315,-17.22,-14.515,-23.285,-25.96,-24.38,-21.305
8,25,2014,1,-23.695,-23.28,-23.53,-24.775,-23.35,-22.775,-19.92,-17.625,-14.06,-24.925,-21.475,-18.125,-16.16,-20.8,-23.29,-24.485,-25.23,-26.8,-23.67,-23.08,-19.735,-17.62,-16.325,-12.78,-9.9,-12.315,-17.22,-14.515,-23.285,-25.96,-24.38
8,26,2014,2,-22.955,-23.695,-23.28,-23.53,-24.775,-23.35,-22.775,-19.92,-17.625,-14.06,-24.925,-21.475,-18.125,-16.16,-20.8,-23.29,-24.485,-25.23,-26.8,-23.67,-23.08,-19.735,-17.62,-16.325,-12.78,-9.9,-12.315,-17.22,-14.515,-23.285,-25.96
8,27,2014,3,-20.67,-22.955,-23.695,-23.28,-23.53,-24.775,-23.35,-22.775,-19.92,-17.625,-14.06,-24.925,-21.475,-18.125,-16.16,-20.8,-23.29,-24.485,-25.23,-26.8,-23.67,-23.08,-19.735,-17.62,-16.325,-12.78,-9.9,-12.315,-17.22,-14.515,-23.285
8,28,2014,4,-20.165,-20.67,-22.955,-23.695,-23.28,-23.53,-24.775,-23.35,-22.775,-19.92,-17.625,-14.06,-24.925,-21.475,-18.125,-16.16,-20.8,-23.29,-24.485,-25.23,-26.8,-23.67,-23.08,-19.735,-17.62,-16.325,-12.78,-9.9,-12.315,-17.22,-14.515
8,29,2014,5,-16.65,-20.165,-20.67,-22.955,-23.695,-23.28,-23.53,-24.775,-23.35,-22.775,-19.92,-17.625,-14.06,-24.925,-21.475,-18.125,-16.16,-20.8,-23.29,-24.485,-25.23,-26.8,-23.67,-23.08,-19.735,-17.62,-16.325,-12.78,-9.9,-12.315,-17.22
8,30,2014,6,-18.745,-16.65,-20.165,-20.67,-22.955,-23.695,-23.28,-23.53,-24.775,-23.35,-22.775,-19.92,-17.625,-14.06,-24.925,-21.475,-18.125,-16.16,-20.8,-23.29,-24.485,-25.23,-26.8,-23.67,-23.08,-19.735,-17.62,-16.325,-12.78,-9.9,-12.315
8,31,2014,7,-19.905,-18.745,-16.65,-20.165,-20.67,-22.955,-23.695,-23.28,-23.53,-24.775,-23.35,-22.775,-19.92,-17.625,-14.06,-24.925,-21.475,-18.125,-16.16,-20.8,-23.29,-24.485,-25.23,-26.8,-23.67,-23.08,-19.735,-17.62,-16.325,-12.78,-9.9
9,1,2014,1,-21.595,-19.905,-18.745,-16.65,-20.165,-20.67,-22.955,-23.695,-23.28,-23.53,-24.775,-23.35,-22.775,-19.92,-17.625,-14.06,-24.925,-21.475,-18.125,-16.16,-20.8,-23.29,-24.485,-25.23,-26.8,-23.67,-23.08,-19.735,-17.62,-16.325,-12.78
9,2,2014,2,-22.75,-21.595,-19.905,-18.745,-16.65,-20.165,-20.67,-22.955,-23.695,-23.28,-23.53,-24.775,-23.35,-22.775,-19.92,-17.625,-14.06,-24.925,-21.475,-18.125,-16.16,-20.8,-23.29,-24.485,-25.23,-26.8,-23.67,-23.08,-19.735,-17.62,-16.325
9,3,2014,3,-21.725,-22.75,-21.595,-19.905,-18.745,-16.65,-20.165,-20.67,-22.955,-23.695,-23.28,-23.53,-24.775,-23.35,-22.775,-19.92,-17.625,-14.06,-24.925,-21.475,-18.125,-16.16,-20.8,-23.29,-24.485,-25.23,-26.8,-23.67,-23.08,-19.735,-17.62
9,4,2014,4,-21.955,-21.725,-22.75,-21.595,-19.905,-18.745,-16.65,-20.165,-20.67,-22.955,-23.695,-23.28,-23.53,-24.775,-23.35,-22.775,-19.92,-17.625,-14.06,-24.925,-21.475,-18.125,-16.16,-20.8,-23.29,-24.485,-25.23,-26.8,-23.67,-23.08,-19.735
9,5,2014,5,-21.48,-21.955,-21.725,-22.75,-21.595,-19.905,-18.745,-16.65,-20.165,-20.67,-22.955,-23.695,-23.28,-23.53,-24.775,-23.35,-22.775,-19.92,-17.625,-14.06,-24.925,-21.475,-18.125,-16.16,-20.8,-23.29,-24.485,-25.23,-26.8,-23.67,-23.08
9,6,2014,6,-20.65,-21.48,-21.955,-21.725,-22.75,-21.595,-19.905,-18.745,-16.65,-20.165,-20.67,-22.955,-23.695,-23.28,-23.53,-24.775,-23.35,-22.775,-19.92,-17.625,-14.06,-24.925,-21.475,-18.125,-16.16,-20.8,-23.29,-24.485,-25.23,-26.8,-23.67
9,7,2014,7,-14.0,-20.65,-21.48,-21.955,-21.725,-22.75,-21.595,-19.905,-18.745,-16.65,-20.165,-20.67,-22.955,-23.695,-23.28,-23.53,-24.775,-23.35,-22.775,-19.92,-17.625,-14.06,-24.925,-21.475,-18.125,-16.16,-20.8,-23.29,-24.485,-25.23,-26.8
9,8,2014,1,-18.09,-14.0,-20.65,-21.48,-21.955,-21.725,-22.75,-21.595,-19.905,-18.745,-16.65,-20.165,-20.67,-22.955,-23.695,-23.28,-23.53,-24.775,-23.35,-22.775,-19.92,-17.625,-14.06,-24.925,-21.475,-18.125,-16.16,-20.8,-23.29,-24.485,-25.23
9,9,2014,2,-22.305,-18.09,-14.0,-20.65,-21.48,-21.955,-21.725,-22.75,-21.595,-19.905,-18.745,-16.65,-20.165,-20.67,-22.955,-23.695,-23.28,-23.53,-24.775,-23.35,-22.775,-19.92,-17.625,-14.06,-24.925,-21.475,-18.125,-16.16,-20.8,-23.29,-24.485
9,10,2014,3,-24.14,-22.305,-18.09,-14.0,-20.65,-21.48,-21.955,-21.725,-22.75,-21.595,-19.905,-18.745,-16.65,-20.165,-20.67,-22.955,-23.695,-23.28,-23.53,-24.775,-23.35,-22.775,-19.92,-17.625,-14.06,-24.925,-21.475,-18.125,-16.16,-20.8,-23.29
9,11,2014,4,-16.18,-24.14,-22.305,-18.09,-14.0,-20.65,-21.48,-21.955,-21.725,-22.75,-21.595,-19.905,-18.745,-16.65,-20.165,-20.67,-22.955,-23.695,-23.28,-23.53,-24.775,-23.35,-22.775,-19.92,-17.625,-14.06,-24.925,-21.475,-18.125,-16.16,-20.8
9,12,2014,5,-1.97,-16.18,-24.14,-22.305,-18.09,-14.0,-20.65,-21.48,-21.955,-21.725,-22.75,-21.595,-19.905,-18.745,-16.65,-20.165,-20.67,-22.955,-23.695,-23.28,-23.53,-24.775,-23.35,-22.775,-19.92,-17.625,-14.06,-24.925,-21.475,-18.125,-16.16
9,13,2014,6,1.615,-1.97,-16.18,-24.14,-22.305,-18.09,-14.0,-20.65,-21.48,-21.955,-21.725,-22.75,-21.595,-19.905,-18.745,-16.65,-20.165,-20.67,-22.955,-23.695,-23.28,-23.53,-24.775,-23.35,-22.775,-19.92,-17.625,-14.06,-24.925,-21.475,-18.125
9,14,2014,7,-6.23,1.615,-1.97,-16.18,-24.14,-22.305,-18.09,-14.0,-20.65,-21.48,-21.955,-21.725,-22.75,-21.595,-19.905,-18.745,-16.65,-20.165,-20.67,-22.955,-23.695,-23.28,-23.53,-24.775,-23.35,-22.775,-19.92,-17.625,-14.06,-24.925,-21.475
9,15,2014,1,-12.9,-6.23,1.615,-1.97,-16.18,-24.14,-22.305,-18.09,-14.0,-20.65,-21.48,-21.955,-21.725,-22.75,-21.595,-19.905,-18.745,-16.65,-20.165,-20.67,-22.955,-23.695,-23.28,-23.53,-24.775,-23.35,-22.775,-19.92,-17.625,-14.06,-24.925
9,16,2014,2,-17.535,-12.9,-6.23,1.615,-1.97,-16.18,-24.14,-22.305,-18.09,-14.0,-20.65,-21.48,-21.955,-21.725,-22.75,-21.595,-19.905,-18.745,-16.65,-20.165,-20.67,-22.955,-23.695,-23.28,-23.53,-24.775,-23.35,-22.775,-19.92,-17.625,-14.06
9,17,2014,3,-18.445,-17.535,-12.9,-6.23,1.615,-1.97,-16.18,-24.14,-22.305,-18.09,-14.0,-20.65,-21.48,-21.955,-21.725,-22.75,-21.595,-19.905,-18.745,-16.65,-20.165,-20.67,-22.955,-23.695,-23.28,-23.53,-24.775,-23.35,-22.775,-19.92,-17.625
9,18,2014,4,-16.39,-18.445,-17.535,-12.9,-6.23,1.615,-1.97,-16.18,-24.14,-22.305,-18.09,-14.0,-20.65,-21.48,-21.955,-21.725,-22.75,-21.595,-19.905,-18.745,-16.65,-20.165,-20.67,-22.955,-23.695,-23.28,-23.53,-24.775,-23.35,-22.775,-19.92
9,19,2014,5,-13.8,-16.39,-18.445,-17.535,-12.9,-6.23,1.615,-1.97,-16.18,-24.14,-22.305,-18.09,-14.0,-20.65,-21.48,-21.955,-21.725,-22.75,-21.595,-19.905,-18.745,-16.65,-20.165,-20.67,-22.955,-23.695,-23.28,-23.53,-24.775,-23.35,-22.775
9,20,2014,6,-16.755,-13.8,-16.39,-18.445,-17.535,-12.9,-6.23,1.615,-1.97,-16.18,-24.14,-22.305,-18.09,-14.0,-20.65,-21.48,-21.955,-21.725,-22.75,-21.595,-19.905,-18.745,-16.65,-20.165,-20.67,-22.955,-23.695,-23.28,-23.53,-24.775,-23.35
9,21,2014,7,-17.345,-16.755,-13.8,-16.39,-18.445,-17.535,-12.9,-6.23,1.615,-1.97,-16.18,-24.14,-22.305,-18.09,-14.0,-20.65,-21.48,-21.955,-21.725,-22.75,-21.595,-19.905,-18.745,-16.65,-20.165,-20.67,-22.955,-23.695,-23.28,-23.53,-24.775
9,22,2014,1,-15.13,-17.345,-16.755,-13.8,-16.39,-18.445,-17.535,-12.9,-6.23,1.615,-1.97,-16.18,-24.14,-22.305,-18.09,-14.0,-20.65,-21.48,-21.955,-21.725,-22.75,-21.595,-19.905,-18.745,-16.65,-20.165,-20.67,-22.955,-23.695,-23.28,-23.53
9,23,2014,2,-8.46,-15.13,-17.345,-16.755,-13.8,-16.39,-18.445,-17.535,-12.9,-6.23,1.615,-1.97,-16.18,-24.14,-22.305,-18.09,-14.0,-20.65,-21.48,-21.955,-21.725,-22.75,-21.595,-19.905,-18.745,-16.65,-20.165,-20.67,-22.955,-23.695,-23.28
9,24,2014,3,-7.6,-8.46,-15.13,-17.345,-16.755,-13.8,-16.39,-18.445,-17.535,-12.9,-6.23,1.615,-1.97,-16.18,-24.14,-22.305,-18.09,-14.0,-20.65,-21.48,-21.955,-21.725,-22.75,-21.595,-19.905,-18.745,-16.65,-20.165,-20.67,-22.955,-23.695
9,25,2014,4,-9.3,-7.6,-8.46,-15.13,-17.345,-16.755,-13.8,-16.39,-18.445,-17.535,-12.9,-6.23,1.615,-1.97,-16.18,-24.14,-22.305,-18.09,-14.0,-20.65,-21.48,-21.955,-21.725,-22.75,-21.595,-19.905,-18.745,-16.65,-20.165,-20.67,-22.955
9,26,2014,5,-11.105,-9.3,-7.6,-8.46,-15.13,-17.345,-16.755,-13.8,-16.39,-18.445,-17.535,-12.9,-6.23,1.615,-1.97,-16.18,-24.14,-22.305,-18.09,-14.0,-20.65,-21.48,-21.955,-21.725,-22.75,-21.595,-19.905,-18.745,-16.65,-20.165,-20.67
9,27,2014,6,-12.39,-11.105,-9.3,-7.6,-8.46,-15.13,-17.345,-16.755,-13.8,-16.39,-18.445,-17.535,-12.9,-6.23,1.615,-1.97,-16.18,-24.14,-22.305,-18.09,-14.0,-20.65,-21.48,-21.955,-21.725,-22.75,-21.595,-19.905,-18.745,-16.65,-20.165
9,28,2014,7,-12.57,-12.39,-11.105,-9.3,-7.6,-8.46,-15.13,-17.345,-16.755,-13.8,-16.39,-18.445,-17.535,-12.9,-6.23,1.615,-1.97,-16.18,-24.14,-22.305,-18.09,-14.0,-20.65,-21.48,-21.955,-21.725,-22.75,-21.595,-19.905,-18.745,-16.65
9,29,2014,1,-12.895,-12.57,-12.39,-11.105,-9.3,-7.6,-8.46,-15.13,-17.345,-16.755,-13.8,-16.39,-18.445,-17.535,-12.9,-6.23,1.615,-1.97,-16.18,-24.14,-22.305,-18.09,-14.0,-20.65,-21.48,-21.955,-21.725,-22.75,-21.595,-19.905,-18.745
9,30,2014,2,-15.07,-12.895,-12.57,-12.39,-11.105,-9.3,-7.6,-8.46,-15.13,-17.345,-16.755,-13.8,-16.39,-18.445,-17.535,-12.9,-6.23,1.615,-1.97,-16.18,-24.14,-22.305,-18.09,-14.0,-20.65,-21.48,-21.955,-21.725,-22.75,-21.595,-19.905
10,1,2014,3,-17.975,-15.07,-12.895,-12.57,-12.39,-11.105,-9.3,-7.6,-8.46,-15.13,-17.345,-16.755,-13.8,-16.39,-18.445,-17.535,-12.9,-6.23,1.615,-1.97,-16.18,-24.14,-22.305,-18.09,-14.0,-20.65,-21.48,-21.955,-21.725,-22.75,-21.595
10,2,2014,4,-16.705,-17.975,-15.07,-12.895,-12.57,-12.39,-11.105,-9.3,-7.6,-8.46,-15.13,-17.345,-16.755,-13.8,-16.39,-18.445,-17.535,-12.9,-6.23,1.615,-1.97,-16.18,-24.14,-22.305,-18.09,-14.0,-20.65,-21.48,-21.955,-21.725,-22.75
10,3,2014,5,-4.945,-16.705,-17.975,-15.07,-12.895,-12.57,-12.39,-11.105,-9.3,-7.6,-8.46,-15.13,-17.345,-16.755,-13.8,-16.39,-18.445,-17.535,-12.9,-6.23,1.615,-1.97,-16.18,-24.14,-22.305,-18.09,-14.0,-20.65,-21.48,-21.955,-21.725
10,4,2014,6,0.385,-4.945,-16.705,-17.975,-15.07,-12.895,-12.57,-12.39,-11.105,-9.3,-7.6,-8.46,-15.13,-17.345,-16.755,-13.8,-16.39,-18.445,-17.535,-12.9,-6.23,1.615,-1.97,-16.18,-24.14,-22.305,-18.09,-14.0,-20.65,-21.48,-21.955
10,5,2014,7,-7.025,0.385,-4.945,-16.705,-17.975,-15.07,-12.895,-12.57,-12.39,-11.105,-9.3,-7.6,-8.46,-15.13,-17.345,-16.755,-13.8,-16.39,-18.445,-17.535,-12.9,-6.23,1.615,-1.97,-16.18,-24.14,-22.305,-18.09,-14.0,-20.65,-21.48
10,6,2014,1,-10.245,-7.025,0.385,-4.945,-16.705,-17.975,-15.07,-12.895,-12.57,-12.39,-11.105,-9.3,-7.6,-8.46,-15.13,-17.345,-16.755,-13.8,-16.39,-18.445,-17.535,-12.9,-6.23,1.615,-1.97,-16.18,-24.14,-22.305,-18.09,-14.0,-20.65
10,7,2014,2,-17.945,-10.245,-7.025,0.385,-4.945,-16.705,-17.975,-15.07,-12.895,-12.57,-12.39,-11.105,-9.3,-7.6,-8.46,-15.13,-17.345,-16.755,-13.8,-16.39,-18.445,-17.535,-12.9,-6.23,1.615,-1.97,-16.18,-24.14,-22.305,-18.09,-14.0
10,8,2014,3,-15.8,-17.945,-10.245,-7.025,0.385,-4.945,-16.705,-17.975,-15.07,-12.895,-12.57,-12.39,-11.105,-9.3,-7.6,-8.46,-15.13,-17.345,-16.755,-13.8,-16.39,-18.445,-17.535,-12.9,-6.23,1.615,-1.97,-16.18,-24.14,-22.305,-18.09
10,9,2014,4,-18.17,-15.8,-17.945,-10.245,-7.025,0.385,-4.945,-16.705,-17.975,-15.07,-12.895,-12.57,-12.39,-11.105,-9.3,-7.6,-8.46,-15.13,-17.345,-16.755,-13.8,-16.39,-18.445,-17.535,-12.9,-6.23,1.615,-1.97,-16.18,-24.14,-22.305
10,10,2014,5,-14.715,-18.17,-15.8,-17.945,-10.245,-7.025,0.385,-4.945,-16.705,-17.975,-15.07,-12.895,-12.57,-12.39,-11.105,-9.3,-7.6,-8.46,-15.13,-17.345,-16.755,-13.8,-16.39,-18.445,-17.535,-12.9,-6.23,1.615,-1.97,-16.18,-24.14
10,11,2014,6,3.275,-14.715,-18.17,-15.8,-17.945,-10.245,-7.025,0.385,-4.945,-16.705,-17.975,-15.07,-12.895,-12.57,-12.39,-11.105,-9.3,-7.6,-8.46,-15.13,-17.345,-16.755,-13.8,-16.39,-18.445,-17.535,-12.9,-6.23,1.615,-1.97,-16.18
10,12,2014,7,1.555,3.275,-14.715,-18.17,-15.8,-17.945,-10.245,-7.025,0.385,-4.945,-16.705,-17.975,-15.07,-12.895,-12.57,-12.39,-11.105,-9.3,-7.6,-8.46,-15.13,-17.345,-16.755,-13.8,-16.39,-18.445,-17.535,-12.9,-6.23,1.615,-1.97
10,13,2014,1,-1.71,1.555,3.275,-14.715,-18.17,-15.8,-17.945,-10.245,-7.025,0.385,-4.945,-16.705,-17.975,-15.07,-12.895,-12.57,-12.39,-11.105,-9.3,-7.6,-8.46,-15.13,-17.345,-16.755,-13.8,-16.39,-18.445,-17.535,-12.9,-6.23,1.615
10,14,2014,2,0.135,-1.71,1.555,3.275,-14.715,-18.17,-15.8,-17.945,-10.245,-7.025,0.385,-4.945,-16.705,-17.975,-15.07,-12.895,-12.57,-12.39,-11.105,-9.3,-7.6,-8.46,-15.13,-17.345,-16.755,-13.8,-16.39,-18.445,-17.535,-12.9,-6.23
10,15,2014,3,-1.825,0.135,-1.71,1.555,3.275,-14.715,-18.17,-15.8,-17.945,-10.245,-7.025,0.385,-4.945,-16.705,-17.975,-15.07,-12.895,-12.57,-12.39,-11.105,-9.3,-7.6,-8.46,-15.13,-17.345,-16.755,-13.8,-16.39,-18.445,-17.535,-12.9
10,16,2014,4,-7.35,-1.825,0.135,-1.71,1.555,3.275,-14.715,-18.17,-15.8,-17.945,-10.245,-7.025,0.385,-4.945,-16.705,-17.975,-15.07,-12.895,-12.57,-12.39,-11.105,-9.3,-7.6,-8.46,-15.13,-17.345,-16.755,-13.8,-16.39,-18.445,-17.535
10,17,2014,5,-7.96,-7.35,-1.825,0.135,-1.71,1.555,3.275,-14.715,-18.17,-15.8,-17.945,-10.245,-7.025,0.385,-4.945,-16.705,-17.975,-15.07,-12.895,-12.57,-12.39,-11.105,-9.3,-7.6,-8.46,-15.13,-17.345,-16.755,-13.8,-16.39,-18.445
10,18,2014,6,-6.85,-7.96,-7.35,-1.825,0.135,-1.71,1.555,3.275,-14.715,-18.17,-15.8,-17.945,-10.245,-7.025,0.385,-4.945,-16.705,-17.975,-15.07,-12.895,-12.57,-12.39,-11.105,-9.3,-7.6,-8.46,-15.13,-17.345,-16.755,-13.8,-16.39
10,19,2014,7,-2.375,-6.85,-7.96,-7.35,-1.825,0.135,-1.71,1.555,3.275,-14.715,-18.17,-15.8,-17.945,-10.245,-7.025,0.385,-4.945,-16.705,-17.975,-15.07,-12.895,-12.57,-12.39,-11.105,-9.3,-7.6,-8.46,-15.13,-17.345,-16.755,-13.8
10,20,2014,1,-4.705,-2.375,-6.85,-7.96,-7.35,-1.825,0.135,-1.71,1.555,3.275,-14.715,-18.17,-15.8,-17.945,-10.245,-7.025,0.385,-4.945,-16.705,-17.975,-15.07,-12.895,-12.57,-12.39,-11.105,-9.3,-7.6,-8.46,-15.13,-17.345,-16.755
10,21,2014,2,-5.62,-4.705,-2.375,-6.85,-7.96,-7.35,-1.825,0.135,-1.71,1.555,3.275,-14.715,-18.17,-15.8,-17.945,-10.245,-7.025,0.385,-4.945,-16.705,-17.975,-15.07,-12.895,-12.57,-12.39,-11.105,-9.3,-7.6,-8.46,-15.13,-17.345
10,22,2014,3,-5.435,-5.62,-4.705,-2.375,-6.85,-7.96,-7.35,-1.825,0.135,-1.71,1.555,3.275,-14.715,-18.17,-15.8,-17.945,-10.245,-7.025,0.385,-4.945,-16.705,-17.975,-15.07,-12.895,-12.57,-12.39,-11.105,-9.3,-7.6,-8.46,-15.13
10,23,2014,4,-5.865,-5.435,-5.62,-4.705,-2.375,-6.85,-7.96,-7.35,-1.825,0.135,-1.71,1.555,3.275,-14.715,-18.17,-15.8,-17.945,-10.245,-7.025,0.385,-4.945,-16.705,-17.975,-15.07,-12.895,-12.57,-12.39,-11.105,-9.3,-7.6,-8.46
10,24,2014,5,-7.355,-5.865,-5.435,-5.62,-4.705,-2.375,-6.85,-7.96,-7.35,-1.825,0.135,-1.71,1.555,3.275,-14.715,-18.17,-15.8,-17.945,-10.245,-7.025,0.385,-4.945,-16.705,-17.975,-15.07,-12.895,-12.57,-12.39,-11.105,-9.3,-7.6
10,25,2014,6,-10.59,-7.355,-5.865,-5.435,-5.62,-4.705,-2.375,-6.85,-7.96,-7.35,-1.825,0.135,-1.71,1.555,3.275,-14.715,-18.17,-15.8,-17.945,-10.245,-7.025,0.385,-4.945,-16.705,-17.975,-15.07,-12.895,-12.57,-12.39,-11.105,-9.3
10,26,2014,7,-11.02,-10.77,-7.45,-6.185,-5.43,-5.62,-4.695,-2.365,-6.85,-7.96,-7.35,-1.825,0.135,-1.71,1.31,3.42,-14.715,-18.17,-15.8,-17.945,-10.245,-7.025,0.385,-4.945,-16.705,-17.975,-15.07,-12.895,-12.57,-12.39,-11.105
