10,25,2013,5,14.13,20.74,13.33,15.075,21.625,23.97,17.395,28.72,24.79,24.385,28.225,20.14,15.42,17.025,13.22,12.8,9.5,0.23,5.42,13.52,21.42,26.105,12.715,4.015,3.16,-2.61,5.46,12.645,18.715,8.04,1.085
10,26,2013,6,15.355,14.13,20.74,13.33,15.075,21.625,23.97,17.395,28.72,24.79,24.385,28.225,20.14,15.42,17.025,13.22,12.8,9.5,0.23,5.42,13.52,21.42,26.105,12.715,4.015,3.16,-2.61,5.46,12.645,18.715,8.04
10,27,2013,7,10.565,15.355,14.13,20.74,13.33,15.075,21.625,23.97,17.395,28.72,24.79,24.385,28.225,20.14,15.42,17.025,13.22,12.8,9.5,0.23,5.42,13.52,21.42,26.105,12.715,4.015,3.16,-2.61,5.46,12.645,18.715
10,28,2013,1,25.27,10.565,15.355,14.13,20.74,13.33,15.075,21.625,23.97,17.395,28.72,24.79,24.385,28.225,20.14,15.42,17.025,13.22,12.8,9.5,0.23,5.42,13.52,21.42,26.105,12.715,4.015,3.16,-2.61,5.46,12.645
10,29,2013,2,29.365,25.27,10.565,15.355,14.13,20.74,13.33,15.075,21.625,23.97,17.395,28.72,24.79,24.385,28.225,20.14,15.42,17.025,13.22,12.8,9.5,0.23,5.42,13.52,21.42,26.105,12.715,4.015,3.16,-2.61,5.46
10,30,2013,3,25.77,29.365,25.27,10.565,15.355,14.13,20.74,13.33,15.075,21.625,23.97,17.395,28.72,24.79,24.385,28.225,20.14,15.42,17.025,13.22,12.8,9.5,0.23,5.42,13.52,21.42,26.105,12.715,4.015,3.16,-2.61
10,31,2013,4,22.38,25.77,29.365,25.27,10.565,15.355,14.13,20.74,13.33,15.075,21.625,23.97,17.395,28.72,24.79,24.385,28.225,20.14,15.42,17.025,13.22,12.8,9.5,0.23,5.42,13.52,21.42,26.105,12.715,4.015,3.16
11,1,2013,5,22.485,22.38,25.77,29.365,25.27,10.565,15.355,14.13,20.74,13.33,15.075,21.625,23.97,17.395,28.72,24.79,24.385,28.225,20.14,15.42,17.025,13.22,12.8,9.5,0.23,5.42,13.52,21.42,26.105,12.715,4.015
11,2,2013,6,17.82,22.485,22.38,25.77,29.365,25.27,10.565,15.355,14.13,20.74,13.33,15.075,21.625,23.97,17.395,28.72,24.79,24.385,28.225,20.14,15.42,17.025,13.22,12.8,9.5,0.23,5.42,13.52,21.42,26.105,12.715
11,3,2013,7,14.195,17.82,22.485,22.38,25.77,29.365,25.27,10.565,15.355,14.13,20.74,13.33,15.075,21.625,23.97,17.395,28.72,24.79,24.385,28.225,20.14,15.42,17.025,13.22,12.8,9.5,0.23,5.42,13.52,21.42,26.105
11,4,2013,1,29.915,14.195,17.82,22.485,22.38,25.77,29.365,25.27,10.565,15.355,14.13,20.74,13.33,15.075,21.625,23.97,17.395,28.72,24.79,24.385,28.225,20.14,15.42,17.025,13.22,12.8,9.5,0.23,5.42,13.52,21.42
11,5,2013,2,30.93,29.915,14.195,17.82,22.485,22.38,25.77,29.365,25.27,10.565,15.355,14.13,20.74,13.33,15.075,21.625,23.97,17.395,28.72,24.79,24.385,28.225,20.14,15.42,17.025,13.22,12.8,9.5,0.23,5.42,13.52
11,6,2013,3,26.22,30.93,29.915,14.195,17.82,22.485,22.38,25.77,29.365,25.27,10.565,15.355,14.13,20.74,13.33,15.075,21.625,23.97,17.395,28.72,24.79,24.385,28.225,20.14,15.42,17.025,13.22,12.8,9.5,0.23,5.42
11,7,2013,4,20.925,26.22,30.93,29.915,14.195,17.82,22.485,22.38,25.77,29.365,25.27,10.565,15.355,14.13,20.74,13.33,15.075,21.625,23.97,17.395,28.72,24.79,24.385,28.225,20.14,15.42,17.025,13.22,12.8,9.5,0.23
11,8,2013,5,12.925,20.925,26.22,30.93,29.915,14.195,17.82,22.485,22.38,25.77,29.365,25.27,10.565,15.355,14.13,20.74,13.33,15.075,21.625,23.97,17.395,28.72,24.79,24.385,28.225,20.14,15.42,17.025,13.22,12.8,9.5
11,9,2013,6,16.005,12.925,20.925,26.22,30.93,29.915,14.195,17.82,22.485,22.38,25.77,29.365,25.27,10.565,15.355,14.13,20.74,13.33,15.075,21.625,23.97,17.395,28.72,24.79,24.385,28.225,20.14,15.42,17.025,13.22,12.8
11,10,2013,7,15.595,16.005,12.925,20.925,26.22,30.93,29.915,14.195,17.82,22.485,22.38,25.77,29.365,25.27,10.565,15.355,14.13,20.74,13.33,15.075,21.625,23.97,17.395,28.72,24.79,24.385,28.225,20.14,15.42,17.025,13.22
11,11,2013,1,18.45,15.595,16.005,12.925,20.925,26.22,30.93,29.915,14.195,17.82,22.485,22.38,25.77,29.365,25.27,10.565,15.355,14.13,20.74,13.33,15.075,21.625,23.97,17.395,28.72,24.79,24.385,28.225,20.14,15.42,17.025
11,12,2013,2,20.79,18.45,15.595,16.005,12.925,20.925,26.22,30.93,29.915,14.195,17.82,22.485,22.38,25.77,29.365,25.27,10.565,15.355,14.13,20.74,13.33,15.075,21.625,23.97,17.395,28.72,24.79,24.385,28.225,20.14,15.42
11,13,2013,3,14.325,20.79,18.45,15.595,16.005,12.925,20.925,26.22,30.93,29.915,14.195,17.82,22.485,22.38,25.77,29.365,25.27,10.565,15.355,14.13,20.74,13.33,15.075,21.625,23.97,17.395,28.72,24.79,24.385,28.225,20.14
11,14,2013,4,16.005,14.325,20.79,18.45,15.595,16.005,12.925,20.925,26.22,30.93,29.915,14.195,17.82,22.485,22.38,25.77,29.365,25.27,10.565,15.355,14.13,20.74,13.33,15.075,21.625,23.97,17.395,28.72,24.79,24.385,28.225
11,15,2013,5,15.035,16.005,14.325,20.79,18.45,15.595,16.005,12.925,20.925,26.22,30.93,29.915,14.195,17.82,22.485,22.38,25.77,29.365,25.27,10.565,15.355,14.13,20.74,13.33,15.075,21.625,23.97,17.395,28.72,24.79,24.385
11,16,2013,6,18.155,15.035,16.005,14.325,20.79,18.45,15.595,16.005,12.925,20.925,26.22,30.93,29.915,14.195,17.82,22.485,22.38,25.77,29.365,25.27,10.565,15.355,14.13,20.74,13.33,15.075,21.625,23.97,17.395,28.72,24.79
11,17,2013,7,21.585,18.155,15.035,16.005,14.325,20.79,18.45,15.595,16.005,12.925,20.925,26.22,30.93,29.915,14.195,17.82,22.485,22.38,25.77,29.365,25.27,10.565,15.355,14.13,20.74,13.33,15.075,21.625,23.97,17.395,28.72
11,18,2013,1,19.285,21.585,18.155,15.035,16.005,14.325,20.79,18.45,15.595,16.005,12.925,20.925,26.22,30.93,29.915,14.195,17.82,22.485,22.38,25.77,29.365,25.27,10.565,15.355,14.13,20.74,13.33,15.075,21.625,23.97,17.395
11,19,2013,2,18.28,19.285,21.585,18.155,15.035,16.005,14.325,20.79,18.45,15.595,16.005,12.925,20.925,26.22,30.93,29.915,14.195,17.82,22.485,22.38,25.77,29.365,25.27,10.565,15.355,14.13,20.74,13.33,15.075,21.625,23.97
11,20,2013,3,19.11,18.28,19.285,21.585,18.155,15.035,16.005,14.325,20.79,18.45,15.595,16.005,12.925,20.925,26.22,30.93,29.915,14.195,17.82,22.485,22.38,25.77,29.365,25.27,10.565,15.355,14.13,20.74,13.33,15.075,21.625
11,21,2013,4,45.095,19.11,18.28,19.285,21.585,18.155,15.035,16.005,14.325,20.79,18.45,15.595,16.005,12.925,20.925,26.22,30.93,29.915,14.195,17.82,22.485,22.38,25.77,29.365,25.27,10.565,15.355,14.13,20.74,13.33,15.075
11,22,2013,5,40.325,45.095,19.11,18.28,19.285,21.585,18.155,15.035,16.005,14.325,20.79,18.45,15.595,16.005,12.925,20.925,26.22,30.93,29.915,14.195,17.82,22.485,22.38,25.77,29.365,25.27,10.565,15.355,14.13,20.74,13.33
11,23,2013,6,34.94,40.325,45.095,19.11,18.28,19.285,21.585,18.155,15.035,16.005,14.325,20.79,18.45,15.595,16.005,12.925,20.925,26.22,30.93,29.915,14.195,17.82,22.485,22.38,25.77,29.365,25.27,10.565,15.355,14.13,20.74
11,24,2013,7,36.775,34.94,40.325,45.095,19.11,18.28,19.285,21.585,18.155,15.035,16.005,14.325,20.79,18.45,15.595,16.005,12.925,20.925,26.22,30.93,29.915,14.195,17.82,22.485,22.38,25.77,29.365,25.27,10.565,15.355,14.13
11,25,2013,1,31.47,36.775,34.94,40.325,45.095,19.11,18.28,19.285,21.585,18.155,15.035,16.005,14.325,20.79,18.45,15.595,16.005,12.925,20.925,26.22,30.93,29.915,14.195,17.82,22.485,22.38,25.77,29.365,25.27,10.565,15.355
11,26,2013,2,27.695,31.47,36.775,34.94,40.325,45.095,19.11,18.28,19.285,21.585,18.155,15.035,16.005,14.325,20.79,18.45,15.595,16.005,12.925,20.925,26.22,30.93,29.915,14.195,17.82,22.485,22.38,25.77,29.365,25.27,10.565
11,27,2013,3,18.885,27.695,31.47,36.775,34.94,40.325,45.095,19.11,18.28,19.285,21.585,18.155,15.035,16.005,14.325,20.79,18.45,15.595,16.005,12.925,20.925,26.22,30.93,29.915,14.195,17.82,22.485,22.38,25.77,29.365,25.27
11,28,2013,4,26.995,18.885,27.695,31.47,36.775,34.94,40.325,45.095,19.11,18.28,19.285,21.585,18.155,15.035,16.005,14.325,20.79,18.45,15.595,16.005,12.925,20.925,26.22,30.93,29.915,14.195,17.82,22.485,22.38,25.77,29.365
11,29,2013,5,19.19,26.995,18.885,27.695,31.47,36.775,34.94,40.325,45.095,19.11,18.28,19.285,21.585,18.155,15.035,16.005,14.325,20.79,18.45,15.595,16.005,12.925,20.925,26.22,30.93,29.915,14.195,17.82,22.485,22.38,25.77
11,30,2013,6,19.78,19.19,26.995,18.885,27.695,31.47,36.775,34.94,40.325,45.095,19.11,18.28,19.285,21.585,18.155,15.035,16.005,14.325,20.79,18.45,15.595,16.005,12.925,20.925,26.22,30.93,29.915,14.195,17.82,22.485,22.38
12,1,2013,7,21.82,19.78,19.19,26.995,18.885,27.695,31.47,36.775,34.94,40.325,45.095,19.11,18.28,19.285,21.585,18.155,15.035,16.005,14.325,20.79,18.45,15.595,16.005,12.925,20.925,26.22,30.93,29.915,14.195,17.82,22.485
12,2,2013,1,14.14,21.82,19.78,19.19,26.995,18.885,27.695,31.47,36.775,34.94,40.325,45.095,19.11,18.28,19.285,21.585,18.155,15.035,16.005,14.325,20.79,18.45,15.595,16.005,12.925,20.925,26.22,30.93,29.915,14.195,17.82
12,3,2013,2,31.91,14.14,21.82,19.78,19.19,26.995,18.885,27.695,31.47,36.775,34.94,40.325,45.095,19.11,18.28,19.285,21.585,18.155,15.035,16.005,14.325,20.79,18.45,15.595,16.005,12.925,20.925,26.22,30.93,29.915,14.195
12,4,2013,3,61.4,31.91,14.14,21.82,19.78,19.19,26.995,18.885,27.695,31.47,36.775,34.94,40.325,45.095,19.11,18.28,19.285,21.585,18.155,15.035,16.005,14.325,20.79,18.45,15.595,16.005,12.925,20.925,26.22,30.93,29.915
12,5,2013,4,66.445,61.4,31.91,14.14,21.82,19.78,19.19,26.995,18.885,27.695,31.47,36.775,34.94,40.325,45.095,19.11,18.28,19.285,21.585,18.155,15.035,16.005,14.325,20.79,18.45,15.595,16.005,12.925,20.925,26.22,30.93
12,6,2013,5,65.06,66.445,61.4,31.91,14.14,21.82,19.78,19.19,26.995,18.885,27.695,31.47,36.775,34.94,40.325,45.095,19.11,18.28,19.285,21.585,18.155,15.035,16.005,14.325,20.79,18.45,15.595,16.005,12.925,20.925,26.22
12,7,2013,6,64.12,65.06,66.445,61.4,31.91,14.14,21.82,19.78,19.19,26.995,18.885,27.695,31.47,36.775,34.94,40.325,45.095,19.11,18.28,19.285,21.585,18.155,15.035,16.005,14.325,20.79,18.45,15.595,16.005,12.925,20.925
12,8,2013,7,56.04,64.12,65.06,66.445,61.4,31.91,14.14,21.82,19.78,19.19,26.995,18.885,27.695,31.47,36.775,34.94,40.325,45.095,19.11,18.28,19.285,21.585,18.155,15.035,16.005,14.325,20.79,18.45,15.595,16.005,12.925
12,9,2013,1,55.195,56.04,64.12,65.06,66.445,61.4,31.91,14.14,21.82,19.78,19.19,26.995,18.885,27.695,31.47,36.775,34.94,40.325,45.095,19.11,18.28,19.285,21.585,18.155,15.035,16.005,14.325,20.79,18.45,15.595,16.005
12,10,2013,2,34.435,55.195,56.04,64.12,65.06,66.445,61.4,31.91,14.14,21.82,19.78,19.19,26.995,18.885,27.695,31.47,36.775,34.94,40.325,45.095,19.11,18.28,19.285,21.585,18.155,15.035,16.005,14.325,20.79,18.45,15.595
12,11,2013,3,42.49,34.435,55.195,56.04,64.12,65.06,66.445,61.4,31.91,14.14,21.82,19.78,19.19,26.995,18.885,27.695,31.47,36.775,34.94,40.325,45.095,19.11,18.28,19.285,21.585,18.155,15.035,16.005,14.325,20.79,18.45
12,12,2013,4,28.935,42.49,34.435,55.195,56.04,64.12,65.06,66.445,61.4,31.91,14.14,21.82,19.78,19.19,26.995,18.885,27.695,31.47,36.775,34.94,40.325,45.095,19.11,18.28,19.285,21.585,18.155,15.035,16.005,14.325,20.79
12,13,2013,5,28.71,28.935,42.49,34.435,55.195,56.04,64.12,65.06,66.445,61.4,31.91,14.14,21.82,19.78,19.19,26.995,18.885,27.695,31.47,36.775,34.94,40.325,45.095,19.11,18.28,19.285,21.585,18.155,15.035,16.005,14.325
12,14,2013,6,32.92,28.71,28.935,42.49,34.435,55.195,56.04,64.12,65.06,66.445,61.4,31.91,14.14,21.82,19.78,19.19,26.995,18.885,27.695,31.47,36.775,34.94,40.325,45.095,19.11,18.28,19.285,21.585,18.155,15.035,16.005
12,15,2013,7,21.745,32.92,28.71,28.935,42.49,34.435,55.195,56.04,64.12,65.06,66.445,61.4,31.91,14.14,21.82,19.78,19.19,26.995,18.885,27.695,31.47,36.775,34.94,40.325,45.095,19.11,18.28,19.285,21.585,18.155,15.035
12,16,2013,1,14.965,21.745,32.92,28.71,28.935,42.49,34.435,55.195,56.04,64.12,65.06,66.445,61.4,31.91,14.14,21.82,19.78,19.19,26.995,18.885,27.695,31.47,36.775,34.94,40.325,45.095,19.11,18.28,19.285,21.585,18.155
12,17,2013,2,17.79,14.965,21.745,32.92,28.71,28.935,42.49,34.435,55.195,56.04,64.12,65.06,66.445,61.4,31.91,14.14,21.82,19.78,19.19,26.995,18.885,27.695,31.47,36.775,34.94,40.325,45.095,19.11,18.28,19.285,21.585
12,18,2013,3,10.19,17.79,14.965,21.745,32.92,28.71,28.935,42.49,34.435,55.195,56.04,64.12,65.06,66.445,61.4,31.91,14.14,21.82,19.78,19.19,26.995,18.885,27.695,31.47,36.775,34.94,40.325,45.095,19.11,18.28,19.285
12,19,2013,4,33.465,10.19,17.79,14.965,21.745,32.92,28.71,28.935,42.49,34.435,55.195,56.04,64.12,65.06,66.445,61.4,31.91,14.14,21.82,19.78,19.19,26.995,18.885,27.695,31.47,36.775,34.94,40.325,45.095,19.11,18.28
12,20,2013,5,45.13,33.465,10.19,17.79,14.965,21.745,32.92,28.71,28.935,42.49,34.435,55.195,56.04,64.12,65.06,66.445,61.4,31.91,14.14,21.82,19.78,19.19,26.995,18.885,27.695,31.47,36.775,34.94,40.325,45.095,19.11
12,21,2013,6,43.015,45.13,33.465,10.19,17.79,14.965,21.745,32.92,28.71,28.935,42.49,34.435,55.195,56.04,64.12,65.06,66.445,61.4,31.91,14.14,21.82,19.78,19.19,26.995,18.885,27.695,31.47,36.775,34.94,40.325,45.095
12,22,2013,7,37.96,43.015,45.13,33.465,10.19,17.79,14.965,21.745,32.92,28.71,28.935,42.49,34.435,55.195,56.04,64.12,65.06,66.445,61.4,31.91,14.14,21.82,19.78,19.19,26.995,18.885,27.695,31.47,36.775,34.94,40.325
12,23,2013,1,36.575,37.96,43.015,45.13,33.465,10.19,17.79,14.965,21.745,32.92,28.71,28.935,42.49,34.435,55.195,56.04,64.12,65.06,66.445,61.4,31.91,14.14,21.82,19.78,19.19,26.995,18.885,27.695,31.47,36.775,34.94
12,24,2013,2,26.575,36.575,37.96,43.015,45.13,33.465,10.19,17.79,14.965,21.745,32.92,28.71,28.935,42.49,34.435,55.195,56.04,64.12,65.06,66.445,61.4,31.91,14.14,21.82,19.78,19.19,26.995,18.885,27.695,31.47,36.775
12,25,2013,3,33.735,26.575,36.575,37.96,43.015,45.13,33.465,10.19,17.79,14.965,21.745,32.92,28.71,28.935,42.49,34.435,55.195,56.04,64.12,65.06,66.445,61.4,31.91,14.14,21.82,19.78,19.19,26.995,18.885,27.695,31.47
12,26,2013,4,22.975,33.735,26.575,36.575,37.96,43.015,45.13,33.465,10.19,17.79,14.965,21.745,32.92,28.71,28.935,42.49,34.435,55.195,56.04,64.12,65.06,66.445,61.4,31.91,14.14,21.82,19.78,19.19,26.995,18.885,27.695
12,27,2013,5,20.43,22.975,33.735,26.575,36.575,37.96,43.015,45.13,33.465,10.19,17.79,14.965,21.745,32.92,28.71,28.935,42.49,34.435,55.195,56.04,64.12,65.06,66.445,61.4,31.91,14.14,21.82,19.78,19.19,26.995,18.885
12,28,2013,6,25.76,20.43,22.975,33.735,26.575,36.575,37.96,43.015,45.13,33.465,10.19,17.79,14.965,21.745,32.92,28.71,28.935,42.49,34.435,55.195,56.04,64.12,65.06,66.445,61.4,31.91,14.14,21.82,19.78,19.19,26.995
12,29,2013,7,42.115,25.76,20.43,22.975,33.735,26.575,36.575,37.96,43.015,45.13,33.465,10.19,17.79,14.965,21.745,32.92,28.71,28.935,42.49,34.435,55.195,56.04,64.12,65.06,66.445,61.4,31.91,14.14,21.82,19.78,19.19
12,30,2013,1,26.85,42.115,25.76,20.43,22.975,33.735,26.575,36.575,37.96,43.015,45.13,33.465,10.19,17.79,14.965,21.745,32.92,28.71,28.935,42.49,34.435,55.195,56.04,64.12,65.06,66.445,61.4,31.91,14.14,21.82,19.78
12,31,2013,2,20.76,26.85,42.115,25.76,20.43,22.975,33.735,26.575,36.575,37.96,43.015,45.13,33.465,10.19,17.79,14.965,21.745,32.92,28.71,28.935,42.49,34.435,55.195,56.04,64.12,65.06,66.445,61.4,31.91,14.14,21.82
1,1,2014,3,35.955,20.76,26.85,42.115,25.76,20.43,22.975,33.735,26.575,36.575,37.96,43.015,45.13,33.465,10.19,17.79,14.965,21.745,32.92,28.71,28.935,42.49,34.435,55.195,56.04,64.12,65.06,66.445,61.4,31.91,14.14
1,2,2014,4,34.07,35.955,20.76,26.85,42.115,25.76,20.43,22.975,33.735,26.575,36.575,37.96,43.015,45.13,33.465,10.19,17.79,14.965,21.745,32.92,28.71,28.935,42.49,34.435,55.195,56.04,64.12,65.06,66.445,61.4,31.91
1,3,2014,5,18.695,34.07,35.955,20.76,26.85,42.115,25.76,20.43,22.975,33.735,26.575,36.575,37.96,43.015,45.13,33.465,10.19,17.79,14.965,21.745,32.92,28.71,28.935,42.49,34.435,55.195,56.04,64.12,65.06,66.445,61.4
1,4,2014,6,40.45,18.695,34.07,35.955,20.76,26.85,42.115,25.76,20.43,22.975,33.735,26.575,36.575,37.96,43.015,45.13,33.465,10.19,17.79,14.965,21.745,32.92,28.71,28.935,42.49,34.435,55.195,56.04,64.12,65.06,66.445
1,5,2014,7,61.81,40.45,18.695,34.07,35.955,20.76,26.85,42.115,25.76,20.43,22.975,33.735,26.575,36.575,37.96,43.015,45.13,33.465,10.19,17.79,14.965,21.745,32.92,28.71,28.935,42.49,34.435,55.195,56.04,64.12,65.06
1,6,2014,1,52.03,61.81,40.45,18.695,34.07,35.955,20.76,26.85,42.115,25.76,20.43,22.975,33.735,26.575,36.575,37.96,43.015,45.13,33.465,10.19,17.79,14.965,21.745,32.92,28.71,28.935,42.49,34.435,55.195,56.04,64.12
1,7,2014,2,30.33,52.03,61.81,40.45,18.695,34.07,35.955,20.76,26.85,42.115,25.76,20.43,22.975,33.735,26.575,36.575,37.96,43.015,45.13,33.465,10.19,17.79,14.965,21.745,32.92,28.71,28.935,42.49,34.435,55.195,56.04
1,8,2014,3,36.34,30.33,52.03,61.81,40.45,18.695,34.07,35.955,20.76,26.85,42.115,25.76,20.43,22.975,33.735,26.575,36.575,37.96,43.015,45.13,33.465,10.19,17.79,14.965,21.745,32.92,28.71,28.935,42.49,34.435,55.195
1,9,2014,4,32.465,36.34,30.33,52.03,61.81,40.45,18.695,34.07,35.955,20.76,26.85,42.115,25.76,20.43,22.975,33.735,26.575,36.575,37.96,43.015,45.13,33.465,10.19,17.79,14.965,21.745,32.92,28.71,28.935,42.49,34.435
1,10,2014,5,31.565,32.465,36.34,30.33,52.03,61.81,40.45,18.695,34.07,35.955,20.76,26.85,42.115,25.76,20.43,22.975,33.735,26.575,36.575,37.96,43.015,45.13,33.465,10.19,17.79,14.965,21.745,32.92,28.71,28.935,42.49
1,11,2014,6,22.34,31.565,32.465,36.34,30.33,52.03,61.81,40.45,18.695,34.07,35.955,20.76,26.85,42.115,25.76,20.43,22.975,33.735,26.575,36.575,37.96,43.015,45.13,33.465,10.19,17.79,14.965,21.745,32.92,28.71,28.935
1,12,2014,7,28.305,22.34,31.565,32.465,36.34,30.33,52.03,61.81,40.45,18.695,34.07,35.955,20.76,26.85,42.115,25.76,20.43,22.975,33.735,26.575,36.575,37.96,43.015,45.13,33.465,10.19,17.79,14.965,21.745,32.92,28.71
1,13,2014,1,27.77,28.305,22.34,31.565,32.465,36.34,30.33,52.03,61.81,40.45,18.695,34.07,35.955,20.76,26.85,42.115,25.76,20.43,22.975,33.735,26.575,36.575,37.96,43.015,45.13,33.465,10.19,17.79,14.965,21.745,32.92
1,14,2014,2,35.535,27.77,28.305,22.34,31.565,32.465,36.34,30.33,52.03,61.81,40.45,18.695,34.07,35.955,20.76,26.85,42.115,25.76,20.43,22.975,33.735,26.575,36.575,37.96,43.015,45.13,33.465,10.19,17.79,14.965,21.745
1,15,2014,3,26.54,35.535,27.77,28.305,22.34,31.565,32.465,36.34,30.33,52.03,61.81,40.45,18.695,34.07,35.955,20.76,26.85,42.115,25.76,20.43,22.975,33.735,26.575,36.575,37.96,43.015,45.13,33.465,10.19,17.79,14.965
1,16,2014,4,29.41,26.54,35.535,27.77,28.305,22.34,31.565,32.465,36.34,30.33,52.03,61.81,40.45,18.695,34.07,35.955,20.76,26.85,42.115,25.76,20.43,22.975,33.735,26.575,36.575,37.96,43.015,45.13,33.465,10.19,17.79
1,17,2014,5,25.97,29.41,26.54,35.535,27.77,28.305,22.34,31.565,32.465,36.34,30.33,52.03,61.81,40.45,18.695,34.07,35.955,20.76,26.85,42.115,25.76,20.43,22.975,33.735,26.575,36.575,37.96,43.015,45.13,33.465,10.19
1,18,2014,6,24.235,25.97,29.41,26.54,35.535,27.77,28.305,22.34,31.565,32.465,36.34,30.33,52.03,61.81,40.45,18.695,34.07,35.955,20.76,26.85,42.115,25.76,20.43,22.975,33.735,26.575,36.575,37.96,43.015,45.13,33.465
1,19,2014,7,16.235,24.235,25.97,29.41,26.54,35.535,27.77,28.305,22.34,31.565,32.465,36.34,30.33,52.03,61.81,40.45,18.695,34.07,35.955,20.76,26.85,42.115,25.76,20.43,22.975,33.735,26.575,36.575,37.96,43.015,45.13
1,20,2014,1,28.355,16.235,24.235,25.97,29.41,26.54,35.535,27.77,28.305,22.34,31.565,32.465,36.34,30.33,52.03,61.81,40.45,18.695,34.07,35.955,20.76,26.85,42.115,25.76,20.43,22.975,33.735,26.575,36.575,37.96,43.015
1,21,2014,2,21.0,28.355,16.235,24.235,25.97,29.41,26.54,35.535,27.77,28.305,22.34,31.565,32.465,36.34,30.33,52.03,61.81,40.45,18.695,34.07,35.955,20.76,26.85,42.115,25.76,20.43,22.975,33.735,26.575,36.575,37.96
1,22,2014,3,32.975,21.0,28.355,16.235,24.235,25.97,29.41,26.54,35.535,27.77,28.305,22.34,31.565,32.465,36.34,30.33,52.03,61.81,40.45,18.695,34.07,35.955,20.76,26.85,42.115,25.76,20.43,22.975,33.735,26.575,36.575
1,23,2014,4,50.68,32.975,21.0,28.355,16.235,24.235,25.97,29.41,26.54,35.535,27.77,28.305,22.34,31.565,32.465,36.34,30.33,52.03,61.81,40.45,18.695,34.07,35.955,20.76,26.85,42.115,25.76,20.43,22.975,33.735,26.575
1,24,2014,5,27.34,50.68,32.975,21.0,28.355,16.235,24.235,25.97,29.41,26.54,35.535,27.77,28.305,22.34,31.565,32.465,36.34,30.33,52.03,61.81,40.45,18.695,34.07,35.955,20.76,26.85,42.115,25.76,20.43,22.975,33.735
1,25,2014,6,18.775,27.34,50.68,32.975,21.0,28.355,16.235,24.235,25.97,29.41,26.54,35.535,27.77,28.305,22.34,31.565,32.465,36.34,30.33,52.03,61.81,40.45,18.695,34.07,35.955,20.76,26.85,42.115,25.76,20.43,22.975
1,26,2014,7,27.925,18.775,27.34,50.68,32.975,21.0,28.355,16.235,24.235,25.97,29.41,26.54,35.535,27.77,28.305,22.34,31.565,32.465,36.34,30.33,52.03,61.81,40.45,18.695,34.07,35.955,20.76,26.85,42.115,25.76,20.43
1,27,2014,1,49.26,27.925,18.775,27.34,50.68,32.975,21.0,28.355,16.235,24.235,25.97,29.41,26.54,35.535,27.77,28.305,22.34,31.565,32.465,36.34,30.33,52.03,61.81,40.45,18.695,34.07,35.955,20.76,26.85,42.115,25.76
1,28,2014,2,48.245,49.26,27.925,18.775,27.34,50.68,32.975,21.0,28.355,16.235,24.235,25.97,29.41,26.54,35.535,27.77,28.305,22.34,31.565,32.465,36.34,30.33,52.03,61.81,40.45,18.695,34.07,35.955,20.76,26.85,42.115
1,29,2014,3,30.615,48.245,49.26,27.925,18.775,27.34,50.68,32.975,21.0,28.355,16.235,24.235,25.97,29.41,26.54,35.535,27.77,28.305,22.34,31.565,32.465,36.34,30.33,52.03,61.81,40.45,18.695,34.07,35.955,20.76,26.85
1,30,2014,4,27.42,30.615,48.245,49.26,27.925,18.775,27.34,50.68,32.975,21.0,28.355,16.235,24.235,25.97,29.41,26.54,35.535,27.77,28.305,22.34,31.565,32.465,36.34,30.33,52.03,61.81,40.45,18.695,34.07,35.955,20.76
1,31,2014,5,44.125,27.42,30.615,48.245,49.26,27.925,18.775,27.34,50.68,32.975,21.0,28.355,16.235,24.235,25.97,29.41,26.54,35.535,27.77,28.305,22.34,31.565,32.465,36.34,30.33,52.03,61.81,40.45,18.695,34.07,35.955
2,1,2014,6,47.145,44.125,27.42,30.615,48.245,49.26,27.925,18.775,27.34,50.68,32.975,21.0,28.355,16.235,24.235,25.97,29.41,26.54,35.535,27.77,28.305,22.34,31.565,32.465,36.34,30.33,52.03,61.81,40.45,18.695,34.07
2,2,2014,7,50.33,47.145,44.125,27.42,30.615,48.245,49.26,27.925,18.775,27.34,50.68,32.975,21.0,28.355,16.235,24.235,25.97,29.41,26.54,35.535,27.77,28.305,22.34,31.565,32.465,36.34,30.33,52.03,61.81,40.45,18.695
2,3,2014,1,47.725,50.33,47.145,44.125,27.42,30.615,48.245,49.26,27.925,18.775,27.34,50.68,32.975,21.0,28.355,16.235,24.235,25.97,29.41,26.54,35.535,27.77,28.305,22.34,31.565,32.465,36.34,30.33,52.03,61.81,40.45
2,4,2014,2,56.645,47.725,50.33,47.145,44.125,27.42,30.615,48.245,49.26,27.925,18.775,27.34,50.68,32.975,21.0,28.355,16.235,24.235,25.97,29.41,26.54,35.535,27.77,28.305,22.34,31.565,32.465,36.34,30.33,52.03,61.81
2,5,2014,3,71.135,56.645,47.725,50.33,47.145,44.125,27.42,30.615,48.245,49.26,27.925,18.775,27.34,50.68,32.975,21.0,28.355,16.235,24.235,25.97,29.41,26.54,35.535,27.77,28.305,22.34,31.565,32.465,36.34,30.33,52.03
2,6,2014,4,69.745,71.135,56.645,47.725,50.33,47.145,44.125,27.42,30.615,48.245,49.26,27.925,18.775,27.34,50.68,32.975,21.0,28.355,16.235,24.235,25.97,29.41,26.54,35.535,27.77,28.305,22.34,31.565,32.465,36.34,30.33
2,7,2014,5,50.355,69.745,71.135,56.645,47.725,50.33,47.145,44.125,27.42,30.615,48.245,49.26,27.925,18.775,27.34,50.68,32.975,21.0,28.355,16.235,24.235,25.97,29.41,26.54,35.535,27.77,28.305,22.34,31.565,32.465,36.34
2,8,2014,6,30.53,50.355,69.745,71.135,56.645,47.725,50.33,47.145,44.125,27.42,30.615,48.245,49.26,27.925,18.775,27.34,50.68,32.975,21.0,28.355,16.235,24.235,25.97,29.41,26.54,35.535,27.77,28.305,22.34,31.565,32.465
2,9,2014,7,44.785,30.53,50.355,69.745,71.135,56.645,47.725,50.33,47.145,44.125,27.42,30.615,48.245,49.26,27.925,18.775,27.34,50.68,32.975,21.0,28.355,16.235,24.235,25.97,29.41,26.54,35.535,27.77,28.305,22.34,31.565
2,10,2014,1,41.33,44.785,30.53,50.355,69.745,71.135,56.645,47.725,50.33,47.145,44.125,27.42,30.615,48.245,49.26,27.925,18.775,27.34,50.68,32.975,21.0,28.355,16.235,24.235,25.97,29.41,26.54,35.535,27.77,28.305,22.34
2,11,2014,2,32.18,41.33,44.785,30.53,50.355,69.745,71.135,56.645,47.725,50.33,47.145,44.125,27.42,30.615,48.245,49.26,27.925,18.775,27.34,50.68,32.975,21.0,28.355,16.235,24.235,25.97,29.41,26.54,35.535,27.77,28.305
2,12,2014,3,31.6,32.18,41.33,44.785,30.53,50.355,69.745,71.135,56.645,47.725,50.33,47.145,44.125,27.42,30.615,48.245,49.26,27.925,18.775,27.34,50.68,32.975,21.0,28.355,16.235,24.235,25.97,29.41,26.54,35.535,27.77
2,13,2014,4,17.38,31.6,32.18,41.33,44.785,30.53,50.355,69.745,71.135,56.645,47.725,50.33,47.145,44.125,27.42,30.615,48.245,49.26,27.925,18.775,27.34,50.68,32.975,21.0,28.355,16.235,24.235,25.97,29.41,26.54,35.535
2,14,2014,5,26.075,17.38,31.6,32.18,41.33,44.785,30.53,50.355,69.745,71.135,56.645,47.725,50.33,47.145,44.125,27.42,30.615,48.245,49.26,27.925,18.775,27.34,50.68,32.975,21.0,28.355,16.235,24.235,25.97,29.41,26.54
2,15,2014,6,23.24,26.075,17.38,31.6,32.18,41.33,44.785,30.53,50.355,69.745,71.135,56.645,47.725,50.33,47.145,44.125,27.42,30.615,48.245,49.26,27.925,18.775,27.34,50.68,32.975,21.0,28.355,16.235,24.235,25.97,29.41
2,16,2014,7,17.355,23.24,26.075,17.38,31.6,32.18,41.33,44.785,30.53,50.355,69.745,71.135,56.645,47.725,50.33,47.145,44.125,27.42,30.615,48.245,49.26,27.925,18.775,27.34,50.68,32.975,21.0,28.355,16.235,24.235,25.97
2,17,2014,1,18.23,17.355,23.24,26.075,17.38,31.6,32.18,41.33,44.785,30.53,50.355,69.745,71.135,56.645,47.725,50.33,47.145,44.125,27.42,30.615,48.245,49.26,27.925,18.775,27.34,50.68,32.975,21.0,28.355,16.235,24.235
2,18,2014,2,17.15,18.23,17.355,23.24,26.075,17.38,31.6,32.18,41.33,44.785,30.53,50.355,69.745,71.135,56.645,47.725,50.33,47.145,44.125,27.42,30.615,48.245,49.26,27.925,18.775,27.34,50.68,32.975,21.0,28.355,16.235
2,19,2014,3,21.01,17.15,18.23,17.355,23.24,26.075,17.38,31.6,32.18,41.33,44.785,30.53,50.355,69.745,71.135,56.645,47.725,50.33,47.145,44.125,27.42,30.615,48.245,49.26,27.925,18.775,27.34,50.68,32.975,21.0,28.355
2,20,2014,4,35.195,21.01,17.15,18.23,17.355,23.24,26.075,17.38,31.6,32.18,41.33,44.785,30.53,50.355,69.745,71.135,56.645,47.725,50.33,47.145,44.125,27.42,30.615,48.245,49.26,27.925,18.775,27.34,50.68,32.975,21.0
2,21,2014,5,24.69,35.195,21.01,17.15,18.23,17.355,23.24,26.075,17.38,31.6,32.18,41.33,44.785,30.53,50.355,69.745,71.135,56.645,47.725,50.33,47.145,44.125,27.42,30.615,48.245,49.26,27.925,18.775,27.34,50.68,32.975
2,22,2014,6,26.68,24.69,35.195,21.01,17.15,18.23,17.355,23.24,26.075,17.38,31.6,32.18,41.33,44.785,30.53,50.355,69.745,71.135,56.645,47.725,50.33,47.145,44.125,27.42,30.615,48.245,49.26,27.925,18.775,27.34,50.68
2,23,2014,7,30.085,26.68,24.69,35.195,21.01,17.15,18.23,17.355,23.24,26.075,17.38,31.6,32.18,41.33,44.785,30.53,50.355,69.745,71.135,56.645,47.725,50.33,47.145,44.125,27.42,30.615,48.245,49.26,27.925,18.775,27.34
2,24,2014,1,23.8,30.085,26.68,24.69,35.195,21.01,17.15,18.23,17.355,23.24,26.075,17.38,31.6,32.18,41.33,44.785,30.53,50.355,69.745,71.135,56.645,47.725,50.33,47.145,44.125,27.42,30.615,48.245,49.26,27.925,18.775
2,25,2014,2,46.335,23.8,30.085,26.68,24.69,35.195,21.01,17.15,18.23,17.355,23.24,26.075,17.38,31.6,32.18,41.33,44.785,30.53,50.355,69.745,71.135,56.645,47.725,50.33,47.145,44.125,27.42,30.615,48.245,49.26,27.925
2,26,2014,3,37.375,46.335,23.8,30.085,26.68,24.69,35.195,21.01,17.15,18.23,17.355,23.24,26.075,17.38,31.6,32.18,41.33,44.785,30.53,50.355,69.745,71.135,56.645,47.725,50.33,47.145,44.125,27.42,30.615,48.245,49.26
2,27,2014,4,22.84,37.375,46.335,23.8,30.085,26.68,24.69,35.195,21.01,17.15,18.23,17.355,23.24,26.075,17.38,31.6,32.18,41.33,44.785,30.53,50.355,69.745,71.135,56.645,47.725,50.33,47.145,44.125,27.42,30.615,48.245
2,28,2014,5,23.445,22.84,37.375,46.335,23.8,30.085,26.68,24.69,35.195,21.01,17.15,18.23,17.355,23.24,26.075,17.38,31.6,32.18,41.33,44.785,30.53,50.355,69.745,71.135,56.645,47.725,50.33,47.145,44.125,27.42,30.615
3,1,2014,6,46.825,23.445,22.84,37.375,46.335,23.8,30.085,26.68,24.69,35.195,21.01,17.15,18.23,17.355,23.24,26.075,17.38,31.6,32.18,41.33,44.785,30.53,50.355,69.745,71.135,56.645,47.725,50.33,47.145,44.125,27.42
3,2,2014,7,50.2,46.825,23.445,22.84,37.375,46.335,23.8,30.085,26.68,24.69,35.195,21.01,17.15,18.23,17.355,23.24,26.075,17.38,31.6,32.18,41.33,44.785,30.53,50.355,69.745,71.135,56.645,47.725,50.33,47.145,44.125
3,3,2014,1,25.525,50.2,46.825,23.445,22.84,37.375,46.335,23.8,30.085,26.68,24.69,35.195,21.01,17.15,18.23,17.355,23.24,26.075,17.38,31.6,32.18,41.33,44.785,30.53,50.355,69.745,71.135,56.645,47.725,50.33,47.145
3,4,2014,2,19.08,25.525,50.2,46.825,23.445,22.84,37.375,46.335,23.8,30.085,26.68,24.69,35.195,21.01,17.15,18.23,17.355,23.24,26.075,17.38,31.6,32.18,41.33,44.785,30.53,50.355,69.745,71.135,56.645,47.725,50.33
3,5,2014,3,26.845,19.08,25.525,50.2,46.825,23.445,22.84,37.375,46.335,23.8,30.085,26.68,24.69,35.195,21.01,17.15,18.23,17.355,23.24,26.075,17.38,31.6,32.18,41.33,44.785,30.53,50.355,69.745,71.135,56.645,47.725
3,6,2014,4,14.875,26.845,19.08,25.525,50.2,46.825,23.445,22.84,37.375,46.335,23.8,30.085,26.68,24.69,35.195,21.01,17.15,18.23,17.355,23.24,26.075,17.38,31.6,32.18,41.33,44.785,30.53,50.355,69.745,71.135,56.645
3,7,2014,5,25.79,14.875,26.845,19.08,25.525,50.2,46.825,23.445,22.84,37.375,46.335,23.8,30.085,26.68,24.69,35.195,21.01,17.15,18.23,17.355,23.24,26.075,17.38,31.6,32.18,41.33,44.785,30.53,50.355,69.745,71.135
3,8,2014,6,26.445,25.79,14.875,26.845,19.08,25.525,50.2,46.825,23.445,22.84,37.375,46.335,23.8,30.085,26.68,24.69,35.195,21.01,17.15,18.23,17.355,23.24,26.075,17.38,31.6,32.18,41.33,44.785,30.53,50.355,69.745
3,9,2014,7,12.61,26.445,25.79,14.875,26.845,19.08,25.525,50.2,46.825,23.445,22.84,37.375,46.335,23.8,30.085,26.68,24.69,35.195,21.01,17.15,18.23,17.355,23.24,26.075,17.38,31.6,32.18,41.33,44.785,30.53,50.355
3,10,2014,1,8.405,12.61,26.445,25.79,14.875,26.845,19.08,25.525,50.2,46.825,23.445,22.84,37.375,46.335,23.8,30.085,26.68,24.69,35.195,21.01,17.15,18.23,17.355,23.24,26.075,17.38,31.6,32.18,41.33,44.785,30.53
3,11,2014,2,26.84,8.405,12.61,26.445,25.79,14.875,26.845,19.08,25.525,50.2,46.825,23.445,22.84,37.375,46.335,23.8,30.085,26.68,24.69,35.195,21.01,17.15,18.23,17.355,23.24,26.075,17.38,31.6,32.18,41.33,44.785
3,12,2014,3,30.225,26.84,8.405,12.61,26.445,25.79,14.875,26.845,19.08,25.525,50.2,46.825,23.445,22.84,37.375,46.335,23.8,30.085,26.68,24.69,35.195,21.01,17.15,18.23,17.355,23.24,26.075,17.38,31.6,32.18,41.33
3,13,2014,4,20.61,30.225,26.84,8.405,12.61,26.445,25.79,14.875,26.845,19.08,25.525,50.2,46.825,23.445,22.84,37.375,46.335,23.8,30.085,26.68,24.69,35.195,21.01,17.15,18.23,17.355,23.24,26.075,17.38,31.6,32.18
3,14,2014,5,19.795,20.61,30.225,26.84,8.405,12.61,26.445,25.79,14.875,26.845,19.08,25.525,50.2,46.825,23.445,22.84,37.375,46.335,23.8,30.085,26.68,24.69,35.195,21.01,17.15,18.23,17.355,23.24,26.075,17.38,31.6
3,15,2014,6,28.035,19.795,20.61,30.225,26.84,8.405,12.61,26.445,25.79,14.875,26.845,19.08,25.525,50.2,46.825,23.445,22.84,37.375,46.335,23.8,30.085,26.68,24.69,35.195,21.01,17.15,18.23,17.355,23.24,26.075,17.38
3,16,2014,7,22.535,28.035,19.795,20.61,30.225,26.84,8.405,12.61,26.445,25.79,14.875,26.845,19.08,25.525,50.2,46.825,23.445,22.84,37.375,46.335,23.8,30.085,26.68,24.69,35.195,21.01,17.15,18.23,17.355,23.24,26.075
3,17,2014,1,12.38,22.535,28.035,19.795,20.61,30.225,26.84,8.405,12.61,26.445,25.79,14.875,26.845,19.08,25.525,50.2,46.825,23.445,22.84,37.375,46.335,23.8,30.085,26.68,24.69,35.195,21.01,17.15,18.23,17.355,23.24
3,18,2014,2,31.51,12.38,22.535,28.035,19.795,20.61,30.225,26.84,8.405,12.61,26.445,25.79,14.875,26.845,19.08,25.525,50.2,46.825,23.445,22.84,37.375,46.335,23.8,30.085,26.68,24.69,35.195,21.01,17.15,18.23,17.355
3,19,2014,3,27.215,31.51,12.38,22.535,28.035,19.795,20.61,30.225,26.84,8.405,12.61,26.445,25.79,14.875,26.845,19.08,25.525,50.2,46.825,23.445,22.84,37.375,46.335,23.8,30.085,26.68,24.69,35.195,21.01,17.15,18.23
3,20,2014,4,16.34,27.215,31.51,12.38,22.535,28.035,19.795,20.61,30.225,26.84,8.405,12.61,26.445,25.79,14.875,26.845,19.08,25.525,50.2,46.825,23.445,22.84,37.375,46.335,23.8,30.085,26.68,24.69,35.195,21.01,17.15
3,21,2014,5,27.955,16.34,27.215,31.51,12.38,22.535,28.035,19.795,20.61,30.225,26.84,8.405,12.61,26.445,25.79,14.875,26.845,19.08,25.525,50.2,46.825,23.445,22.84,37.375,46.335,23.8,30.085,26.68,24.69,35.195,21.01
3,22,2014,6,34.56,27.955,16.34,27.215,31.51,12.38,22.535,28.035,19.795,20.61,30.225,26.84,8.405,12.61,26.445,25.79,14.875,26.845,19.08,25.525,50.2,46.825,23.445,22.84,37.375,46.335,23.8,30.085,26.68,24.69,35.195
3,23,2014,7,25.35,34.56,27.955,16.34,27.215,31.51,12.38,22.535,28.035,19.795,20.61,30.225,26.84,8.405,12.61,26.445,25.79,14.875,26.845,19.08,25.525,50.2,46.825,23.445,22.84,37.375,46.335,23.8,30.085,26.68,24.69
3,24,2014,1,31.765,25.35,34.56,27.955,16.34,27.215,31.51,12.38,22.535,28.035,19.795,20.61,30.225,26.84,8.405,12.61,26.445,25.79,14.875,26.845,19.08,25.525,50.2,46.825,23.445,22.84,37.375,46.335,23.8,30.085,26.68
3,25,2014,2,24.135,31.765,25.35,34.56,27.955,16.34,27.215,31.51,12.38,22.535,28.035,19.795,20.61,30.225,26.84,8.405,12.61,26.445,25.79,14.875,26.845,19.08,25.525,50.2,46.825,23.445,22.84,37.375,46.335,23.8,30.085
3,26,2014,3,13.835,24.135,31.765,25.35,34.56,27.955,16.34,27.215,31.51,12.38,22.535,28.035,19.795,20.61,30.225,26.84,8.405,12.61,26.445,25.79,14.875,26.845,19.08,25.525,50.2,46.825,23.445,22.84,37.375,46.335,23.8
3,27,2014,4,19.175,13.835,24.135,31.765,25.35,34.56,27.955,16.34,27.215,31.51,12.38,22.535,28.035,19.795,20.61,30.225,26.84,8.405,12.61,26.445,25.79,14.875,26.845,19.08,25.525,50.2,46.825,23.445,22.84,37.375,46.335
3,28,2014,5,23.22,19.175,13.835,24.135,31.765,25.35,34.56,27.955,16.34,27.215,31.51,12.38,22.535,28.035,19.795,20.61,30.225,26.84,8.405,12.61,26.445,25.79,14.875,26.845,19.08,25.525,50.2,46.825,23.445,22.84,37.375
3,29,2014,6,16.125,23.22,19.175,13.835,24.135,31.765,25.35,34.56,27.955,16.34,27.215,31.51,12.38,22.535,28.035,19.795,20.61,30.225,26.84,8.405,12.61,26.445,25.79,14.875,26.845,19.08,25.525,50.2,46.825,23.445,22.84
3,30,2014,7,9.315,16.125,23.22,19.175,13.835,24.135,31.765,25.35,34.56,27.955,16.34,27.215,31.51,12.38,22.535,28.035,19.795,20.61,30.225,26.84,8.405,12.61,26.445,25.79,14.875,26.845,19.08,25.525,50.2,46.825,23.445
3,31,2014,1,19.88,9.315,16.125,23.22,19.175,13.835,24.135,31.765,25.35,34.56,27.955,16.34,27.215,31.51,12.38,22.535,28.035,19.795,20.61,30.225,26.84,8.405,12.61,26.445,25.79,14.875,26.845,19.08,25.525,50.2,46.825
4,1,2014,2,20.875,19.88,9.315,16.125,23.22,19.175,13.835,24.135,31.765,25.35,34.56,27.955,16.34,27.215,31.51,12.38,22.535,28.035,19.795,20.61,30.225,26.84,8.405,12.61,26.445,25.79,14.875,26.845,19.08,25.525,50.2
4,2,2014,3,26.33,20.875,19.88,9.315,16.125,23.22,19.175,13.835,24.135,31.765,25.35,34.56,27.955,16.34,27.215,31.51,12.38,22.535,28.035,19.795,20.61,30.225,26.84,8.405,12.61,26.445,25.79,14.875,26.845,19.08,25.525
4,3,2014,4,28.09,26.33,20.875,19.88,9.315,16.125,23.22,19.175,13.835,24.135,31.765,25.35,34.56,27.955,16.34,27.215,31.51,12.38,22.535,28.035,19.795,20.61,30.225,26.84,8.405,12.61,26.445,25.79,14.875,26.845,19.08
4,4,2014,5,26.585,28.09,26.33,20.875,19.88,9.315,16.125,23.22,19.175,13.835,24.135,31.765,25.35,34.56,27.955,16.34,27.215,31.51,12.38,22.535,28.035,19.795,20.61,30.225,26.84,8.405,12.61,26.445,25.79,14.875,26.845
4,5,2014,6,19.84,26.585,28.09,26.33,20.875,19.88,9.315,16.125,23.22,19.175,13.835,24.135,31.765,25.35,34.56,27.955,16.34,27.215,31.51,12.38,22.535,28.035,19.795,20.61,30.225,26.84,8.405,12.61,26.445,25.79,14.875
4,6,2014,7,22.33,19.84,26.585,28.09,26.33,20.875,19.88,9.315,16.125,23.22,19.175,13.835,24.135,31.765,25.35,34.56,27.955,16.34,27.215,31.51,12.38,22.535,28.035,19.795,20.61,30.225,26.84,8.405,12.61,26.445,25.79
4,7,2014,1,21.37,22.33,19.84,26.585,28.09,26.33,20.875,19.88,9.315,16.125,23.22,19.175,13.835,24.135,31.765,25.35,34.56,27.955,16.34,27.215,31.51,12.38,22.535,28.035,19.795,20.61,30.225,26.84,8.405,12.61,26.445
4,8,2014,2,14.285,21.37,22.33,19.84,26.585,28.09,26.33,20.875,19.88,9.315,16.125,23.22,19.175,13.835,24.135,31.765,25.35,34.56,27.955,16.34,27.215,31.51,12.38,22.535,28.035,19.795,20.61,30.225,26.84,8.405,12.61
4,9,2014,3,3.705,14.285,21.37,22.33,19.84,26.585,28.09,26.33,20.875,19.88,9.315,16.125,23.22,19.175,13.835,24.135,31.765,25.35,34.56,27.955,16.34,27.215,31.51,12.38,22.535,28.035,19.795,20.61,30.225,26.84,8.405
4,10,2014,4,11.95,3.705,14.285,21.37,22.33,19.84,26.585,28.09,26.33,20.875,19.88,9.315,16.125,23.22,19.175,13.835,24.135,31.765,25.35,34.56,27.955,16.34,27.215,31.51,12.38,22.535,28.035,19.795,20.61,30.225,26.84
4,11,2014,5,7.06,11.95,3.705,14.285,21.37,22.33,19.84,26.585,28.09,26.33,20.875,19.88,9.315,16.125,23.22,19.175,13.835,24.135,31.765,25.35,34.56,27.955,16.34,27.215,31.51,12.38,22.535,28.035,19.795,20.61,30.225
4,12,2014,6,5.31,7.06,11.95,3.705,14.285,21.37,22.33,19.84,26.585,28.09,26.33,20.875,19.88,9.315,16.125,23.22,19.175,13.835,24.135,31.765,25.35,34.56,27.955,16.34,27.215,31.51,12.38,22.535,28.035,19.795,20.61
4,13,2014,7,31.285,5.31,7.06,11.95,3.705,14.285,21.37,22.33,19.84,26.585,28.09,26.33,20.875,19.88,9.315,16.125,23.22,19.175,13.835,24.135,31.765,25.35,34.56,27.955,16.34,27.215,31.51,12.38,22.535,28.035,19.795
4,14,2014,1,36.86,31.285,5.31,7.06,11.95,3.705,14.285,21.37,22.33,19.84,26.585,28.09,26.33,20.875,19.88,9.315,16.125,23.22,19.175,13.835,24.135,31.765,25.35,34.56,27.955,16.34,27.215,31.51,12.38,22.535,28.035
4,15,2014,2,17.465,36.86,31.285,5.31,7.06,11.95,3.705,14.285,21.37,22.33,19.84,26.585,28.09,26.33,20.875,19.88,9.315,16.125,23.22,19.175,13.835,24.135,31.765,25.35,34.56,27.955,16.34,27.215,31.51,12.38,22.535
4,16,2014,3,18.505,17.465,36.86,31.285,5.31,7.06,11.95,3.705,14.285,21.37,22.33,19.84,26.585,28.09,26.33,20.875,19.88,9.315,16.125,23.22,19.175,13.835,24.135,31.765,25.35,34.56,27.955,16.34,27.215,31.51,12.38
4,17,2014,4,17.51,18.505,17.465,36.86,31.285,5.31,7.06,11.95,3.705,14.285,21.37,22.33,19.84,26.585,28.09,26.33,20.875,19.88,9.315,16.125,23.22,19.175,13.835,24.135,31.765,25.35,34.56,27.955,16.34,27.215,31.51
4,18,2014,5,5.505,17.51,18.505,17.465,36.86,31.285,5.31,7.06,11.95,3.705,14.285,21.37,22.33,19.84,26.585,28.09,26.33,20.875,19.88,9.315,16.125,23.22,19.175,13.835,24.135,31.765,25.35,34.56,27.955,16.34,27.215
4,19,2014,6,6.96,5.505,17.51,18.505,17.465,36.86,31.285,5.31,7.06,11.95,3.705,14.285,21.37,22.33,19.84,26.585,28.09,26.33,20.875,19.88,9.315,16.125,23.22,19.175,13.835,24.135,31.765,25.35,34.56,27.955,16.34
4,20,2014,7,7.86,6.96,5.505,17.51,18.505,17.465,36.86,31.285,5.31,7.06,11.95,3.705,14.285,21.37,22.33,19.84,26.585,28.09,26.33,20.875,19.88,9.315,16.125,23.22,19.175,13.835,24.135,31.765,25.35,34.56,27.955
4,21,2014,1,10.33,7.86,6.96,5.505,17.51,18.505,17.465,36.86,31.285,5.31,7.06,11.95,3.705,14.285,21.37,22.33,19.84,26.585,28.09,26.33,20.875,19.88,9.315,16.125,23.22,19.175,13.835,24.135,31.765,25.35,34.56
4,22,2014,2,3.77,10.33,7.86,6.96,5.505,17.51,18.505,17.465,36.86,31.285,5.31,7.06,11.95,3.705,14.285,21.37,22.33,19.84,26.585,28.09,26.33,20.875,19.88,9.315,16.125,23.22,19.175,13.835,24.135,31.765,25.35
4,23,2014,3,9.335,3.77,10.33,7.86,6.96,5.505,17.51,18.505,17.465,36.86,31.285,5.31,7.06,11.95,3.705,14.285,21.37,22.33,19.84,26.585,28.09,26.33,20.875,19.88,9.315,16.125,23.22,19.175,13.835,24.135,31.765
4,24,2014,4,16.475,9.335,3.77,10.33,7.86,6.96,5.505,17.51,18.505,17.465,36.86,31.285,5.31,7.06,11.95,3.705,14.285,21.37,22.33,19.84,26.585,28.09,26.33,20.875,19.88,9.315,16.125,23.22,19.175,13.835,24.135
4,25,2014,5,8.54,16.475,9.335,3.77,10.33,7.86,6.96,5.505,17.51,18.505,17.465,36.86,31.285,5.31,7.06,11.95,3.705,14.285,21.37,22.33,19.84,26.585,28.09,26.33,20.875,19.88,9.315,16.125,23.22,19.175,13.835
4,26,2014,6,4.065,8.54,16.475,9.335,3.77,10.33,7.86,6.96,5.505,17.51,18.505,17.465,36.86,31.285,5.31,7.06,11.95,3.705,14.285,21.37,22.33,19.84,26.585,28.09,26.33,20.875,19.88,9.315,16.125,23.22,19.175
4,27,2014,7,17.69,4.065,8.54,16.475,9.335,3.77,10.33,7.86,6.96,5.505,17.51,18.505,17.465,36.86,31.285,5.31,7.06,11.95,3.705,14.285,21.37,22.33,19.84,26.585,28.09,26.33,20.875,19.88,9.315,16.125,23.22
4,28,2014,1,19.855,17.69,4.065,8.54,16.475,9.335,3.77,10.33,7.86,6.96,5.505,17.51,18.505,17.465,36.86,31.285,5.31,7.06,11.95,3.705,14.285,21.37,22.33,19.84,26.585,28.09,26.33,20.875,19.88,9.315,16.125
4,29,2014,2,20.375,19.855,17.69,4.065,8.54,16.475,9.335,3.77,10.33,7.86,6.96,5.505,17.51,18.505,17.465,36.86,31.285,5.31,7.06,11.95,3.705,14.285,21.37,22.33,19.84,26.585,28.09,26.33,20.875,19.88,9.315
4,30,2014,3,24.08,20.375,19.855,17.69,4.065,8.54,16.475,9.335,3.77,10.33,7.86,6.96,5.505,17.51,18.505,17.465,36.86,31.285,5.31,7.06,11.95,3.705,14.285,21.37,22.33,19.84,26.585,28.09,26.33,20.875,19.88
5,1,2014,4,17.63,24.08,20.375,19.855,17.69,4.065,8.54,16.475,9.335,3.77,10.33,7.86,6.96,5.505,17.51,18.505,17.465,36.86,31.285,5.31,7.06,11.95,3.705,14.285,21.37,22.33,19.84,26.585,28.09,26.33,20.875
5,2,2014,5,10.04,17.63,24.08,20.375,19.855,17.69,4.065,8.54,16.475,9.335,3.77,10.33,7.86,6.96,5.505,17.51,18.505,17.465,36.86,31.285,5.31,7.06,11.95,3.705,14.285,21.37,22.33,19.84,26.585,28.09,26.33
5,3,2014,6,2.8,10.04,17.63,24.08,20.375,19.855,17.69,4.065,8.54,16.475,9.335,3.77,10.33,7.86,6.96,5.505,17.51,18.505,17.465,36.86,31.285,5.31,7.06,11.95,3.705,14.285,21.37,22.33,19.84,26.585,28.09
5,4,2014,7,-4.59,2.8,10.04,17.63,24.08,20.375,19.855,17.69,4.065,8.54,16.475,9.335,3.77,10.33,7.86,6.96,5.505,17.51,18.505,17.465,36.86,31.285,5.31,7.06,11.95,3.705,14.285,21.37,22.33,19.84,26.585
5,5,2014,1,-0.82,-4.59,2.8,10.04,17.63,24.08,20.375,19.855,17.69,4.065,8.54,16.475,9.335,3.77,10.33,7.86,6.96,5.505,17.51,18.505,17.465,36.86,31.285,5.31,7.06,11.95,3.705,14.285,21.37,22.33,19.84
5,6,2014,2,1.89,-0.82,-4.59,2.8,10.04,17.63,24.08,20.375,19.855,17.69,4.065,8.54,16.475,9.335,3.77,10.33,7.86,6.96,5.505,17.51,18.505,17.465,36.86,31.285,5.31,7.06,11.95,3.705,14.285,21.37,22.33
5,7,2014,3,12.28,1.89,-0.82,-4.59,2.8,10.04,17.63,24.08,20.375,19.855,17.69,4.065,8.54,16.475,9.335,3.77,10.33,7.86,6.96,5.505,17.51,18.505,17.465,36.86,31.285,5.31,7.06,11.95,3.705,14.285,21.37
5,8,2014,4,21.27,12.28,1.89,-0.82,-4.59,2.8,10.04,17.63,24.08,20.375,19.855,17.69,4.065,8.54,16.475,9.335,3.77,10.33,7.86,6.96,5.505,17.51,18.505,17.465,36.86,31.285,5.31,7.06,11.95,3.705,14.285
5,9,2014,5,15.295,21.27,12.28,1.89,-0.82,-4.59,2.8,10.04,17.63,24.08,20.375,19.855,17.69,4.065,8.54,16.475,9.335,3.77,10.33,7.86,6.96,5.505,17.51,18.505,17.465,36.86,31.285,5.31,7.06,11.95,3.705
5,10,2014,6,12.465,15.295,21.27,12.28,1.89,-0.82,-4.59,2.8,10.04,17.63,24.08,20.375,19.855,17.69,4.065,8.54,16.475,9.335,3.77,10.33,7.86,6.96,5.505,17.51,18.505,17.465,36.86,31.285,5.31,7.06,11.95
5,11,2014,7,25.725,12.465,15.295,21.27,12.28,1.89,-0.82,-4.59,2.8,10.04,17.63,24.08,20.375,19.855,17.69,4.065,8.54,16.475,9.335,3.77,10.33,7.86,6.96,5.505,17.51,18.505,17.465,36.86,31.285,5.31,7.06
5,12,2014,1,30.52,25.725,12.465,15.295,21.27,12.28,1.89,-0.82,-4.59,2.8,10.04,17.63,24.08,20.375,19.855,17.69,4.065,8.54,16.475,9.335,3.77,10.33,7.86,6.96,5.505,17.51,18.505,17.465,36.86,31.285,5.31
5,13,2014,2,24.775,30.52,25.725,12.465,15.295,21.27,12.28,1.89,-0.82,-4.59,2.8,10.04,17.63,24.08,20.375,19.855,17.69,4.065,8.54,16.475,9.335,3.77,10.33,7.86,6.96,5.505,17.51,18.505,17.465,36.86,31.285
5,14,2014,3,21.135,24.775,30.52,25.725,12.465,15.295,21.27,12.28,1.89,-0.82,-4.59,2.8,10.04,17.63,24.08,20.375,19.855,17.69,4.065,8.54,16.475,9.335,3.77,10.33,7.86,6.96,5.505,17.51,18.505,17.465,36.86
5,15,2014,4,16.25,21.135,24.775,30.52,25.725,12.465,15.295,21.27,12.28,1.89,-0.82,-4.59,2.8,10.04,17.63,24.08,20.375,19.855,17.69,4.065,8.54,16.475,9.335,3.77,10.33,7.86,6.96,5.505,17.51,18.505,17.465
5,16,2014,5,13.935,16.25,21.135,24.775,30.52,25.725,12.465,15.295,21.27,12.28,1.89,-0.82,-4.59,2.8,10.04,17.63,24.08,20.375,19.855,17.69,4.065,8.54,16.475,9.335,3.77,10.33,7.86,6.96,5.505,17.51,18.505
5,17,2014,6,9.25,13.935,16.25,21.135,24.775,30.52,25.725,12.465,15.295,21.27,12.28,1.89,-0.82,-4.59,2.8,10.04,17.63,24.08,20.375,19.855,17.69,4.065,8.54,16.475,9.335,3.77,10.33,7.86,6.96,5.505,17.51
5,18,2014,7,0.325,9.25,13.935,16.25,21.135,24.775,30.52,25.725,12.465,15.295,21.27,12.28,1.89,-0.82,-4.59,2.8,10.04,17.63,24.08,20.375,19.855,17.69,4.065,8.54,16.475,9.335,3.77,10.33,7.86,6.96,5.505
5,19,2014,1,-0.875,0.325,9.25,13.935,16.25,21.135,24.775,30.52,25.725,12.465,15.295,21.27,12.28,1.89,-0.82,-4.59,2.8,10.04,17.63,24.08,20.375,19.855,17.69,4.065,8.54,16.475,9.335,3.77,10.33,7.86,6.96
5,20,2014,2,2.73,-0.875,0.325,9.25,13.935,16.25,21.135,24.775,30.52,25.725,12.465,15.295,21.27,12.28,1.89,-0.82,-4.59,2.8,10.04,17.63,24.08,20.375,19.855,17.69,4.065,8.54,16.475,9.335,3.77,10.33,7.86
5,21,2014,3,4.445,2.73,-0.875,0.325,9.25,13.935,16.25,21.135,24.775,30.52,25.725,12.465,15.295,21.27,12.28,1.89,-0.82,-4.59,2.8,10.04,17.63,24.08,20.375,19.855,17.69,4.065,8.54,16.475,9.335,3.77,10.33
5,22,2014,4,4.395,4.445,2.73,-0.875,0.325,9.25,13.935,16.25,21.135,24.775,30.52,25.725,12.465,15.295,21.27,12.28,1.89,-0.82,-4.59,2.8,10.04,17.63,24.08,20.375,19.855,17.69,4.065,8.54,16.475,9.335,3.77
5,23,2014,5,6.365,4.395,4.445,2.73,-0.875,0.325,9.25,13.935,16.25,21.135,24.775,30.52,25.725,12.465,15.295,21.27,12.28,1.89,-0.82,-4.59,2.8,10.04,17.63,24.08,20.375,19.855,17.69,4.065,8.54,16.475,9.335
5,24,2014,6,5.14,6.365,4.395,4.445,2.73,-0.875,0.325,9.25,13.935,16.25,21.135,24.775,30.52,25.725,12.465,15.295,21.27,12.28,1.89,-0.82,-4.59,2.8,10.04,17.63,24.08,20.375,19.855,17.69,4.065,8.54,16.475
5,25,2014,7,7.325,5.14,6.365,4.395,4.445,2.73,-0.875,0.325,9.25,13.935,16.25,21.135,24.775,30.52,25.725,12.465,15.295,21.27,12.28,1.89,-0.82,-4.59,2.8,10.04,17.63,24.08,20.375,19.855,17.69,4.065,8.54
5,26,2014,1,4.105,7.325,5.14,6.365,4.395,4.445,2.73,-0.875,0.325,9.25,13.935,16.25,21.135,24.775,30.52,25.725,12.465,15.295,21.27,12.28,1.89,-0.82,-4.59,2.8,10.04,17.63,24.08,20.375,19.855,17.69,4.065
5,27,2014,2,-1.015,4.105,7.325,5.14,6.365,4.395,4.445,2.73,-0.875,0.325,9.25,13.935,16.25,21.135,24.775,30.52,25.725,12.465,15.295,21.27,12.28,1.89,-0.82,-4.59,2.8,10.04,17.63,24.08,20.375,19.855,17.69
5,28,2014,3,-4.545,-1.015,4.105,7.325,5.14,6.365,4.395,4.445,2.73,-0.875,0.325,9.25,13.935,16.25,21.135,24.775,30.52,25.725,12.465,15.295,21.27,12.28,1.89,-0.82,-4.59,2.8,10.04,17.63,24.08,20.375,19.855
5,29,2014,4,-5.435,-4.545,-1.015,4.105,7.325,5.14,6.365,4.395,4.445,2.73,-0.875,0.325,9.25,13.935,16.25,21.135,24.775,30.52,25.725,12.465,15.295,21.27,12.28,1.89,-0.82,-4.59,2.8,10.04,17.63,24.08,20.375
5,30,2014,5,2.38,-5.435,-4.545,-1.015,4.105,7.325,5.14,6.365,4.395,4.445,2.73,-0.875,0.325,9.25,13.935,16.25,21.135,24.775,30.52,25.725,12.465,15.295,21.27,12.28,1.89,-0.82,-4.59,2.8,10.04,17.63,24.08
5,31,2014,6,1.305,2.38,-5.435,-4.545,-1.015,4.105,7.325,5.14,6.365,4.395,4.445,2.73,-0.875,0.325,9.25,13.935,16.25,21.135,24.775,30.52,25.725,12.465,15.295,21.27,12.28,1.89,-0.82,-4.59,2.8,10.04,17.63
6,1,2014,7,-3.305,1.305,2.38,-5.435,-4.545,-1.015,4.105,7.325,5.14,6.365,4.395,4.445,2.73,-0.875,0.325,9.25,13.935,16.25,21.135,24.775,30.52,25.725,12.465,15.295,21.27,12.28,1.89,-0.82,-4.59,2.8,10.04
6,2,2014,1,-1.545,-3.305,1.305,2.38,-5.435,-4.545,-1.015,4.105,7.325,5.14,6.365,4.395,4.445,2.73,-0.875,0.325,9.25,13.935,16.25,21.135,24.775,30.52,25.725,12.465,15.295,21.27,12.28,1.89,-0.82,-4.59,2.8
6,3,2014,2,-8.605,-1.545,-3.305,1.305,2.38,-5.435,-4.545,-1.015,4.105,7.325,5.14,6.365,4.395,4.445,2.73,-0.875,0.325,9.25,13.935,16.25,21.135,24.775,30.52,25.725,12.465,15.295,21.27,12.28,1.89,-0.82,-4.59
6,4,2014,3,-2.345,-8.605,-1.545,-3.305,1.305,2.38,-5.435,-4.545,-1.015,4.105,7.325,5.14,6.365,4.395,4.445,2.73,-0.875,0.325,9.25,13.935,16.25,21.135,24.775,30.52,25.725,12.465,15.295,21.27,12.28,1.89,-0.82
6,5,2014,4,2.565,-2.345,-8.605,-1.545,-3.305,1.305,2.38,-5.435,-4.545,-1.015,4.105,7.325,5.14,6.365,4.395,4.445,2.73,-0.875,0.325,9.25,13.935,16.25,21.135,24.775,30.52,25.725,12.465,15.295,21.27,12.28,1.89
6,6,2014,5,-0.96,2.565,-2.345,-8.605,-1.545,-3.305,1.305,2.38,-5.435,-4.545,-1.015,4.105,7.325,5.14,6.365,4.395,4.445,2.73,-0.875,0.325,9.25,13.935,16.25,21.135,24.775,30.52,25.725,12.465,15.295,21.27,12.28
6,7,2014,6,7.095,-0.96,2.565,-2.345,-8.605,-1.545,-3.305,1.305,2.38,-5.435,-4.545,-1.015,4.105,7.325,5.14,6.365,4.395,4.445,2.73,-0.875,0.325,9.25,13.935,16.25,21.135,24.775,30.52,25.725,12.465,15.295,21.27
6,8,2014,7,10.215,7.095,-0.96,2.565,-2.345,-8.605,-1.545,-3.305,1.305,2.38,-5.435,-4.545,-1.015,4.105,7.325,5.14,6.365,4.395,4.445,2.73,-0.875,0.325,9.25,13.935,16.25,21.135,24.775,30.52,25.725,12.465,15.295
6,9,2014,1,10.435,10.215,7.095,-0.96,2.565,-2.345,-8.605,-1.545,-3.305,1.305,2.38,-5.435,-4.545,-1.015,4.105,7.325,5.14,6.365,4.395,4.445,2.73,-0.875,0.325,9.25,13.935,16.25,21.135,24.775,30.52,25.725,12.465
6,10,2014,2,-0.2,10.435,10.215,7.095,-0.96,2.565,-2.345,-8.605,-1.545,-3.305,1.305,2.38,-5.435,-4.545,-1.015,4.105,7.325,5.14,6.365,4.395,4.445,2.73,-0.875,0.325,9.25,13.935,16.25,21.135,24.775,30.52,25.725
6,11,2014,3,-3.67,-0.2,10.435,10.215,7.095,-0.96,2.565,-2.345,-8.605,-1.545,-3.305,1.305,2.38,-5.435,-4.545,-1.015,4.105,7.325,5.14,6.365,4.395,4.445,2.73,-0.875,0.325,9.25,13.935,16.25,21.135,24.775,30.52
6,12,2014,4,0.645,-3.67,-0.2,10.435,10.215,7.095,-0.96,2.565,-2.345,-8.605,-1.545,-3.305,1.305,2.38,-5.435,-4.545,-1.015,4.105,7.325,5.14,6.365,4.395,4.445,2.73,-0.875,0.325,9.25,13.935,16.25,21.135,24.775
6,13,2014,5,-6.535,0.645,-3.67,-0.2,10.435,10.215,7.095,-0.96,2.565,-2.345,-8.605,-1.545,-3.305,1.305,2.38,-5.435,-4.545,-1.015,4.105,7.325,5.14,6.365,4.395,4.445,2.73,-0.875,0.325,9.25,13.935,16.25,21.135
6,14,2014,6,2.385,-6.535,0.645,-3.67,-0.2,10.435,10.215,7.095,-0.96,2.565,-2.345,-8.605,-1.545,-3.305,1.305,2.38,-5.435,-4.545,-1.015,4.105,7.325,5.14,6.365,4.395,4.445,2.73,-0.875,0.325,9.25,13.935,16.25
6,15,2014,7,4.135,2.385,-6.535,0.645,-3.67,-0.2,10.435,10.215,7.095,-0.96,2.565,-2.345,-8.605,-1.545,-3.305,1.305,2.38,-5.435,-4.545,-1.015,4.105,7.325,5.14,6.365,4.395,4.445,2.73,-0.875,0.325,9.25,13.935
6,16,2014,1,-3.73,4.135,2.385,-6.535,0.645,-3.67,-0.2,10.435,10.215,7.095,-0.96,2.565,-2.345,-8.605,-1.545,-3.305,1.305,2.38,-5.435,-4.545,-1.015,4.105,7.325,5.14,6.365,4.395,4.445,2.73,-0.875,0.325,9.25
6,17,2014,2,-7.135,-3.73,4.135,2.385,-6.535,0.645,-3.67,-0.2,10.435,10.215,7.095,-0.96,2.565,-2.345,-8.605,-1.545,-3.305,1.305,2.38,-5.435,-4.545,-1.015,4.105,7.325,5.14,6.365,4.395,4.445,2.73,-0.875,0.325
6,18,2014,3,-0.98,-7.135,-3.73,4.135,2.385,-6.535,0.645,-3.67,-0.2,10.435,10.215,7.095,-0.96,2.565,-2.345,-8.605,-1.545,-3.305,1.305,2.38,-5.435,-4.545,-1.015,4.105,7.325,5.14,6.365,4.395,4.445,2.73,-0.875
6,19,2014,4,0.94,-0.98,-7.135,-3.73,4.135,2.385,-6.535,0.645,-3.67,-0.2,10.435,10.215,7.095,-0.96,2.565,-2.345,-8.605,-1.545,-3.305,1.305,2.38,-5.435,-4.545,-1.015,4.105,7.325,5.14,6.365,4.395,4.445,2.73
6,20,2014,5,-4.51,0.94,-0.98,-7.135,-3.73,4.135,2.385,-6.535,0.645,-3.67,-0.2,10.435,10.215,7.095,-0.96,2.565,-2.345,-8.605,-1.545,-3.305,1.305,2.38,-5.435,-4.545,-1.015,4.105,7.325,5.14,6.365,4.395,4.445
6,21,2014,6,-5.605,-4.51,0.94,-0.98,-7.135,-3.73,4.135,2.385,-6.535,0.645,-3.67,-0.2,10.435,10.215,7.095,-0.96,2.565,-2.345,-8.605,-1.545,-3.305,1.305,2.38,-5.435,-4.545,-1.015,4.105,7.325,5.14,6.365,4.395
6,22,2014,7,-1.145,-5.605,-4.51,0.94,-0.98,-7.135,-3.73,4.135,2.385,-6.535,0.645,-3.67,-0.2,10.435,10.215,7.095,-0.96,2.565,-2.345,-8.605,-1.545,-3.305,1.305,2.38,-5.435,-4.545,-1.015,4.105,7.325,5.14,6.365
6,23,2014,1,1.705,-1.145,-5.605,-4.51,0.94,-0.98,-7.135,-3.73,4.135,2.385,-6.535,0.645,-3.67,-0.2,10.435,10.215,7.095,-0.96,2.565,-2.345,-8.605,-1.545,-3.305,1.305,2.38,-5.435,-4.545,-1.015,4.105,7.325,5.14
6,24,2014,2,-1.43,1.705,-1.145,-5.605,-4.51,0.94,-0.98,-7.135,-3.73,4.135,2.385,-6.535,0.645,-3.67,-0.2,10.435,10.215,7.095,-0.96,2.565,-2.345,-8.605,-1.545,-3.305,1.305,2.38,-5.435,-4.545,-1.015,4.105,7.325
6,25,2014,3,-5.23,-1.43,1.705,-1.145,-5.605,-4.51,0.94,-0.98,-7.135,-3.73,4.135,2.385,-6.535,0.645,-3.67,-0.2,10.435,10.215,7.095,-0.96,2.565,-2.345,-8.605,-1.545,-3.305,1.305,2.38,-5.435,-4.545,-1.015,4.105
6,26,2014,4,-8.205,-5.23,-1.43,1.705,-1.145,-5.605,-4.51,0.94,-0.98,-7.135,-3.73,4.135,2.385,-6.535,0.645,-3.67,-0.2,10.435,10.215,7.095,-0.96,2.565,-2.345,-8.605,-1.545,-3.305,1.305,2.38,-5.435,-4.545,-1.015
6,27,2014,5,-2.54,-8.205,-5.23,-1.43,1.705,-1.145,-5.605,-4.51,0.94,-0.98,-7.135,-3.73,4.135,2.385,-6.535,0.645,-3.67,-0.2,10.435,10.215,7.095,-0.96,2.565,-2.345,-8.605,-1.545,-3.305,1.305,2.38,-5.435,-4.545
6,28,2014,6,-5.855,-2.54,-8.205,-5.23,-1.43,1.705,-1.145,-5.605,-4.51,0.94,-0.98,-7.135,-3.73,4.135,2.385,-6.535,0.645,-3.67,-0.2,10.435,10.215,7.095,-0.96,2.565,-2.345,-8.605,-1.545,-3.305,1.305,2.38,-5.435
6,29,2014,7,-8.845,-5.855,-2.54,-8.205,-5.23,-1.43,1.705,-1.145,-5.605,-4.51,0.94,-0.98,-7.135,-3.73,4.135,2.385,-6.535,0.645,-3.67,-0.2,10.435,10.215,7.095,-0.96,2.565,-2.345,-8.605,-1.545,-3.305,1.305,2.38
6,30,2014,1,-9.46,-8.845,-5.855,-2.54,-8.205,-5.23,-1.43,1.705,-1.145,-5.605,-4.51,0.94,-0.98,-7.135,-3.73,4.135,2.385,-6.535,0.645,-3.67,-0.2,10.435,10.215,7.095,-0.96,2.565,-2.345,-8.605,-1.545,-3.305,1.305
7,1,2014,2,-0.54,-9.46,-8.845,-5.855,-2.54,-8.205,-5.23,-1.43,1.705,-1.145,-5.605,-4.51,0.94,-0.98,-7.135,-3.73,4.135,2.385,-6.535,0.645,-3.67,-0.2,10.435,10.215,7.095,-0.96,2.565,-2.345,-8.605,-1.545,-3.305
7,2,2014,3,-3.66,-0.54,-9.46,-8.845,-5.855,-2.54,-8.205,-5.23,-1.43,1.705,-1.145,-5.605,-4.51,0.94,-0.98,-7.135,-3.73,4.135,2.385,-6.535,0.645,-3.67,-0.2,10.435,10.215,7.095,-0.96,2.565,-2.345,-8.605,-1.545
7,3,2014,4,-8.0,-3.66,-0.54,-9.46,-8.845,-5.855,-2.54,-8.205,-5.23,-1.43,1.705,-1.145,-5.605,-4.51,0.94,-0.98,-7.135,-3.73,4.135,2.385,-6.535,0.645,-3.67,-0.2,10.435,10.215,7.095,-0.96,2.565,-2.345,-8.605
7,4,2014,5,-11.39,-8.0,-3.66,-0.54,-9.46,-8.845,-5.855,-2.54,-8.205,-5.23,-1.43,1.705,-1.145,-5.605,-4.51,0.94,-0.98,-7.135,-3.73,4.135,2.385,-6.535,0.645,-3.67,-0.2,10.435,10.215,7.095,-0.96,2.565,-2.345
7,5,2014,6,-11.15,-11.39,-8.0,-3.66,-0.54,-9.46,-8.845,-5.855,-2.54,-8.205,-5.23,-1.43,1.705,-1.145,-5.605,-4.51,0.94,-0.98,-7.135,-3.73,4.135,2.385,-6.535,0.645,-3.67,-0.2,10.435,10.215,7.095,-0.96,2.565
7,6,2014,7,-14.13,-11.15,-11.39,-8.0,-3.66,-0.54,-9.46,-8.845,-5.855,-2.54,-8.205,-5.23,-1.43,1.705,-1.145,-5.605,-4.51,0.94,-0.98,-7.135,-3.73,4.135,2.385,-6.535,0.645,-3.67,-0.2,10.435,10.215,7.095,-0.96
7,7,2014,1,-14.86,-14.13,-11.15,-11.39,-8.0,-3.66,-0.54,-9.46,-8.845,-5.855,-2.54,-8.205,-5.23,-1.43,1.705,-1.145,-5.605,-4.51,0.94,-0.98,-7.135,-3.73,4.135,2.385,-6.535,0.645,-3.67,-0.2,10.435,10.215,7.095
7,8,2014,2,-4.57,-14.86,-14.13,-11.15,-11.39,-8.0,-3.66,-0.54,-9.46,-8.845,-5.855,-2.54,-8.205,-5.23,-1.43,1.705,-1.145,-5.605,-4.51,0.94,-0.98,-7.135,-3.73,4.135,2.385,-6.535,0.645,-3.67,-0.2,10.435,10.215
7,9,2014,3,-9.68,-4.57,-14.86,-14.13,-11.15,-11.39,-8.0,-3.66,-0.54,-9.46,-8.845,-5.855,-2.54,-8.205,-5.23,-1.43,1.705,-1.145,-5.605,-4.51,0.94,-0.98,-7.135,-3.73,4.135,2.385,-6.535,0.645,-3.67,-0.2,10.435
7,10,2014,4,-12.155,-9.68,-4.57,-14.86,-14.13,-11.15,-11.39,-8.0,-3.66,-0.54,-9.46,-8.845,-5.855,-2.54,-8.205,-5.23,-1.43,1.705,-1.145,-5.605,-4.51,0.94,-0.98,-7.135,-3.73,4.135,2.385,-6.535,0.645,-3.67,-0.2
7,11,2014,5,-11.625,-12.155,-9.68,-4.57,-14.86,-14.13,-11.15,-11.39,-8.0,-3.66,-0.54,-9.46,-8.845,-5.855,-2.54,-8.205,-5.23,-1.43,1.705,-1.145,-5.605,-4.51,0.94,-0.98,-7.135,-3.73,4.135,2.385,-6.535,0.645,-3.67
7,12,2014,6,-6.015,-11.625,-12.155,-9.68,-4.57,-14.86,-14.13,-11.15,-11.39,-8.0,-3.66,-0.54,-9.46,-8.845,-5.855,-2.54,-8.205,-5.23,-1.43,1.705,-1.145,-5.605,-4.51,0.94,-0.98,-7.135,-3.73,4.135,2.385,-6.535,0.645
7,13,2014,7,-6.62,-6.015,-11.625,-12.155,-9.68,-4.57,-14.86,-14.13,-11.15,-11.39,-8.0,-3.66,-0.54,-9.46,-8.845,-5.855,-2.54,-8.205,-5.23,-1.43,1.705,-1.145,-5.605,-4.51,0.94,-0.98,-7.135,-3.73,4.135,2.385,-6.535
7,14,2014,1,-5.725,-6.62,-6.015,-11.625,-12.155,-9.68,-4.57,-14.86,-14.13,-11.15,-11.39,-8.0,-3.66,-0.54,-9.46,-8.845,-5.855,-2.54,-8.205,-5.23,-1.43,1.705,-1.145,-5.605,-4.51,0.94,-0.98,-7.135,-3.73,4.135,2.385
7,15,2014,2,-1.41,-5.725,-6.62,-6.015,-11.625,-12.155,-9.68,-4.57,-14.86,-14.13,-11.15,-11.39,-8.0,-3.66,-0.54,-9.46,-8.845,-5.855,-2.54,-8.205,-5.23,-1.43,1.705,-1.145,-5.605,-4.51,0.94,-0.98,-7.135,-3.73,4.135
7,16,2014,3,0.41,-1.41,-5.725,-6.62,-6.015,-11.625,-12.155,-9.68,-4.57,-14.86,-14.13,-11.15,-11.39,-8.0,-3.66,-0.54,-9.46,-8.845,-5.855,-2.54,-8.205,-5.23,-1.43,1.705,-1.145,-5.605,-4.51,0.94,-0.98,-7.135,-3.73
7,17,2014,4,-0.38,0.41,-1.41,-5.725,-6.62,-6.015,-11.625,-12.155,-9.68,-4.57,-14.86,-14.13,-11.15,-11.39,-8.0,-3.66,-0.54,-9.46,-8.845,-5.855,-2.54,-8.205,-5.23,-1.43,1.705,-1.145,-5.605,-4.51,0.94,-0.98,-7.135
7,18,2014,5,-7.365,-0.38,0.41,-1.41,-5.725,-6.62,-6.015,-11.625,-12.155,-9.68,-4.57,-14.86,-14.13,-11.15,-11.39,-8.0,-3.66,-0.54,-9.46,-8.845,-5.855,-2.54,-8.205,-5.23,-1.43,1.705,-1.145,-5.605,-4.51,0.94,-0.98
7,19,2014,6,-11.86,-7.365,-0.38,0.41,-1.41,-5.725,-6.62,-6.015,-11.625,-12.155,-9.68,-4.57,-14.86,-14.13,-11.15,-11.39,-8.0,-3.66,-0.54,-9.46,-8.845,-5.855,-2.54,-8.205,-5.23,-1.43,1.705,-1.145,-5.605,-4.51,0.94
7,20,2014,7,-13.83,-11.86,-7.365,-0.38,0.41,-1.41,-5.725,-6.62,-6.015,-11.625,-12.155,-9.68,-4.57,-14.86,-14.13,-11.15,-11.39,-8.0,-3.66,-0.54,-9.46,-8.845,-5.855,-2.54,-8.205,-5.23,-1.43,1.705,-1.145,-5.605,-4.51
7,21,2014,1,-14.99,-13.83,-11.86,-7.365,-0.38,0.41,-1.41,-5.725,-6.62,-6.015,-11.625,-12.155,-9.68,-4.57,-14.86,-14.13,-11.15,-11.39,-8.0,-3.66,-0.54,-9.46,-8.845,-5.855,-2.54,-8.205,-5.23,-1.43,1.705,-1.145,-5.605
7,22,2014,2,-12.715,-14.99,-13.83,-11.86,-7.365,-0.38,0.41,-1.41,-5.725,-6.62,-6.015,-11.625,-12.155,-9.68,-4.57,-14.86,-14.13,-11.15,-11.39,-8.0,-3.66,-0.54,-9.46,-8.845,-5.855,-2.54,-8.205,-5.23,-1.43,1.705,-1.145
7,23,2014,3,-9.01,-12.715,-14.99,-13.83,-11.86,-7.365,-0.38,0.41,-1.41,-5.725,-6.62,-6.015,-11.625,-12.155,-9.68,-4.57,-14.86,-14.13,-11.15,-11.39,-8.0,-3.66,-0.54,-9.46,-8.845,-5.855,-2.54,-8.205,-5.23,-1.43,1.705
7,24,2014,4,-14.845,-9.01,-12.715,-14.99,-13.83,-11.86,-7.365,-0.38,0.41,-1.41,-5.725,-6.62,-6.015,-11.625,-12.155,-9.68,-4.57,-14.86,-14.13,-11.15,-11.39,-8.0,-3.66,-0.54,-9.46,-8.845,-5.855,-2.54,-8.205,-5.23,-1.43
7,25,2014,5,-14.135,-14.845,-9.01,-12.715,-14.99,-13.83,-11.86,-7.365,-0.38,0.41,-1.41,-5.725,-6.62,-6.015,-11.625,-12.155,-9.68,-4.57,-14.86,-14.13,-11.15,-11.39,-8.0,-3.66,-0.54,-9.46,-8.845,-5.855,-2.54,-8.205,-5.23
7,26,2014,6,-10.26,-14.135,-14.845,-9.01,-12.715,-14.99,-13.83,-11.86,-7.365,-0.38,0.41,-1.41,-5.725,-6.62,-6.015,-11.625,-12.155,-9.68,-4.57,-14.86,-14.13,-11.15,-11.39,-8.0,-3.66,-0.54,-9.46,-8.845,-5.855,-2.54,-8.205
7,27,2014,7,-4.915,-10.26,-14.135,-14.845,-9.01,-12.715,-14.99,-13.83,-11.86,-7.365,-0.38,0.41,-1.41,-5.725,-6.62,-6.015,-11.625,-12.155,-9.68,-4.57,-14.86,-14.13,-11.15,-11.39,-8.0,-3.66,-0.54,-9.46,-8.845,-5.855,-2.54
7,28,2014,1,-7.085,-4.915,-10.26,-14.135,-14.845,-9.01,-12.715,-14.99,-13.83,-11.86,-7.365,-0.38,0.41,-1.41,-5.725,-6.62,-6.015,-11.625,-12.155,-9.68,-4.57,-14.86,-14.13,-11.15,-11.39,-8.0,-3.66,-0.54,-9.46,-8.845,-5.855
7,29,2014,2,-4.755,-7.085,-4.915,-10.26,-14.135,-14.845,-9.01,-12.715,-14.99,-13.83,-11.86,-7.365,-0.38,0.41,-1.41,-5.725,-6.62,-6.015,-11.625,-12.155,-9.68,-4.57,-14.86,-14.13,-11.15,-11.39,-8.0,-3.66,-0.54,-9.46,-8.845
7,30,2014,3,6.14,-4.755,-7.085,-4.915,-10.26,-14.135,-14.845,-9.01,-12.715,-14.99,-13.83,-11.86,-7.365,-0.38,0.41,-1.41,-5.725,-6.62,-6.015,-11.625,-12.155,-9.68,-4.57,-14.86,-14.13,-11.15,-11.39,-8.0,-3.66,-0.54,-9.46
7,31,2014,4,-0.715,6.14,-4.755,-7.085,-4.915,-10.26,-14.135,-14.845,-9.01,-12.715,-14.99,-13.83,-11.86,-7.365,-0.38,0.41,-1.41,-5.725,-6.62,-6.015,-11.625,-12.155,-9.68,-4.57,-14.86,-14.13,-11.15,-11.39,-8.0,-3.66,-0.54
8,1,2014,5,-2.6,-0.715,6.14,-4.755,-7.085,-4.915,-10.26,-14.135,-14.845,-9.01,-12.715,-14.99,-13.83,-11.86,-7.365,-0.38,0.41,-1.41,-5.725,-6.62,-6.015,-11.625,-12.155,-9.68,-4.57,-14.86,-14.13,-11.15,-11.39,-8.0,-3.66
8,2,2014,6,-3.06,-2.6,-0.715,6.14,-4.755,-7.085,-4.915,-10.26,-14.135,-14.845,-9.01,-12.715,-14.99,-13.83,-11.86,-7.365,-0.38,0.41,-1.41,-5.725,-6.62,-6.015,-11.625,-12.155,-9.68,-4.57,-14.86,-14.13,-11.15,-11.39,-8.0
8,3,2014,7,-7.52,-3.06,-2.6,-0.715,6.14,-4.755,-7.085,-4.915,-10.26,-14.135,-14.845,-9.01,-12.715,-14.99,-13.83,-11.86,-7.365,-0.38,0.41,-1.41,-5.725,-6.62,-6.015,-11.625,-12.155,-9.68,-4.57,-14.86,-14.13,-11.15,-11.39
8,4,2014,1,-7.56,-7.52,-3.06,-2.6,-0.715,6.14,-4.755,-7.085,-4.915,-10.26,-14.135,-14.845,-9.01,-12.715,-14.99,-13.83,-11.86,-7.365,-0.38,0.41,-1.41,-5.725,-6.62,-6.015,-11.625,-12.155,-9.68,-4.57,-14.86,-14.13,-11.15
8,5,2014,2,-6.055,-7.56,-7.52,-3.06,-2.6,-0.715,6.14,-4.755,-7.085,-4.915,-10.26,-14.135,-14.845,-9.01,-12.715,-14.99,-13.83,-11.86,-7.365,-0.38,0.41,-1.41,-5.725,-6.62,-6.015,-11.625,-12.155,-9.68,-4.57,-14.86,-14.13
8,6,2014,3,-6.71,-6.055,-7.56,-7.52,-3.06,-2.6,-0.715,6.14,-4.755,-7.085,-4.915,-10.26,-14.135,-14.845,-9.01,-12.715,-14.99,-13.83,-11.86,-7.365,-0.38,0.41,-1.41,-5.725,-6.62,-6.015,-11.625,-12.155,-9.68,-4.57,-14.86
8,7,2014,4,-2.95,-6.71,-6.055,-7.56,-7.52,-3.06,-2.6,-0.715,6.14,-4.755,-7.085,-4.915,-10.26,-14.135,-14.845,-9.01,-12.715,-14.99,-13.83,-11.86,-7.365,-0.38,0.41,-1.41,-5.725,-6.62,-6.015,-11.625,-12.155,-9.68,-4.57
8,8,2014,5,-3.875,-2.95,-6.71,-6.055,-7.56,-7.52,-3.06,-2.6,-0.715,6.14,-4.755,-7.085,-4.915,-10.26,-14.135,-14.845,-9.01,-12.715,-14.99,-13.83,-11.86,-7.365,-0.38,0.41,-1.41,-5.725,-6.62,-6.015,-11.625,-12.155,-9.68
8,9,2014,6,-5.93,-3.875,-2.95,-6.71,-6.055,-7.56,-7.52,-3.06,-2.6,-0.715,6.14,-4.755,-7.085,-4.915,-10.26,-14.135,-14.845,-9.01,-12.715,-14.99,-13.83,-11.86,-7.365,-0.38,0.41,-1.41,-5.725,-6.62,-6.015,-11.625,-12.155
8,10,2014,7,-2.32,-5.93,-3.875,-2.95,-6.71,-6.055,-7.56,-7.52,-3.06,-2.6,-0.715,6.14,-4.755,-7.085,-4.915,-10.26,-14.135,-14.845,-9.01,-12.715,-14.99,-13.83,-11.86,-7.365,-0.38,0.41,-1.41,-5.725,-6.62,-6.015,-11.625
8,11,2014,1,-3.57,-2.32,-5.93,-3.875,-2.95,-6.71,-6.055,-7.56,-7.52,-3.06,-2.6,-0.715,6.14,-4.755,-7.085,-4.915,-10.26,-14.135,-14.845,-9.01,-12.715,-14.99,-13.83,-11.86,-7.365,-0.38,0.41,-1.41,-5.725,-6.62,-6.015
8,12,2014,2,-8.005,-3.57,-2.32,-5.93,-3.875,-2.95,-6.71,-6.055,-7.56,-7.52,-3.06,-2.6,-0.715,6.14,-4.755,-7.085,-4.915,-10.26,-14.135,-14.845,-9.01,-12.715,-14.99,-13.83,-11.86,-7.365,-0.38,0.41,-1.41,-5.725,-6.62
8,13,2014,3,-10.395,-8.005,-3.57,-2.32,-5.93,-3.875,-2.95,-6.71,-6.055,-7.56,-7.52,-3.06,-2.6,-0.715,6.14,-4.755,-7.085,-4.915,-10.26,-14.135,-14.845,-9.01,-12.715,-14.99,-13.83,-11.86,-7.365,-0.38,0.41,-1.41,-5.725
8,14,2014,4,-8.825,-10.395,-8.005,-3.57,-2.32,-5.93,-3.875,-2.95,-6.71,-6.055,-7.56,-7.52,-3.06,-2.6,-0.715,6.14,-4.755,-7.085,-4.915,-10.26,-14.135,-14.845,-9.01,-12.715,-14.99,-13.83,-11.86,-7.365,-0.38,0.41,-1.41
8,15,2014,5,-8.525,-8.825,-10.395,-8.005,-3.57,-2.32,-5.93,-3.875,-2.95,-6.71,-6.055,-7.56,-7.52,-3.06,-2.6,-0.715,6.14,-4.755,-7.085,-4.915,-10.26,-14.135,-14.845,-9.01,-12.715,-14.99,-13.83,-11.86,-7.365,-0.38,0.41
8,16,2014,6,-9.81,-8.525,-8.825,-10.395,-8.005,-3.57,-2.32,-5.93,-3.875,-2.95,-6.71,-6.055,-7.56,-7.52,-3.06,-2.6,-0.715,6.14,-4.755,-7.085,-4.915,-10.26,-14.135,-14.845,-9.01,-12.715,-14.99,-13.83,-11.86,-7.365,-0.38
8,17,2014,7,-10.135,-9.81,-8.525,-8.825,-10.395,-8.005,-3.57,-2.32,-5.93,-3.875,-2.95,-6.71,-6.055,-7.56,-7.52,-3.06,-2.6,-0.715,6.14,-4.755,-7.085,-4.915,-10.26,-14.135,-14.845,-9.01,-12.715,-14.99,-13.83,-11.86,-7.365
8,18,2014,1,-8.195,-10.135,-9.81,-8.525,-8.825,-10.395,-8.005,-3.57,-2.32,-5.93,-3.875,-2.95,-6.71,-6.055,-7.56,-7.52,-3.06,-2.6,-0.715,6.14,-4.755,-7.085,-4.915,-10.26,-14.135,-14.845,-9.01,-12.715,-14.99,-13.83,-11.86
8,19,2014,2,-7.75,-8.195,-10.135,-9.81,-8.525,-8.825,-10.395,-8.005,-3.57,-2.32,-5.93,-3.875,-2.95,-6.71,-6.055,-7.56,-7.52,-3.06,-2.6,-0.715,6.14,-4.755,-7.085,-4.915,-10.26,-14.135,-14.845,-9.01,-12.715,-14.99,-13.83
8,20,2014,3,-7.935,-7.75,-8.195,-10.135,-9.81,-8.525,-8.825,-10.395,-8.005,-3.57,-2.32,-5.93,-3.875,-2.95,-6.71,-6.055,-7.56,-7.52,-3.06,-2.6,-0.715,6.14,-4.755,-7.085,-4.915,-10.26,-14.135,-14.845,-9.01,-12.715,-14.99
8,21,2014,4,-5.17,-7.935,-7.75,-8.195,-10.135,-9.81,-8.525,-8.825,-10.395,-8.005,-3.57,-2.32,-5.93,-3.875,-2.95,-6.71,-6.055,-7.56,-7.52,-3.06,-2.6,-0.715,6.14,-4.755,-7.085,-4.915,-10.26,-14.135,-14.845,-9.01,-12.715
8,22,2014,5,-0.05,-5.17,-7.935,-7.75,-8.195,-10.135,-9.81,-8.525,-8.825,-10.395,-8.005,-3.57,-2.32,-5.93,-3.875,-2.95,-6.71,-6.055,-7.56,-7.52,-3.06,-2.6,-0.715,6.14,-4.755,-7.085,-4.915,-10.26,-14.135,-14.845,-9.01
8,23,2014,6,-0.77,-0.05,-5.17,-7.935,-7.75,-8.195,-10.135,-9.81,-8.525,-8.825,-10.395,-8.005,-3.57,-2.32,-5.93,-3.875,-2.95,-6.71,-6.055,-7.56,-7.52,-3.06,-2.6,-0.715,6.14,-4.755,-7.085,-4.915,-10.26,-14.135,-14.845
8,24,2014,7,-3.105,-0.77,-0.05,-5.17,-7.935,-7.75,-8.195,-10.135,-9.81,-8.525,-8.825,-10.395,-8.005,-3.57,-2.32,-5.93,-3.875,-2.95,-6.71,-6.055,-7.56,-7.52,-3.06,-2.6,-0.715,6.14,-4.755,-7.085,-4.915,-10.26,-14.135
8,25,2014,1,-0.295,-3.105,-0.77,-0.05,-5.17,-7.935,-7.75,-8.195,-10.135,-9.81,-8.525,-8.825,-10.395,-8.005,-3.57,-2.32,-5.93,-3.875,-2.95,-6.71,-6.055,-7.56,-7.52,-3.06,-2.6,-0.715,6.14,-4.755,-7.085,-4.915,-10.26
8,26,2014,2,-1.94,-0.295,-3.105,-0.77,-0.05,-5.17,-7.935,-7.75,-8.195,-10.135,-9.81,-8.525,-8.825,-10.395,-8.005,-3.57,-2.32,-5.93,-3.875,-2.95,-6.71,-6.055,-7.56,-7.52,-3.06,-2.6,-0.715,6.14,-4.755,-7.085,-4.915
8,27,2014,3,-0.78,-1.94,-0.295,-3.105,-0.77,-0.05,-5.17,-7.935,-7.75,-8.195,-10.135,-9.81,-8.525,-8.825,-10.395,-8.005,-3.57,-2.32,-5.93,-3.875,-2.95,-6.71,-6.055,-7.56,-7.52,-3.06,-2.6,-0.715,6.14,-4.755,-7.085
8,28,2014,4,4.275,-0.78,-1.94,-0.295,-3.105,-0.77,-0.05,-5.17,-7.935,-7.75,-8.195,-10.135,-9.81,-8.525,-8.825,-10.395,-8.005,-3.57,-2.32,-5.93,-3.875,-2.95,-6.71,-6.055,-7.56,-7.52,-3.06,-2.6,-0.715,6.14,-4.755
8,29,2014,5,-1.39,4.275,-0.78,-1.94,-0.295,-3.105,-0.77,-0.05,-5.17,-7.935,-7.75,-8.195,-10.135,-9.81,-8.525,-8.825,-10.395,-8.005,-3.57,-2.32,-5.93,-3.875,-2.95,-6.71,-6.055,-7.56,-7.52,-3.06,-2.6,-0.715,6.14
8,30,2014,6,-4.475,-1.39,4.275,-0.78,-1.94,-0.295,-3.105,-0.77,-0.05,-5.17,-7.935,-7.75,-8.195,-10.135,-9.81,-8.525,-8.825,-10.395,-8.005,-3.57,-2.32,-5.93,-3.875,-2.95,-6.71,-6.055,-7.56,-7.52,-3.06,-2.6,-0.715
8,31,2014,7,-1.31,-4.475,-1.39,4.275,-0.78,-1.94,-0.295,-3.105,-0.77,-0.05,-5.17,-7.935,-7.75,-8.195,-10.135,-9.81,-8.525,-8.825,-10.395,-8.005,-3.57,-2.32,-5.93,-3.875,-2.95,-6.71,-6.055,-7.56,-7.52,-3.06,-2.6
9,1,2014,1,-0.175,-1.31,-4.475,-1.39,4.275,-0.78,-1.94,-0.295,-3.105,-0.77,-0.05,-5.17,-7.935,-7.75,-8.195,-10.135,-9.81,-8.525,-8.825,-10.395,-8.005,-3.57,-2.32,-5.93,-3.875,-2.95,-6.71,-6.055,-7.56,-7.52,-3.06
9,2,2014,2,-2.78,-0.175,-1.31,-4.475,-1.39,4.275,-0.78,-1.94,-0.295,-3.105,-0.77,-0.05,-5.17,-7.935,-7.75,-8.195,-10.135,-9.81,-8.525,-8.825,-10.395,-8.005,-3.57,-2.32,-5.93,-3.875,-2.95,-6.71,-6.055,-7.56,-7.52
9,3,2014,3,-11.36,-2.78,-0.175,-1.31,-4.475,-1.39,4.275,-0.78,-1.94,-0.295,-3.105,-0.77,-0.05,-5.17,-7.935,-7.75,-8.195,-10.135,-9.81,-8.525,-8.825,-10.395,-8.005,-3.57,-2.32,-5.93,-3.875,-2.95,-6.71,-6.055,-7.56
9,4,2014,4,0.73,-11.36,-2.78,-0.175,-1.31,-4.475,-1.39,4.275,-0.78,-1.94,-0.295,-3.105,-0.77,-0.05,-5.17,-7.935,-7.75,-8.195,-10.135,-9.81,-8.525,-8.825,-10.395,-8.005,-3.57,-2.32,-5.93,-3.875,-2.95,-6.71,-6.055
9,5,2014,5,8.85,0.73,-11.36,-2.78,-0.175,-1.31,-4.475,-1.39,4.275,-0.78,-1.94,-0.295,-3.105,-0.77,-0.05,-5.17,-7.935,-7.75,-8.195,-10.135,-9.81,-8.525,-8.825,-10.395,-8.005,-3.57,-2.32,-5.93,-3.875,-2.95,-6.71
9,6,2014,6,4.27,8.85,0.73,-11.36,-2.78,-0.175,-1.31,-4.475,-1.39,4.275,-0.78,-1.94,-0.295,-3.105,-0.77,-0.05,-5.17,-7.935,-7.75,-8.195,-10.135,-9.81,-8.525,-8.825,-10.395,-8.005,-3.57,-2.32,-5.93,-3.875,-2.95
9,7,2014,7,-1.785,4.27,8.85,0.73,-11.36,-2.78,-0.175,-1.31,-4.475,-1.39,4.275,-0.78,-1.94,-0.295,-3.105,-0.77,-0.05,-5.17,-7.935,-7.75,-8.195,-10.135,-9.81,-8.525,-8.825,-10.395,-8.005,-3.57,-2.32,-5.93,-3.875
9,8,2014,1,-4.74,-1.785,4.27,8.85,0.73,-11.36,-2.78,-0.175,-1.31,-4.475,-1.39,4.275,-0.78,-1.94,-0.295,-3.105,-0.77,-0.05,-5.17,-7.935,-7.75,-8.195,-10.135,-9.81,-8.525,-8.825,-10.395,-8.005,-3.57,-2.32,-5.93
9,9,2014,2,-1.555,-4.74,-1.785,4.27,8.85,0.73,-11.36,-2.78,-0.175,-1.31,-4.475,-1.39,4.275,-0.78,-1.94,-0.295,-3.105,-0.77,-0.05,-5.17,-7.935,-7.75,-8.195,-10.135,-9.81,-8.525,-8.825,-10.395,-8.005,-3.57,-2.32
9,10,2014,3,3.345,-1.555,-4.74,-1.785,4.27,8.85,0.73,-11.36,-2.78,-0.175,-1.31,-4.475,-1.39,4.275,-0.78,-1.94,-0.295,-3.105,-0.77,-0.05,-5.17,-7.935,-7.75,-8.195,-10.135,-9.81,-8.525,-8.825,-10.395,-8.005,-3.57
9,11,2014,4,16.94,3.345,-1.555,-4.74,-1.785,4.27,8.85,0.73,-11.36,-2.78,-0.175,-1.31,-4.475,-1.39,4.275,-0.78,-1.94,-0.295,-3.105,-0.77,-0.05,-5.17,-7.935,-7.75,-8.195,-10.135,-9.81,-8.525,-8.825,-10.395,-8.005
9,12,2014,5,24.82,16.94,3.345,-1.555,-4.74,-1.785,4.27,8.85,0.73,-11.36,-2.78,-0.175,-1.31,-4.475,-1.39,4.275,-0.78,-1.94,-0.295,-3.105,-0.77,-0.05,-5.17,-7.935,-7.75,-8.195,-10.135,-9.81,-8.525,-8.825,-10.395
9,13,2014,6,8.585,24.82,16.94,3.345,-1.555,-4.74,-1.785,4.27,8.85,0.73,-11.36,-2.78,-0.175,-1.31,-4.475,-1.39,4.275,-0.78,-1.94,-0.295,-3.105,-0.77,-0.05,-5.17,-7.935,-7.75,-8.195,-10.135,-9.81,-8.525,-8.825
9,14,2014,7,-0.905,8.585,24.82,16.94,3.345,-1.555,-4.74,-1.785,4.27,8.85,0.73,-11.36,-2.78,-0.175,-1.31,-4.475,-1.39,4.275,-0.78,-1.94,-0.295,-3.105,-0.77,-0.05,-5.17,-7.935,-7.75,-8.195,-10.135,-9.81,-8.525
9,15,2014,1,4.45,-0.905,8.585,24.82,16.94,3.345,-1.555,-4.74,-1.785,4.27,8.85,0.73,-11.36,-2.78,-0.175,-1.31,-4.475,-1.39,4.275,-0.78,-1.94,-0.295,-3.105,-0.77,-0.05,-5.17,-7.935,-7.75,-8.195,-10.135,-9.81
9,16,2014,2,-4.29,4.45,-0.905,8.585,24.82,16.94,3.345,-1.555,-4.74,-1.785,4.27,8.85,0.73,-11.36,-2.78,-0.175,-1.31,-4.475,-1.39,4.275,-0.78,-1.94,-0.295,-3.105,-0.77,-0.05,-5.17,-7.935,-7.75,-8.195,-10.135
9,17,2014,3,-6.625,-4.29,4.45,-0.905,8.585,24.82,16.94,3.345,-1.555,-4.74,-1.785,4.27,8.85,0.73,-11.36,-2.78,-0.175,-1.31,-4.475,-1.39,4.275,-0.78,-1.94,-0.295,-3.105,-0.77,-0.05,-5.17,-7.935,-7.75,-8.195
9,18,2014,4,-6.755,-6.625,-4.29,4.45,-0.905,8.585,24.82,16.94,3.345,-1.555,-4.74,-1.785,4.27,8.85,0.73,-11.36,-2.78,-0.175,-1.31,-4.475,-1.39,4.275,-0.78,-1.94,-0.295,-3.105,-0.77,-0.05,-5.17,-7.935,-7.75
9,19,2014,5,-8.99,-6.755,-6.625,-4.29,4.45,-0.905,8.585,24.82,16.94,3.345,-1.555,-4.74,-1.785,4.27,8.85,0.73,-11.36,-2.78,-0.175,-1.31,-4.475,-1.39,4.275,-0.78,-1.94,-0.295,-3.105,-0.77,-0.05,-5.17,-7.935
9,20,2014,6,-2.615,-8.99,-6.755,-6.625,-4.29,4.45,-0.905,8.585,24.82,16.94,3.345,-1.555,-4.74,-1.785,4.27,8.85,0.73,-11.36,-2.78,-0.175,-1.31,-4.475,-1.39,4.275,-0.78,-1.94,-0.295,-3.105,-0.77,-0.05,-5.17
9,21,2014,7,0.725,-2.615,-8.99,-6.755,-6.625,-4.29,4.45,-0.905,8.585,24.82,16.94,3.345,-1.555,-4.74,-1.785,4.27,8.85,0.73,-11.36,-2.78,-0.175,-1.31,-4.475,-1.39,4.275,-0.78,-1.94,-0.295,-3.105,-0.77,-0.05
9,22,2014,1,-2.095,0.725,-2.615,-8.99,-6.755,-6.625,-4.29,4.45,-0.905,8.585,24.82,16.94,3.345,-1.555,-4.74,-1.785,4.27,8.85,0.73,-11.36,-2.78,-0.175,-1.31,-4.475,-1.39,4.275,-0.78,-1.94,-0.295,-3.105,-0.77
9,23,2014,2,-2.755,-2.095,0.725,-2.615,-8.99,-6.755,-6.625,-4.29,4.45,-0.905,8.585,24.82,16.94,3.345,-1.555,-4.74,-1.785,4.27,8.85,0.73,-11.36,-2.78,-0.175,-1.31,-4.475,-1.39,4.275,-0.78,-1.94,-0.295,-3.105
9,24,2014,3,-2.865,-2.755,-2.095,0.725,-2.615,-8.99,-6.755,-6.625,-4.29,4.45,-0.905,8.585,24.82,16.94,3.345,-1.555,-4.74,-1.785,4.27,8.85,0.73,-11.36,-2.78,-0.175,-1.31,-4.475,-1.39,4.275,-0.78,-1.94,-0.295
9,25,2014,4,-6.115,-2.865,-2.755,-2.095,0.725,-2.615,-8.99,-6.755,-6.625,-4.29,4.45,-0.905,8.585,24.82,16.94,3.345,-1.555,-4.74,-1.785,4.27,8.85,0.73,-11.36,-2.78,-0.175,-1.31,-4.475,-1.39,4.275,-0.78,-1.94
9,26,2014,5,-6.205,-6.115,-2.865,-2.755,-2.095,0.725,-2.615,-8.99,-6.755,-6.625,-4.29,4.45,-0.905,8.585,24.82,16.94,3.345,-1.555,-4.74,-1.785,4.27,8.85,0.73,-11.36,-2.78,-0.175,-1.31,-4.475,-1.39,4.275,-0.78
9,27,2014,6,-5.195,-6.205,-6.115,-2.865,-2.755,-2.095,0.725,-2.615,-8.99,-6.755,-6.625,-4.29,4.45,-0.905,8.585,24.82,16.94,3.345,-1.555,-4.74,-1.785,4.27,8.85,0.73,-11.36,-2.78,-0.175,-1.31,-4.475,-1.39,4.275
9,28,2014,7,3.04,-5.195,-6.205,-6.115,-2.865,-2.755,-2.095,0.725,-2.615,-8.99,-6.755,-6.625,-4.29,4.45,-0.905,8.585,24.82,16.94,3.345,-1.555,-4.74,-1.785,4.27,8.85,0.73,-11.36,-2.78,-0.175,-1.31,-4.475,-1.39
9,29,2014,1,9.77,3.04,-5.195,-6.205,-6.115,-2.865,-2.755,-2.095,0.725,-2.615,-8.99,-6.755,-6.625,-4.29,4.45,-0.905,8.585,24.82,16.94,3.345,-1.555,-4.74,-1.785,4.27,8.85,0.73,-11.36,-2.78,-0.175,-1.31,-4.475
9,30,2014,2,9.595,9.77,3.04,-5.195,-6.205,-6.115,-2.865,-2.755,-2.095,0.725,-2.615,-8.99,-6.755,-6.625,-4.29,4.45,-0.905,8.585,24.82,16.94,3.345,-1.555,-4.74,-1.785,4.27,8.85,0.73,-11.36,-2.78,-0.175,-1.31
10,1,2014,3,11.59,9.595,9.77,3.04,-5.195,-6.205,-6.115,-2.865,-2.755,-2.095,0.725,-2.615,-8.99,-6.755,-6.625,-4.29,4.45,-0.905,8.585,24.82,16.94,3.345,-1.555,-4.74,-1.785,4.27,8.85,0.73,-11.36,-2.78,-0.175
10,2,2014,4,15.02,11.59,9.595,9.77,3.04,-5.195,-6.205,-6.115,-2.865,-2.755,-2.095,0.725,-2.615,-8.99,-6.755,-6.625,-4.29,4.45,-0.905,8.585,24.82,16.94,3.345,-1.555,-4.74,-1.785,4.27,8.85,0.73,-11.36,-2.78
10,3,2014,5,18.94,15.02,11.59,9.595,9.77,3.04,-5.195,-6.205,-6.115,-2.865,-2.755,-2.095,0.725,-2.615,-8.99,-6.755,-6.625,-4.29,4.45,-0.905,8.585,24.82,16.94,3.345,-1.555,-4.74,-1.785,4.27,8.85,0.73,-11.36
10,4,2014,6,9.255,18.94,15.02,11.59,9.595,9.77,3.04,-5.195,-6.205,-6.115,-2.865,-2.755,-2.095,0.725,-2.615,-8.99,-6.755,-6.625,-4.29,4.45,-0.905,8.585,24.82,16.94,3.345,-1.555,-4.74,-1.785,4.27,8.85,0.73
10,5,2014,7,6.81,9.255,18.94,15.02,11.59,9.595,9.77,3.04,-5.195,-6.205,-6.115,-2.865,-2.755,-2.095,0.725,-2.615,-8.99,-6.755,-6.625,-4.29,4.45,-0.905,8.585,24.82,16.94,3.345,-1.555,-4.74,-1.785,4.27,8.85
10,6,2014,1,3.81,6.81,9.255,18.94,15.02,11.59,9.595,9.77,3.04,-5.195,-6.205,-6.115,-2.865,-2.755,-2.095,0.725,-2.615,-8.99,-6.755,-6.625,-4.29,4.45,-0.905,8.585,24.82,16.94,3.345,-1.555,-4.74,-1.785,4.27
10,7,2014,2,2.03,3.81,6.81,9.255,18.94,15.02,11.59,9.595,9.77,3.04,-5.195,-6.205,-6.115,-2.865,-2.755,-2.095,0.725,-2.615,-8.99,-6.755,-6.625,-4.29,4.45,-0.905,8.585,24.82,16.94,3.345,-1.555,-4.74,-1.785
10,8,2014,3,3.9,2.03,3.81,6.81,9.255,18.94,15.02,11.59,9.595,9.77,3.04,-5.195,-6.205,-6.115,-2.865,-2.755,-2.095,0.725,-2.615,-8.99,-6.755,-6.625,-4.29,4.45,-0.905,8.585,24.82,16.94,3.345,-1.555,-4.74
10,9,2014,4,11.635,3.9,2.03,3.81,6.81,9.255,18.94,15.02,11.59,9.595,9.77,3.04,-5.195,-6.205,-6.115,-2.865,-2.755,-2.095,0.725,-2.615,-8.99,-6.755,-6.625,-4.29,4.45,-0.905,8.585,24.82,16.94,3.345,-1.555
10,10,2014,5,13.73,11.635,3.9,2.03,3.81,6.81,9.255,18.94,15.02,11.59,9.595,9.77,3.04,-5.195,-6.205,-6.115,-2.865,-2.755,-2.095,0.725,-2.615,-8.99,-6.755,-6.625,-4.29,4.45,-0.905,8.585,24.82,16.94,3.345
10,11,2014,6,9.71,13.73,11.635,3.9,2.03,3.81,6.81,9.255,18.94,15.02,11.59,9.595,9.77,3.04,-5.195,-6.205,-6.115,-2.865,-2.755,-2.095,0.725,-2.615,-8.99,-6.755,-6.625,-4.29,4.45,-0.905,8.585,24.82,16.94
10,12,2014,7,18.93,9.71,13.73,11.635,3.9,2.03,3.81,6.81,9.255,18.94,15.02,11.59,9.595,9.77,3.04,-5.195,-6.205,-6.115,-2.865,-2.755,-2.095,0.725,-2.615,-8.99,-6.755,-6.625,-4.29,4.45,-0.905,8.585,24.82
10,13,2014,1,20.28,18.93,9.71,13.73,11.635,3.9,2.03,3.81,6.81,9.255,18.94,15.02,11.59,9.595,9.77,3.04,-5.195,-6.205,-6.115,-2.865,-2.755,-2.095,0.725,-2.615,-8.99,-6.755,-6.625,-4.29,4.45,-0.905,8.585
10,14,2014,2,12.055,20.28,18.93,9.71,13.73,11.635,3.9,2.03,3.81,6.81,9.255,18.94,15.02,11.59,9.595,9.77,3.04,-5.195,-6.205,-6.115,-2.865,-2.755,-2.095,0.725,-2.615,-8.99,-6.755,-6.625,-4.29,4.45,-0.905
10,15,2014,3,5.235,12.055,20.28,18.93,9.71,13.73,11.635,3.9,2.03,3.81,6.81,9.255,18.94,15.02,11.59,9.595,9.77,3.04,-5.195,-6.205,-6.115,-2.865,-2.755,-2.095,0.725,-2.615,-8.99,-6.755,-6.625,-4.29,4.45
10,16,2014,4,6.475,5.235,12.055,20.28,18.93,9.71,13.73,11.635,3.9,2.03,3.81,6.81,9.255,18.94,15.02,11.59,9.595,9.77,3.04,-5.195,-6.205,-6.115,-2.865,-2.755,-2.095,0.725,-2.615,-8.99,-6.755,-6.625,-4.29
10,17,2014,5,14.775,6.475,5.235,12.055,20.28,18.93,9.71,13.73,11.635,3.9,2.03,3.81,6.81,9.255,18.94,15.02,11.59,9.595,9.77,3.04,-5.195,-6.205,-6.115,-2.865,-2.755,-2.095,0.725,-2.615,-8.99,-6.755,-6.625
10,18,2014,6,11.9,14.775,6.475,5.235,12.055,20.28,18.93,9.71,13.73,11.635,3.9,2.03,3.81,6.81,9.255,18.94,15.02,11.59,9.595,9.77,3.04,-5.195,-6.205,-6.115,-2.865,-2.755,-2.095,0.725,-2.615,-8.99,-6.755
10,19,2014,7,7.42,11.9,14.775,6.475,5.235,12.055,20.28,18.93,9.71,13.73,11.635,3.9,2.03,3.81,6.81,9.255,18.94,15.02,11.59,9.595,9.77,3.04,-5.195,-6.205,-6.115,-2.865,-2.755,-2.095,0.725,-2.615,-8.99
10,20,2014,1,6.405,7.42,11.9,14.775,6.475,5.235,12.055,20.28,18.93,9.71,13.73,11.635,3.9,2.03,3.81,6.81,9.255,18.94,15.02,11.59,9.595,9.77,3.04,-5.195,-6.205,-6.115,-2.865,-2.755,-2.095,0.725,-2.615
10,21,2014,2,4.685,6.405,7.42,11.9,14.775,6.475,5.235,12.055,20.28,18.93,9.71,13.73,11.635,3.9,2.03,3.81,6.81,9.255,18.94,15.02,11.59,9.595,9.77,3.04,-5.195,-6.205,-6.115,-2.865,-2.755,-2.095,0.725
10,22,2014,3,8.57,4.685,6.405,7.42,11.9,14.775,6.475,5.235,12.055,20.28,18.93,9.71,13.73,11.635,3.9,2.03,3.81,6.81,9.255,18.94,15.02,11.59,9.595,9.77,3.04,-5.195,-6.205,-6.115,-2.865,-2.755,-2.095
10,23,2014,4,7.35,8.57,4.685,6.405,7.42,11.9,14.775,6.475,5.235,12.055,20.28,18.93,9.71,13.73,11.635,3.9,2.03,3.81,6.81,9.255,18.94,15.02,11.59,9.595,9.77,3.04,-5.195,-6.205,-6.115,-2.865,-2.755
10,24,2014,5,-1.01,7.35,8.57,4.685,6.405,7.42,11.9,14.775,6.475,5.235,12.055,20.28,18.93,9.71,13.73,11.635,3.9,2.03,3.81,6.81,9.255,18.94,15.02,11.59,9.595,9.77,3.04,-5.195,-6.205,-6.115,-2.865
10,25,2014,6,4.32,-1.01,7.35,8.57,4.685,6.405,7.42,11.9,14.775,6.475,5.235,12.055,20.28,18.93,9.71,13.73,11.635,3.9,2.03,3.81,6.81,9.255,18.94,15.02,11.59,9.595,9.77,3.04,-5.195,-6.205,-6.115
10,26,2014,7,2.005,4.08,-1.28,8.115,8.49,4.585,6.315,7.995,11.9,14.775,6.475,5.235,12.055,20.28,17.525,9.71,13.73,11.635,3.9,2.03,3.81,6.81,9.255,18.94,15.02,11.59,9.595,9.77,3.04,-5.195,-6.205
11,1,2014,6,11.955,18.625,15.7,14.775,20.19,20.785,1.94,4.5,-0.365,8.63,8.945,4.995,7.155,7.995,10.25,14.8,7.17,5.9,9.17,18.25,16.455,9.71,13.73,11.635,3.9,2.03,3.81,6.81,9.255,18.94,15.02
