10,25,2013,5,25.78,25.05,24.465,22.54,14.56,14.95,18.63,11.095,13.33,6.395,9.845,9.755,2.585,2.58,6.415,7.45,7.465,10.06,12.225,-0.37,-4.055,-8.205,-3.095,-4.275,0.795,0.375,1.6,-0.985,3.275,3.575,5.775
10,26,2013,6,20.675,25.78,25.05,24.465,22.54,14.56,14.95,18.63,11.095,13.33,6.395,9.845,9.755,2.585,2.58,6.415,7.45,7.465,10.06,12.225,-0.37,-4.055,-8.205,-3.095,-4.275,0.795,0.375,1.6,-0.985,3.275,3.575
10,27,2013,7,22.055,20.675,25.78,25.05,24.465,22.54,14.56,14.95,18.63,11.095,13.33,6.395,9.845,9.755,2.585,2.58,6.415,7.45,7.465,10.06,12.225,-0.37,-4.055,-8.205,-3.095,-4.275,0.795,0.375,1.6,-0.985,3.275
10,28,2013,1,21.445,22.055,20.675,25.78,25.05,24.465,22.54,14.56,14.95,18.63,11.095,13.33,6.395,9.845,9.755,2.585,2.58,6.415,7.45,7.465,10.06,12.225,-0.37,-4.055,-8.205,-3.095,-4.275,0.795,0.375,1.6,-0.985
10,29,2013,2,20.95,21.445,22.055,20.675,25.78,25.05,24.465,22.54,14.56,14.95,18.63,11.095,13.33,6.395,9.845,9.755,2.585,2.58,6.415,7.45,7.465,10.06,12.225,-0.37,-4.055,-8.205,-3.095,-4.275,0.795,0.375,1.6
10,30,2013,3,18.005,20.95,21.445,22.055,20.675,25.78,25.05,24.465,22.54,14.56,14.95,18.63,11.095,13.33,6.395,9.845,9.755,2.585,2.58,6.415,7.45,7.465,10.06,12.225,-0.37,-4.055,-8.205,-3.095,-4.275,0.795,0.375
10,31,2013,4,7.24,18.005,20.95,21.445,22.055,20.675,25.78,25.05,24.465,22.54,14.56,14.95,18.63,11.095,13.33,6.395,9.845,9.755,2.585,2.58,6.415,7.45,7.465,10.06,12.225,-0.37,-4.055,-8.205,-3.095,-4.275,0.795
11,1,2013,5,11.195,7.24,18.005,20.95,21.445,22.055,20.675,25.78,25.05,24.465,22.54,14.56,14.95,18.63,11.095,13.33,6.395,9.845,9.755,2.585,2.58,6.415,7.45,7.465,10.06,12.225,-0.37,-4.055,-8.205,-3.095,-4.275
11,2,2013,6,22.11,11.195,7.24,18.005,20.95,21.445,22.055,20.675,25.78,25.05,24.465,22.54,14.56,14.95,18.63,11.095,13.33,6.395,9.845,9.755,2.585,2.58,6.415,7.45,7.465,10.06,12.225,-0.37,-4.055,-8.205,-3.095
11,3,2013,7,25.67,22.11,11.195,7.24,18.005,20.95,21.445,22.055,20.675,25.78,25.05,24.465,22.54,14.56,14.95,18.63,11.095,13.33,6.395,9.845,9.755,2.585,2.58,6.415,7.45,7.465,10.06,12.225,-0.37,-4.055,-8.205
11,4,2013,1,22.84,25.67,22.11,11.195,7.24,18.005,20.95,21.445,22.055,20.675,25.78,25.05,24.465,22.54,14.56,14.95,18.63,11.095,13.33,6.395,9.845,9.755,2.585,2.58,6.415,7.45,7.465,10.06,12.225,-0.37,-4.055
11,5,2013,2,14.95,22.84,25.67,22.11,11.195,7.24,18.005,20.95,21.445,22.055,20.675,25.78,25.05,24.465,22.54,14.56,14.95,18.63,11.095,13.33,6.395,9.845,9.755,2.585,2.58,6.415,7.45,7.465,10.06,12.225,-0.37
11,6,2013,3,13.175,14.95,22.84,25.67,22.11,11.195,7.24,18.005,20.95,21.445,22.055,20.675,25.78,25.05,24.465,22.54,14.56,14.95,18.63,11.095,13.33,6.395,9.845,9.755,2.585,2.58,6.415,7.45,7.465,10.06,12.225
11,7,2013,4,24.125,13.175,14.95,22.84,25.67,22.11,11.195,7.24,18.005,20.95,21.445,22.055,20.675,25.78,25.05,24.465,22.54,14.56,14.95,18.63,11.095,13.33,6.395,9.845,9.755,2.585,2.58,6.415,7.45,7.465,10.06
11,8,2013,5,26.515,24.125,13.175,14.95,22.84,25.67,22.11,11.195,7.24,18.005,20.95,21.445,22.055,20.675,25.78,25.05,24.465,22.54,14.56,14.95,18.63,11.095,13.33,6.395,9.845,9.755,2.585,2.58,6.415,7.45,7.465
11,9,2013,6,16.73,26.515,24.125,13.175,14.95,22.84,25.67,22.11,11.195,7.24,18.005,20.95,21.445,22.055,20.675,25.78,25.05,24.465,22.54,14.56,14.95,18.63,11.095,13.33,6.395,9.845,9.755,2.585,2.58,6.415,7.45
11,10,2013,7,21.45,16.73,26.515,24.125,13.175,14.95,22.84,25.67,22.11,11.195,7.24,18.005,20.95,21.445,22.055,20.675,25.78,25.05,24.465,22.54,14.56,14.95,18.63,11.095,13.33,6.395,9.845,9.755,2.585,2.58,6.415
11,11,2013,1,28.38,21.45,16.73,26.515,24.125,13.175,14.95,22.84,25.67,22.11,11.195,7.24,18.005,20.95,21.445,22.055,20.675,25.78,25.05,24.465,22.54,14.56,14.95,18.63,11.095,13.33,6.395,9.845,9.755,2.585,2.58
11,12,2013,2,35.6,28.38,21.45,16.73,26.515,24.125,13.175,14.95,22.84,25.67,22.11,11.195,7.24,18.005,20.95,21.445,22.055,20.675,25.78,25.05,24.465,22.54,14.56,14.95,18.63,11.095,13.33,6.395,9.845,9.755,2.585
11,13,2013,3,34.345,35.6,28.38,21.45,16.73,26.515,24.125,13.175,14.95,22.84,25.67,22.11,11.195,7.24,18.005,20.95,21.445,22.055,20.675,25.78,25.05,24.465,22.54,14.56,14.95,18.63,11.095,13.33,6.395,9.845,9.755
11,14,2013,4,24.465,34.345,35.6,28.38,21.45,16.73,26.515,24.125,13.175,14.95,22.84,25.67,22.11,11.195,7.24,18.005,20.95,21.445,22.055,20.675,25.78,25.05,24.465,22.54,14.56,14.95,18.63,11.095,13.33,6.395,9.845
11,15,2013,5,20.27,24.465,34.345,35.6,28.38,21.45,16.73,26.515,24.125,13.175,14.95,22.84,25.67,22.11,11.195,7.24,18.005,20.95,21.445,22.055,20.675,25.78,25.05,24.465,22.54,14.56,14.95,18.63,11.095,13.33,6.395
11,16,2013,6,18.705,20.27,24.465,34.345,35.6,28.38,21.45,16.73,26.515,24.125,13.175,14.95,22.84,25.67,22.11,11.195,7.24,18.005,20.95,21.445,22.055,20.675,25.78,25.05,24.465,22.54,14.56,14.95,18.63,11.095,13.33
11,17,2013,7,9.565,18.705,20.27,24.465,34.345,35.6,28.38,21.45,16.73,26.515,24.125,13.175,14.95,22.84,25.67,22.11,11.195,7.24,18.005,20.95,21.445,22.055,20.675,25.78,25.05,24.465,22.54,14.56,14.95,18.63,11.095
11,18,2013,1,22.73,9.565,18.705,20.27,24.465,34.345,35.6,28.38,21.45,16.73,26.515,24.125,13.175,14.95,22.84,25.67,22.11,11.195,7.24,18.005,20.95,21.445,22.055,20.675,25.78,25.05,24.465,22.54,14.56,14.95,18.63
11,19,2013,2,29.46,22.73,9.565,18.705,20.27,24.465,34.345,35.6,28.38,21.45,16.73,26.515,24.125,13.175,14.95,22.84,25.67,22.11,11.195,7.24,18.005,20.95,21.445,22.055,20.675,25.78,25.05,24.465,22.54,14.56,14.95
11,20,2013,3,28.205,29.46,22.73,9.565,18.705,20.27,24.465,34.345,35.6,28.38,21.45,16.73,26.515,24.125,13.175,14.95,22.84,25.67,22.11,11.195,7.24,18.005,20.95,21.445,22.055,20.675,25.78,25.05,24.465,22.54,14.56
11,21,2013,4,21.385,28.205,29.46,22.73,9.565,18.705,20.27,24.465,34.345,35.6,28.38,21.45,16.73,26.515,24.125,13.175,14.95,22.84,25.67,22.11,11.195,7.24,18.005,20.95,21.445,22.055,20.675,25.78,25.05,24.465,22.54
11,22,2013,5,26.625,21.385,28.205,29.46,22.73,9.565,18.705,20.27,24.465,34.345,35.6,28.38,21.45,16.73,26.515,24.125,13.175,14.95,22.84,25.67,22.11,11.195,7.24,18.005,20.95,21.445,22.055,20.675,25.78,25.05,24.465
11,23,2013,6,40.81,26.625,21.385,28.205,29.46,22.73,9.565,18.705,20.27,24.465,34.345,35.6,28.38,21.45,16.73,26.515,24.125,13.175,14.95,22.84,25.67,22.11,11.195,7.24,18.005,20.95,21.445,22.055,20.675,25.78,25.05
11,24,2013,7,44.915,40.81,26.625,21.385,28.205,29.46,22.73,9.565,18.705,20.27,24.465,34.345,35.6,28.38,21.45,16.73,26.515,24.125,13.175,14.95,22.84,25.67,22.11,11.195,7.24,18.005,20.95,21.445,22.055,20.675,25.78
11,25,2013,1,38.84,44.915,40.81,26.625,21.385,28.205,29.46,22.73,9.565,18.705,20.27,24.465,34.345,35.6,28.38,21.45,16.73,26.515,24.125,13.175,14.95,22.84,25.67,22.11,11.195,7.24,18.005,20.95,21.445,22.055,20.675
11,26,2013,2,32.2,38.84,44.915,40.81,26.625,21.385,28.205,29.46,22.73,9.565,18.705,20.27,24.465,34.345,35.6,28.38,21.45,16.73,26.515,24.125,13.175,14.95,22.84,25.67,22.11,11.195,7.24,18.005,20.95,21.445,22.055
11,27,2013,3,38.83,32.2,38.84,44.915,40.81,26.625,21.385,28.205,29.46,22.73,9.565,18.705,20.27,24.465,34.345,35.6,28.38,21.45,16.73,26.515,24.125,13.175,14.95,22.84,25.67,22.11,11.195,7.24,18.005,20.95,21.445
11,28,2013,4,41.485,38.83,32.2,38.84,44.915,40.81,26.625,21.385,28.205,29.46,22.73,9.565,18.705,20.27,24.465,34.345,35.6,28.38,21.45,16.73,26.515,24.125,13.175,14.95,22.84,25.67,22.11,11.195,7.24,18.005,20.95
11,29,2013,5,40.49,41.485,38.83,32.2,38.84,44.915,40.81,26.625,21.385,28.205,29.46,22.73,9.565,18.705,20.27,24.465,34.345,35.6,28.38,21.45,16.73,26.515,24.125,13.175,14.95,22.84,25.67,22.11,11.195,7.24,18.005
11,30,2013,6,29.95,40.49,41.485,38.83,32.2,38.84,44.915,40.81,26.625,21.385,28.205,29.46,22.73,9.565,18.705,20.27,24.465,34.345,35.6,28.38,21.45,16.73,26.515,24.125,13.175,14.95,22.84,25.67,22.11,11.195,7.24
12,1,2013,7,27.595,29.95,40.49,41.485,38.83,32.2,38.84,44.915,40.81,26.625,21.385,28.205,29.46,22.73,9.565,18.705,20.27,24.465,34.345,35.6,28.38,21.45,16.73,26.515,24.125,13.175,14.95,22.84,25.67,22.11,11.195
12,2,2013,1,31.265,27.595,29.95,40.49,41.485,38.83,32.2,38.84,44.915,40.81,26.625,21.385,28.205,29.46,22.73,9.565,18.705,20.27,24.465,34.345,35.6,28.38,21.45,16.73,26.515,24.125,13.175,14.95,22.84,25.67,22.11
12,3,2013,2,31.125,31.265,27.595,29.95,40.49,41.485,38.83,32.2,38.84,44.915,40.81,26.625,21.385,28.205,29.46,22.73,9.565,18.705,20.27,24.465,34.345,35.6,28.38,21.45,16.73,26.515,24.125,13.175,14.95,22.84,25.67
12,4,2013,3,18.78,31.125,31.265,27.595,29.95,40.49,41.485,38.83,32.2,38.84,44.915,40.81,26.625,21.385,28.205,29.46,22.73,9.565,18.705,20.27,24.465,34.345,35.6,28.38,21.45,16.73,26.515,24.125,13.175,14.95,22.84
12,5,2013,4,19.365,18.78,31.125,31.265,27.595,29.95,40.49,41.485,38.83,32.2,38.84,44.915,40.81,26.625,21.385,28.205,29.46,22.73,9.565,18.705,20.27,24.465,34.345,35.6,28.38,21.45,16.73,26.515,24.125,13.175,14.95
12,6,2013,5,36.885,19.365,18.78,31.125,31.265,27.595,29.95,40.49,41.485,38.83,32.2,38.84,44.915,40.81,26.625,21.385,28.205,29.46,22.73,9.565,18.705,20.27,24.465,34.345,35.6,28.38,21.45,16.73,26.515,24.125,13.175
12,7,2013,6,43.295,36.885,19.365,18.78,31.125,31.265,27.595,29.95,40.49,41.485,38.83,32.2,38.84,44.915,40.81,26.625,21.385,28.205,29.46,22.73,9.565,18.705,20.27,24.465,34.345,35.6,28.38,21.45,16.73,26.515,24.125
12,8,2013,7,42.345,43.295,36.885,19.365,18.78,31.125,31.265,27.595,29.95,40.49,41.485,38.83,32.2,38.84,44.915,40.81,26.625,21.385,28.205,29.46,22.73,9.565,18.705,20.27,24.465,34.345,35.6,28.38,21.45,16.73,26.515
12,9,2013,1,39.56,42.345,43.295,36.885,19.365,18.78,31.125,31.265,27.595,29.95,40.49,41.485,38.83,32.2,38.84,44.915,40.81,26.625,21.385,28.205,29.46,22.73,9.565,18.705,20.27,24.465,34.345,35.6,28.38,21.45,16.73
12,10,2013,2,46.205,39.56,42.345,43.295,36.885,19.365,18.78,31.125,31.265,27.595,29.95,40.49,41.485,38.83,32.2,38.84,44.915,40.81,26.625,21.385,28.205,29.46,22.73,9.565,18.705,20.27,24.465,34.345,35.6,28.38,21.45
12,11,2013,3,48.33,46.205,39.56,42.345,43.295,36.885,19.365,18.78,31.125,31.265,27.595,29.95,40.49,41.485,38.83,32.2,38.84,44.915,40.81,26.625,21.385,28.205,29.46,22.73,9.565,18.705,20.27,24.465,34.345,35.6,28.38
12,12,2013,4,51.78,48.33,46.205,39.56,42.345,43.295,36.885,19.365,18.78,31.125,31.265,27.595,29.95,40.49,41.485,38.83,32.2,38.84,44.915,40.81,26.625,21.385,28.205,29.46,22.73,9.565,18.705,20.27,24.465,34.345,35.6
12,13,2013,5,41.88,51.78,48.33,46.205,39.56,42.345,43.295,36.885,19.365,18.78,31.125,31.265,27.595,29.95,40.49,41.485,38.83,32.2,38.84,44.915,40.81,26.625,21.385,28.205,29.46,22.73,9.565,18.705,20.27,24.465,34.345
12,14,2013,6,44.825,41.88,51.78,48.33,46.205,39.56,42.345,43.295,36.885,19.365,18.78,31.125,31.265,27.595,29.95,40.49,41.485,38.83,32.2,38.84,44.915,40.81,26.625,21.385,28.205,29.46,22.73,9.565,18.705,20.27,24.465
12,15,2013,7,44.26,44.825,41.88,51.78,48.33,46.205,39.56,42.345,43.295,36.885,19.365,18.78,31.125,31.265,27.595,29.95,40.49,41.485,38.83,32.2,38.84,44.915,40.81,26.625,21.385,28.205,29.46,22.73,9.565,18.705,20.27
12,16,2013,1,50.32,44.26,44.825,41.88,51.78,48.33,46.205,39.56,42.345,43.295,36.885,19.365,18.78,31.125,31.265,27.595,29.95,40.49,41.485,38.83,32.2,38.84,44.915,40.81,26.625,21.385,28.205,29.46,22.73,9.565,18.705
12,17,2013,2,44.14,50.32,44.26,44.825,41.88,51.78,48.33,46.205,39.56,42.345,43.295,36.885,19.365,18.78,31.125,31.265,27.595,29.95,40.49,41.485,38.83,32.2,38.84,44.915,40.81,26.625,21.385,28.205,29.46,22.73,9.565
12,18,2013,3,39.415,44.14,50.32,44.26,44.825,41.88,51.78,48.33,46.205,39.56,42.345,43.295,36.885,19.365,18.78,31.125,31.265,27.595,29.95,40.49,41.485,38.83,32.2,38.84,44.915,40.81,26.625,21.385,28.205,29.46,22.73
12,19,2013,4,30.565,39.415,44.14,50.32,44.26,44.825,41.88,51.78,48.33,46.205,39.56,42.345,43.295,36.885,19.365,18.78,31.125,31.265,27.595,29.95,40.49,41.485,38.83,32.2,38.84,44.915,40.81,26.625,21.385,28.205,29.46
12,20,2013,5,27.96,30.565,39.415,44.14,50.32,44.26,44.825,41.88,51.78,48.33,46.205,39.56,42.345,43.295,36.885,19.365,18.78,31.125,31.265,27.595,29.95,40.49,41.485,38.83,32.2,38.84,44.915,40.81,26.625,21.385,28.205
12,21,2013,6,30.115,27.96,30.565,39.415,44.14,50.32,44.26,44.825,41.88,51.78,48.33,46.205,39.56,42.345,43.295,36.885,19.365,18.78,31.125,31.265,27.595,29.95,40.49,41.485,38.83,32.2,38.84,44.915,40.81,26.625,21.385
12,22,2013,7,28.59,30.115,27.96,30.565,39.415,44.14,50.32,44.26,44.825,41.88,51.78,48.33,46.205,39.56,42.345,43.295,36.885,19.365,18.78,31.125,31.265,27.595,29.95,40.49,41.485,38.83,32.2,38.84,44.915,40.81,26.625
12,23,2013,1,33.635,28.59,30.115,27.96,30.565,39.415,44.14,50.32,44.26,44.825,41.88,51.78,48.33,46.205,39.56,42.345,43.295,36.885,19.365,18.78,31.125,31.265,27.595,29.95,40.49,41.485,38.83,32.2,38.84,44.915,40.81
12,24,2013,2,46.28,33.635,28.59,30.115,27.96,30.565,39.415,44.14,50.32,44.26,44.825,41.88,51.78,48.33,46.205,39.56,42.345,43.295,36.885,19.365,18.78,31.125,31.265,27.595,29.95,40.49,41.485,38.83,32.2,38.84,44.915
12,25,2013,3,45.45,46.28,33.635,28.59,30.115,27.96,30.565,39.415,44.14,50.32,44.26,44.825,41.88,51.78,48.33,46.205,39.56,42.345,43.295,36.885,19.365,18.78,31.125,31.265,27.595,29.95,40.49,41.485,38.83,32.2,38.84
12,26,2013,4,38.21,45.45,46.28,33.635,28.59,30.115,27.96,30.565,39.415,44.14,50.32,44.26,44.825,41.88,51.78,48.33,46.205,39.56,42.345,43.295,36.885,19.365,18.78,31.125,31.265,27.595,29.95,40.49,41.485,38.83,32.2
12,27,2013,5,32.08,38.21,45.45,46.28,33.635,28.59,30.115,27.96,30.565,39.415,44.14,50.32,44.26,44.825,41.88,51.78,48.33,46.205,39.56,42.345,43.295,36.885,19.365,18.78,31.125,31.265,27.595,29.95,40.49,41.485,38.83
12,28,2013,6,23.995,32.08,38.21,45.45,46.28,33.635,28.59,30.115,27.96,30.565,39.415,44.14,50.32,44.26,44.825,41.88,51.78,48.33,46.205,39.56,42.345,43.295,36.885,19.365,18.78,31.125,31.265,27.595,29.95,40.49,41.485
12,29,2013,7,30.52,23.995,32.08,38.21,45.45,46.28,33.635,28.59,30.115,27.96,30.565,39.415,44.14,50.32,44.26,44.825,41.88,51.78,48.33,46.205,39.56,42.345,43.295,36.885,19.365,18.78,31.125,31.265,27.595,29.95,40.49
12,30,2013,1,44.72,30.52,23.995,32.08,38.21,45.45,46.28,33.635,28.59,30.115,27.96,30.565,39.415,44.14,50.32,44.26,44.825,41.88,51.78,48.33,46.205,39.56,42.345,43.295,36.885,19.365,18.78,31.125,31.265,27.595,29.95
12,31,2013,2,45.805,44.72,30.52,23.995,32.08,38.21,45.45,46.28,33.635,28.59,30.115,27.96,30.565,39.415,44.14,50.32,44.26,44.825,41.88,51.78,48.33,46.205,39.56,42.345,43.295,36.885,19.365,18.78,31.125,31.265,27.595
1,1,2014,3,50.335,45.805,44.72,30.52,23.995,32.08,38.21,45.45,46.28,33.635,28.59,30.115,27.96,30.565,39.415,44.14,50.32,44.26,44.825,41.88,51.78,48.33,46.205,39.56,42.345,43.295,36.885,19.365,18.78,31.125,31.265
1,2,2014,4,53.8,50.335,45.805,44.72,30.52,23.995,32.08,38.21,45.45,46.28,33.635,28.59,30.115,27.96,30.565,39.415,44.14,50.32,44.26,44.825,41.88,51.78,48.33,46.205,39.56,42.345,43.295,36.885,19.365,18.78,31.125
1,3,2014,5,58.985,53.8,50.335,45.805,44.72,30.52,23.995,32.08,38.21,45.45,46.28,33.635,28.59,30.115,27.96,30.565,39.415,44.14,50.32,44.26,44.825,41.88,51.78,48.33,46.205,39.56,42.345,43.295,36.885,19.365,18.78
1,4,2014,6,42.89,58.985,53.8,50.335,45.805,44.72,30.52,23.995,32.08,38.21,45.45,46.28,33.635,28.59,30.115,27.96,30.565,39.415,44.14,50.32,44.26,44.825,41.88,51.78,48.33,46.205,39.56,42.345,43.295,36.885,19.365
1,5,2014,7,36.22,42.89,58.985,53.8,50.335,45.805,44.72,30.52,23.995,32.08,38.21,45.45,46.28,33.635,28.59,30.115,27.96,30.565,39.415,44.14,50.32,44.26,44.825,41.88,51.78,48.33,46.205,39.56,42.345,43.295,36.885
1,6,2014,1,59.555,36.22,42.89,58.985,53.8,50.335,45.805,44.72,30.52,23.995,32.08,38.21,45.45,46.28,33.635,28.59,30.115,27.96,30.565,39.415,44.14,50.32,44.26,44.825,41.88,51.78,48.33,46.205,39.56,42.345,43.295
1,7,2014,2,70.69,59.555,36.22,42.89,58.985,53.8,50.335,45.805,44.72,30.52,23.995,32.08,38.21,45.45,46.28,33.635,28.59,30.115,27.96,30.565,39.415,44.14,50.32,44.26,44.825,41.88,51.78,48.33,46.205,39.56,42.345
1,8,2014,3,56.305,70.69,59.555,36.22,42.89,58.985,53.8,50.335,45.805,44.72,30.52,23.995,32.08,38.21,45.45,46.28,33.635,28.59,30.115,27.96,30.565,39.415,44.14,50.32,44.26,44.825,41.88,51.78,48.33,46.205,39.56
1,9,2014,4,53.235,56.305,70.69,59.555,36.22,42.89,58.985,53.8,50.335,45.805,44.72,30.52,23.995,32.08,38.21,45.45,46.28,33.635,28.59,30.115,27.96,30.565,39.415,44.14,50.32,44.26,44.825,41.88,51.78,48.33,46.205
1,10,2014,5,33.76,53.235,56.305,70.69,59.555,36.22,42.89,58.985,53.8,50.335,45.805,44.72,30.52,23.995,32.08,38.21,45.45,46.28,33.635,28.59,30.115,27.96,30.565,39.415,44.14,50.32,44.26,44.825,41.88,51.78,48.33
1,11,2014,6,25.54,33.76,53.235,56.305,70.69,59.555,36.22,42.89,58.985,53.8,50.335,45.805,44.72,30.52,23.995,32.08,38.21,45.45,46.28,33.635,28.59,30.115,27.96,30.565,39.415,44.14,50.32,44.26,44.825,41.88,51.78
1,12,2014,7,29.305,25.54,33.76,53.235,56.305,70.69,59.555,36.22,42.89,58.985,53.8,50.335,45.805,44.72,30.52,23.995,32.08,38.21,45.45,46.28,33.635,28.59,30.115,27.96,30.565,39.415,44.14,50.32,44.26,44.825,41.88
1,13,2014,1,23.765,29.305,25.54,33.76,53.235,56.305,70.69,59.555,36.22,42.89,58.985,53.8,50.335,45.805,44.72,30.52,23.995,32.08,38.21,45.45,46.28,33.635,28.59,30.115,27.96,30.565,39.415,44.14,50.32,44.26,44.825
1,14,2014,2,31.59,23.765,29.305,25.54,33.76,53.235,56.305,70.69,59.555,36.22,42.89,58.985,53.8,50.335,45.805,44.72,30.52,23.995,32.08,38.21,45.45,46.28,33.635,28.59,30.115,27.96,30.565,39.415,44.14,50.32,44.26
1,15,2014,3,37.275,31.59,23.765,29.305,25.54,33.76,53.235,56.305,70.69,59.555,36.22,42.89,58.985,53.8,50.335,45.805,44.72,30.52,23.995,32.08,38.21,45.45,46.28,33.635,28.59,30.115,27.96,30.565,39.415,44.14,50.32
1,16,2014,4,40.51,37.275,31.59,23.765,29.305,25.54,33.76,53.235,56.305,70.69,59.555,36.22,42.89,58.985,53.8,50.335,45.805,44.72,30.52,23.995,32.08,38.21,45.45,46.28,33.635,28.59,30.115,27.96,30.565,39.415,44.14
1,17,2014,5,38.23,40.51,37.275,31.59,23.765,29.305,25.54,33.76,53.235,56.305,70.69,59.555,36.22,42.89,58.985,53.8,50.335,45.805,44.72,30.52,23.995,32.08,38.21,45.45,46.28,33.635,28.59,30.115,27.96,30.565,39.415
1,18,2014,6,50.41,38.23,40.51,37.275,31.59,23.765,29.305,25.54,33.76,53.235,56.305,70.69,59.555,36.22,42.89,58.985,53.8,50.335,45.805,44.72,30.52,23.995,32.08,38.21,45.45,46.28,33.635,28.59,30.115,27.96,30.565
1,19,2014,7,42.09,50.41,38.23,40.51,37.275,31.59,23.765,29.305,25.54,33.76,53.235,56.305,70.69,59.555,36.22,42.89,58.985,53.8,50.335,45.805,44.72,30.52,23.995,32.08,38.21,45.45,46.28,33.635,28.59,30.115,27.96
1,20,2014,1,42.61,42.09,50.41,38.23,40.51,37.275,31.59,23.765,29.305,25.54,33.76,53.235,56.305,70.69,59.555,36.22,42.89,58.985,53.8,50.335,45.805,44.72,30.52,23.995,32.08,38.21,45.45,46.28,33.635,28.59,30.115
1,21,2014,2,57.045,42.61,42.09,50.41,38.23,40.51,37.275,31.59,23.765,29.305,25.54,33.76,53.235,56.305,70.69,59.555,36.22,42.89,58.985,53.8,50.335,45.805,44.72,30.52,23.995,32.08,38.21,45.45,46.28,33.635,28.59
1,22,2014,3,60.48,57.045,42.61,42.09,50.41,38.23,40.51,37.275,31.59,23.765,29.305,25.54,33.76,53.235,56.305,70.69,59.555,36.22,42.89,58.985,53.8,50.335,45.805,44.72,30.52,23.995,32.08,38.21,45.45,46.28,33.635
1,23,2014,4,53.65,60.48,57.045,42.61,42.09,50.41,38.23,40.51,37.275,31.59,23.765,29.305,25.54,33.76,53.235,56.305,70.69,59.555,36.22,42.89,58.985,53.8,50.335,45.805,44.72,30.52,23.995,32.08,38.21,45.45,46.28
1,24,2014,5,56.155,53.65,60.48,57.045,42.61,42.09,50.41,38.23,40.51,37.275,31.59,23.765,29.305,25.54,33.76,53.235,56.305,70.69,59.555,36.22,42.89,58.985,53.8,50.335,45.805,44.72,30.52,23.995,32.08,38.21,45.45
1,25,2014,6,48.035,56.155,53.65,60.48,57.045,42.61,42.09,50.41,38.23,40.51,37.275,31.59,23.765,29.305,25.54,33.76,53.235,56.305,70.69,59.555,36.22,42.89,58.985,53.8,50.335,45.805,44.72,30.52,23.995,32.08,38.21
1,26,2014,7,49.145,48.035,56.155,53.65,60.48,57.045,42.61,42.09,50.41,38.23,40.51,37.275,31.59,23.765,29.305,25.54,33.76,53.235,56.305,70.69,59.555,36.22,42.89,58.985,53.8,50.335,45.805,44.72,30.52,23.995,32.08
1,27,2014,1,52.195,49.145,48.035,56.155,53.65,60.48,57.045,42.61,42.09,50.41,38.23,40.51,37.275,31.59,23.765,29.305,25.54,33.76,53.235,56.305,70.69,59.555,36.22,42.89,58.985,53.8,50.335,45.805,44.72,30.52,23.995
1,28,2014,2,65.44,52.195,49.145,48.035,56.155,53.65,60.48,57.045,42.61,42.09,50.41,38.23,40.51,37.275,31.59,23.765,29.305,25.54,33.76,53.235,56.305,70.69,59.555,36.22,42.89,58.985,53.8,50.335,45.805,44.72,30.52
1,29,2014,3,57.025,65.44,52.195,49.145,48.035,56.155,53.65,60.48,57.045,42.61,42.09,50.41,38.23,40.51,37.275,31.59,23.765,29.305,25.54,33.76,53.235,56.305,70.69,59.555,36.22,42.89,58.985,53.8,50.335,45.805,44.72
1,30,2014,4,45.735,57.025,65.44,52.195,49.145,48.035,56.155,53.65,60.48,57.045,42.61,42.09,50.41,38.23,40.51,37.275,31.59,23.765,29.305,25.54,33.76,53.235,56.305,70.69,59.555,36.22,42.89,58.985,53.8,50.335,45.805
1,31,2014,5,33.58,45.735,57.025,65.44,52.195,49.145,48.035,56.155,53.65,60.48,57.045,42.61,42.09,50.41,38.23,40.51,37.275,31.59,23.765,29.305,25.54,33.76,53.235,56.305,70.69,59.555,36.22,42.89,58.985,53.8,50.335
2,1,2014,6,33.625,33.58,45.735,57.025,65.44,52.195,49.145,48.035,56.155,53.65,60.48,57.045,42.61,42.09,50.41,38.23,40.51,37.275,31.59,23.765,29.305,25.54,33.76,53.235,56.305,70.69,59.555,36.22,42.89,58.985,53.8
2,2,2014,7,40.06,33.625,33.58,45.735,57.025,65.44,52.195,49.145,48.035,56.155,53.65,60.48,57.045,42.61,42.09,50.41,38.23,40.51,37.275,31.59,23.765,29.305,25.54,33.76,53.235,56.305,70.69,59.555,36.22,42.89,58.985
2,3,2014,1,47.15,40.06,33.625,33.58,45.735,57.025,65.44,52.195,49.145,48.035,56.155,53.65,60.48,57.045,42.61,42.09,50.41,38.23,40.51,37.275,31.59,23.765,29.305,25.54,33.76,53.235,56.305,70.69,59.555,36.22,42.89
2,4,2014,2,49.03,47.15,40.06,33.625,33.58,45.735,57.025,65.44,52.195,49.145,48.035,56.155,53.65,60.48,57.045,42.61,42.09,50.41,38.23,40.51,37.275,31.59,23.765,29.305,25.54,33.76,53.235,56.305,70.69,59.555,36.22
2,5,2014,3,46.79,49.03,47.15,40.06,33.625,33.58,45.735,57.025,65.44,52.195,49.145,48.035,56.155,53.65,60.48,57.045,42.61,42.09,50.41,38.23,40.51,37.275,31.59,23.765,29.305,25.54,33.76,53.235,56.305,70.69,59.555
2,6,2014,4,52.695,46.79,49.03,47.15,40.06,33.625,33.58,45.735,57.025,65.44,52.195,49.145,48.035,56.155,53.65,60.48,57.045,42.61,42.09,50.41,38.23,40.51,37.275,31.59,23.765,29.305,25.54,33.76,53.235,56.305,70.69
2,7,2014,5,59.79,52.695,46.79,49.03,47.15,40.06,33.625,33.58,45.735,57.025,65.44,52.195,49.145,48.035,56.155,53.65,60.48,57.045,42.61,42.09,50.41,38.23,40.51,37.275,31.59,23.765,29.305,25.54,33.76,53.235,56.305
2,8,2014,6,54.105,59.79,52.695,46.79,49.03,47.15,40.06,33.625,33.58,45.735,57.025,65.44,52.195,49.145,48.035,56.155,53.65,60.48,57.045,42.61,42.09,50.41,38.23,40.51,37.275,31.59,23.765,29.305,25.54,33.76,53.235
2,9,2014,7,46.11,54.105,59.79,52.695,46.79,49.03,47.15,40.06,33.625,33.58,45.735,57.025,65.44,52.195,49.145,48.035,56.155,53.65,60.48,57.045,42.61,42.09,50.41,38.23,40.51,37.275,31.59,23.765,29.305,25.54,33.76
2,10,2014,1,49.05,46.11,54.105,59.79,52.695,46.79,49.03,47.15,40.06,33.625,33.58,45.735,57.025,65.44,52.195,49.145,48.035,56.155,53.65,60.48,57.045,42.61,42.09,50.41,38.23,40.51,37.275,31.59,23.765,29.305,25.54
2,11,2014,2,57.085,49.05,46.11,54.105,59.79,52.695,46.79,49.03,47.15,40.06,33.625,33.58,45.735,57.025,65.44,52.195,49.145,48.035,56.155,53.65,60.48,57.045,42.61,42.09,50.41,38.23,40.51,37.275,31.59,23.765,29.305
2,12,2014,3,59.69,57.085,49.05,46.11,54.105,59.79,52.695,46.79,49.03,47.15,40.06,33.625,33.58,45.735,57.025,65.44,52.195,49.145,48.035,56.155,53.65,60.48,57.045,42.61,42.09,50.41,38.23,40.51,37.275,31.59,23.765
2,13,2014,4,47.43,59.69,57.085,49.05,46.11,54.105,59.79,52.695,46.79,49.03,47.15,40.06,33.625,33.58,45.735,57.025,65.44,52.195,49.145,48.035,56.155,53.65,60.48,57.045,42.61,42.09,50.41,38.23,40.51,37.275,31.59
2,14,2014,5,40.055,47.43,59.69,57.085,49.05,46.11,54.105,59.79,52.695,46.79,49.03,47.15,40.06,33.625,33.58,45.735,57.025,65.44,52.195,49.145,48.035,56.155,53.65,60.48,57.045,42.61,42.09,50.41,38.23,40.51,37.275
2,15,2014,6,49.335,40.055,47.43,59.69,57.085,49.05,46.11,54.105,59.79,52.695,46.79,49.03,47.15,40.06,33.625,33.58,45.735,57.025,65.44,52.195,49.145,48.035,56.155,53.65,60.48,57.045,42.61,42.09,50.41,38.23,40.51
2,16,2014,7,48.59,49.335,40.055,47.43,59.69,57.085,49.05,46.11,54.105,59.79,52.695,46.79,49.03,47.15,40.06,33.625,33.58,45.735,57.025,65.44,52.195,49.145,48.035,56.155,53.65,60.48,57.045,42.61,42.09,50.41,38.23
2,17,2014,1,53.18,48.59,49.335,40.055,47.43,59.69,57.085,49.05,46.11,54.105,59.79,52.695,46.79,49.03,47.15,40.06,33.625,33.58,45.735,57.025,65.44,52.195,49.145,48.035,56.155,53.65,60.48,57.045,42.61,42.09,50.41
2,18,2014,2,34.77,53.18,48.59,49.335,40.055,47.43,59.69,57.085,49.05,46.11,54.105,59.79,52.695,46.79,49.03,47.15,40.06,33.625,33.58,45.735,57.025,65.44,52.195,49.145,48.035,56.155,53.65,60.48,57.045,42.61,42.09
2,19,2014,3,25.65,34.77,53.18,48.59,49.335,40.055,47.43,59.69,57.085,49.05,46.11,54.105,59.79,52.695,46.79,49.03,47.15,40.06,33.625,33.58,45.735,57.025,65.44,52.195,49.145,48.035,56.155,53.65,60.48,57.045,42.61
2,20,2014,4,31.37,25.65,34.77,53.18,48.59,49.335,40.055,47.43,59.69,57.085,49.05,46.11,54.105,59.79,52.695,46.79,49.03,47.15,40.06,33.625,33.58,45.735,57.025,65.44,52.195,49.145,48.035,56.155,53.65,60.48,57.045
2,21,2014,5,25.445,31.37,25.65,34.77,53.18,48.59,49.335,40.055,47.43,59.69,57.085,49.05,46.11,54.105,59.79,52.695,46.79,49.03,47.15,40.06,33.625,33.58,45.735,57.025,65.44,52.195,49.145,48.035,56.155,53.65,60.48
2,22,2014,6,29.85,25.445,31.37,25.65,34.77,53.18,48.59,49.335,40.055,47.43,59.69,57.085,49.05,46.11,54.105,59.79,52.695,46.79,49.03,47.15,40.06,33.625,33.58,45.735,57.025,65.44,52.195,49.145,48.035,56.155,53.65
2,23,2014,7,36.84,29.85,25.445,31.37,25.65,34.77,53.18,48.59,49.335,40.055,47.43,59.69,57.085,49.05,46.11,54.105,59.79,52.695,46.79,49.03,47.15,40.06,33.625,33.58,45.735,57.025,65.44,52.195,49.145,48.035,56.155
2,24,2014,1,42.345,36.84,29.85,25.445,31.37,25.65,34.77,53.18,48.59,49.335,40.055,47.43,59.69,57.085,49.05,46.11,54.105,59.79,52.695,46.79,49.03,47.15,40.06,33.625,33.58,45.735,57.025,65.44,52.195,49.145,48.035
2,25,2014,2,45.785,42.345,36.84,29.85,25.445,31.37,25.65,34.77,53.18,48.59,49.335,40.055,47.43,59.69,57.085,49.05,46.11,54.105,59.79,52.695,46.79,49.03,47.15,40.06,33.625,33.58,45.735,57.025,65.44,52.195,49.145
2,26,2014,3,53.425,45.785,42.345,36.84,29.85,25.445,31.37,25.65,34.77,53.18,48.59,49.335,40.055,47.43,59.69,57.085,49.05,46.11,54.105,59.79,52.695,46.79,49.03,47.15,40.06,33.625,33.58,45.735,57.025,65.44,52.195
2,27,2014,4,54.735,53.425,45.785,42.345,36.84,29.85,25.445,31.37,25.65,34.77,53.18,48.59,49.335,40.055,47.43,59.69,57.085,49.05,46.11,54.105,59.79,52.695,46.79,49.03,47.15,40.06,33.625,33.58,45.735,57.025,65.44
2,28,2014,5,56.42,54.735,53.425,45.785,42.345,36.84,29.85,25.445,31.37,25.65,34.77,53.18,48.59,49.335,40.055,47.43,59.69,57.085,49.05,46.11,54.105,59.79,52.695,46.79,49.03,47.15,40.06,33.625,33.58,45.735,57.025
3,1,2014,6,41.355,56.42,54.735,53.425,45.785,42.345,36.84,29.85,25.445,31.37,25.65,34.77,53.18,48.59,49.335,40.055,47.43,59.69,57.085,49.05,46.11,54.105,59.79,52.695,46.79,49.03,47.15,40.06,33.625,33.58,45.735
3,2,2014,7,52.03,41.355,56.42,54.735,53.425,45.785,42.345,36.84,29.85,25.445,31.37,25.65,34.77,53.18,48.59,49.335,40.055,47.43,59.69,57.085,49.05,46.11,54.105,59.79,52.695,46.79,49.03,47.15,40.06,33.625,33.58
3,3,2014,1,58.965,52.03,41.355,56.42,54.735,53.425,45.785,42.345,36.84,29.85,25.445,31.37,25.65,34.77,53.18,48.59,49.335,40.055,47.43,59.69,57.085,49.05,46.11,54.105,59.79,52.695,46.79,49.03,47.15,40.06,33.625
3,4,2014,2,54.045,58.965,52.03,41.355,56.42,54.735,53.425,45.785,42.345,36.84,29.85,25.445,31.37,25.65,34.77,53.18,48.59,49.335,40.055,47.43,59.69,57.085,49.05,46.11,54.105,59.79,52.695,46.79,49.03,47.15,40.06
3,5,2014,3,47.575,54.045,58.965,52.03,41.355,56.42,54.735,53.425,45.785,42.345,36.84,29.85,25.445,31.37,25.65,34.77,53.18,48.59,49.335,40.055,47.43,59.69,57.085,49.05,46.11,54.105,59.79,52.695,46.79,49.03,47.15
3,6,2014,4,49.12,47.575,54.045,58.965,52.03,41.355,56.42,54.735,53.425,45.785,42.345,36.84,29.85,25.445,31.37,25.65,34.77,53.18,48.59,49.335,40.055,47.43,59.69,57.085,49.05,46.11,54.105,59.79,52.695,46.79,49.03
3,7,2014,5,37.9,49.12,47.575,54.045,58.965,52.03,41.355,56.42,54.735,53.425,45.785,42.345,36.84,29.85,25.445,31.37,25.65,34.77,53.18,48.59,49.335,40.055,47.43,59.69,57.085,49.05,46.11,54.105,59.79,52.695,46.79
3,8,2014,6,33.805,37.9,49.12,47.575,54.045,58.965,52.03,41.355,56.42,54.735,53.425,45.785,42.345,36.84,29.85,25.445,31.37,25.65,34.77,53.18,48.59,49.335,40.055,47.43,59.69,57.085,49.05,46.11,54.105,59.79,52.695
3,9,2014,7,37.525,33.805,37.9,49.12,47.575,54.045,58.965,52.03,41.355,56.42,54.735,53.425,45.785,42.345,36.84,29.85,25.445,31.37,25.65,34.77,53.18,48.59,49.335,40.055,47.43,59.69,57.085,49.05,46.11,54.105,59.79
3,10,2014,1,22.75,37.525,33.805,37.9,49.12,47.575,54.045,58.965,52.03,41.355,56.42,54.735,53.425,45.785,42.345,36.84,29.85,25.445,31.37,25.65,34.77,53.18,48.59,49.335,40.055,47.43,59.69,57.085,49.05,46.11,54.105
3,11,2014,2,20.495,22.75,37.525,33.805,37.9,49.12,47.575,54.045,58.965,52.03,41.355,56.42,54.735,53.425,45.785,42.345,36.84,29.85,25.445,31.37,25.65,34.77,53.18,48.59,49.335,40.055,47.43,59.69,57.085,49.05,46.11
3,12,2014,3,40.03,20.495,22.75,37.525,33.805,37.9,49.12,47.575,54.045,58.965,52.03,41.355,56.42,54.735,53.425,45.785,42.345,36.84,29.85,25.445,31.37,25.65,34.77,53.18,48.59,49.335,40.055,47.43,59.69,57.085,49.05
3,13,2014,4,50.375,40.03,20.495,22.75,37.525,33.805,37.9,49.12,47.575,54.045,58.965,52.03,41.355,56.42,54.735,53.425,45.785,42.345,36.84,29.85,25.445,31.37,25.65,34.77,53.18,48.59,49.335,40.055,47.43,59.69,57.085
3,14,2014,5,26.705,50.375,40.03,20.495,22.75,37.525,33.805,37.9,49.12,47.575,54.045,58.965,52.03,41.355,56.42,54.735,53.425,45.785,42.345,36.84,29.85,25.445,31.37,25.65,34.77,53.18,48.59,49.335,40.055,47.43,59.69
3,15,2014,6,28.47,26.705,50.375,40.03,20.495,22.75,37.525,33.805,37.9,49.12,47.575,54.045,58.965,52.03,41.355,56.42,54.735,53.425,45.785,42.345,36.84,29.85,25.445,31.37,25.65,34.77,53.18,48.59,49.335,40.055,47.43
3,16,2014,7,44.56,28.47,26.705,50.375,40.03,20.495,22.75,37.525,33.805,37.9,49.12,47.575,54.045,58.965,52.03,41.355,56.42,54.735,53.425,45.785,42.345,36.84,29.85,25.445,31.37,25.65,34.77,53.18,48.59,49.335,40.055
3,17,2014,1,44.695,44.56,28.47,26.705,50.375,40.03,20.495,22.75,37.525,33.805,37.9,49.12,47.575,54.045,58.965,52.03,41.355,56.42,54.735,53.425,45.785,42.345,36.84,29.85,25.445,31.37,25.65,34.77,53.18,48.59,49.335
3,18,2014,2,31.96,44.695,44.56,28.47,26.705,50.375,40.03,20.495,22.75,37.525,33.805,37.9,49.12,47.575,54.045,58.965,52.03,41.355,56.42,54.735,53.425,45.785,42.345,36.84,29.85,25.445,31.37,25.65,34.77,53.18,48.59
3,19,2014,3,22.8,31.96,44.695,44.56,28.47,26.705,50.375,40.03,20.495,22.75,37.525,33.805,37.9,49.12,47.575,54.045,58.965,52.03,41.355,56.42,54.735,53.425,45.785,42.345,36.84,29.85,25.445,31.37,25.65,34.77,53.18
3,20,2014,4,28.37,22.8,31.96,44.695,44.56,28.47,26.705,50.375,40.03,20.495,22.75,37.525,33.805,37.9,49.12,47.575,54.045,58.965,52.03,41.355,56.42,54.735,53.425,45.785,42.345,36.84,29.85,25.445,31.37,25.65,34.77
3,21,2014,5,33.24,28.37,22.8,31.96,44.695,44.56,28.47,26.705,50.375,40.03,20.495,22.75,37.525,33.805,37.9,49.12,47.575,54.045,58.965,52.03,41.355,56.42,54.735,53.425,45.785,42.345,36.84,29.85,25.445,31.37,25.65
3,22,2014,6,28.065,33.24,28.37,22.8,31.96,44.695,44.56,28.47,26.705,50.375,40.03,20.495,22.75,37.525,33.805,37.9,49.12,47.575,54.045,58.965,52.03,41.355,56.42,54.735,53.425,45.785,42.345,36.84,29.85,25.445,31.37
3,23,2014,7,41.38,28.065,33.24,28.37,22.8,31.96,44.695,44.56,28.47,26.705,50.375,40.03,20.495,22.75,37.525,33.805,37.9,49.12,47.575,54.045,58.965,52.03,41.355,56.42,54.735,53.425,45.785,42.345,36.84,29.85,25.445
3,24,2014,1,40.735,41.38,28.065,33.24,28.37,22.8,31.96,44.695,44.56,28.47,26.705,50.375,40.03,20.495,22.75,37.525,33.805,37.9,49.12,47.575,54.045,58.965,52.03,41.355,56.42,54.735,53.425,45.785,42.345,36.84,29.85
3,25,2014,2,38.535,40.735,41.38,28.065,33.24,28.37,22.8,31.96,44.695,44.56,28.47,26.705,50.375,40.03,20.495,22.75,37.525,33.805,37.9,49.12,47.575,54.045,58.965,52.03,41.355,56.42,54.735,53.425,45.785,42.345,36.84
3,26,2014,3,43.155,38.535,40.735,41.38,28.065,33.24,28.37,22.8,31.96,44.695,44.56,28.47,26.705,50.375,40.03,20.495,22.75,37.525,33.805,37.9,49.12,47.575,54.045,58.965,52.03,41.355,56.42,54.735,53.425,45.785,42.345
3,27,2014,4,30.96,43.155,38.535,40.735,41.38,28.065,33.24,28.37,22.8,31.96,44.695,44.56,28.47,26.705,50.375,40.03,20.495,22.75,37.525,33.805,37.9,49.12,47.575,54.045,58.965,52.03,41.355,56.42,54.735,53.425,45.785
3,28,2014,5,18.765,30.96,43.155,38.535,40.735,41.38,28.065,33.24,28.37,22.8,31.96,44.695,44.56,28.47,26.705,50.375,40.03,20.495,22.75,37.525,33.805,37.9,49.12,47.575,54.045,58.965,52.03,41.355,56.42,54.735,53.425
3,29,2014,6,28.715,18.765,30.96,43.155,38.535,40.735,41.38,28.065,33.24,28.37,22.8,31.96,44.695,44.56,28.47,26.705,50.375,40.03,20.495,22.75,37.525,33.805,37.9,49.12,47.575,54.045,58.965,52.03,41.355,56.42,54.735
3,30,2014,7,27.38,28.715,18.765,30.96,43.155,38.535,40.735,41.38,28.065,33.24,28.37,22.8,31.96,44.695,44.56,28.47,26.705,50.375,40.03,20.495,22.75,37.525,33.805,37.9,49.12,47.575,54.045,58.965,52.03,41.355,56.42
3,31,2014,1,24.375,27.38,28.715,18.765,30.96,43.155,38.535,40.735,41.38,28.065,33.24,28.37,22.8,31.96,44.695,44.56,28.47,26.705,50.375,40.03,20.495,22.75,37.525,33.805,37.9,49.12,47.575,54.045,58.965,52.03,41.355
4,1,2014,2,14.665,24.375,27.38,28.715,18.765,30.96,43.155,38.535,40.735,41.38,28.065,33.24,28.37,22.8,31.96,44.695,44.56,28.47,26.705,50.375,40.03,20.495,22.75,37.525,33.805,37.9,49.12,47.575,54.045,58.965,52.03
4,2,2014,3,21.25,14.665,24.375,27.38,28.715,18.765,30.96,43.155,38.535,40.735,41.38,28.065,33.24,28.37,22.8,31.96,44.695,44.56,28.47,26.705,50.375,40.03,20.495,22.75,37.525,33.805,37.9,49.12,47.575,54.045,58.965
4,3,2014,4,28.22,21.25,14.665,24.375,27.38,28.715,18.765,30.96,43.155,38.535,40.735,41.38,28.065,33.24,28.37,22.8,31.96,44.695,44.56,28.47,26.705,50.375,40.03,20.495,22.75,37.525,33.805,37.9,49.12,47.575,54.045
4,4,2014,5,22.7,28.22,21.25,14.665,24.375,27.38,28.715,18.765,30.96,43.155,38.535,40.735,41.38,28.065,33.24,28.37,22.8,31.96,44.695,44.56,28.47,26.705,50.375,40.03,20.495,22.75,37.525,33.805,37.9,49.12,47.575
4,5,2014,6,24.275,22.7,28.22,21.25,14.665,24.375,27.38,28.715,18.765,30.96,43.155,38.535,40.735,41.38,28.065,33.24,28.37,22.8,31.96,44.695,44.56,28.47,26.705,50.375,40.03,20.495,22.75,37.525,33.805,37.9,49.12
4,6,2014,7,25.665,24.275,22.7,28.22,21.25,14.665,24.375,27.38,28.715,18.765,30.96,43.155,38.535,40.735,41.38,28.065,33.24,28.37,22.8,31.96,44.695,44.56,28.47,26.705,50.375,40.03,20.495,22.75,37.525,33.805,37.9
4,7,2014,1,22.12,25.665,24.275,22.7,28.22,21.25,14.665,24.375,27.38,28.715,18.765,30.96,43.155,38.535,40.735,41.38,28.065,33.24,28.37,22.8,31.96,44.695,44.56,28.47,26.705,50.375,40.03,20.495,22.75,37.525,33.805
4,8,2014,2,15.61,22.12,25.665,24.275,22.7,28.22,21.25,14.665,24.375,27.38,28.715,18.765,30.96,43.155,38.535,40.735,41.38,28.065,33.24,28.37,22.8,31.96,44.695,44.56,28.47,26.705,50.375,40.03,20.495,22.75,37.525
4,9,2014,3,19.31,15.61,22.12,25.665,24.275,22.7,28.22,21.25,14.665,24.375,27.38,28.715,18.765,30.96,43.155,38.535,40.735,41.38,28.065,33.24,28.37,22.8,31.96,44.695,44.56,28.47,26.705,50.375,40.03,20.495,22.75
4,10,2014,4,7.99,19.31,15.61,22.12,25.665,24.275,22.7,28.22,21.25,14.665,24.375,27.38,28.715,18.765,30.96,43.155,38.535,40.735,41.38,28.065,33.24,28.37,22.8,31.96,44.695,44.56,28.47,26.705,50.375,40.03,20.495
4,11,2014,5,13.46,7.99,19.31,15.61,22.12,25.665,24.275,22.7,28.22,21.25,14.665,24.375,27.38,28.715,18.765,30.96,43.155,38.535,40.735,41.38,28.065,33.24,28.37,22.8,31.96,44.695,44.56,28.47,26.705,50.375,40.03
4,12,2014,6,8.37,13.46,7.99,19.31,15.61,22.12,25.665,24.275,22.7,28.22,21.25,14.665,24.375,27.38,28.715,18.765,30.96,43.155,38.535,40.735,41.38,28.065,33.24,28.37,22.8,31.96,44.695,44.56,28.47,26.705,50.375
4,13,2014,7,2.715,8.37,13.46,7.99,19.31,15.61,22.12,25.665,24.275,22.7,28.22,21.25,14.665,24.375,27.38,28.715,18.765,30.96,43.155,38.535,40.735,41.38,28.065,33.24,28.37,22.8,31.96,44.695,44.56,28.47,26.705
4,14,2014,1,10.59,2.715,8.37,13.46,7.99,19.31,15.61,22.12,25.665,24.275,22.7,28.22,21.25,14.665,24.375,27.38,28.715,18.765,30.96,43.155,38.535,40.735,41.38,28.065,33.24,28.37,22.8,31.96,44.695,44.56,28.47
4,15,2014,2,34.01,10.59,2.715,8.37,13.46,7.99,19.31,15.61,22.12,25.665,24.275,22.7,28.22,21.25,14.665,24.375,27.38,28.715,18.765,30.96,43.155,38.535,40.735,41.38,28.065,33.24,28.37,22.8,31.96,44.695,44.56
4,16,2014,3,32.92,34.01,10.59,2.715,8.37,13.46,7.99,19.31,15.61,22.12,25.665,24.275,22.7,28.22,21.25,14.665,24.375,27.38,28.715,18.765,30.96,43.155,38.535,40.735,41.38,28.065,33.24,28.37,22.8,31.96,44.695
4,17,2014,4,16.665,32.92,34.01,10.59,2.715,8.37,13.46,7.99,19.31,15.61,22.12,25.665,24.275,22.7,28.22,21.25,14.665,24.375,27.38,28.715,18.765,30.96,43.155,38.535,40.735,41.38,28.065,33.24,28.37,22.8,31.96
4,18,2014,5,15.585,16.665,32.92,34.01,10.59,2.715,8.37,13.46,7.99,19.31,15.61,22.12,25.665,24.275,22.7,28.22,21.25,14.665,24.375,27.38,28.715,18.765,30.96,43.155,38.535,40.735,41.38,28.065,33.24,28.37,22.8
4,19,2014,6,20.915,15.585,16.665,32.92,34.01,10.59,2.715,8.37,13.46,7.99,19.31,15.61,22.12,25.665,24.275,22.7,28.22,21.25,14.665,24.375,27.38,28.715,18.765,30.96,43.155,38.535,40.735,41.38,28.065,33.24,28.37
4,20,2014,7,11.855,20.915,15.585,16.665,32.92,34.01,10.59,2.715,8.37,13.46,7.99,19.31,15.61,22.12,25.665,24.275,22.7,28.22,21.25,14.665,24.375,27.38,28.715,18.765,30.96,43.155,38.535,40.735,41.38,28.065,33.24
4,21,2014,1,4.885,11.855,20.915,15.585,16.665,32.92,34.01,10.59,2.715,8.37,13.46,7.99,19.31,15.61,22.12,25.665,24.275,22.7,28.22,21.25,14.665,24.375,27.38,28.715,18.765,30.96,43.155,38.535,40.735,41.38,28.065
4,22,2014,2,10.665,4.885,11.855,20.915,15.585,16.665,32.92,34.01,10.59,2.715,8.37,13.46,7.99,19.31,15.61,22.12,25.665,24.275,22.7,28.22,21.25,14.665,24.375,27.38,28.715,18.765,30.96,43.155,38.535,40.735,41.38
4,23,2014,3,17.845,10.665,4.885,11.855,20.915,15.585,16.665,32.92,34.01,10.59,2.715,8.37,13.46,7.99,19.31,15.61,22.12,25.665,24.275,22.7,28.22,21.25,14.665,24.375,27.38,28.715,18.765,30.96,43.155,38.535,40.735
4,24,2014,4,18.79,17.845,10.665,4.885,11.855,20.915,15.585,16.665,32.92,34.01,10.59,2.715,8.37,13.46,7.99,19.31,15.61,22.12,25.665,24.275,22.7,28.22,21.25,14.665,24.375,27.38,28.715,18.765,30.96,43.155,38.535
4,25,2014,5,16.46,18.79,17.845,10.665,4.885,11.855,20.915,15.585,16.665,32.92,34.01,10.59,2.715,8.37,13.46,7.99,19.31,15.61,22.12,25.665,24.275,22.7,28.22,21.25,14.665,24.375,27.38,28.715,18.765,30.96,43.155
4,26,2014,6,16.84,16.46,18.79,17.845,10.665,4.885,11.855,20.915,15.585,16.665,32.92,34.01,10.59,2.715,8.37,13.46,7.99,19.31,15.61,22.12,25.665,24.275,22.7,28.22,21.25,14.665,24.375,27.38,28.715,18.765,30.96
4,27,2014,7,20.71,16.84,16.46,18.79,17.845,10.665,4.885,11.855,20.915,15.585,16.665,32.92,34.01,10.59,2.715,8.37,13.46,7.99,19.31,15.61,22.12,25.665,24.275,22.7,28.22,21.25,14.665,24.375,27.38,28.715,18.765
4,28,2014,1,16.465,20.71,16.84,16.46,18.79,17.845,10.665,4.885,11.855,20.915,15.585,16.665,32.92,34.01,10.59,2.715,8.37,13.46,7.99,19.31,15.61,22.12,25.665,24.275,22.7,28.22,21.25,14.665,24.375,27.38,28.715
4,29,2014,2,6.515,16.465,20.71,16.84,16.46,18.79,17.845,10.665,4.885,11.855,20.915,15.585,16.665,32.92,34.01,10.59,2.715,8.37,13.46,7.99,19.31,15.61,22.12,25.665,24.275,22.7,28.22,21.25,14.665,24.375,27.38
4,30,2014,3,8.665,6.515,16.465,20.71,16.84,16.46,18.79,17.845,10.665,4.885,11.855,20.915,15.585,16.665,32.92,34.01,10.59,2.715,8.37,13.46,7.99,19.31,15.61,22.12,25.665,24.275,22.7,28.22,21.25,14.665,24.375
5,1,2014,4,14.455,8.665,6.515,16.465,20.71,16.84,16.46,18.79,17.845,10.665,4.885,11.855,20.915,15.585,16.665,32.92,34.01,10.59,2.715,8.37,13.46,7.99,19.31,15.61,22.12,25.665,24.275,22.7,28.22,21.25,14.665
5,2,2014,5,13.4,14.455,8.665,6.515,16.465,20.71,16.84,16.46,18.79,17.845,10.665,4.885,11.855,20.915,15.585,16.665,32.92,34.01,10.59,2.715,8.37,13.46,7.99,19.31,15.61,22.12,25.665,24.275,22.7,28.22,21.25
5,3,2014,6,10.115,13.4,14.455,8.665,6.515,16.465,20.71,16.84,16.46,18.79,17.845,10.665,4.885,11.855,20.915,15.585,16.665,32.92,34.01,10.59,2.715,8.37,13.46,7.99,19.31,15.61,22.12,25.665,24.275,22.7,28.22
5,4,2014,7,12.225,10.115,13.4,14.455,8.665,6.515,16.465,20.71,16.84,16.46,18.79,17.845,10.665,4.885,11.855,20.915,15.585,16.665,32.92,34.01,10.59,2.715,8.37,13.46,7.99,19.31,15.61,22.12,25.665,24.275,22.7
5,5,2014,1,17.385,12.225,10.115,13.4,14.455,8.665,6.515,16.465,20.71,16.84,16.46,18.79,17.845,10.665,4.885,11.855,20.915,15.585,16.665,32.92,34.01,10.59,2.715,8.37,13.46,7.99,19.31,15.61,22.12,25.665,24.275
5,6,2014,2,15.535,17.385,12.225,10.115,13.4,14.455,8.665,6.515,16.465,20.71,16.84,16.46,18.79,17.845,10.665,4.885,11.855,20.915,15.585,16.665,32.92,34.01,10.59,2.715,8.37,13.46,7.99,19.31,15.61,22.12,25.665
5,7,2014,3,12.825,15.535,17.385,12.225,10.115,13.4,14.455,8.665,6.515,16.465,20.71,16.84,16.46,18.79,17.845,10.665,4.885,11.855,20.915,15.585,16.665,32.92,34.01,10.59,2.715,8.37,13.46,7.99,19.31,15.61,22.12
5,8,2014,4,-1.995,12.825,15.535,17.385,12.225,10.115,13.4,14.455,8.665,6.515,16.465,20.71,16.84,16.46,18.79,17.845,10.665,4.885,11.855,20.915,15.585,16.665,32.92,34.01,10.59,2.715,8.37,13.46,7.99,19.31,15.61
5,9,2014,5,-4.94,-1.995,12.825,15.535,17.385,12.225,10.115,13.4,14.455,8.665,6.515,16.465,20.71,16.84,16.46,18.79,17.845,10.665,4.885,11.855,20.915,15.585,16.665,32.92,34.01,10.59,2.715,8.37,13.46,7.99,19.31
5,10,2014,6,1.185,-4.94,-1.995,12.825,15.535,17.385,12.225,10.115,13.4,14.455,8.665,6.515,16.465,20.71,16.84,16.46,18.79,17.845,10.665,4.885,11.855,20.915,15.585,16.665,32.92,34.01,10.59,2.715,8.37,13.46,7.99
5,11,2014,7,2.61,1.185,-4.94,-1.995,12.825,15.535,17.385,12.225,10.115,13.4,14.455,8.665,6.515,16.465,20.71,16.84,16.46,18.79,17.845,10.665,4.885,11.855,20.915,15.585,16.665,32.92,34.01,10.59,2.715,8.37,13.46
5,12,2014,1,-0.69,2.61,1.185,-4.94,-1.995,12.825,15.535,17.385,12.225,10.115,13.4,14.455,8.665,6.515,16.465,20.71,16.84,16.46,18.79,17.845,10.665,4.885,11.855,20.915,15.585,16.665,32.92,34.01,10.59,2.715,8.37
5,13,2014,2,-8.86,-0.69,2.61,1.185,-4.94,-1.995,12.825,15.535,17.385,12.225,10.115,13.4,14.455,8.665,6.515,16.465,20.71,16.84,16.46,18.79,17.845,10.665,4.885,11.855,20.915,15.585,16.665,32.92,34.01,10.59,2.715
5,14,2014,3,5.105,-8.86,-0.69,2.61,1.185,-4.94,-1.995,12.825,15.535,17.385,12.225,10.115,13.4,14.455,8.665,6.515,16.465,20.71,16.84,16.46,18.79,17.845,10.665,4.885,11.855,20.915,15.585,16.665,32.92,34.01,10.59
5,15,2014,4,9.235,5.105,-8.86,-0.69,2.61,1.185,-4.94,-1.995,12.825,15.535,17.385,12.225,10.115,13.4,14.455,8.665,6.515,16.465,20.71,16.84,16.46,18.79,17.845,10.665,4.885,11.855,20.915,15.585,16.665,32.92,34.01
5,16,2014,5,19.695,9.235,5.105,-8.86,-0.69,2.61,1.185,-4.94,-1.995,12.825,15.535,17.385,12.225,10.115,13.4,14.455,8.665,6.515,16.465,20.71,16.84,16.46,18.79,17.845,10.665,4.885,11.855,20.915,15.585,16.665,32.92
5,17,2014,6,14.145,19.695,9.235,5.105,-8.86,-0.69,2.61,1.185,-4.94,-1.995,12.825,15.535,17.385,12.225,10.115,13.4,14.455,8.665,6.515,16.465,20.71,16.84,16.46,18.79,17.845,10.665,4.885,11.855,20.915,15.585,16.665
5,18,2014,7,10.38,14.145,19.695,9.235,5.105,-8.86,-0.69,2.61,1.185,-4.94,-1.995,12.825,15.535,17.385,12.225,10.115,13.4,14.455,8.665,6.515,16.465,20.71,16.84,16.46,18.79,17.845,10.665,4.885,11.855,20.915,15.585
5,19,2014,1,5.285,10.38,14.145,19.695,9.235,5.105,-8.86,-0.69,2.61,1.185,-4.94,-1.995,12.825,15.535,17.385,12.225,10.115,13.4,14.455,8.665,6.515,16.465,20.71,16.84,16.46,18.79,17.845,10.665,4.885,11.855,20.915
5,20,2014,2,2.72,5.285,10.38,14.145,19.695,9.235,5.105,-8.86,-0.69,2.61,1.185,-4.94,-1.995,12.825,15.535,17.385,12.225,10.115,13.4,14.455,8.665,6.515,16.465,20.71,16.84,16.46,18.79,17.845,10.665,4.885,11.855
5,21,2014,3,-5.39,2.72,5.285,10.38,14.145,19.695,9.235,5.105,-8.86,-0.69,2.61,1.185,-4.94,-1.995,12.825,15.535,17.385,12.225,10.115,13.4,14.455,8.665,6.515,16.465,20.71,16.84,16.46,18.79,17.845,10.665,4.885
5,22,2014,4,-0.74,-5.39,2.72,5.285,10.38,14.145,19.695,9.235,5.105,-8.86,-0.69,2.61,1.185,-4.94,-1.995,12.825,15.535,17.385,12.225,10.115,13.4,14.455,8.665,6.515,16.465,20.71,16.84,16.46,18.79,17.845,10.665
5,23,2014,5,5.0,-0.74,-5.39,2.72,5.285,10.38,14.145,19.695,9.235,5.105,-8.86,-0.69,2.61,1.185,-4.94,-1.995,12.825,15.535,17.385,12.225,10.115,13.4,14.455,8.665,6.515,16.465,20.71,16.84,16.46,18.79,17.845
5,24,2014,6,2.46,5.0,-0.74,-5.39,2.72,5.285,10.38,14.145,19.695,9.235,5.105,-8.86,-0.69,2.61,1.185,-4.94,-1.995,12.825,15.535,17.385,12.225,10.115,13.4,14.455,8.665,6.515,16.465,20.71,16.84,16.46,18.79
5,25,2014,7,-2.225,2.46,5.0,-0.74,-5.39,2.72,5.285,10.38,14.145,19.695,9.235,5.105,-8.86,-0.69,2.61,1.185,-4.94,-1.995,12.825,15.535,17.385,12.225,10.115,13.4,14.455,8.665,6.515,16.465,20.71,16.84,16.46
5,26,2014,1,-7.93,-2.225,2.46,5.0,-0.74,-5.39,2.72,5.285,10.38,14.145,19.695,9.235,5.105,-8.86,-0.69,2.61,1.185,-4.94,-1.995,12.825,15.535,17.385,12.225,10.115,13.4,14.455,8.665,6.515,16.465,20.71,16.84
5,27,2014,2,-10.075,-7.93,-2.225,2.46,5.0,-0.74,-5.39,2.72,5.285,10.38,14.145,19.695,9.235,5.105,-8.86,-0.69,2.61,1.185,-4.94,-1.995,12.825,15.535,17.385,12.225,10.115,13.4,14.455,8.665,6.515,16.465,20.71
5,28,2014,3,1.055,-10.075,-7.93,-2.225,2.46,5.0,-0.74,-5.39,2.72,5.285,10.38,14.145,19.695,9.235,5.105,-8.86,-0.69,2.61,1.185,-4.94,-1.995,12.825,15.535,17.385,12.225,10.115,13.4,14.455,8.665,6.515,16.465
5,29,2014,4,2.76,1.055,-10.075,-7.93,-2.225,2.46,5.0,-0.74,-5.39,2.72,5.285,10.38,14.145,19.695,9.235,5.105,-8.86,-0.69,2.61,1.185,-4.94,-1.995,12.825,15.535,17.385,12.225,10.115,13.4,14.455,8.665,6.515
5,30,2014,5,0.12,2.76,1.055,-10.075,-7.93,-2.225,2.46,5.0,-0.74,-5.39,2.72,5.285,10.38,14.145,19.695,9.235,5.105,-8.86,-0.69,2.61,1.185,-4.94,-1.995,12.825,15.535,17.385,12.225,10.115,13.4,14.455,8.665
5,31,2014,6,-2.94,0.12,2.76,1.055,-10.075,-7.93,-2.225,2.46,5.0,-0.74,-5.39,2.72,5.285,10.38,14.145,19.695,9.235,5.105,-8.86,-0.69,2.61,1.185,-4.94,-1.995,12.825,15.535,17.385,12.225,10.115,13.4,14.455
6,1,2014,7,-3.645,-2.94,0.12,2.76,1.055,-10.075,-7.93,-2.225,2.46,5.0,-0.74,-5.39,2.72,5.285,10.38,14.145,19.695,9.235,5.105,-8.86,-0.69,2.61,1.185,-4.94,-1.995,12.825,15.535,17.385,12.225,10.115,13.4
6,2,2014,1,-10.765,-3.645,-2.94,0.12,2.76,1.055,-10.075,-7.93,-2.225,2.46,5.0,-0.74,-5.39,2.72,5.285,10.38,14.145,19.695,9.235,5.105,-8.86,-0.69,2.61,1.185,-4.94,-1.995,12.825,15.535,17.385,12.225,10.115
6,3,2014,2,-10.195,-10.765,-3.645,-2.94,0.12,2.76,1.055,-10.075,-7.93,-2.225,2.46,5.0,-0.74,-5.39,2.72,5.285,10.38,14.145,19.695,9.235,5.105,-8.86,-0.69,2.61,1.185,-4.94,-1.995,12.825,15.535,17.385,12.225
6,4,2014,3,0.675,-10.195,-10.765,-3.645,-2.94,0.12,2.76,1.055,-10.075,-7.93,-2.225,2.46,5.0,-0.74,-5.39,2.72,5.285,10.38,14.145,19.695,9.235,5.105,-8.86,-0.69,2.61,1.185,-4.94,-1.995,12.825,15.535,17.385
6,5,2014,4,0.115,0.675,-10.195,-10.765,-3.645,-2.94,0.12,2.76,1.055,-10.075,-7.93,-2.225,2.46,5.0,-0.74,-5.39,2.72,5.285,10.38,14.145,19.695,9.235,5.105,-8.86,-0.69,2.61,1.185,-4.94,-1.995,12.825,15.535
6,6,2014,5,0.555,0.115,0.675,-10.195,-10.765,-3.645,-2.94,0.12,2.76,1.055,-10.075,-7.93,-2.225,2.46,5.0,-0.74,-5.39,2.72,5.285,10.38,14.145,19.695,9.235,5.105,-8.86,-0.69,2.61,1.185,-4.94,-1.995,12.825
6,7,2014,6,-2.935,0.555,0.115,0.675,-10.195,-10.765,-3.645,-2.94,0.12,2.76,1.055,-10.075,-7.93,-2.225,2.46,5.0,-0.74,-5.39,2.72,5.285,10.38,14.145,19.695,9.235,5.105,-8.86,-0.69,2.61,1.185,-4.94,-1.995
6,8,2014,7,-2.77,-2.935,0.555,0.115,0.675,-10.195,-10.765,-3.645,-2.94,0.12,2.76,1.055,-10.075,-7.93,-2.225,2.46,5.0,-0.74,-5.39,2.72,5.285,10.38,14.145,19.695,9.235,5.105,-8.86,-0.69,2.61,1.185,-4.94
6,9,2014,1,-2.94,-2.77,-2.935,0.555,0.115,0.675,-10.195,-10.765,-3.645,-2.94,0.12,2.76,1.055,-10.075,-7.93,-2.225,2.46,5.0,-0.74,-5.39,2.72,5.285,10.38,14.145,19.695,9.235,5.105,-8.86,-0.69,2.61,1.185
6,10,2014,2,-3.075,-2.94,-2.77,-2.935,0.555,0.115,0.675,-10.195,-10.765,-3.645,-2.94,0.12,2.76,1.055,-10.075,-7.93,-2.225,2.46,5.0,-0.74,-5.39,2.72,5.285,10.38,14.145,19.695,9.235,5.105,-8.86,-0.69,2.61
6,11,2014,3,-6.37,-3.075,-2.94,-2.77,-2.935,0.555,0.115,0.675,-10.195,-10.765,-3.645,-2.94,0.12,2.76,1.055,-10.075,-7.93,-2.225,2.46,5.0,-0.74,-5.39,2.72,5.285,10.38,14.145,19.695,9.235,5.105,-8.86,-0.69
6,12,2014,4,-8.195,-6.37,-3.075,-2.94,-2.77,-2.935,0.555,0.115,0.675,-10.195,-10.765,-3.645,-2.94,0.12,2.76,1.055,-10.075,-7.93,-2.225,2.46,5.0,-0.74,-5.39,2.72,5.285,10.38,14.145,19.695,9.235,5.105,-8.86
6,13,2014,5,-0.065,-8.195,-6.37,-3.075,-2.94,-2.77,-2.935,0.555,0.115,0.675,-10.195,-10.765,-3.645,-2.94,0.12,2.76,1.055,-10.075,-7.93,-2.225,2.46,5.0,-0.74,-5.39,2.72,5.285,10.38,14.145,19.695,9.235,5.105
6,14,2014,6,4.025,-0.065,-8.195,-6.37,-3.075,-2.94,-2.77,-2.935,0.555,0.115,0.675,-10.195,-10.765,-3.645,-2.94,0.12,2.76,1.055,-10.075,-7.93,-2.225,2.46,5.0,-0.74,-5.39,2.72,5.285,10.38,14.145,19.695,9.235
6,15,2014,7,-2.495,4.025,-0.065,-8.195,-6.37,-3.075,-2.94,-2.77,-2.935,0.555,0.115,0.675,-10.195,-10.765,-3.645,-2.94,0.12,2.76,1.055,-10.075,-7.93,-2.225,2.46,5.0,-0.74,-5.39,2.72,5.285,10.38,14.145,19.695
6,16,2014,1,-13.255,-2.495,4.025,-0.065,-8.195,-6.37,-3.075,-2.94,-2.77,-2.935,0.555,0.115,0.675,-10.195,-10.765,-3.645,-2.94,0.12,2.76,1.055,-10.075,-7.93,-2.225,2.46,5.0,-0.74,-5.39,2.72,5.285,10.38,14.145
6,17,2014,2,-15.795,-13.255,-2.495,4.025,-0.065,-8.195,-6.37,-3.075,-2.94,-2.77,-2.935,0.555,0.115,0.675,-10.195,-10.765,-3.645,-2.94,0.12,2.76,1.055,-10.075,-7.93,-2.225,2.46,5.0,-0.74,-5.39,2.72,5.285,10.38
6,18,2014,3,-7.89,-15.795,-13.255,-2.495,4.025,-0.065,-8.195,-6.37,-3.075,-2.94,-2.77,-2.935,0.555,0.115,0.675,-10.195,-10.765,-3.645,-2.94,0.12,2.76,1.055,-10.075,-7.93,-2.225,2.46,5.0,-0.74,-5.39,2.72,5.285
6,19,2014,4,-4.975,-7.89,-15.795,-13.255,-2.495,4.025,-0.065,-8.195,-6.37,-3.075,-2.94,-2.77,-2.935,0.555,0.115,0.675,-10.195,-10.765,-3.645,-2.94,0.12,2.76,1.055,-10.075,-7.93,-2.225,2.46,5.0,-0.74,-5.39,2.72
6,20,2014,5,1.405,-4.975,-7.89,-15.795,-13.255,-2.495,4.025,-0.065,-8.195,-6.37,-3.075,-2.94,-2.77,-2.935,0.555,0.115,0.675,-10.195,-10.765,-3.645,-2.94,0.12,2.76,1.055,-10.075,-7.93,-2.225,2.46,5.0,-0.74,-5.39
6,21,2014,6,-2.55,1.405,-4.975,-7.89,-15.795,-13.255,-2.495,4.025,-0.065,-8.195,-6.37,-3.075,-2.94,-2.77,-2.935,0.555,0.115,0.675,-10.195,-10.765,-3.645,-2.94,0.12,2.76,1.055,-10.075,-7.93,-2.225,2.46,5.0,-0.74
6,22,2014,7,-7.235,-2.55,1.405,-4.975,-7.89,-15.795,-13.255,-2.495,4.025,-0.065,-8.195,-6.37,-3.075,-2.94,-2.77,-2.935,0.555,0.115,0.675,-10.195,-10.765,-3.645,-2.94,0.12,2.76,1.055,-10.075,-7.93,-2.225,2.46,5.0
6,23,2014,1,-6.52,-7.235,-2.55,1.405,-4.975,-7.89,-15.795,-13.255,-2.495,4.025,-0.065,-8.195,-6.37,-3.075,-2.94,-2.77,-2.935,0.555,0.115,0.675,-10.195,-10.765,-3.645,-2.94,0.12,2.76,1.055,-10.075,-7.93,-2.225,2.46
6,24,2014,2,-8.985,-6.52,-7.235,-2.55,1.405,-4.975,-7.89,-15.795,-13.255,-2.495,4.025,-0.065,-8.195,-6.37,-3.075,-2.94,-2.77,-2.935,0.555,0.115,0.675,-10.195,-10.765,-3.645,-2.94,0.12,2.76,1.055,-10.075,-7.93,-2.225
6,25,2014,3,-7.15,-8.985,-6.52,-7.235,-2.55,1.405,-4.975,-7.89,-15.795,-13.255,-2.495,4.025,-0.065,-8.195,-6.37,-3.075,-2.94,-2.77,-2.935,0.555,0.115,0.675,-10.195,-10.765,-3.645,-2.94,0.12,2.76,1.055,-10.075,-7.93
6,26,2014,4,-4.285,-7.15,-8.985,-6.52,-7.235,-2.55,1.405,-4.975,-7.89,-15.795,-13.255,-2.495,4.025,-0.065,-8.195,-6.37,-3.075,-2.94,-2.77,-2.935,0.555,0.115,0.675,-10.195,-10.765,-3.645,-2.94,0.12,2.76,1.055,-10.075
6,27,2014,5,-6.305,-4.285,-7.15,-8.985,-6.52,-7.235,-2.55,1.405,-4.975,-7.89,-15.795,-13.255,-2.495,4.025,-0.065,-8.195,-6.37,-3.075,-2.94,-2.77,-2.935,0.555,0.115,0.675,-10.195,-10.765,-3.645,-2.94,0.12,2.76,1.055
6,28,2014,6,-11.585,-6.305,-4.285,-7.15,-8.985,-6.52,-7.235,-2.55,1.405,-4.975,-7.89,-15.795,-13.255,-2.495,4.025,-0.065,-8.195,-6.37,-3.075,-2.94,-2.77,-2.935,0.555,0.115,0.675,-10.195,-10.765,-3.645,-2.94,0.12,2.76
6,29,2014,7,-15.68,-11.585,-6.305,-4.285,-7.15,-8.985,-6.52,-7.235,-2.55,1.405,-4.975,-7.89,-15.795,-13.255,-2.495,4.025,-0.065,-8.195,-6.37,-3.075,-2.94,-2.77,-2.935,0.555,0.115,0.675,-10.195,-10.765,-3.645,-2.94,0.12
6,30,2014,1,-15.89,-15.68,-11.585,-6.305,-4.285,-7.15,-8.985,-6.52,-7.235,-2.55,1.405,-4.975,-7.89,-15.795,-13.255,-2.495,4.025,-0.065,-8.195,-6.37,-3.075,-2.94,-2.77,-2.935,0.555,0.115,0.675,-10.195,-10.765,-3.645,-2.94
7,1,2014,2,-12.615,-15.89,-15.68,-11.585,-6.305,-4.285,-7.15,-8.985,-6.52,-7.235,-2.55,1.405,-4.975,-7.89,-15.795,-13.255,-2.495,4.025,-0.065,-8.195,-6.37,-3.075,-2.94,-2.77,-2.935,0.555,0.115,0.675,-10.195,-10.765,-3.645
7,2,2014,3,-10.09,-12.615,-15.89,-15.68,-11.585,-6.305,-4.285,-7.15,-8.985,-6.52,-7.235,-2.55,1.405,-4.975,-7.89,-15.795,-13.255,-2.495,4.025,-0.065,-8.195,-6.37,-3.075,-2.94,-2.77,-2.935,0.555,0.115,0.675,-10.195,-10.765
7,3,2014,4,-2.08,-10.09,-12.615,-15.89,-15.68,-11.585,-6.305,-4.285,-7.15,-8.985,-6.52,-7.235,-2.55,1.405,-4.975,-7.89,-15.795,-13.255,-2.495,4.025,-0.065,-8.195,-6.37,-3.075,-2.94,-2.77,-2.935,0.555,0.115,0.675,-10.195
7,4,2014,5,-1.105,-2.08,-10.09,-12.615,-15.89,-15.68,-11.585,-6.305,-4.285,-7.15,-8.985,-6.52,-7.235,-2.55,1.405,-4.975,-7.89,-15.795,-13.255,-2.495,4.025,-0.065,-8.195,-6.37,-3.075,-2.94,-2.77,-2.935,0.555,0.115,0.675
7,5,2014,6,-2.76,-1.105,-2.08,-10.09,-12.615,-15.89,-15.68,-11.585,-6.305,-4.285,-7.15,-8.985,-6.52,-7.235,-2.55,1.405,-4.975,-7.89,-15.795,-13.255,-2.495,4.025,-0.065,-8.195,-6.37,-3.075,-2.94,-2.77,-2.935,0.555,0.115
7,6,2014,7,-8.135,-2.76,-1.105,-2.08,-10.09,-12.615,-15.89,-15.68,-11.585,-6.305,-4.285,-7.15,-8.985,-6.52,-7.235,-2.55,1.405,-4.975,-7.89,-15.795,-13.255,-2.495,4.025,-0.065,-8.195,-6.37,-3.075,-2.94,-2.77,-2.935,0.555
7,7,2014,1,-14.02,-8.135,-2.76,-1.105,-2.08,-10.09,-12.615,-15.89,-15.68,-11.585,-6.305,-4.285,-7.15,-8.985,-6.52,-7.235,-2.55,1.405,-4.975,-7.89,-15.795,-13.255,-2.495,4.025,-0.065,-8.195,-6.37,-3.075,-2.94,-2.77,-2.935
7,8,2014,2,-9.285,-14.02,-8.135,-2.76,-1.105,-2.08,-10.09,-12.615,-15.89,-15.68,-11.585,-6.305,-4.285,-7.15,-8.985,-6.52,-7.235,-2.55,1.405,-4.975,-7.89,-15.795,-13.255,-2.495,4.025,-0.065,-8.195,-6.37,-3.075,-2.94,-2.77
7,9,2014,3,-5.0,-9.285,-14.02,-8.135,-2.76,-1.105,-2.08,-10.09,-12.615,-15.89,-15.68,-11.585,-6.305,-4.285,-7.15,-8.985,-6.52,-7.235,-2.55,1.405,-4.975,-7.89,-15.795,-13.255,-2.495,4.025,-0.065,-8.195,-6.37,-3.075,-2.94
7,10,2014,4,-3.635,-5.0,-9.285,-14.02,-8.135,-2.76,-1.105,-2.08,-10.09,-12.615,-15.89,-15.68,-11.585,-6.305,-4.285,-7.15,-8.985,-6.52,-7.235,-2.55,1.405,-4.975,-7.89,-15.795,-13.255,-2.495,4.025,-0.065,-8.195,-6.37,-3.075
7,11,2014,5,-4.145,-3.635,-5.0,-9.285,-14.02,-8.135,-2.76,-1.105,-2.08,-10.09,-12.615,-15.89,-15.68,-11.585,-6.305,-4.285,-7.15,-8.985,-6.52,-7.235,-2.55,1.405,-4.975,-7.89,-15.795,-13.255,-2.495,4.025,-0.065,-8.195,-6.37
7,12,2014,6,-11.165,-4.145,-3.635,-5.0,-9.285,-14.02,-8.135,-2.76,-1.105,-2.08,-10.09,-12.615,-15.89,-15.68,-11.585,-6.305,-4.285,-7.15,-8.985,-6.52,-7.235,-2.55,1.405,-4.975,-7.89,-15.795,-13.255,-2.495,4.025,-0.065,-8.195
7,13,2014,7,-14.29,-11.165,-4.145,-3.635,-5.0,-9.285,-14.02,-8.135,-2.76,-1.105,-2.08,-10.09,-12.615,-15.89,-15.68,-11.585,-6.305,-4.285,-7.15,-8.985,-6.52,-7.235,-2.55,1.405,-4.975,-7.89,-15.795,-13.255,-2.495,4.025,-0.065
7,14,2014,1,-10.235,-14.29,-11.165,-4.145,-3.635,-5.0,-9.285,-14.02,-8.135,-2.76,-1.105,-2.08,-10.09,-12.615,-15.89,-15.68,-11.585,-6.305,-4.285,-7.15,-8.985,-6.52,-7.235,-2.55,1.405,-4.975,-7.89,-15.795,-13.255,-2.495,4.025
7,15,2014,2,-3.135,-10.235,-14.29,-11.165,-4.145,-3.635,-5.0,-9.285,-14.02,-8.135,-2.76,-1.105,-2.08,-10.09,-12.615,-15.89,-15.68,-11.585,-6.305,-4.285,-7.15,-8.985,-6.52,-7.235,-2.55,1.405,-4.975,-7.89,-15.795,-13.255,-2.495
7,16,2014,3,2.59,-3.135,-10.235,-14.29,-11.165,-4.145,-3.635,-5.0,-9.285,-14.02,-8.135,-2.76,-1.105,-2.08,-10.09,-12.615,-15.89,-15.68,-11.585,-6.305,-4.285,-7.15,-8.985,-6.52,-7.235,-2.55,1.405,-4.975,-7.89,-15.795,-13.255
7,17,2014,4,-3.475,2.59,-3.135,-10.235,-14.29,-11.165,-4.145,-3.635,-5.0,-9.285,-14.02,-8.135,-2.76,-1.105,-2.08,-10.09,-12.615,-15.89,-15.68,-11.585,-6.305,-4.285,-7.15,-8.985,-6.52,-7.235,-2.55,1.405,-4.975,-7.89,-15.795
7,18,2014,5,-2.555,-3.475,2.59,-3.135,-10.235,-14.29,-11.165,-4.145,-3.635,-5.0,-9.285,-14.02,-8.135,-2.76,-1.105,-2.08,-10.09,-12.615,-15.89,-15.68,-11.585,-6.305,-4.285,-7.15,-8.985,-6.52,-7.235,-2.55,1.405,-4.975,-7.89
7,19,2014,6,-4.355,-2.555,-3.475,2.59,-3.135,-10.235,-14.29,-11.165,-4.145,-3.635,-5.0,-9.285,-14.02,-8.135,-2.76,-1.105,-2.08,-10.09,-12.615,-15.89,-15.68,-11.585,-6.305,-4.285,-7.15,-8.985,-6.52,-7.235,-2.55,1.405,-4.975
7,20,2014,7,-4.9,-4.355,-2.555,-3.475,2.59,-3.135,-10.235,-14.29,-11.165,-4.145,-3.635,-5.0,-9.285,-14.02,-8.135,-2.76,-1.105,-2.08,-10.09,-12.615,-15.89,-15.68,-11.585,-6.305,-4.285,-7.15,-8.985,-6.52,-7.235,-2.55,1.405
7,21,2014,1,-8.215,-4.9,-4.355,-2.555,-3.475,2.59,-3.135,-10.235,-14.29,-11.165,-4.145,-3.635,-5.0,-9.285,-14.02,-8.135,-2.76,-1.105,-2.08,-10.09,-12.615,-15.89,-15.68,-11.585,-6.305,-4.285,-7.15,-8.985,-6.52,-7.235,-2.55
7,22,2014,2,-13.365,-8.215,-4.9,-4.355,-2.555,-3.475,2.59,-3.135,-10.235,-14.29,-11.165,-4.145,-3.635,-5.0,-9.285,-14.02,-8.135,-2.76,-1.105,-2.08,-10.09,-12.615,-15.89,-15.68,-11.585,-6.305,-4.285,-7.15,-8.985,-6.52,-7.235
7,23,2014,3,-8.565,-13.365,-8.215,-4.9,-4.355,-2.555,-3.475,2.59,-3.135,-10.235,-14.29,-11.165,-4.145,-3.635,-5.0,-9.285,-14.02,-8.135,-2.76,-1.105,-2.08,-10.09,-12.615,-15.89,-15.68,-11.585,-6.305,-4.285,-7.15,-8.985,-6.52
7,24,2014,4,-2.08,-8.565,-13.365,-8.215,-4.9,-4.355,-2.555,-3.475,2.59,-3.135,-10.235,-14.29,-11.165,-4.145,-3.635,-5.0,-9.285,-14.02,-8.135,-2.76,-1.105,-2.08,-10.09,-12.615,-15.89,-15.68,-11.585,-6.305,-4.285,-7.15,-8.985
7,25,2014,5,-3.51,-2.08,-8.565,-13.365,-8.215,-4.9,-4.355,-2.555,-3.475,2.59,-3.135,-10.235,-14.29,-11.165,-4.145,-3.635,-5.0,-9.285,-14.02,-8.135,-2.76,-1.105,-2.08,-10.09,-12.615,-15.89,-15.68,-11.585,-6.305,-4.285,-7.15
7,26,2014,6,-7.7,-3.51,-2.08,-8.565,-13.365,-8.215,-4.9,-4.355,-2.555,-3.475,2.59,-3.135,-10.235,-14.29,-11.165,-4.145,-3.635,-5.0,-9.285,-14.02,-8.135,-2.76,-1.105,-2.08,-10.09,-12.615,-15.89,-15.68,-11.585,-6.305,-4.285
7,27,2014,7,-7.6,-7.7,-3.51,-2.08,-8.565,-13.365,-8.215,-4.9,-4.355,-2.555,-3.475,2.59,-3.135,-10.235,-14.29,-11.165,-4.145,-3.635,-5.0,-9.285,-14.02,-8.135,-2.76,-1.105,-2.08,-10.09,-12.615,-15.89,-15.68,-11.585,-6.305
7,28,2014,1,1.125,-7.6,-7.7,-3.51,-2.08,-8.565,-13.365,-8.215,-4.9,-4.355,-2.555,-3.475,2.59,-3.135,-10.235,-14.29,-11.165,-4.145,-3.635,-5.0,-9.285,-14.02,-8.135,-2.76,-1.105,-2.08,-10.09,-12.615,-15.89,-15.68,-11.585
7,29,2014,2,0.885,1.125,-7.6,-7.7,-3.51,-2.08,-8.565,-13.365,-8.215,-4.9,-4.355,-2.555,-3.475,2.59,-3.135,-10.235,-14.29,-11.165,-4.145,-3.635,-5.0,-9.285,-14.02,-8.135,-2.76,-1.105,-2.08,-10.09,-12.615,-15.89,-15.68
7,30,2014,3,-1.84,0.885,1.125,-7.6,-7.7,-3.51,-2.08,-8.565,-13.365,-8.215,-4.9,-4.355,-2.555,-3.475,2.59,-3.135,-10.235,-14.29,-11.165,-4.145,-3.635,-5.0,-9.285,-14.02,-8.135,-2.76,-1.105,-2.08,-10.09,-12.615,-15.89
7,31,2014,4,-3.22,-1.84,0.885,1.125,-7.6,-7.7,-3.51,-2.08,-8.565,-13.365,-8.215,-4.9,-4.355,-2.555,-3.475,2.59,-3.135,-10.235,-14.29,-11.165,-4.145,-3.635,-5.0,-9.285,-14.02,-8.135,-2.76,-1.105,-2.08,-10.09,-12.615
8,1,2014,5,-7.18,-3.22,-1.84,0.885,1.125,-7.6,-7.7,-3.51,-2.08,-8.565,-13.365,-8.215,-4.9,-4.355,-2.555,-3.475,2.59,-3.135,-10.235,-14.29,-11.165,-4.145,-3.635,-5.0,-9.285,-14.02,-8.135,-2.76,-1.105,-2.08,-10.09
8,2,2014,6,-6.78,-7.18,-3.22,-1.84,0.885,1.125,-7.6,-7.7,-3.51,-2.08,-8.565,-13.365,-8.215,-4.9,-4.355,-2.555,-3.475,2.59,-3.135,-10.235,-14.29,-11.165,-4.145,-3.635,-5.0,-9.285,-14.02,-8.135,-2.76,-1.105,-2.08
8,3,2014,7,-5.4,-6.78,-7.18,-3.22,-1.84,0.885,1.125,-7.6,-7.7,-3.51,-2.08,-8.565,-13.365,-8.215,-4.9,-4.355,-2.555,-3.475,2.59,-3.135,-10.235,-14.29,-11.165,-4.145,-3.635,-5.0,-9.285,-14.02,-8.135,-2.76,-1.105
8,4,2014,1,-9.49,-5.4,-6.78,-7.18,-3.22,-1.84,0.885,1.125,-7.6,-7.7,-3.51,-2.08,-8.565,-13.365,-8.215,-4.9,-4.355,-2.555,-3.475,2.59,-3.135,-10.235,-14.29,-11.165,-4.145,-3.635,-5.0,-9.285,-14.02,-8.135,-2.76
8,5,2014,2,-5.605,-9.49,-5.4,-6.78,-7.18,-3.22,-1.84,0.885,1.125,-7.6,-7.7,-3.51,-2.08,-8.565,-13.365,-8.215,-4.9,-4.355,-2.555,-3.475,2.59,-3.135,-10.235,-14.29,-11.165,-4.145,-3.635,-5.0,-9.285,-14.02,-8.135
8,6,2014,3,-4.855,-5.605,-9.49,-5.4,-6.78,-7.18,-3.22,-1.84,0.885,1.125,-7.6,-7.7,-3.51,-2.08,-8.565,-13.365,-8.215,-4.9,-4.355,-2.555,-3.475,2.59,-3.135,-10.235,-14.29,-11.165,-4.145,-3.635,-5.0,-9.285,-14.02
8,7,2014,4,-4.81,-4.855,-5.605,-9.49,-5.4,-6.78,-7.18,-3.22,-1.84,0.885,1.125,-7.6,-7.7,-3.51,-2.08,-8.565,-13.365,-8.215,-4.9,-4.355,-2.555,-3.475,2.59,-3.135,-10.235,-14.29,-11.165,-4.145,-3.635,-5.0,-9.285
8,8,2014,5,-5.2,-4.81,-4.855,-5.605,-9.49,-5.4,-6.78,-7.18,-3.22,-1.84,0.885,1.125,-7.6,-7.7,-3.51,-2.08,-8.565,-13.365,-8.215,-4.9,-4.355,-2.555,-3.475,2.59,-3.135,-10.235,-14.29,-11.165,-4.145,-3.635,-5.0
8,9,2014,6,-5.43,-5.2,-4.81,-4.855,-5.605,-9.49,-5.4,-6.78,-7.18,-3.22,-1.84,0.885,1.125,-7.6,-7.7,-3.51,-2.08,-8.565,-13.365,-8.215,-4.9,-4.355,-2.555,-3.475,2.59,-3.135,-10.235,-14.29,-11.165,-4.145,-3.635
8,10,2014,7,-8.525,-5.43,-5.2,-4.81,-4.855,-5.605,-9.49,-5.4,-6.78,-7.18,-3.22,-1.84,0.885,1.125,-7.6,-7.7,-3.51,-2.08,-8.565,-13.365,-8.215,-4.9,-4.355,-2.555,-3.475,2.59,-3.135,-10.235,-14.29,-11.165,-4.145
8,11,2014,1,-6.25,-8.525,-5.43,-5.2,-4.81,-4.855,-5.605,-9.49,-5.4,-6.78,-7.18,-3.22,-1.84,0.885,1.125,-7.6,-7.7,-3.51,-2.08,-8.565,-13.365,-8.215,-4.9,-4.355,-2.555,-3.475,2.59,-3.135,-10.235,-14.29,-11.165
8,12,2014,2,-4.845,-6.25,-8.525,-5.43,-5.2,-4.81,-4.855,-5.605,-9.49,-5.4,-6.78,-7.18,-3.22,-1.84,0.885,1.125,-7.6,-7.7,-3.51,-2.08,-8.565,-13.365,-8.215,-4.9,-4.355,-2.555,-3.475,2.59,-3.135,-10.235,-14.29
8,13,2014,3,-2.7,-4.845,-6.25,-8.525,-5.43,-5.2,-4.81,-4.855,-5.605,-9.49,-5.4,-6.78,-7.18,-3.22,-1.84,0.885,1.125,-7.6,-7.7,-3.51,-2.08,-8.565,-13.365,-8.215,-4.9,-4.355,-2.555,-3.475,2.59,-3.135,-10.235
8,14,2014,4,2.29,-2.7,-4.845,-6.25,-8.525,-5.43,-5.2,-4.81,-4.855,-5.605,-9.49,-5.4,-6.78,-7.18,-3.22,-1.84,0.885,1.125,-7.6,-7.7,-3.51,-2.08,-8.565,-13.365,-8.215,-4.9,-4.355,-2.555,-3.475,2.59,-3.135
8,15,2014,5,1.36,2.29,-2.7,-4.845,-6.25,-8.525,-5.43,-5.2,-4.81,-4.855,-5.605,-9.49,-5.4,-6.78,-7.18,-3.22,-1.84,0.885,1.125,-7.6,-7.7,-3.51,-2.08,-8.565,-13.365,-8.215,-4.9,-4.355,-2.555,-3.475,2.59
8,16,2014,6,-4.78,1.36,2.29,-2.7,-4.845,-6.25,-8.525,-5.43,-5.2,-4.81,-4.855,-5.605,-9.49,-5.4,-6.78,-7.18,-3.22,-1.84,0.885,1.125,-7.6,-7.7,-3.51,-2.08,-8.565,-13.365,-8.215,-4.9,-4.355,-2.555,-3.475
8,17,2014,7,-5.595,-4.78,1.36,2.29,-2.7,-4.845,-6.25,-8.525,-5.43,-5.2,-4.81,-4.855,-5.605,-9.49,-5.4,-6.78,-7.18,-3.22,-1.84,0.885,1.125,-7.6,-7.7,-3.51,-2.08,-8.565,-13.365,-8.215,-4.9,-4.355,-2.555
8,18,2014,1,-4.95,-5.595,-4.78,1.36,2.29,-2.7,-4.845,-6.25,-8.525,-5.43,-5.2,-4.81,-4.855,-5.605,-9.49,-5.4,-6.78,-7.18,-3.22,-1.84,0.885,1.125,-7.6,-7.7,-3.51,-2.08,-8.565,-13.365,-8.215,-4.9,-4.355
8,19,2014,2,-10.35,-4.95,-5.595,-4.78,1.36,2.29,-2.7,-4.845,-6.25,-8.525,-5.43,-5.2,-4.81,-4.855,-5.605,-9.49,-5.4,-6.78,-7.18,-3.22,-1.84,0.885,1.125,-7.6,-7.7,-3.51,-2.08,-8.565,-13.365,-8.215,-4.9
8,20,2014,3,-10.45,-10.35,-4.95,-5.595,-4.78,1.36,2.29,-2.7,-4.845,-6.25,-8.525,-5.43,-5.2,-4.81,-4.855,-5.605,-9.49,-5.4,-6.78,-7.18,-3.22,-1.84,0.885,1.125,-7.6,-7.7,-3.51,-2.08,-8.565,-13.365,-8.215
8,21,2014,4,-7.85,-10.45,-10.35,-4.95,-5.595,-4.78,1.36,2.29,-2.7,-4.845,-6.25,-8.525,-5.43,-5.2,-4.81,-4.855,-5.605,-9.49,-5.4,-6.78,-7.18,-3.22,-1.84,0.885,1.125,-7.6,-7.7,-3.51,-2.08,-8.565,-13.365
8,22,2014,5,-10.28,-7.85,-10.45,-10.35,-4.95,-5.595,-4.78,1.36,2.29,-2.7,-4.845,-6.25,-8.525,-5.43,-5.2,-4.81,-4.855,-5.605,-9.49,-5.4,-6.78,-7.18,-3.22,-1.84,0.885,1.125,-7.6,-7.7,-3.51,-2.08,-8.565
8,23,2014,6,-6.845,-10.28,-7.85,-10.45,-10.35,-4.95,-5.595,-4.78,1.36,2.29,-2.7,-4.845,-6.25,-8.525,-5.43,-5.2,-4.81,-4.855,-5.605,-9.49,-5.4,-6.78,-7.18,-3.22,-1.84,0.885,1.125,-7.6,-7.7,-3.51,-2.08
8,24,2014,7,-7.93,-6.845,-10.28,-7.85,-10.45,-10.35,-4.95,-5.595,-4.78,1.36,2.29,-2.7,-4.845,-6.25,-8.525,-5.43,-5.2,-4.81,-4.855,-5.605,-9.49,-5.4,-6.78,-7.18,-3.22,-1.84,0.885,1.125,-7.6,-7.7,-3.51
8,25,2014,1,-11.21,-7.93,-6.845,-10.28,-7.85,-10.45,-10.35,-4.95,-5.595,-4.78,1.36,2.29,-2.7,-4.845,-6.25,-8.525,-5.43,-5.2,-4.81,-4.855,-5.605,-9.49,-5.4,-6.78,-7.18,-3.22,-1.84,0.885,1.125,-7.6,-7.7
8,26,2014,2,-15.15,-11.21,-7.93,-6.845,-10.28,-7.85,-10.45,-10.35,-4.95,-5.595,-4.78,1.36,2.29,-2.7,-4.845,-6.25,-8.525,-5.43,-5.2,-4.81,-4.855,-5.605,-9.49,-5.4,-6.78,-7.18,-3.22,-1.84,0.885,1.125,-7.6
8,27,2014,3,-6.92,-15.15,-11.21,-7.93,-6.845,-10.28,-7.85,-10.45,-10.35,-4.95,-5.595,-4.78,1.36,2.29,-2.7,-4.845,-6.25,-8.525,-5.43,-5.2,-4.81,-4.855,-5.605,-9.49,-5.4,-6.78,-7.18,-3.22,-1.84,0.885,1.125
8,28,2014,4,-1.365,-6.92,-15.15,-11.21,-7.93,-6.845,-10.28,-7.85,-10.45,-10.35,-4.95,-5.595,-4.78,1.36,2.29,-2.7,-4.845,-6.25,-8.525,-5.43,-5.2,-4.81,-4.855,-5.605,-9.49,-5.4,-6.78,-7.18,-3.22,-1.84,0.885
8,29,2014,5,-3.485,-1.365,-6.92,-15.15,-11.21,-7.93,-6.845,-10.28,-7.85,-10.45,-10.35,-4.95,-5.595,-4.78,1.36,2.29,-2.7,-4.845,-6.25,-8.525,-5.43,-5.2,-4.81,-4.855,-5.605,-9.49,-5.4,-6.78,-7.18,-3.22,-1.84
8,30,2014,6,-13.365,-3.485,-1.365,-6.92,-15.15,-11.21,-7.93,-6.845,-10.28,-7.85,-10.45,-10.35,-4.95,-5.595,-4.78,1.36,2.29,-2.7,-4.845,-6.25,-8.525,-5.43,-5.2,-4.81,-4.855,-5.605,-9.49,-5.4,-6.78,-7.18,-3.22
8,31,2014,7,-11.845,-13.365,-3.485,-1.365,-6.92,-15.15,-11.21,-7.93,-6.845,-10.28,-7.85,-10.45,-10.35,-4.95,-5.595,-4.78,1.36,2.29,-2.7,-4.845,-6.25,-8.525,-5.43,-5.2,-4.81,-4.855,-5.605,-9.49,-5.4,-6.78,-7.18
9,1,2014,1,-13.43,-11.845,-13.365,-3.485,-1.365,-6.92,-15.15,-11.21,-7.93,-6.845,-10.28,-7.85,-10.45,-10.35,-4.95,-5.595,-4.78,1.36,2.29,-2.7,-4.845,-6.25,-8.525,-5.43,-5.2,-4.81,-4.855,-5.605,-9.49,-5.4,-6.78
9,2,2014,2,-8.505,-13.43,-11.845,-13.365,-3.485,-1.365,-6.92,-15.15,-11.21,-7.93,-6.845,-10.28,-7.85,-10.45,-10.35,-4.95,-5.595,-4.78,1.36,2.29,-2.7,-4.845,-6.25,-8.525,-5.43,-5.2,-4.81,-4.855,-5.605,-9.49,-5.4
9,3,2014,3,-6.54,-8.505,-13.43,-11.845,-13.365,-3.485,-1.365,-6.92,-15.15,-11.21,-7.93,-6.845,-10.28,-7.85,-10.45,-10.35,-4.95,-5.595,-4.78,1.36,2.29,-2.7,-4.845,-6.25,-8.525,-5.43,-5.2,-4.81,-4.855,-5.605,-9.49
9,4,2014,4,-11.45,-6.54,-8.505,-13.43,-11.845,-13.365,-3.485,-1.365,-6.92,-15.15,-11.21,-7.93,-6.845,-10.28,-7.85,-10.45,-10.35,-4.95,-5.595,-4.78,1.36,2.29,-2.7,-4.845,-6.25,-8.525,-5.43,-5.2,-4.81,-4.855,-5.605
9,5,2014,5,-16.43,-11.45,-6.54,-8.505,-13.43,-11.845,-13.365,-3.485,-1.365,-6.92,-15.15,-11.21,-7.93,-6.845,-10.28,-7.85,-10.45,-10.35,-4.95,-5.595,-4.78,1.36,2.29,-2.7,-4.845,-6.25,-8.525,-5.43,-5.2,-4.81,-4.855
9,6,2014,6,-2.57,-16.43,-11.45,-6.54,-8.505,-13.43,-11.845,-13.365,-3.485,-1.365,-6.92,-15.15,-11.21,-7.93,-6.845,-10.28,-7.85,-10.45,-10.35,-4.95,-5.595,-4.78,1.36,2.29,-2.7,-4.845,-6.25,-8.525,-5.43,-5.2,-4.81
9,7,2014,7,1.275,-2.57,-16.43,-11.45,-6.54,-8.505,-13.43,-11.845,-13.365,-3.485,-1.365,-6.92,-15.15,-11.21,-7.93,-6.845,-10.28,-7.85,-10.45,-10.35,-4.95,-5.595,-4.78,1.36,2.29,-2.7,-4.845,-6.25,-8.525,-5.43,-5.2
9,8,2014,1,-0.505,1.275,-2.57,-16.43,-11.45,-6.54,-8.505,-13.43,-11.845,-13.365,-3.485,-1.365,-6.92,-15.15,-11.21,-7.93,-6.845,-10.28,-7.85,-10.45,-10.35,-4.95,-5.595,-4.78,1.36,2.29,-2.7,-4.845,-6.25,-8.525,-5.43
9,9,2014,2,-5.23,-0.505,1.275,-2.57,-16.43,-11.45,-6.54,-8.505,-13.43,-11.845,-13.365,-3.485,-1.365,-6.92,-15.15,-11.21,-7.93,-6.845,-10.28,-7.85,-10.45,-10.35,-4.95,-5.595,-4.78,1.36,2.29,-2.7,-4.845,-6.25,-8.525
9,10,2014,3,-6.48,-5.23,-0.505,1.275,-2.57,-16.43,-11.45,-6.54,-8.505,-13.43,-11.845,-13.365,-3.485,-1.365,-6.92,-15.15,-11.21,-7.93,-6.845,-10.28,-7.85,-10.45,-10.35,-4.95,-5.595,-4.78,1.36,2.29,-2.7,-4.845,-6.25
9,11,2014,4,0.07,-6.48,-5.23,-0.505,1.275,-2.57,-16.43,-11.45,-6.54,-8.505,-13.43,-11.845,-13.365,-3.485,-1.365,-6.92,-15.15,-11.21,-7.93,-6.845,-10.28,-7.85,-10.45,-10.35,-4.95,-5.595,-4.78,1.36,2.29,-2.7,-4.845
9,12,2014,5,9.185,0.07,-6.48,-5.23,-0.505,1.275,-2.57,-16.43,-11.45,-6.54,-8.505,-13.43,-11.845,-13.365,-3.485,-1.365,-6.92,-15.15,-11.21,-7.93,-6.845,-10.28,-7.85,-10.45,-10.35,-4.95,-5.595,-4.78,1.36,2.29,-2.7
9,13,2014,6,10.85,9.185,0.07,-6.48,-5.23,-0.505,1.275,-2.57,-16.43,-11.45,-6.54,-8.505,-13.43,-11.845,-13.365,-3.485,-1.365,-6.92,-15.15,-11.21,-7.93,-6.845,-10.28,-7.85,-10.45,-10.35,-4.95,-5.595,-4.78,1.36,2.29
9,14,2014,7,11.35,10.85,9.185,0.07,-6.48,-5.23,-0.505,1.275,-2.57,-16.43,-11.45,-6.54,-8.505,-13.43,-11.845,-13.365,-3.485,-1.365,-6.92,-15.15,-11.21,-7.93,-6.845,-10.28,-7.85,-10.45,-10.35,-4.95,-5.595,-4.78,1.36
9,15,2014,1,9.59,11.35,10.85,9.185,0.07,-6.48,-5.23,-0.505,1.275,-2.57,-16.43,-11.45,-6.54,-8.505,-13.43,-11.845,-13.365,-3.485,-1.365,-6.92,-15.15,-11.21,-7.93,-6.845,-10.28,-7.85,-10.45,-10.35,-4.95,-5.595,-4.78
9,16,2014,2,6.64,9.59,11.35,10.85,9.185,0.07,-6.48,-5.23,-0.505,1.275,-2.57,-16.43,-11.45,-6.54,-8.505,-13.43,-11.845,-13.365,-3.485,-1.365,-6.92,-15.15,-11.21,-7.93,-6.845,-10.28,-7.85,-10.45,-10.35,-4.95,-5.595
9,17,2014,3,7.34,6.64,9.59,11.35,10.85,9.185,0.07,-6.48,-5.23,-0.505,1.275,-2.57,-16.43,-11.45,-6.54,-8.505,-13.43,-11.845,-13.365,-3.485,-1.365,-6.92,-15.15,-11.21,-7.93,-6.845,-10.28,-7.85,-10.45,-10.35,-4.95
9,18,2014,4,6.085,7.34,6.64,9.59,11.35,10.85,9.185,0.07,-6.48,-5.23,-0.505,1.275,-2.57,-16.43,-11.45,-6.54,-8.505,-13.43,-11.845,-13.365,-3.485,-1.365,-6.92,-15.15,-11.21,-7.93,-6.845,-10.28,-7.85,-10.45,-10.35
9,19,2014,5,10.725,6.085,7.34,6.64,9.59,11.35,10.85,9.185,0.07,-6.48,-5.23,-0.505,1.275,-2.57,-16.43,-11.45,-6.54,-8.505,-13.43,-11.845,-13.365,-3.485,-1.365,-6.92,-15.15,-11.21,-7.93,-6.845,-10.28,-7.85,-10.45
9,20,2014,6,-3.53,10.725,6.085,7.34,6.64,9.59,11.35,10.85,9.185,0.07,-6.48,-5.23,-0.505,1.275,-2.57,-16.43,-11.45,-6.54,-8.505,-13.43,-11.845,-13.365,-3.485,-1.365,-6.92,-15.15,-11.21,-7.93,-6.845,-10.28,-7.85
9,21,2014,7,4.27,-3.53,10.725,6.085,7.34,6.64,9.59,11.35,10.85,9.185,0.07,-6.48,-5.23,-0.505,1.275,-2.57,-16.43,-11.45,-6.54,-8.505,-13.43,-11.845,-13.365,-3.485,-1.365,-6.92,-15.15,-11.21,-7.93,-6.845,-10.28
9,22,2014,1,8.96,4.27,-3.53,10.725,6.085,7.34,6.64,9.59,11.35,10.85,9.185,0.07,-6.48,-5.23,-0.505,1.275,-2.57,-16.43,-11.45,-6.54,-8.505,-13.43,-11.845,-13.365,-3.485,-1.365,-6.92,-15.15,-11.21,-7.93,-6.845
9,23,2014,2,6.845,8.96,4.27,-3.53,10.725,6.085,7.34,6.64,9.59,11.35,10.85,9.185,0.07,-6.48,-5.23,-0.505,1.275,-2.57,-16.43,-11.45,-6.54,-8.505,-13.43,-11.845,-13.365,-3.485,-1.365,-6.92,-15.15,-11.21,-7.93
9,24,2014,3,3.07,6.845,8.96,4.27,-3.53,10.725,6.085,7.34,6.64,9.59,11.35,10.85,9.185,0.07,-6.48,-5.23,-0.505,1.275,-2.57,-16.43,-11.45,-6.54,-8.505,-13.43,-11.845,-13.365,-3.485,-1.365,-6.92,-15.15,-11.21
9,25,2014,4,1.38,3.07,6.845,8.96,4.27,-3.53,10.725,6.085,7.34,6.64,9.59,11.35,10.85,9.185,0.07,-6.48,-5.23,-0.505,1.275,-2.57,-16.43,-11.45,-6.54,-8.505,-13.43,-11.845,-13.365,-3.485,-1.365,-6.92,-15.15
9,26,2014,5,2.53,1.38,3.07,6.845,8.96,4.27,-3.53,10.725,6.085,7.34,6.64,9.59,11.35,10.85,9.185,0.07,-6.48,-5.23,-0.505,1.275,-2.57,-16.43,-11.45,-6.54,-8.505,-13.43,-11.845,-13.365,-3.485,-1.365,-6.92
9,27,2014,6,0.715,2.53,1.38,3.07,6.845,8.96,4.27,-3.53,10.725,6.085,7.34,6.64,9.59,11.35,10.85,9.185,0.07,-6.48,-5.23,-0.505,1.275,-2.57,-16.43,-11.45,-6.54,-8.505,-13.43,-11.845,-13.365,-3.485,-1.365
9,28,2014,7,0.055,0.715,2.53,1.38,3.07,6.845,8.96,4.27,-3.53,10.725,6.085,7.34,6.64,9.59,11.35,10.85,9.185,0.07,-6.48,-5.23,-0.505,1.275,-2.57,-16.43,-11.45,-6.54,-8.505,-13.43,-11.845,-13.365,-3.485
9,29,2014,1,0.0,0.055,0.715,2.53,1.38,3.07,6.845,8.96,4.27,-3.53,10.725,6.085,7.34,6.64,9.59,11.35,10.85,9.185,0.07,-6.48,-5.23,-0.505,1.275,-2.57,-16.43,-11.45,-6.54,-8.505,-13.43,-11.845,-13.365
9,30,2014,2,6.555,0.0,0.055,0.715,2.53,1.38,3.07,6.845,8.96,4.27,-3.53,10.725,6.085,7.34,6.64,9.59,11.35,10.85,9.185,0.07,-6.48,-5.23,-0.505,1.275,-2.57,-16.43,-11.45,-6.54,-8.505,-13.43,-11.845
10,1,2014,3,5.705,6.555,0.0,0.055,0.715,2.53,1.38,3.07,6.845,8.96,4.27,-3.53,10.725,6.085,7.34,6.64,9.59,11.35,10.85,9.185,0.07,-6.48,-5.23,-0.505,1.275,-2.57,-16.43,-11.45,-6.54,-8.505,-13.43
10,2,2014,4,1.49,5.705,6.555,0.0,0.055,0.715,2.53,1.38,3.07,6.845,8.96,4.27,-3.53,10.725,6.085,7.34,6.64,9.59,11.35,10.85,9.185,0.07,-6.48,-5.23,-0.505,1.275,-2.57,-16.43,-11.45,-6.54,-8.505
10,3,2014,5,2.755,1.49,5.705,6.555,0.0,0.055,0.715,2.53,1.38,3.07,6.845,8.96,4.27,-3.53,10.725,6.085,7.34,6.64,9.59,11.35,10.85,9.185,0.07,-6.48,-5.23,-0.505,1.275,-2.57,-16.43,-11.45,-6.54
10,4,2014,6,16.4,2.755,1.49,5.705,6.555,0.0,0.055,0.715,2.53,1.38,3.07,6.845,8.96,4.27,-3.53,10.725,6.085,7.34,6.64,9.59,11.35,10.85,9.185,0.07,-6.48,-5.23,-0.505,1.275,-2.57,-16.43,-11.45
10,5,2014,7,16.15,16.4,2.755,1.49,5.705,6.555,0.0,0.055,0.715,2.53,1.38,3.07,6.845,8.96,4.27,-3.53,10.725,6.085,7.34,6.64,9.59,11.35,10.85,9.185,0.07,-6.48,-5.23,-0.505,1.275,-2.57,-16.43
10,6,2014,1,8.495,16.15,16.4,2.755,1.49,5.705,6.555,0.0,0.055,0.715,2.53,1.38,3.07,6.845,8.96,4.27,-3.53,10.725,6.085,7.34,6.64,9.59,11.35,10.85,9.185,0.07,-6.48,-5.23,-0.505,1.275,-2.57
10,7,2014,2,12.4,8.495,16.15,16.4,2.755,1.49,5.705,6.555,0.0,0.055,0.715,2.53,1.38,3.07,6.845,8.96,4.27,-3.53,10.725,6.085,7.34,6.64,9.59,11.35,10.85,9.185,0.07,-6.48,-5.23,-0.505,1.275
10,8,2014,3,9.795,12.4,8.495,16.15,16.4,2.755,1.49,5.705,6.555,0.0,0.055,0.715,2.53,1.38,3.07,6.845,8.96,4.27,-3.53,10.725,6.085,7.34,6.64,9.59,11.35,10.85,9.185,0.07,-6.48,-5.23,-0.505
10,9,2014,4,12.2,9.795,12.4,8.495,16.15,16.4,2.755,1.49,5.705,6.555,0.0,0.055,0.715,2.53,1.38,3.07,6.845,8.96,4.27,-3.53,10.725,6.085,7.34,6.64,9.59,11.35,10.85,9.185,0.07,-6.48,-5.23
10,10,2014,5,15.49,12.2,9.795,12.4,8.495,16.15,16.4,2.755,1.49,5.705,6.555,0.0,0.055,0.715,2.53,1.38,3.07,6.845,8.96,4.27,-3.53,10.725,6.085,7.34,6.64,9.59,11.35,10.85,9.185,0.07,-6.48
10,11,2014,6,16.42,15.49,12.2,9.795,12.4,8.495,16.15,16.4,2.755,1.49,5.705,6.555,0.0,0.055,0.715,2.53,1.38,3.07,6.845,8.96,4.27,-3.53,10.725,6.085,7.34,6.64,9.59,11.35,10.85,9.185,0.07
10,12,2014,7,15.705,16.42,15.49,12.2,9.795,12.4,8.495,16.15,16.4,2.755,1.49,5.705,6.555,0.0,0.055,0.715,2.53,1.38,3.07,6.845,8.96,4.27,-3.53,10.725,6.085,7.34,6.64,9.59,11.35,10.85,9.185
10,13,2014,1,4.04,15.705,16.42,15.49,12.2,9.795,12.4,8.495,16.15,16.4,2.755,1.49,5.705,6.555,0.0,0.055,0.715,2.53,1.38,3.07,6.845,8.96,4.27,-3.53,10.725,6.085,7.34,6.64,9.59,11.35,10.85
10,14,2014,2,1.155,4.04,15.705,16.42,15.49,12.2,9.795,12.4,8.495,16.15,16.4,2.755,1.49,5.705,6.555,0.0,0.055,0.715,2.53,1.38,3.07,6.845,8.96,4.27,-3.53,10.725,6.085,7.34,6.64,9.59,11.35
10,15,2014,3,5.68,1.155,4.04,15.705,16.42,15.49,12.2,9.795,12.4,8.495,16.15,16.4,2.755,1.49,5.705,6.555,0.0,0.055,0.715,2.53,1.38,3.07,6.845,8.96,4.27,-3.53,10.725,6.085,7.34,6.64,9.59
10,16,2014,4,6.61,5.68,1.155,4.04,15.705,16.42,15.49,12.2,9.795,12.4,8.495,16.15,16.4,2.755,1.49,5.705,6.555,0.0,0.055,0.715,2.53,1.38,3.07,6.845,8.96,4.27,-3.53,10.725,6.085,7.34,6.64
10,17,2014,5,6.33,6.61,5.68,1.155,4.04,15.705,16.42,15.49,12.2,9.795,12.4,8.495,16.15,16.4,2.755,1.49,5.705,6.555,0.0,0.055,0.715,2.53,1.38,3.07,6.845,8.96,4.27,-3.53,10.725,6.085,7.34
10,18,2014,6,15.67,6.33,6.61,5.68,1.155,4.04,15.705,16.42,15.49,12.2,9.795,12.4,8.495,16.15,16.4,2.755,1.49,5.705,6.555,0.0,0.055,0.715,2.53,1.38,3.07,6.845,8.96,4.27,-3.53,10.725,6.085
10,19,2014,7,21.555,15.67,6.33,6.61,5.68,1.155,4.04,15.705,16.42,15.49,12.2,9.795,12.4,8.495,16.15,16.4,2.755,1.49,5.705,6.555,0.0,0.055,0.715,2.53,1.38,3.07,6.845,8.96,4.27,-3.53,10.725
10,20,2014,1,12.82,21.555,15.67,6.33,6.61,5.68,1.155,4.04,15.705,16.42,15.49,12.2,9.795,12.4,8.495,16.15,16.4,2.755,1.49,5.705,6.555,0.0,0.055,0.715,2.53,1.38,3.07,6.845,8.96,4.27,-3.53
10,21,2014,2,16.385,12.82,21.555,15.67,6.33,6.61,5.68,1.155,4.04,15.705,16.42,15.49,12.2,9.795,12.4,8.495,16.15,16.4,2.755,1.49,5.705,6.555,0.0,0.055,0.715,2.53,1.38,3.07,6.845,8.96,4.27
10,22,2014,3,15.3,16.385,12.82,21.555,15.67,6.33,6.61,5.68,1.155,4.04,15.705,16.42,15.49,12.2,9.795,12.4,8.495,16.15,16.4,2.755,1.49,5.705,6.555,0.0,0.055,0.715,2.53,1.38,3.07,6.845,8.96
10,23,2014,4,17.36,15.3,16.385,12.82,21.555,15.67,6.33,6.61,5.68,1.155,4.04,15.705,16.42,15.49,12.2,9.795,12.4,8.495,16.15,16.4,2.755,1.49,5.705,6.555,0.0,0.055,0.715,2.53,1.38,3.07,6.845
10,24,2014,5,14.77,17.36,15.3,16.385,12.82,21.555,15.67,6.33,6.61,5.68,1.155,4.04,15.705,16.42,15.49,12.2,9.795,12.4,8.495,16.15,16.4,2.755,1.49,5.705,6.555,0.0,0.055,0.715,2.53,1.38,3.07
10,25,2014,6,7.385,14.77,17.36,15.3,16.385,12.82,21.555,15.67,6.33,6.61,5.68,1.155,4.04,15.705,16.42,15.49,12.2,9.795,12.4,8.495,16.15,16.4,2.755,1.49,5.705,6.555,0.0,0.055,0.715,2.53,1.38
10,26,2014,7,12.395,8.79,15.155,17.39,15.195,16.275,12.765,21.73,15.67,6.33,6.61,5.68,1.155,4.04,15.89,16.42,15.49,12.2,9.795,12.4,8.495,16.15,16.4,2.755,1.49,5.705,6.555,0.0,0.055,0.715,2.53
11,1,2014,6,26.645,22.78,19.485,17.05,6.14,11.505,12.86,8.305,15.275,17.755,15.525,16.61,12.955,21.73,14.87,5.465,5.43,5.1,0.26,2.12,15.89,16.42,15.49,12.2,9.795,12.4,8.495,16.15,16.4,2.755,1.49
