10,25,2013,5,-3.01,-8.25,-5.27,-4.26,-5.59,0.995,0.565,-2.555,-4.095,-4.62,-14.23,-13.165,-9.13,-14.81,-14.125,-11.72,-8.76,-6.66,-4.82,-2.905,-18.405,-17.42,-16.52,-15.21,-17.015,-17.07,-15.775,-16.01,-16.43,-17.79,-20.64
10,26,2013,6,-3.325,-3.01,-8.25,-5.27,-4.26,-5.59,0.995,0.565,-2.555,-4.095,-4.62,-14.23,-13.165,-9.13,-14.81,-14.125,-11.72,-8.76,-6.66,-4.82,-2.905,-18.405,-17.42,-16.52,-15.21,-17.015,-17.07,-15.775,-16.01,-16.43,-17.79
10,27,2013,7,-4.31,-3.325,-3.01,-8.25,-5.27,-4.26,-5.59,0.995,0.565,-2.555,-4.095,-4.62,-14.23,-13.165,-9.13,-14.81,-14.125,-11.72,-8.76,-6.66,-4.82,-2.905,-18.405,-17.42,-16.52,-15.21,-17.015,-17.07,-15.775,-16.01,-16.43
10,28,2013,1,-8.475,-4.31,-3.325,-3.01,-8.25,-5.27,-4.26,-5.59,0.995,0.565,-2.555,-4.095,-4.62,-14.23,-13.165,-9.13,-14.81,-14.125,-11.72,-8.76,-6.66,-4.82,-2.905,-18.405,-17.42,-16.52,-15.21,-17.015,-17.07,-15.775,-16.01
10,29,2013,2,-10.935,-8.475,-4.31,-3.325,-3.01,-8.25,-5.27,-4.26,-5.59,0.995,0.565,-2.555,-4.095,-4.62,-14.23,-13.165,-9.13,-14.81,-14.125,-11.72,-8.76,-6.66,-4.82,-2.905,-18.405,-17.42,-16.52,-15.21,-17.015,-17.07,-15.775
10,30,2013,3,-11.98,-10.935,-8.475,-4.31,-3.325,-3.01,-8.25,-5.27,-4.26,-5.59,0.995,0.565,-2.555,-4.095,-4.62,-14.23,-13.165,-9.13,-14.81,-14.125,-11.72,-8.76,-6.66,-4.82,-2.905,-18.405,-17.42,-16.52,-15.21,-17.015,-17.07
10,31,2013,4,-6.825,-11.98,-10.935,-8.475,-4.31,-3.325,-3.01,-8.25,-5.27,-4.26,-5.59,0.995,0.565,-2.555,-4.095,-4.62,-14.23,-13.165,-9.13,-14.81,-14.125,-11.72,-8.76,-6.66,-4.82,-2.905,-18.405,-17.42,-16.52,-15.21,-17.015
11,1,2013,5,-5.19,-6.825,-11.98,-10.935,-8.475,-4.31,-3.325,-3.01,-8.25,-5.27,-4.26,-5.59,0.995,0.565,-2.555,-4.095,-4.62,-14.23,-13.165,-9.13,-14.81,-14.125,-11.72,-8.76,-6.66,-4.82,-2.905,-18.405,-17.42,-16.52,-15.21
11,2,2013,6,-0.675,-5.19,-6.825,-11.98,-10.935,-8.475,-4.31,-3.325,-3.01,-8.25,-5.27,-4.26,-5.59,0.995,0.565,-2.555,-4.095,-4.62,-14.23,-13.165,-9.13,-14.81,-14.125,-11.72,-8.76,-6.66,-4.82,-2.905,-18.405,-17.42,-16.52
11,3,2013,7,5.33,-0.675,-5.19,-6.825,-11.98,-10.935,-8.475,-4.31,-3.325,-3.01,-8.25,-5.27,-4.26,-5.59,0.995,0.565,-2.555,-4.095,-4.62,-14.23,-13.165,-9.13,-14.81,-14.125,-11.72,-8.76,-6.66,-4.82,-2.905,-18.405,-17.42
11,4,2013,1,-0.565,5.33,-0.675,-5.19,-6.825,-11.98,-10.935,-8.475,-4.31,-3.325,-3.01,-8.25,-5.27,-4.26,-5.59,0.995,0.565,-2.555,-4.095,-4.62,-14.23,-13.165,-9.13,-14.81,-14.125,-11.72,-8.76,-6.66,-4.82,-2.905,-18.405
11,5,2013,2,-11.07,-0.565,5.33,-0.675,-5.19,-6.825,-11.98,-10.935,-8.475,-4.31,-3.325,-3.01,-8.25,-5.27,-4.26,-5.59,0.995,0.565,-2.555,-4.095,-4.62,-14.23,-13.165,-9.13,-14.81,-14.125,-11.72,-8.76,-6.66,-4.82,-2.905
11,6,2013,3,-3.19,-11.07,-0.565,5.33,-0.675,-5.19,-6.825,-11.98,-10.935,-8.475,-4.31,-3.325,-3.01,-8.25,-5.27,-4.26,-5.59,0.995,0.565,-2.555,-4.095,-4.62,-14.23,-13.165,-9.13,-14.81,-14.125,-11.72,-8.76,-6.66,-4.82
11,7,2013,4,8.73,-3.19,-11.07,-0.565,5.33,-0.675,-5.19,-6.825,-11.98,-10.935,-8.475,-4.31,-3.325,-3.01,-8.25,-5.27,-4.26,-5.59,0.995,0.565,-2.555,-4.095,-4.62,-14.23,-13.165,-9.13,-14.81,-14.125,-11.72,-8.76,-6.66
11,8,2013,5,7.095,8.73,-3.19,-11.07,-0.565,5.33,-0.675,-5.19,-6.825,-11.98,-10.935,-8.475,-4.31,-3.325,-3.01,-8.25,-5.27,-4.26,-5.59,0.995,0.565,-2.555,-4.095,-4.62,-14.23,-13.165,-9.13,-14.81,-14.125,-11.72,-8.76
11,9,2013,6,1.57,7.095,8.73,-3.19,-11.07,-0.565,5.33,-0.675,-5.19,-6.825,-11.98,-10.935,-8.475,-4.31,-3.325,-3.01,-8.25,-5.27,-4.26,-5.59,0.995,0.565,-2.555,-4.095,-4.62,-14.23,-13.165,-9.13,-14.81,-14.125,-11.72
11,10,2013,7,-0.105,1.57,7.095,8.73,-3.19,-11.07,-0.565,5.33,-0.675,-5.19,-6.825,-11.98,-10.935,-8.475,-4.31,-3.325,-3.01,-8.25,-5.27,-4.26,-5.59,0.995,0.565,-2.555,-4.095,-4.62,-14.23,-13.165,-9.13,-14.81,-14.125
11,11,2013,1,-0.745,-0.105,1.57,7.095,8.73,-3.19,-11.07,-0.565,5.33,-0.675,-5.19,-6.825,-11.98,-10.935,-8.475,-4.31,-3.325,-3.01,-8.25,-5.27,-4.26,-5.59,0.995,0.565,-2.555,-4.095,-4.62,-14.23,-13.165,-9.13,-14.81
11,12,2013,2,4.47,-0.745,-0.105,1.57,7.095,8.73,-3.19,-11.07,-0.565,5.33,-0.675,-5.19,-6.825,-11.98,-10.935,-8.475,-4.31,-3.325,-3.01,-8.25,-5.27,-4.26,-5.59,0.995,0.565,-2.555,-4.095,-4.62,-14.23,-13.165,-9.13
11,13,2013,3,18.78,4.47,-0.745,-0.105,1.57,7.095,8.73,-3.19,-11.07,-0.565,5.33,-0.675,-5.19,-6.825,-11.98,-10.935,-8.475,-4.31,-3.325,-3.01,-8.25,-5.27,-4.26,-5.59,0.995,0.565,-2.555,-4.095,-4.62,-14.23,-13.165
11,14,2013,4,13.175,18.78,4.47,-0.745,-0.105,1.57,7.095,8.73,-3.19,-11.07,-0.565,5.33,-0.675,-5.19,-6.825,-11.98,-10.935,-8.475,-4.31,-3.325,-3.01,-8.25,-5.27,-4.26,-5.59,0.995,0.565,-2.555,-4.095,-4.62,-14.23
11,15,2013,5,-1.93,13.175,18.78,4.47,-0.745,-0.105,1.57,7.095,8.73,-3.19,-11.07,-0.565,5.33,-0.675,-5.19,-6.825,-11.98,-10.935,-8.475,-4.31,-3.325,-3.01,-8.25,-5.27,-4.26,-5.59,0.995,0.565,-2.555,-4.095,-4.62
11,16,2013,6,-6.525,-1.93,13.175,18.78,4.47,-0.745,-0.105,1.57,7.095,8.73,-3.19,-11.07,-0.565,5.33,-0.675,-5.19,-6.825,-11.98,-10.935,-8.475,-4.31,-3.325,-3.01,-8.25,-5.27,-4.26,-5.59,0.995,0.565,-2.555,-4.095
11,17,2013,7,-14.135,-6.525,-1.93,13.175,18.78,4.47,-0.745,-0.105,1.57,7.095,8.73,-3.19,-11.07,-0.565,5.33,-0.675,-5.19,-6.825,-11.98,-10.935,-8.475,-4.31,-3.325,-3.01,-8.25,-5.27,-4.26,-5.59,0.995,0.565,-2.555
11,18,2013,1,-6.415,-14.135,-6.525,-1.93,13.175,18.78,4.47,-0.745,-0.105,1.57,7.095,8.73,-3.19,-11.07,-0.565,5.33,-0.675,-5.19,-6.825,-11.98,-10.935,-8.475,-4.31,-3.325,-3.01,-8.25,-5.27,-4.26,-5.59,0.995,0.565
11,19,2013,2,1.195,-6.415,-14.135,-6.525,-1.93,13.175,18.78,4.47,-0.745,-0.105,1.57,7.095,8.73,-3.19,-11.07,-0.565,5.33,-0.675,-5.19,-6.825,-11.98,-10.935,-8.475,-4.31,-3.325,-3.01,-8.25,-5.27,-4.26,-5.59,0.995
11,20,2013,3,2.14,1.195,-6.415,-14.135,-6.525,-1.93,13.175,18.78,4.47,-0.745,-0.105,1.57,7.095,8.73,-3.19,-11.07,-0.565,5.33,-0.675,-5.19,-6.825,-11.98,-10.935,-8.475,-4.31,-3.325,-3.01,-8.25,-5.27,-4.26,-5.59
11,21,2013,4,-9.42,2.14,1.195,-6.415,-14.135,-6.525,-1.93,13.175,18.78,4.47,-0.745,-0.105,1.57,7.095,8.73,-3.19,-11.07,-0.565,5.33,-0.675,-5.19,-6.825,-11.98,-10.935,-8.475,-4.31,-3.325,-3.01,-8.25,-5.27,-4.26
11,22,2013,5,5.805,-9.42,2.14,1.195,-6.415,-14.135,-6.525,-1.93,13.175,18.78,4.47,-0.745,-0.105,1.57,7.095,8.73,-3.19,-11.07,-0.565,5.33,-0.675,-5.19,-6.825,-11.98,-10.935,-8.475,-4.31,-3.325,-3.01,-8.25,-5.27
11,23,2013,6,19.36,5.805,-9.42,2.14,1.195,-6.415,-14.135,-6.525,-1.93,13.175,18.78,4.47,-0.745,-0.105,1.57,7.095,8.73,-3.19,-11.07,-0.565,5.33,-0.675,-5.19,-6.825,-11.98,-10.935,-8.475,-4.31,-3.325,-3.01,-8.25
11,24,2013,7,19.145,19.36,5.805,-9.42,2.14,1.195,-6.415,-14.135,-6.525,-1.93,13.175,18.78,4.47,-0.745,-0.105,1.57,7.095,8.73,-3.19,-11.07,-0.565,5.33,-0.675,-5.19,-6.825,-11.98,-10.935,-8.475,-4.31,-3.325,-3.01
11,25,2013,1,23.5,19.145,19.36,5.805,-9.42,2.14,1.195,-6.415,-14.135,-6.525,-1.93,13.175,18.78,4.47,-0.745,-0.105,1.57,7.095,8.73,-3.19,-11.07,-0.565,5.33,-0.675,-5.19,-6.825,-11.98,-10.935,-8.475,-4.31,-3.325
11,26,2013,2,22.96,23.5,19.145,19.36,5.805,-9.42,2.14,1.195,-6.415,-14.135,-6.525,-1.93,13.175,18.78,4.47,-0.745,-0.105,1.57,7.095,8.73,-3.19,-11.07,-0.565,5.33,-0.675,-5.19,-6.825,-11.98,-10.935,-8.475,-4.31
11,27,2013,3,21.78,22.96,23.5,19.145,19.36,5.805,-9.42,2.14,1.195,-6.415,-14.135,-6.525,-1.93,13.175,18.78,4.47,-0.745,-0.105,1.57,7.095,8.73,-3.19,-11.07,-0.565,5.33,-0.675,-5.19,-6.825,-11.98,-10.935,-8.475
11,28,2013,4,19.0,21.78,22.96,23.5,19.145,19.36,5.805,-9.42,2.14,1.195,-6.415,-14.135,-6.525,-1.93,13.175,18.78,4.47,-0.745,-0.105,1.57,7.095,8.73,-3.19,-11.07,-0.565,5.33,-0.675,-5.19,-6.825,-11.98,-10.935
11,29,2013,5,13.855,19.0,21.78,22.96,23.5,19.145,19.36,5.805,-9.42,2.14,1.195,-6.415,-14.135,-6.525,-1.93,13.175,18.78,4.47,-0.745,-0.105,1.57,7.095,8.73,-3.19,-11.07,-0.565,5.33,-0.675,-5.19,-6.825,-11.98
11,30,2013,6,7.475,13.855,19.0,21.78,22.96,23.5,19.145,19.36,5.805,-9.42,2.14,1.195,-6.415,-14.135,-6.525,-1.93,13.175,18.78,4.47,-0.745,-0.105,1.57,7.095,8.73,-3.19,-11.07,-0.565,5.33,-0.675,-5.19,-6.825
12,1,2013,7,2.51,7.475,13.855,19.0,21.78,22.96,23.5,19.145,19.36,5.805,-9.42,2.14,1.195,-6.415,-14.135,-6.525,-1.93,13.175,18.78,4.47,-0.745,-0.105,1.57,7.095,8.73,-3.19,-11.07,-0.565,5.33,-0.675,-5.19
12,2,2013,1,-4.5,2.51,7.475,13.855,19.0,21.78,22.96,23.5,19.145,19.36,5.805,-9.42,2.14,1.195,-6.415,-14.135,-6.525,-1.93,13.175,18.78,4.47,-0.745,-0.105,1.57,7.095,8.73,-3.19,-11.07,-0.565,5.33,-0.675
12,3,2013,2,-6.74,-4.5,2.51,7.475,13.855,19.0,21.78,22.96,23.5,19.145,19.36,5.805,-9.42,2.14,1.195,-6.415,-14.135,-6.525,-1.93,13.175,18.78,4.47,-0.745,-0.105,1.57,7.095,8.73,-3.19,-11.07,-0.565,5.33
12,4,2013,3,-8.825,-6.74,-4.5,2.51,7.475,13.855,19.0,21.78,22.96,23.5,19.145,19.36,5.805,-9.42,2.14,1.195,-6.415,-14.135,-6.525,-1.93,13.175,18.78,4.47,-0.745,-0.105,1.57,7.095,8.73,-3.19,-11.07,-0.565
12,5,2013,4,7.835,-8.825,-6.74,-4.5,2.51,7.475,13.855,19.0,21.78,22.96,23.5,19.145,19.36,5.805,-9.42,2.14,1.195,-6.415,-14.135,-6.525,-1.93,13.175,18.78,4.47,-0.745,-0.105,1.57,7.095,8.73,-3.19,-11.07
12,6,2013,5,26.01,7.835,-8.825,-6.74,-4.5,2.51,7.475,13.855,19.0,21.78,22.96,23.5,19.145,19.36,5.805,-9.42,2.14,1.195,-6.415,-14.135,-6.525,-1.93,13.175,18.78,4.47,-0.745,-0.105,1.57,7.095,8.73,-3.19
12,7,2013,6,29.5,26.01,7.835,-8.825,-6.74,-4.5,2.51,7.475,13.855,19.0,21.78,22.96,23.5,19.145,19.36,5.805,-9.42,2.14,1.195,-6.415,-14.135,-6.525,-1.93,13.175,18.78,4.47,-0.745,-0.105,1.57,7.095,8.73
12,8,2013,7,22.705,29.5,26.01,7.835,-8.825,-6.74,-4.5,2.51,7.475,13.855,19.0,21.78,22.96,23.5,19.145,19.36,5.805,-9.42,2.14,1.195,-6.415,-14.135,-6.525,-1.93,13.175,18.78,4.47,-0.745,-0.105,1.57,7.095
12,9,2013,1,20.79,22.705,29.5,26.01,7.835,-8.825,-6.74,-4.5,2.51,7.475,13.855,19.0,21.78,22.96,23.5,19.145,19.36,5.805,-9.42,2.14,1.195,-6.415,-14.135,-6.525,-1.93,13.175,18.78,4.47,-0.745,-0.105,1.57
12,10,2013,2,24.185,20.79,22.705,29.5,26.01,7.835,-8.825,-6.74,-4.5,2.51,7.475,13.855,19.0,21.78,22.96,23.5,19.145,19.36,5.805,-9.42,2.14,1.195,-6.415,-14.135,-6.525,-1.93,13.175,18.78,4.47,-0.745,-0.105
12,11,2013,3,19.855,24.185,20.79,22.705,29.5,26.01,7.835,-8.825,-6.74,-4.5,2.51,7.475,13.855,19.0,21.78,22.96,23.5,19.145,19.36,5.805,-9.42,2.14,1.195,-6.415,-14.135,-6.525,-1.93,13.175,18.78,4.47,-0.745
12,12,2013,4,18.185,19.855,24.185,20.79,22.705,29.5,26.01,7.835,-8.825,-6.74,-4.5,2.51,7.475,13.855,19.0,21.78,22.96,23.5,19.145,19.36,5.805,-9.42,2.14,1.195,-6.415,-14.135,-6.525,-1.93,13.175,18.78,4.47
12,13,2013,5,14.325,18.185,19.855,24.185,20.79,22.705,29.5,26.01,7.835,-8.825,-6.74,-4.5,2.51,7.475,13.855,19.0,21.78,22.96,23.5,19.145,19.36,5.805,-9.42,2.14,1.195,-6.415,-14.135,-6.525,-1.93,13.175,18.78
12,14,2013,6,14.705,14.325,18.185,19.855,24.185,20.79,22.705,29.5,26.01,7.835,-8.825,-6.74,-4.5,2.51,7.475,13.855,19.0,21.78,22.96,23.5,19.145,19.36,5.805,-9.42,2.14,1.195,-6.415,-14.135,-6.525,-1.93,13.175
12,15,2013,7,19.21,14.705,14.325,18.185,19.855,24.185,20.79,22.705,29.5,26.01,7.835,-8.825,-6.74,-4.5,2.51,7.475,13.855,19.0,21.78,22.96,23.5,19.145,19.36,5.805,-9.42,2.14,1.195,-6.415,-14.135,-6.525,-1.93
12,16,2013,1,12.59,19.21,14.705,14.325,18.185,19.855,24.185,20.79,22.705,29.5,26.01,7.835,-8.825,-6.74,-4.5,2.51,7.475,13.855,19.0,21.78,22.96,23.5,19.145,19.36,5.805,-9.42,2.14,1.195,-6.415,-14.135,-6.525
12,17,2013,2,7.06,12.59,19.21,14.705,14.325,18.185,19.855,24.185,20.79,22.705,29.5,26.01,7.835,-8.825,-6.74,-4.5,2.51,7.475,13.855,19.0,21.78,22.96,23.5,19.145,19.36,5.805,-9.42,2.14,1.195,-6.415,-14.135
12,18,2013,3,6.395,7.06,12.59,19.21,14.705,14.325,18.185,19.855,24.185,20.79,22.705,29.5,26.01,7.835,-8.825,-6.74,-4.5,2.51,7.475,13.855,19.0,21.78,22.96,23.5,19.145,19.36,5.805,-9.42,2.14,1.195,-6.415
12,19,2013,4,0.23,6.395,7.06,12.59,19.21,14.705,14.325,18.185,19.855,24.185,20.79,22.705,29.5,26.01,7.835,-8.825,-6.74,-4.5,2.51,7.475,13.855,19.0,21.78,22.96,23.5,19.145,19.36,5.805,-9.42,2.14,1.195
12,20,2013,5,-6.55,0.23,6.395,7.06,12.59,19.21,14.705,14.325,18.185,19.855,24.185,20.79,22.705,29.5,26.01,7.835,-8.825,-6.74,-4.5,2.51,7.475,13.855,19.0,21.78,22.96,23.5,19.145,19.36,5.805,-9.42,2.14
12,21,2013,6,-0.965,-6.55,0.23,6.395,7.06,12.59,19.21,14.705,14.325,18.185,19.855,24.185,20.79,22.705,29.5,26.01,7.835,-8.825,-6.74,-4.5,2.51,7.475,13.855,19.0,21.78,22.96,23.5,19.145,19.36,5.805,-9.42
12,22,2013,7,14.695,-0.965,-6.55,0.23,6.395,7.06,12.59,19.21,14.705,14.325,18.185,19.855,24.185,20.79,22.705,29.5,26.01,7.835,-8.825,-6.74,-4.5,2.51,7.475,13.855,19.0,21.78,22.96,23.5,19.145,19.36,5.805
12,23,2013,1,21.485,14.695,-0.965,-6.55,0.23,6.395,7.06,12.59,19.21,14.705,14.325,18.185,19.855,24.185,20.79,22.705,29.5,26.01,7.835,-8.825,-6.74,-4.5,2.51,7.475,13.855,19.0,21.78,22.96,23.5,19.145,19.36
12,24,2013,2,19.1,21.485,14.695,-0.965,-6.55,0.23,6.395,7.06,12.59,19.21,14.705,14.325,18.185,19.855,24.185,20.79,22.705,29.5,26.01,7.835,-8.825,-6.74,-4.5,2.51,7.475,13.855,19.0,21.78,22.96,23.5,19.145
12,25,2013,3,14.33,19.1,21.485,14.695,-0.965,-6.55,0.23,6.395,7.06,12.59,19.21,14.705,14.325,18.185,19.855,24.185,20.79,22.705,29.5,26.01,7.835,-8.825,-6.74,-4.5,2.51,7.475,13.855,19.0,21.78,22.96,23.5
12,26,2013,4,8.675,14.33,19.1,21.485,14.695,-0.965,-6.55,0.23,6.395,7.06,12.59,19.21,14.705,14.325,18.185,19.855,24.185,20.79,22.705,29.5,26.01,7.835,-8.825,-6.74,-4.5,2.51,7.475,13.855,19.0,21.78,22.96
12,27,2013,5,11.59,8.675,14.33,19.1,21.485,14.695,-0.965,-6.55,0.23,6.395,7.06,12.59,19.21,14.705,14.325,18.185,19.855,24.185,20.79,22.705,29.5,26.01,7.835,-8.825,-6.74,-4.5,2.51,7.475,13.855,19.0,21.78
12,28,2013,6,10.665,11.59,8.675,14.33,19.1,21.485,14.695,-0.965,-6.55,0.23,6.395,7.06,12.59,19.21,14.705,14.325,18.185,19.855,24.185,20.79,22.705,29.5,26.01,7.835,-8.825,-6.74,-4.5,2.51,7.475,13.855,19.0
12,29,2013,7,8.19,10.665,11.59,8.675,14.33,19.1,21.485,14.695,-0.965,-6.55,0.23,6.395,7.06,12.59,19.21,14.705,14.325,18.185,19.855,24.185,20.79,22.705,29.5,26.01,7.835,-8.825,-6.74,-4.5,2.51,7.475,13.855
12,30,2013,1,18.115,8.19,10.665,11.59,8.675,14.33,19.1,21.485,14.695,-0.965,-6.55,0.23,6.395,7.06,12.59,19.21,14.705,14.325,18.185,19.855,24.185,20.79,22.705,29.5,26.01,7.835,-8.825,-6.74,-4.5,2.51,7.475
12,31,2013,2,20.2,18.115,8.19,10.665,11.59,8.675,14.33,19.1,21.485,14.695,-0.965,-6.55,0.23,6.395,7.06,12.59,19.21,14.705,14.325,18.185,19.855,24.185,20.79,22.705,29.5,26.01,7.835,-8.825,-6.74,-4.5,2.51
1,1,2014,3,9.515,20.2,18.115,8.19,10.665,11.59,8.675,14.33,19.1,21.485,14.695,-0.965,-6.55,0.23,6.395,7.06,12.59,19.21,14.705,14.325,18.185,19.855,24.185,20.79,22.705,29.5,26.01,7.835,-8.825,-6.74,-4.5
1,2,2014,4,15.6,9.515,20.2,18.115,8.19,10.665,11.59,8.675,14.33,19.1,21.485,14.695,-0.965,-6.55,0.23,6.395,7.06,12.59,19.21,14.705,14.325,18.185,19.855,24.185,20.79,22.705,29.5,26.01,7.835,-8.825,-6.74
1,3,2014,5,21.22,15.6,9.515,20.2,18.115,8.19,10.665,11.59,8.675,14.33,19.1,21.485,14.695,-0.965,-6.55,0.23,6.395,7.06,12.59,19.21,14.705,14.325,18.185,19.855,24.185,20.79,22.705,29.5,26.01,7.835,-8.825
1,4,2014,6,11.765,21.22,15.6,9.515,20.2,18.115,8.19,10.665,11.59,8.675,14.33,19.1,21.485,14.695,-0.965,-6.55,0.23,6.395,7.06,12.59,19.21,14.705,14.325,18.185,19.855,24.185,20.79,22.705,29.5,26.01,7.835
1,5,2014,7,13.975,11.765,21.22,15.6,9.515,20.2,18.115,8.19,10.665,11.59,8.675,14.33,19.1,21.485,14.695,-0.965,-6.55,0.23,6.395,7.06,12.59,19.21,14.705,14.325,18.185,19.855,24.185,20.79,22.705,29.5,26.01
1,6,2014,1,33.08,13.975,11.765,21.22,15.6,9.515,20.2,18.115,8.19,10.665,11.59,8.675,14.33,19.1,21.485,14.695,-0.965,-6.55,0.23,6.395,7.06,12.59,19.21,14.705,14.325,18.185,19.855,24.185,20.79,22.705,29.5
1,7,2014,2,28.9,33.08,13.975,11.765,21.22,15.6,9.515,20.2,18.115,8.19,10.665,11.59,8.675,14.33,19.1,21.485,14.695,-0.965,-6.55,0.23,6.395,7.06,12.59,19.21,14.705,14.325,18.185,19.855,24.185,20.79,22.705
1,8,2014,3,14.445,28.9,33.08,13.975,11.765,21.22,15.6,9.515,20.2,18.115,8.19,10.665,11.59,8.675,14.33,19.1,21.485,14.695,-0.965,-6.55,0.23,6.395,7.06,12.59,19.21,14.705,14.325,18.185,19.855,24.185,20.79
1,9,2014,4,3.69,14.445,28.9,33.08,13.975,11.765,21.22,15.6,9.515,20.2,18.115,8.19,10.665,11.59,8.675,14.33,19.1,21.485,14.695,-0.965,-6.55,0.23,6.395,7.06,12.59,19.21,14.705,14.325,18.185,19.855,24.185
1,10,2014,5,1.72,3.69,14.445,28.9,33.08,13.975,11.765,21.22,15.6,9.515,20.2,18.115,8.19,10.665,11.59,8.675,14.33,19.1,21.485,14.695,-0.965,-6.55,0.23,6.395,7.06,12.59,19.21,14.705,14.325,18.185,19.855
1,11,2014,6,-0.48,1.72,3.69,14.445,28.9,33.08,13.975,11.765,21.22,15.6,9.515,20.2,18.115,8.19,10.665,11.59,8.675,14.33,19.1,21.485,14.695,-0.965,-6.55,0.23,6.395,7.06,12.59,19.21,14.705,14.325,18.185
1,12,2014,7,4.065,-0.48,1.72,3.69,14.445,28.9,33.08,13.975,11.765,21.22,15.6,9.515,20.2,18.115,8.19,10.665,11.59,8.675,14.33,19.1,21.485,14.695,-0.965,-6.55,0.23,6.395,7.06,12.59,19.21,14.705,14.325
1,13,2014,1,2.625,4.065,-0.48,1.72,3.69,14.445,28.9,33.08,13.975,11.765,21.22,15.6,9.515,20.2,18.115,8.19,10.665,11.59,8.675,14.33,19.1,21.485,14.695,-0.965,-6.55,0.23,6.395,7.06,12.59,19.21,14.705
1,14,2014,2,6.545,2.625,4.065,-0.48,1.72,3.69,14.445,28.9,33.08,13.975,11.765,21.22,15.6,9.515,20.2,18.115,8.19,10.665,11.59,8.675,14.33,19.1,21.485,14.695,-0.965,-6.55,0.23,6.395,7.06,12.59,19.21
1,15,2014,3,13.175,6.545,2.625,4.065,-0.48,1.72,3.69,14.445,28.9,33.08,13.975,11.765,21.22,15.6,9.515,20.2,18.115,8.19,10.665,11.59,8.675,14.33,19.1,21.485,14.695,-0.965,-6.55,0.23,6.395,7.06,12.59
1,16,2014,4,7.335,13.175,6.545,2.625,4.065,-0.48,1.72,3.69,14.445,28.9,33.08,13.975,11.765,21.22,15.6,9.515,20.2,18.115,8.19,10.665,11.59,8.675,14.33,19.1,21.485,14.695,-0.965,-6.55,0.23,6.395,7.06
1,17,2014,5,9.405,7.335,13.175,6.545,2.625,4.065,-0.48,1.72,3.69,14.445,28.9,33.08,13.975,11.765,21.22,15.6,9.515,20.2,18.115,8.19,10.665,11.59,8.675,14.33,19.1,21.485,14.695,-0.965,-6.55,0.23,6.395
1,18,2014,6,9.975,9.405,7.335,13.175,6.545,2.625,4.065,-0.48,1.72,3.69,14.445,28.9,33.08,13.975,11.765,21.22,15.6,9.515,20.2,18.115,8.19,10.665,11.59,8.675,14.33,19.1,21.485,14.695,-0.965,-6.55,0.23
1,19,2014,7,4.875,9.975,9.405,7.335,13.175,6.545,2.625,4.065,-0.48,1.72,3.69,14.445,28.9,33.08,13.975,11.765,21.22,15.6,9.515,20.2,18.115,8.19,10.665,11.59,8.675,14.33,19.1,21.485,14.695,-0.965,-6.55
1,20,2014,1,1.465,4.875,9.975,9.405,7.335,13.175,6.545,2.625,4.065,-0.48,1.72,3.69,14.445,28.9,33.08,13.975,11.765,21.22,15.6,9.515,20.2,18.115,8.19,10.665,11.59,8.675,14.33,19.1,21.485,14.695,-0.965
1,21,2014,2,10.695,1.465,4.875,9.975,9.405,7.335,13.175,6.545,2.625,4.065,-0.48,1.72,3.69,14.445,28.9,33.08,13.975,11.765,21.22,15.6,9.515,20.2,18.115,8.19,10.665,11.59,8.675,14.33,19.1,21.485,14.695
1,22,2014,3,10.815,10.695,1.465,4.875,9.975,9.405,7.335,13.175,6.545,2.625,4.065,-0.48,1.72,3.69,14.445,28.9,33.08,13.975,11.765,21.22,15.6,9.515,20.2,18.115,8.19,10.665,11.59,8.675,14.33,19.1,21.485
1,23,2014,4,18.175,10.815,10.695,1.465,4.875,9.975,9.405,7.335,13.175,6.545,2.625,4.065,-0.48,1.72,3.69,14.445,28.9,33.08,13.975,11.765,21.22,15.6,9.515,20.2,18.115,8.19,10.665,11.59,8.675,14.33,19.1
1,24,2014,5,33.06,18.175,10.815,10.695,1.465,4.875,9.975,9.405,7.335,13.175,6.545,2.625,4.065,-0.48,1.72,3.69,14.445,28.9,33.08,13.975,11.765,21.22,15.6,9.515,20.2,18.115,8.19,10.665,11.59,8.675,14.33
1,25,2014,6,19.61,33.06,18.175,10.815,10.695,1.465,4.875,9.975,9.405,7.335,13.175,6.545,2.625,4.065,-0.48,1.72,3.69,14.445,28.9,33.08,13.975,11.765,21.22,15.6,9.515,20.2,18.115,8.19,10.665,11.59,8.675
1,26,2014,7,5.605,19.61,33.06,18.175,10.815,10.695,1.465,4.875,9.975,9.405,7.335,13.175,6.545,2.625,4.065,-0.48,1.72,3.69,14.445,28.9,33.08,13.975,11.765,21.22,15.6,9.515,20.2,18.115,8.19,10.665,11.59
1,27,2014,1,8.33,5.605,19.61,33.06,18.175,10.815,10.695,1.465,4.875,9.975,9.405,7.335,13.175,6.545,2.625,4.065,-0.48,1.72,3.69,14.445,28.9,33.08,13.975,11.765,21.22,15.6,9.515,20.2,18.115,8.19,10.665
1,28,2014,2,24.95,8.33,5.605,19.61,33.06,18.175,10.815,10.695,1.465,4.875,9.975,9.405,7.335,13.175,6.545,2.625,4.065,-0.48,1.72,3.69,14.445,28.9,33.08,13.975,11.765,21.22,15.6,9.515,20.2,18.115,8.19
1,29,2014,3,27.505,24.95,8.33,5.605,19.61,33.06,18.175,10.815,10.695,1.465,4.875,9.975,9.405,7.335,13.175,6.545,2.625,4.065,-0.48,1.72,3.69,14.445,28.9,33.08,13.975,11.765,21.22,15.6,9.515,20.2,18.115
1,30,2014,4,19.795,27.505,24.95,8.33,5.605,19.61,33.06,18.175,10.815,10.695,1.465,4.875,9.975,9.405,7.335,13.175,6.545,2.625,4.065,-0.48,1.72,3.69,14.445,28.9,33.08,13.975,11.765,21.22,15.6,9.515,20.2
1,31,2014,5,1.08,19.795,27.505,24.95,8.33,5.605,19.61,33.06,18.175,10.815,10.695,1.465,4.875,9.975,9.405,7.335,13.175,6.545,2.625,4.065,-0.48,1.72,3.69,14.445,28.9,33.08,13.975,11.765,21.22,15.6,9.515
2,1,2014,6,-2.95,1.08,19.795,27.505,24.95,8.33,5.605,19.61,33.06,18.175,10.815,10.695,1.465,4.875,9.975,9.405,7.335,13.175,6.545,2.625,4.065,-0.48,1.72,3.69,14.445,28.9,33.08,13.975,11.765,21.22,15.6
2,2,2014,7,11.585,-2.95,1.08,19.795,27.505,24.95,8.33,5.605,19.61,33.06,18.175,10.815,10.695,1.465,4.875,9.975,9.405,7.335,13.175,6.545,2.625,4.065,-0.48,1.72,3.69,14.445,28.9,33.08,13.975,11.765,21.22
2,3,2014,1,20.675,11.585,-2.95,1.08,19.795,27.505,24.95,8.33,5.605,19.61,33.06,18.175,10.815,10.695,1.465,4.875,9.975,9.405,7.335,13.175,6.545,2.625,4.065,-0.48,1.72,3.69,14.445,28.9,33.08,13.975,11.765
2,4,2014,2,17.075,20.675,11.585,-2.95,1.08,19.795,27.505,24.95,8.33,5.605,19.61,33.06,18.175,10.815,10.695,1.465,4.875,9.975,9.405,7.335,13.175,6.545,2.625,4.065,-0.48,1.72,3.69,14.445,28.9,33.08,13.975
2,5,2014,3,20.185,17.075,20.675,11.585,-2.95,1.08,19.795,27.505,24.95,8.33,5.605,19.61,33.06,18.175,10.815,10.695,1.465,4.875,9.975,9.405,7.335,13.175,6.545,2.625,4.065,-0.48,1.72,3.69,14.445,28.9,33.08
2,6,2014,4,28.625,20.185,17.075,20.675,11.585,-2.95,1.08,19.795,27.505,24.95,8.33,5.605,19.61,33.06,18.175,10.815,10.695,1.465,4.875,9.975,9.405,7.335,13.175,6.545,2.625,4.065,-0.48,1.72,3.69,14.445,28.9
2,7,2014,5,27.505,28.625,20.185,17.075,20.675,11.585,-2.95,1.08,19.795,27.505,24.95,8.33,5.605,19.61,33.06,18.175,10.815,10.695,1.465,4.875,9.975,9.405,7.335,13.175,6.545,2.625,4.065,-0.48,1.72,3.69,14.445
2,8,2014,6,16.38,27.505,28.625,20.185,17.075,20.675,11.585,-2.95,1.08,19.795,27.505,24.95,8.33,5.605,19.61,33.06,18.175,10.815,10.695,1.465,4.875,9.975,9.405,7.335,13.175,6.545,2.625,4.065,-0.48,1.72,3.69
2,9,2014,7,7.435,16.38,27.505,28.625,20.185,17.075,20.675,11.585,-2.95,1.08,19.795,27.505,24.95,8.33,5.605,19.61,33.06,18.175,10.815,10.695,1.465,4.875,9.975,9.405,7.335,13.175,6.545,2.625,4.065,-0.48,1.72
2,10,2014,1,14.615,7.435,16.38,27.505,28.625,20.185,17.075,20.675,11.585,-2.95,1.08,19.795,27.505,24.95,8.33,5.605,19.61,33.06,18.175,10.815,10.695,1.465,4.875,9.975,9.405,7.335,13.175,6.545,2.625,4.065,-0.48
2,11,2014,2,27.14,14.615,7.435,16.38,27.505,28.625,20.185,17.075,20.675,11.585,-2.95,1.08,19.795,27.505,24.95,8.33,5.605,19.61,33.06,18.175,10.815,10.695,1.465,4.875,9.975,9.405,7.335,13.175,6.545,2.625,4.065
2,12,2014,3,22.22,27.14,14.615,7.435,16.38,27.505,28.625,20.185,17.075,20.675,11.585,-2.95,1.08,19.795,27.505,24.95,8.33,5.605,19.61,33.06,18.175,10.815,10.695,1.465,4.875,9.975,9.405,7.335,13.175,6.545,2.625
2,13,2014,4,14.855,22.22,27.14,14.615,7.435,16.38,27.505,28.625,20.185,17.075,20.675,11.585,-2.95,1.08,19.795,27.505,24.95,8.33,5.605,19.61,33.06,18.175,10.815,10.695,1.465,4.875,9.975,9.405,7.335,13.175,6.545
2,14,2014,5,3.505,14.855,22.22,27.14,14.615,7.435,16.38,27.505,28.625,20.185,17.075,20.675,11.585,-2.95,1.08,19.795,27.505,24.95,8.33,5.605,19.61,33.06,18.175,10.815,10.695,1.465,4.875,9.975,9.405,7.335,13.175
2,15,2014,6,7.95,3.505,14.855,22.22,27.14,14.615,7.435,16.38,27.505,28.625,20.185,17.075,20.675,11.585,-2.95,1.08,19.795,27.505,24.95,8.33,5.605,19.61,33.06,18.175,10.815,10.695,1.465,4.875,9.975,9.405,7.335
2,16,2014,7,0.15,7.95,3.505,14.855,22.22,27.14,14.615,7.435,16.38,27.505,28.625,20.185,17.075,20.675,11.585,-2.95,1.08,19.795,27.505,24.95,8.33,5.605,19.61,33.06,18.175,10.815,10.695,1.465,4.875,9.975,9.405
2,17,2014,1,-7.355,0.15,7.95,3.505,14.855,22.22,27.14,14.615,7.435,16.38,27.505,28.625,20.185,17.075,20.675,11.585,-2.95,1.08,19.795,27.505,24.95,8.33,5.605,19.61,33.06,18.175,10.815,10.695,1.465,4.875,9.975
2,18,2014,2,-6.935,-7.355,0.15,7.95,3.505,14.855,22.22,27.14,14.615,7.435,16.38,27.505,28.625,20.185,17.075,20.675,11.585,-2.95,1.08,19.795,27.505,24.95,8.33,5.605,19.61,33.06,18.175,10.815,10.695,1.465,4.875
2,19,2014,3,-5.39,-6.935,-7.355,0.15,7.95,3.505,14.855,22.22,27.14,14.615,7.435,16.38,27.505,28.625,20.185,17.075,20.675,11.585,-2.95,1.08,19.795,27.505,24.95,8.33,5.605,19.61,33.06,18.175,10.815,10.695,1.465
2,20,2014,4,-4.425,-5.39,-6.935,-7.355,0.15,7.95,3.505,14.855,22.22,27.14,14.615,7.435,16.38,27.505,28.625,20.185,17.075,20.675,11.585,-2.95,1.08,19.795,27.505,24.95,8.33,5.605,19.61,33.06,18.175,10.815,10.695
2,21,2014,5,6.68,-4.425,-5.39,-6.935,-7.355,0.15,7.95,3.505,14.855,22.22,27.14,14.615,7.435,16.38,27.505,28.625,20.185,17.075,20.675,11.585,-2.95,1.08,19.795,27.505,24.95,8.33,5.605,19.61,33.06,18.175,10.815
2,22,2014,6,5.14,6.68,-4.425,-5.39,-6.935,-7.355,0.15,7.95,3.505,14.855,22.22,27.14,14.615,7.435,16.38,27.505,28.625,20.185,17.075,20.675,11.585,-2.95,1.08,19.795,27.505,24.95,8.33,5.605,19.61,33.06,18.175
2,23,2014,7,-5.44,5.14,6.68,-4.425,-5.39,-6.935,-7.355,0.15,7.95,3.505,14.855,22.22,27.14,14.615,7.435,16.38,27.505,28.625,20.185,17.075,20.675,11.585,-2.95,1.08,19.795,27.505,24.95,8.33,5.605,19.61,33.06
2,24,2014,1,-0.33,-5.44,5.14,6.68,-4.425,-5.39,-6.935,-7.355,0.15,7.95,3.505,14.855,22.22,27.14,14.615,7.435,16.38,27.505,28.625,20.185,17.075,20.675,11.585,-2.95,1.08,19.795,27.505,24.95,8.33,5.605,19.61
2,25,2014,2,-5.805,-0.33,-5.44,5.14,6.68,-4.425,-5.39,-6.935,-7.355,0.15,7.95,3.505,14.855,22.22,27.14,14.615,7.435,16.38,27.505,28.625,20.185,17.075,20.675,11.585,-2.95,1.08,19.795,27.505,24.95,8.33,5.605
2,26,2014,3,15.03,-5.805,-0.33,-5.44,5.14,6.68,-4.425,-5.39,-6.935,-7.355,0.15,7.95,3.505,14.855,22.22,27.14,14.615,7.435,16.38,27.505,28.625,20.185,17.075,20.675,11.585,-2.95,1.08,19.795,27.505,24.95,8.33
2,27,2014,4,18.565,15.03,-5.805,-0.33,-5.44,5.14,6.68,-4.425,-5.39,-6.935,-7.355,0.15,7.95,3.505,14.855,22.22,27.14,14.615,7.435,16.38,27.505,28.625,20.185,17.075,20.675,11.585,-2.95,1.08,19.795,27.505,24.95
2,28,2014,5,6.725,18.565,15.03,-5.805,-0.33,-5.44,5.14,6.68,-4.425,-5.39,-6.935,-7.355,0.15,7.95,3.505,14.855,22.22,27.14,14.615,7.435,16.38,27.505,28.625,20.185,17.075,20.675,11.585,-2.95,1.08,19.795,27.505
3,1,2014,6,-8.26,6.725,18.565,15.03,-5.805,-0.33,-5.44,5.14,6.68,-4.425,-5.39,-6.935,-7.355,0.15,7.95,3.505,14.855,22.22,27.14,14.615,7.435,16.38,27.505,28.625,20.185,17.075,20.675,11.585,-2.95,1.08,19.795
3,2,2014,7,8.845,-8.26,6.725,18.565,15.03,-5.805,-0.33,-5.44,5.14,6.68,-4.425,-5.39,-6.935,-7.355,0.15,7.95,3.505,14.855,22.22,27.14,14.615,7.435,16.38,27.505,28.625,20.185,17.075,20.675,11.585,-2.95,1.08
3,3,2014,1,30.055,8.845,-8.26,6.725,18.565,15.03,-5.805,-0.33,-5.44,5.14,6.68,-4.425,-5.39,-6.935,-7.355,0.15,7.95,3.505,14.855,22.22,27.14,14.615,7.435,16.38,27.505,28.625,20.185,17.075,20.675,11.585,-2.95
3,4,2014,2,29.59,30.055,8.845,-8.26,6.725,18.565,15.03,-5.805,-0.33,-5.44,5.14,6.68,-4.425,-5.39,-6.935,-7.355,0.15,7.95,3.505,14.855,22.22,27.14,14.615,7.435,16.38,27.505,28.625,20.185,17.075,20.675,11.585
3,5,2014,3,18.405,29.59,30.055,8.845,-8.26,6.725,18.565,15.03,-5.805,-0.33,-5.44,5.14,6.68,-4.425,-5.39,-6.935,-7.355,0.15,7.95,3.505,14.855,22.22,27.14,14.615,7.435,16.38,27.505,28.625,20.185,17.075,20.675
3,6,2014,4,12.395,18.405,29.59,30.055,8.845,-8.26,6.725,18.565,15.03,-5.805,-0.33,-5.44,5.14,6.68,-4.425,-5.39,-6.935,-7.355,0.15,7.95,3.505,14.855,22.22,27.14,14.615,7.435,16.38,27.505,28.625,20.185,17.075
3,7,2014,5,10.54,12.395,18.405,29.59,30.055,8.845,-8.26,6.725,18.565,15.03,-5.805,-0.33,-5.44,5.14,6.68,-4.425,-5.39,-6.935,-7.355,0.15,7.95,3.505,14.855,22.22,27.14,14.615,7.435,16.38,27.505,28.625,20.185
3,8,2014,6,3.665,10.54,12.395,18.405,29.59,30.055,8.845,-8.26,6.725,18.565,15.03,-5.805,-0.33,-5.44,5.14,6.68,-4.425,-5.39,-6.935,-7.355,0.15,7.95,3.505,14.855,22.22,27.14,14.615,7.435,16.38,27.505,28.625
3,9,2014,7,12.51,3.665,10.54,12.395,18.405,29.59,30.055,8.845,-8.26,6.725,18.565,15.03,-5.805,-0.33,-5.44,5.14,6.68,-4.425,-5.39,-6.935,-7.355,0.15,7.95,3.505,14.855,22.22,27.14,14.615,7.435,16.38,27.505
3,10,2014,1,4.71,12.51,3.665,10.54,12.395,18.405,29.59,30.055,8.845,-8.26,6.725,18.565,15.03,-5.805,-0.33,-5.44,5.14,6.68,-4.425,-5.39,-6.935,-7.355,0.15,7.95,3.505,14.855,22.22,27.14,14.615,7.435,16.38
3,11,2014,2,-1.9,4.71,12.51,3.665,10.54,12.395,18.405,29.59,30.055,8.845,-8.26,6.725,18.565,15.03,-5.805,-0.33,-5.44,5.14,6.68,-4.425,-5.39,-6.935,-7.355,0.15,7.95,3.505,14.855,22.22,27.14,14.615,7.435
3,12,2014,3,3.685,-1.9,4.71,12.51,3.665,10.54,12.395,18.405,29.59,30.055,8.845,-8.26,6.725,18.565,15.03,-5.805,-0.33,-5.44,5.14,6.68,-4.425,-5.39,-6.935,-7.355,0.15,7.95,3.505,14.855,22.22,27.14,14.615
3,13,2014,4,8.43,3.685,-1.9,4.71,12.51,3.665,10.54,12.395,18.405,29.59,30.055,8.845,-8.26,6.725,18.565,15.03,-5.805,-0.33,-5.44,5.14,6.68,-4.425,-5.39,-6.935,-7.355,0.15,7.95,3.505,14.855,22.22,27.14
3,14,2014,5,2.485,8.43,3.685,-1.9,4.71,12.51,3.665,10.54,12.395,18.405,29.59,30.055,8.845,-8.26,6.725,18.565,15.03,-5.805,-0.33,-5.44,5.14,6.68,-4.425,-5.39,-6.935,-7.355,0.15,7.95,3.505,14.855,22.22
3,15,2014,6,-1.17,2.485,8.43,3.685,-1.9,4.71,12.51,3.665,10.54,12.395,18.405,29.59,30.055,8.845,-8.26,6.725,18.565,15.03,-5.805,-0.33,-5.44,5.14,6.68,-4.425,-5.39,-6.935,-7.355,0.15,7.95,3.505,14.855
3,16,2014,7,7.105,-1.17,2.485,8.43,3.685,-1.9,4.71,12.51,3.665,10.54,12.395,18.405,29.59,30.055,8.845,-8.26,6.725,18.565,15.03,-5.805,-0.33,-5.44,5.14,6.68,-4.425,-5.39,-6.935,-7.355,0.15,7.95,3.505
3,17,2014,1,11.595,7.105,-1.17,2.485,8.43,3.685,-1.9,4.71,12.51,3.665,10.54,12.395,18.405,29.59,30.055,8.845,-8.26,6.725,18.565,15.03,-5.805,-0.33,-5.44,5.14,6.68,-4.425,-5.39,-6.935,-7.355,0.15,7.95
3,18,2014,2,2.43,11.595,7.105,-1.17,2.485,8.43,3.685,-1.9,4.71,12.51,3.665,10.54,12.395,18.405,29.59,30.055,8.845,-8.26,6.725,18.565,15.03,-5.805,-0.33,-5.44,5.14,6.68,-4.425,-5.39,-6.935,-7.355,0.15
3,19,2014,3,-2.88,2.43,11.595,7.105,-1.17,2.485,8.43,3.685,-1.9,4.71,12.51,3.665,10.54,12.395,18.405,29.59,30.055,8.845,-8.26,6.725,18.565,15.03,-5.805,-0.33,-5.44,5.14,6.68,-4.425,-5.39,-6.935,-7.355
3,20,2014,4,-2.675,-2.88,2.43,11.595,7.105,-1.17,2.485,8.43,3.685,-1.9,4.71,12.51,3.665,10.54,12.395,18.405,29.59,30.055,8.845,-8.26,6.725,18.565,15.03,-5.805,-0.33,-5.44,5.14,6.68,-4.425,-5.39,-6.935
3,21,2014,5,-1.36,-2.675,-2.88,2.43,11.595,7.105,-1.17,2.485,8.43,3.685,-1.9,4.71,12.51,3.665,10.54,12.395,18.405,29.59,30.055,8.845,-8.26,6.725,18.565,15.03,-5.805,-0.33,-5.44,5.14,6.68,-4.425,-5.39
3,22,2014,6,-9.125,-1.36,-2.675,-2.88,2.43,11.595,7.105,-1.17,2.485,8.43,3.685,-1.9,4.71,12.51,3.665,10.54,12.395,18.405,29.59,30.055,8.845,-8.26,6.725,18.565,15.03,-5.805,-0.33,-5.44,5.14,6.68,-4.425
3,23,2014,7,2.21,-9.125,-1.36,-2.675,-2.88,2.43,11.595,7.105,-1.17,2.485,8.43,3.685,-1.9,4.71,12.51,3.665,10.54,12.395,18.405,29.59,30.055,8.845,-8.26,6.725,18.565,15.03,-5.805,-0.33,-5.44,5.14,6.68
3,24,2014,1,7.51,2.21,-9.125,-1.36,-2.675,-2.88,2.43,11.595,7.105,-1.17,2.485,8.43,3.685,-1.9,4.71,12.51,3.665,10.54,12.395,18.405,29.59,30.055,8.845,-8.26,6.725,18.565,15.03,-5.805,-0.33,-5.44,5.14
3,25,2014,2,5.225,7.51,2.21,-9.125,-1.36,-2.675,-2.88,2.43,11.595,7.105,-1.17,2.485,8.43,3.685,-1.9,4.71,12.51,3.665,10.54,12.395,18.405,29.59,30.055,8.845,-8.26,6.725,18.565,15.03,-5.805,-0.33,-5.44
3,26,2014,3,5.06,5.225,7.51,2.21,-9.125,-1.36,-2.675,-2.88,2.43,11.595,7.105,-1.17,2.485,8.43,3.685,-1.9,4.71,12.51,3.665,10.54,12.395,18.405,29.59,30.055,8.845,-8.26,6.725,18.565,15.03,-5.805,-0.33
3,27,2014,4,-2.11,5.06,5.225,7.51,2.21,-9.125,-1.36,-2.675,-2.88,2.43,11.595,7.105,-1.17,2.485,8.43,3.685,-1.9,4.71,12.51,3.665,10.54,12.395,18.405,29.59,30.055,8.845,-8.26,6.725,18.565,15.03,-5.805
3,28,2014,5,-9.295,-2.11,5.06,5.225,7.51,2.21,-9.125,-1.36,-2.675,-2.88,2.43,11.595,7.105,-1.17,2.485,8.43,3.685,-1.9,4.71,12.51,3.665,10.54,12.395,18.405,29.59,30.055,8.845,-8.26,6.725,18.565,15.03
3,29,2014,6,-1.935,-9.295,-2.11,5.06,5.225,7.51,2.21,-9.125,-1.36,-2.675,-2.88,2.43,11.595,7.105,-1.17,2.485,8.43,3.685,-1.9,4.71,12.51,3.665,10.54,12.395,18.405,29.59,30.055,8.845,-8.26,6.725,18.565
3,30,2014,7,0.535,-1.935,-9.295,-2.11,5.06,5.225,7.51,2.21,-9.125,-1.36,-2.675,-2.88,2.43,11.595,7.105,-1.17,2.485,8.43,3.685,-1.9,4.71,12.51,3.665,10.54,12.395,18.405,29.59,30.055,8.845,-8.26,6.725
3,31,2014,1,-0.98,0.535,-1.935,-9.295,-2.11,5.06,5.225,7.51,2.21,-9.125,-1.36,-2.675,-2.88,2.43,11.595,7.105,-1.17,2.485,8.43,3.685,-1.9,4.71,12.51,3.665,10.54,12.395,18.405,29.59,30.055,8.845,-8.26
4,1,2014,2,-8.59,-0.98,0.535,-1.935,-9.295,-2.11,5.06,5.225,7.51,2.21,-9.125,-1.36,-2.675,-2.88,2.43,11.595,7.105,-1.17,2.485,8.43,3.685,-1.9,4.71,12.51,3.665,10.54,12.395,18.405,29.59,30.055,8.845
4,2,2014,3,-10.335,-8.59,-0.98,0.535,-1.935,-9.295,-2.11,5.06,5.225,7.51,2.21,-9.125,-1.36,-2.675,-2.88,2.43,11.595,7.105,-1.17,2.485,8.43,3.685,-1.9,4.71,12.51,3.665,10.54,12.395,18.405,29.59,30.055
4,3,2014,4,-7.81,-10.335,-8.59,-0.98,0.535,-1.935,-9.295,-2.11,5.06,5.225,7.51,2.21,-9.125,-1.36,-2.675,-2.88,2.43,11.595,7.105,-1.17,2.485,8.43,3.685,-1.9,4.71,12.51,3.665,10.54,12.395,18.405,29.59
4,4,2014,5,-4.185,-7.81,-10.335,-8.59,-0.98,0.535,-1.935,-9.295,-2.11,5.06,5.225,7.51,2.21,-9.125,-1.36,-2.675,-2.88,2.43,11.595,7.105,-1.17,2.485,8.43,3.685,-1.9,4.71,12.51,3.665,10.54,12.395,18.405
4,5,2014,6,-0.405,-4.185,-7.81,-10.335,-8.59,-0.98,0.535,-1.935,-9.295,-2.11,5.06,5.225,7.51,2.21,-9.125,-1.36,-2.675,-2.88,2.43,11.595,7.105,-1.17,2.485,8.43,3.685,-1.9,4.71,12.51,3.665,10.54,12.395
4,6,2014,7,5.515,-0.405,-4.185,-7.81,-10.335,-8.59,-0.98,0.535,-1.935,-9.295,-2.11,5.06,5.225,7.51,2.21,-9.125,-1.36,-2.675,-2.88,2.43,11.595,7.105,-1.17,2.485,8.43,3.685,-1.9,4.71,12.51,3.665,10.54
4,7,2014,1,1.175,5.515,-0.405,-4.185,-7.81,-10.335,-8.59,-0.98,0.535,-1.935,-9.295,-2.11,5.06,5.225,7.51,2.21,-9.125,-1.36,-2.675,-2.88,2.43,11.595,7.105,-1.17,2.485,8.43,3.685,-1.9,4.71,12.51,3.665
4,8,2014,2,1.365,1.175,5.515,-0.405,-4.185,-7.81,-10.335,-8.59,-0.98,0.535,-1.935,-9.295,-2.11,5.06,5.225,7.51,2.21,-9.125,-1.36,-2.675,-2.88,2.43,11.595,7.105,-1.17,2.485,8.43,3.685,-1.9,4.71,12.51
4,9,2014,3,-2.04,1.365,1.175,5.515,-0.405,-4.185,-7.81,-10.335,-8.59,-0.98,0.535,-1.935,-9.295,-2.11,5.06,5.225,7.51,2.21,-9.125,-1.36,-2.675,-2.88,2.43,11.595,7.105,-1.17,2.485,8.43,3.685,-1.9,4.71
4,10,2014,4,-5.82,-2.04,1.365,1.175,5.515,-0.405,-4.185,-7.81,-10.335,-8.59,-0.98,0.535,-1.935,-9.295,-2.11,5.06,5.225,7.51,2.21,-9.125,-1.36,-2.675,-2.88,2.43,11.595,7.105,-1.17,2.485,8.43,3.685,-1.9
4,11,2014,5,-6.95,-5.82,-2.04,1.365,1.175,5.515,-0.405,-4.185,-7.81,-10.335,-8.59,-0.98,0.535,-1.935,-9.295,-2.11,5.06,5.225,7.51,2.21,-9.125,-1.36,-2.675,-2.88,2.43,11.595,7.105,-1.17,2.485,8.43,3.685
4,12,2014,6,-7.87,-6.95,-5.82,-2.04,1.365,1.175,5.515,-0.405,-4.185,-7.81,-10.335,-8.59,-0.98,0.535,-1.935,-9.295,-2.11,5.06,5.225,7.51,2.21,-9.125,-1.36,-2.675,-2.88,2.43,11.595,7.105,-1.17,2.485,8.43
4,13,2014,7,-7.89,-7.87,-6.95,-5.82,-2.04,1.365,1.175,5.515,-0.405,-4.185,-7.81,-10.335,-8.59,-0.98,0.535,-1.935,-9.295,-2.11,5.06,5.225,7.51,2.21,-9.125,-1.36,-2.675,-2.88,2.43,11.595,7.105,-1.17,2.485
4,14,2014,1,3.5,-7.89,-7.87,-6.95,-5.82,-2.04,1.365,1.175,5.515,-0.405,-4.185,-7.81,-10.335,-8.59,-0.98,0.535,-1.935,-9.295,-2.11,5.06,5.225,7.51,2.21,-9.125,-1.36,-2.675,-2.88,2.43,11.595,7.105,-1.17
4,15,2014,2,11.675,3.5,-7.89,-7.87,-6.95,-5.82,-2.04,1.365,1.175,5.515,-0.405,-4.185,-7.81,-10.335,-8.59,-0.98,0.535,-1.935,-9.295,-2.11,5.06,5.225,7.51,2.21,-9.125,-1.36,-2.675,-2.88,2.43,11.595,7.105
4,16,2014,3,7.52,11.675,3.5,-7.89,-7.87,-6.95,-5.82,-2.04,1.365,1.175,5.515,-0.405,-4.185,-7.81,-10.335,-8.59,-0.98,0.535,-1.935,-9.295,-2.11,5.06,5.225,7.51,2.21,-9.125,-1.36,-2.675,-2.88,2.43,11.595
4,17,2014,4,-0.11,7.52,11.675,3.5,-7.89,-7.87,-6.95,-5.82,-2.04,1.365,1.175,5.515,-0.405,-4.185,-7.81,-10.335,-8.59,-0.98,0.535,-1.935,-9.295,-2.11,5.06,5.225,7.51,2.21,-9.125,-1.36,-2.675,-2.88,2.43
4,18,2014,5,-3.55,-0.11,7.52,11.675,3.5,-7.89,-7.87,-6.95,-5.82,-2.04,1.365,1.175,5.515,-0.405,-4.185,-7.81,-10.335,-8.59,-0.98,0.535,-1.935,-9.295,-2.11,5.06,5.225,7.51,2.21,-9.125,-1.36,-2.675,-2.88
4,19,2014,6,-5.33,-3.55,-0.11,7.52,11.675,3.5,-7.89,-7.87,-6.95,-5.82,-2.04,1.365,1.175,5.515,-0.405,-4.185,-7.81,-10.335,-8.59,-0.98,0.535,-1.935,-9.295,-2.11,5.06,5.225,7.51,2.21,-9.125,-1.36,-2.675
4,20,2014,7,-5.605,-5.33,-3.55,-0.11,7.52,11.675,3.5,-7.89,-7.87,-6.95,-5.82,-2.04,1.365,1.175,5.515,-0.405,-4.185,-7.81,-10.335,-8.59,-0.98,0.535,-1.935,-9.295,-2.11,5.06,5.225,7.51,2.21,-9.125,-1.36
4,21,2014,1,-6.51,-5.605,-5.33,-3.55,-0.11,7.52,11.675,3.5,-7.89,-7.87,-6.95,-5.82,-2.04,1.365,1.175,5.515,-0.405,-4.185,-7.81,-10.335,-8.59,-0.98,0.535,-1.935,-9.295,-2.11,5.06,5.225,7.51,2.21,-9.125
4,22,2014,2,-11.275,-6.51,-5.605,-5.33,-3.55,-0.11,7.52,11.675,3.5,-7.89,-7.87,-6.95,-5.82,-2.04,1.365,1.175,5.515,-0.405,-4.185,-7.81,-10.335,-8.59,-0.98,0.535,-1.935,-9.295,-2.11,5.06,5.225,7.51,2.21
4,23,2014,3,-9.64,-11.275,-6.51,-5.605,-5.33,-3.55,-0.11,7.52,11.675,3.5,-7.89,-7.87,-6.95,-5.82,-2.04,1.365,1.175,5.515,-0.405,-4.185,-7.81,-10.335,-8.59,-0.98,0.535,-1.935,-9.295,-2.11,5.06,5.225,7.51
4,24,2014,4,-11.475,-9.64,-11.275,-6.51,-5.605,-5.33,-3.55,-0.11,7.52,11.675,3.5,-7.89,-7.87,-6.95,-5.82,-2.04,1.365,1.175,5.515,-0.405,-4.185,-7.81,-10.335,-8.59,-0.98,0.535,-1.935,-9.295,-2.11,5.06,5.225
4,25,2014,5,-12.7,-11.475,-9.64,-11.275,-6.51,-5.605,-5.33,-3.55,-0.11,7.52,11.675,3.5,-7.89,-7.87,-6.95,-5.82,-2.04,1.365,1.175,5.515,-0.405,-4.185,-7.81,-10.335,-8.59,-0.98,0.535,-1.935,-9.295,-2.11,5.06
4,26,2014,6,-10.985,-12.7,-11.475,-9.64,-11.275,-6.51,-5.605,-5.33,-3.55,-0.11,7.52,11.675,3.5,-7.89,-7.87,-6.95,-5.82,-2.04,1.365,1.175,5.515,-0.405,-4.185,-7.81,-10.335,-8.59,-0.98,0.535,-1.935,-9.295,-2.11
4,27,2014,7,-14.65,-10.985,-12.7,-11.475,-9.64,-11.275,-6.51,-5.605,-5.33,-3.55,-0.11,7.52,11.675,3.5,-7.89,-7.87,-6.95,-5.82,-2.04,1.365,1.175,5.515,-0.405,-4.185,-7.81,-10.335,-8.59,-0.98,0.535,-1.935,-9.295
4,28,2014,1,-18.6,-14.65,-10.985,-12.7,-11.475,-9.64,-11.275,-6.51,-5.605,-5.33,-3.55,-0.11,7.52,11.675,3.5,-7.89,-7.87,-6.95,-5.82,-2.04,1.365,1.175,5.515,-0.405,-4.185,-7.81,-10.335,-8.59,-0.98,0.535,-1.935
4,29,2014,2,-12.805,-18.6,-14.65,-10.985,-12.7,-11.475,-9.64,-11.275,-6.51,-5.605,-5.33,-3.55,-0.11,7.52,11.675,3.5,-7.89,-7.87,-6.95,-5.82,-2.04,1.365,1.175,5.515,-0.405,-4.185,-7.81,-10.335,-8.59,-0.98,0.535
4,30,2014,3,-1.945,-12.805,-18.6,-14.65,-10.985,-12.7,-11.475,-9.64,-11.275,-6.51,-5.605,-5.33,-3.55,-0.11,7.52,11.675,3.5,-7.89,-7.87,-6.95,-5.82,-2.04,1.365,1.175,5.515,-0.405,-4.185,-7.81,-10.335,-8.59,-0.98
5,1,2014,4,0.79,-1.945,-12.805,-18.6,-14.65,-10.985,-12.7,-11.475,-9.64,-11.275,-6.51,-5.605,-5.33,-3.55,-0.11,7.52,11.675,3.5,-7.89,-7.87,-6.95,-5.82,-2.04,1.365,1.175,5.515,-0.405,-4.185,-7.81,-10.335,-8.59
5,2,2014,5,-3.95,0.79,-1.945,-12.805,-18.6,-14.65,-10.985,-12.7,-11.475,-9.64,-11.275,-6.51,-5.605,-5.33,-3.55,-0.11,7.52,11.675,3.5,-7.89,-7.87,-6.95,-5.82,-2.04,1.365,1.175,5.515,-0.405,-4.185,-7.81,-10.335
5,3,2014,6,-10.07,-3.95,0.79,-1.945,-12.805,-18.6,-14.65,-10.985,-12.7,-11.475,-9.64,-11.275,-6.51,-5.605,-5.33,-3.55,-0.11,7.52,11.675,3.5,-7.89,-7.87,-6.95,-5.82,-2.04,1.365,1.175,5.515,-0.405,-4.185,-7.81
5,4,2014,7,-9.7,-10.07,-3.95,0.79,-1.945,-12.805,-18.6,-14.65,-10.985,-12.7,-11.475,-9.64,-11.275,-6.51,-5.605,-5.33,-3.55,-0.11,7.52,11.675,3.5,-7.89,-7.87,-6.95,-5.82,-2.04,1.365,1.175,5.515,-0.405,-4.185
5,5,2014,1,-8.46,-9.7,-10.07,-3.95,0.79,-1.945,-12.805,-18.6,-14.65,-10.985,-12.7,-11.475,-9.64,-11.275,-6.51,-5.605,-5.33,-3.55,-0.11,7.52,11.675,3.5,-7.89,-7.87,-6.95,-5.82,-2.04,1.365,1.175,5.515,-0.405
5,6,2014,2,-10.03,-8.46,-9.7,-10.07,-3.95,0.79,-1.945,-12.805,-18.6,-14.65,-10.985,-12.7,-11.475,-9.64,-11.275,-6.51,-5.605,-5.33,-3.55,-0.11,7.52,11.675,3.5,-7.89,-7.87,-6.95,-5.82,-2.04,1.365,1.175,5.515
5,7,2014,3,-9.19,-10.03,-8.46,-9.7,-10.07,-3.95,0.79,-1.945,-12.805,-18.6,-14.65,-10.985,-12.7,-11.475,-9.64,-11.275,-6.51,-5.605,-5.33,-3.55,-0.11,7.52,11.675,3.5,-7.89,-7.87,-6.95,-5.82,-2.04,1.365,1.175
5,8,2014,4,-10.56,-9.19,-10.03,-8.46,-9.7,-10.07,-3.95,0.79,-1.945,-12.805,-18.6,-14.65,-10.985,-12.7,-11.475,-9.64,-11.275,-6.51,-5.605,-5.33,-3.55,-0.11,7.52,11.675,3.5,-7.89,-7.87,-6.95,-5.82,-2.04,1.365
5,9,2014,5,-9.845,-10.56,-9.19,-10.03,-8.46,-9.7,-10.07,-3.95,0.79,-1.945,-12.805,-18.6,-14.65,-10.985,-12.7,-11.475,-9.64,-11.275,-6.51,-5.605,-5.33,-3.55,-0.11,7.52,11.675,3.5,-7.89,-7.87,-6.95,-5.82,-2.04
5,10,2014,6,-11.555,-9.845,-10.56,-9.19,-10.03,-8.46,-9.7,-10.07,-3.95,0.79,-1.945,-12.805,-18.6,-14.65,-10.985,-12.7,-11.475,-9.64,-11.275,-6.51,-5.605,-5.33,-3.55,-0.11,7.52,11.675,3.5,-7.89,-7.87,-6.95,-5.82
5,11,2014,7,-15.39,-11.555,-9.845,-10.56,-9.19,-10.03,-8.46,-9.7,-10.07,-3.95,0.79,-1.945,-12.805,-18.6,-14.65,-10.985,-12.7,-11.475,-9.64,-11.275,-6.51,-5.605,-5.33,-3.55,-0.11,7.52,11.675,3.5,-7.89,-7.87,-6.95
5,12,2014,1,-13.805,-15.39,-11.555,-9.845,-10.56,-9.19,-10.03,-8.46,-9.7,-10.07,-3.95,0.79,-1.945,-12.805,-18.6,-14.65,-10.985,-12.7,-11.475,-9.64,-11.275,-6.51,-5.605,-5.33,-3.55,-0.11,7.52,11.675,3.5,-7.89,-7.87
5,13,2014,2,-4.56,-13.805,-15.39,-11.555,-9.845,-10.56,-9.19,-10.03,-8.46,-9.7,-10.07,-3.95,0.79,-1.945,-12.805,-18.6,-14.65,-10.985,-12.7,-11.475,-9.64,-11.275,-6.51,-5.605,-5.33,-3.55,-0.11,7.52,11.675,3.5,-7.89
5,14,2014,3,0.875,-4.56,-13.805,-15.39,-11.555,-9.845,-10.56,-9.19,-10.03,-8.46,-9.7,-10.07,-3.95,0.79,-1.945,-12.805,-18.6,-14.65,-10.985,-12.7,-11.475,-9.64,-11.275,-6.51,-5.605,-5.33,-3.55,-0.11,7.52,11.675,3.5
5,15,2014,4,-2.205,0.875,-4.56,-13.805,-15.39,-11.555,-9.845,-10.56,-9.19,-10.03,-8.46,-9.7,-10.07,-3.95,0.79,-1.945,-12.805,-18.6,-14.65,-10.985,-12.7,-11.475,-9.64,-11.275,-6.51,-5.605,-5.33,-3.55,-0.11,7.52,11.675
5,16,2014,5,-8.295,-2.205,0.875,-4.56,-13.805,-15.39,-11.555,-9.845,-10.56,-9.19,-10.03,-8.46,-9.7,-10.07,-3.95,0.79,-1.945,-12.805,-18.6,-14.65,-10.985,-12.7,-11.475,-9.64,-11.275,-6.51,-5.605,-5.33,-3.55,-0.11,7.52
5,17,2014,6,-9.32,-8.295,-2.205,0.875,-4.56,-13.805,-15.39,-11.555,-9.845,-10.56,-9.19,-10.03,-8.46,-9.7,-10.07,-3.95,0.79,-1.945,-12.805,-18.6,-14.65,-10.985,-12.7,-11.475,-9.64,-11.275,-6.51,-5.605,-5.33,-3.55,-0.11
5,18,2014,7,-9.425,-9.32,-8.295,-2.205,0.875,-4.56,-13.805,-15.39,-11.555,-9.845,-10.56,-9.19,-10.03,-8.46,-9.7,-10.07,-3.95,0.79,-1.945,-12.805,-18.6,-14.65,-10.985,-12.7,-11.475,-9.64,-11.275,-6.51,-5.605,-5.33,-3.55
5,19,2014,1,-10.85,-9.425,-9.32,-8.295,-2.205,0.875,-4.56,-13.805,-15.39,-11.555,-9.845,-10.56,-9.19,-10.03,-8.46,-9.7,-10.07,-3.95,0.79,-1.945,-12.805,-18.6,-14.65,-10.985,-12.7,-11.475,-9.64,-11.275,-6.51,-5.605,-5.33
5,20,2014,2,-12.92,-10.85,-9.425,-9.32,-8.295,-2.205,0.875,-4.56,-13.805,-15.39,-11.555,-9.845,-10.56,-9.19,-10.03,-8.46,-9.7,-10.07,-3.95,0.79,-1.945,-12.805,-18.6,-14.65,-10.985,-12.7,-11.475,-9.64,-11.275,-6.51,-5.605
5,21,2014,3,-13.345,-12.92,-10.85,-9.425,-9.32,-8.295,-2.205,0.875,-4.56,-13.805,-15.39,-11.555,-9.845,-10.56,-9.19,-10.03,-8.46,-9.7,-10.07,-3.95,0.79,-1.945,-12.805,-18.6,-14.65,-10.985,-12.7,-11.475,-9.64,-11.275,-6.51
5,22,2014,4,-13.795,-13.345,-12.92,-10.85,-9.425,-9.32,-8.295,-2.205,0.875,-4.56,-13.805,-15.39,-11.555,-9.845,-10.56,-9.19,-10.03,-8.46,-9.7,-10.07,-3.95,0.79,-1.945,-12.805,-18.6,-14.65,-10.985,-12.7,-11.475,-9.64,-11.275
5,23,2014,5,-12.87,-13.795,-13.345,-12.92,-10.85,-9.425,-9.32,-8.295,-2.205,0.875,-4.56,-13.805,-15.39,-11.555,-9.845,-10.56,-9.19,-10.03,-8.46,-9.7,-10.07,-3.95,0.79,-1.945,-12.805,-18.6,-14.65,-10.985,-12.7,-11.475,-9.64
5,24,2014,6,-13.445,-12.87,-13.795,-13.345,-12.92,-10.85,-9.425,-9.32,-8.295,-2.205,0.875,-4.56,-13.805,-15.39,-11.555,-9.845,-10.56,-9.19,-10.03,-8.46,-9.7,-10.07,-3.95,0.79,-1.945,-12.805,-18.6,-14.65,-10.985,-12.7,-11.475
5,25,2014,7,-14.78,-13.445,-12.87,-13.795,-13.345,-12.92,-10.85,-9.425,-9.32,-8.295,-2.205,0.875,-4.56,-13.805,-15.39,-11.555,-9.845,-10.56,-9.19,-10.03,-8.46,-9.7,-10.07,-3.95,0.79,-1.945,-12.805,-18.6,-14.65,-10.985,-12.7
5,26,2014,1,-9.285,-14.78,-13.445,-12.87,-13.795,-13.345,-12.92,-10.85,-9.425,-9.32,-8.295,-2.205,0.875,-4.56,-13.805,-15.39,-11.555,-9.845,-10.56,-9.19,-10.03,-8.46,-9.7,-10.07,-3.95,0.79,-1.945,-12.805,-18.6,-14.65,-10.985
5,27,2014,2,-4.8,-9.285,-14.78,-13.445,-12.87,-13.795,-13.345,-12.92,-10.85,-9.425,-9.32,-8.295,-2.205,0.875,-4.56,-13.805,-15.39,-11.555,-9.845,-10.56,-9.19,-10.03,-8.46,-9.7,-10.07,-3.95,0.79,-1.945,-12.805,-18.6,-14.65
5,28,2014,3,-10.935,-4.8,-9.285,-14.78,-13.445,-12.87,-13.795,-13.345,-12.92,-10.85,-9.425,-9.32,-8.295,-2.205,0.875,-4.56,-13.805,-15.39,-11.555,-9.845,-10.56,-9.19,-10.03,-8.46,-9.7,-10.07,-3.95,0.79,-1.945,-12.805,-18.6
5,29,2014,4,-13.85,-10.935,-4.8,-9.285,-14.78,-13.445,-12.87,-13.795,-13.345,-12.92,-10.85,-9.425,-9.32,-8.295,-2.205,0.875,-4.56,-13.805,-15.39,-11.555,-9.845,-10.56,-9.19,-10.03,-8.46,-9.7,-10.07,-3.95,0.79,-1.945,-12.805
5,30,2014,5,-15.885,-13.85,-10.935,-4.8,-9.285,-14.78,-13.445,-12.87,-13.795,-13.345,-12.92,-10.85,-9.425,-9.32,-8.295,-2.205,0.875,-4.56,-13.805,-15.39,-11.555,-9.845,-10.56,-9.19,-10.03,-8.46,-9.7,-10.07,-3.95,0.79,-1.945
5,31,2014,6,-15.375,-15.885,-13.85,-10.935,-4.8,-9.285,-14.78,-13.445,-12.87,-13.795,-13.345,-12.92,-10.85,-9.425,-9.32,-8.295,-2.205,0.875,-4.56,-13.805,-15.39,-11.555,-9.845,-10.56,-9.19,-10.03,-8.46,-9.7,-10.07,-3.95,0.79
6,1,2014,7,-15.895,-15.375,-15.885,-13.85,-10.935,-4.8,-9.285,-14.78,-13.445,-12.87,-13.795,-13.345,-12.92,-10.85,-9.425,-9.32,-8.295,-2.205,0.875,-4.56,-13.805,-15.39,-11.555,-9.845,-10.56,-9.19,-10.03,-8.46,-9.7,-10.07,-3.95
6,2,2014,1,-17.08,-15.895,-15.375,-15.885,-13.85,-10.935,-4.8,-9.285,-14.78,-13.445,-12.87,-13.795,-13.345,-12.92,-10.85,-9.425,-9.32,-8.295,-2.205,0.875,-4.56,-13.805,-15.39,-11.555,-9.845,-10.56,-9.19,-10.03,-8.46,-9.7,-10.07
6,3,2014,2,-16.9,-17.08,-15.895,-15.375,-15.885,-13.85,-10.935,-4.8,-9.285,-14.78,-13.445,-12.87,-13.795,-13.345,-12.92,-10.85,-9.425,-9.32,-8.295,-2.205,0.875,-4.56,-13.805,-15.39,-11.555,-9.845,-10.56,-9.19,-10.03,-8.46,-9.7
6,4,2014,3,-16.265,-16.9,-17.08,-15.895,-15.375,-15.885,-13.85,-10.935,-4.8,-9.285,-14.78,-13.445,-12.87,-13.795,-13.345,-12.92,-10.85,-9.425,-9.32,-8.295,-2.205,0.875,-4.56,-13.805,-15.39,-11.555,-9.845,-10.56,-9.19,-10.03,-8.46
6,5,2014,4,-17.825,-16.265,-16.9,-17.08,-15.895,-15.375,-15.885,-13.85,-10.935,-4.8,-9.285,-14.78,-13.445,-12.87,-13.795,-13.345,-12.92,-10.85,-9.425,-9.32,-8.295,-2.205,0.875,-4.56,-13.805,-15.39,-11.555,-9.845,-10.56,-9.19,-10.03
6,6,2014,5,-17.945,-17.825,-16.265,-16.9,-17.08,-15.895,-15.375,-15.885,-13.85,-10.935,-4.8,-9.285,-14.78,-13.445,-12.87,-13.795,-13.345,-12.92,-10.85,-9.425,-9.32,-8.295,-2.205,0.875,-4.56,-13.805,-15.39,-11.555,-9.845,-10.56,-9.19
6,7,2014,6,-18.865,-17.945,-17.825,-16.265,-16.9,-17.08,-15.895,-15.375,-15.885,-13.85,-10.935,-4.8,-9.285,-14.78,-13.445,-12.87,-13.795,-13.345,-12.92,-10.85,-9.425,-9.32,-8.295,-2.205,0.875,-4.56,-13.805,-15.39,-11.555,-9.845,-10.56
6,8,2014,7,-19.695,-18.865,-17.945,-17.825,-16.265,-16.9,-17.08,-15.895,-15.375,-15.885,-13.85,-10.935,-4.8,-9.285,-14.78,-13.445,-12.87,-13.795,-13.345,-12.92,-10.85,-9.425,-9.32,-8.295,-2.205,0.875,-4.56,-13.805,-15.39,-11.555,-9.845
6,9,2014,1,-15.85,-19.695,-18.865,-17.945,-17.825,-16.265,-16.9,-17.08,-15.895,-15.375,-15.885,-13.85,-10.935,-4.8,-9.285,-14.78,-13.445,-12.87,-13.795,-13.345,-12.92,-10.85,-9.425,-9.32,-8.295,-2.205,0.875,-4.56,-13.805,-15.39,-11.555
6,10,2014,2,-17.915,-15.85,-19.695,-18.865,-17.945,-17.825,-16.265,-16.9,-17.08,-15.895,-15.375,-15.885,-13.85,-10.935,-4.8,-9.285,-14.78,-13.445,-12.87,-13.795,-13.345,-12.92,-10.85,-9.425,-9.32,-8.295,-2.205,0.875,-4.56,-13.805,-15.39
6,11,2014,3,-18.99,-17.915,-15.85,-19.695,-18.865,-17.945,-17.825,-16.265,-16.9,-17.08,-15.895,-15.375,-15.885,-13.85,-10.935,-4.8,-9.285,-14.78,-13.445,-12.87,-13.795,-13.345,-12.92,-10.85,-9.425,-9.32,-8.295,-2.205,0.875,-4.56,-13.805
6,12,2014,4,-20.5,-18.99,-17.915,-15.85,-19.695,-18.865,-17.945,-17.825,-16.265,-16.9,-17.08,-15.895,-15.375,-15.885,-13.85,-10.935,-4.8,-9.285,-14.78,-13.445,-12.87,-13.795,-13.345,-12.92,-10.85,-9.425,-9.32,-8.295,-2.205,0.875,-4.56
6,13,2014,5,-19.18,-20.5,-18.99,-17.915,-15.85,-19.695,-18.865,-17.945,-17.825,-16.265,-16.9,-17.08,-15.895,-15.375,-15.885,-13.85,-10.935,-4.8,-9.285,-14.78,-13.445,-12.87,-13.795,-13.345,-12.92,-10.85,-9.425,-9.32,-8.295,-2.205,0.875
6,14,2014,6,-17.43,-19.18,-20.5,-18.99,-17.915,-15.85,-19.695,-18.865,-17.945,-17.825,-16.265,-16.9,-17.08,-15.895,-15.375,-15.885,-13.85,-10.935,-4.8,-9.285,-14.78,-13.445,-12.87,-13.795,-13.345,-12.92,-10.85,-9.425,-9.32,-8.295,-2.205
6,15,2014,7,-18.475,-17.43,-19.18,-20.5,-18.99,-17.915,-15.85,-19.695,-18.865,-17.945,-17.825,-16.265,-16.9,-17.08,-15.895,-15.375,-15.885,-13.85,-10.935,-4.8,-9.285,-14.78,-13.445,-12.87,-13.795,-13.345,-12.92,-10.85,-9.425,-9.32,-8.295
6,16,2014,1,-19.455,-18.475,-17.43,-19.18,-20.5,-18.99,-17.915,-15.85,-19.695,-18.865,-17.945,-17.825,-16.265,-16.9,-17.08,-15.895,-15.375,-15.885,-13.85,-10.935,-4.8,-9.285,-14.78,-13.445,-12.87,-13.795,-13.345,-12.92,-10.85,-9.425,-9.32
6,17,2014,2,-20.135,-19.455,-18.475,-17.43,-19.18,-20.5,-18.99,-17.915,-15.85,-19.695,-18.865,-17.945,-17.825,-16.265,-16.9,-17.08,-15.895,-15.375,-15.885,-13.85,-10.935,-4.8,-9.285,-14.78,-13.445,-12.87,-13.795,-13.345,-12.92,-10.85,-9.425
6,18,2014,3,-18.71,-20.135,-19.455,-18.475,-17.43,-19.18,-20.5,-18.99,-17.915,-15.85,-19.695,-18.865,-17.945,-17.825,-16.265,-16.9,-17.08,-15.895,-15.375,-15.885,-13.85,-10.935,-4.8,-9.285,-14.78,-13.445,-12.87,-13.795,-13.345,-12.92,-10.85
6,19,2014,4,-19.76,-18.71,-20.135,-19.455,-18.475,-17.43,-19.18,-20.5,-18.99,-17.915,-15.85,-19.695,-18.865,-17.945,-17.825,-16.265,-16.9,-17.08,-15.895,-15.375,-15.885,-13.85,-10.935,-4.8,-9.285,-14.78,-13.445,-12.87,-13.795,-13.345,-12.92
6,20,2014,5,-18.3,-19.76,-18.71,-20.135,-19.455,-18.475,-17.43,-19.18,-20.5,-18.99,-17.915,-15.85,-19.695,-18.865,-17.945,-17.825,-16.265,-16.9,-17.08,-15.895,-15.375,-15.885,-13.85,-10.935,-4.8,-9.285,-14.78,-13.445,-12.87,-13.795,-13.345
6,21,2014,6,-18.11,-18.3,-19.76,-18.71,-20.135,-19.455,-18.475,-17.43,-19.18,-20.5,-18.99,-17.915,-15.85,-19.695,-18.865,-17.945,-17.825,-16.265,-16.9,-17.08,-15.895,-15.375,-15.885,-13.85,-10.935,-4.8,-9.285,-14.78,-13.445,-12.87,-13.795
6,22,2014,7,-19.485,-18.11,-18.3,-19.76,-18.71,-20.135,-19.455,-18.475,-17.43,-19.18,-20.5,-18.99,-17.915,-15.85,-19.695,-18.865,-17.945,-17.825,-16.265,-16.9,-17.08,-15.895,-15.375,-15.885,-13.85,-10.935,-4.8,-9.285,-14.78,-13.445,-12.87
6,23,2014,1,-17.16,-19.485,-18.11,-18.3,-19.76,-18.71,-20.135,-19.455,-18.475,-17.43,-19.18,-20.5,-18.99,-17.915,-15.85,-19.695,-18.865,-17.945,-17.825,-16.265,-16.9,-17.08,-15.895,-15.375,-15.885,-13.85,-10.935,-4.8,-9.285,-14.78,-13.445
6,24,2014,2,-17.185,-17.16,-19.485,-18.11,-18.3,-19.76,-18.71,-20.135,-19.455,-18.475,-17.43,-19.18,-20.5,-18.99,-17.915,-15.85,-19.695,-18.865,-17.945,-17.825,-16.265,-16.9,-17.08,-15.895,-15.375,-15.885,-13.85,-10.935,-4.8,-9.285,-14.78
6,25,2014,3,-11.915,-17.185,-17.16,-19.485,-18.11,-18.3,-19.76,-18.71,-20.135,-19.455,-18.475,-17.43,-19.18,-20.5,-18.99,-17.915,-15.85,-19.695,-18.865,-17.945,-17.825,-16.265,-16.9,-17.08,-15.895,-15.375,-15.885,-13.85,-10.935,-4.8,-9.285
6,26,2014,4,-13.515,-11.915,-17.185,-17.16,-19.485,-18.11,-18.3,-19.76,-18.71,-20.135,-19.455,-18.475,-17.43,-19.18,-20.5,-18.99,-17.915,-15.85,-19.695,-18.865,-17.945,-17.825,-16.265,-16.9,-17.08,-15.895,-15.375,-15.885,-13.85,-10.935,-4.8
6,27,2014,5,-17.185,-13.515,-11.915,-17.185,-17.16,-19.485,-18.11,-18.3,-19.76,-18.71,-20.135,-19.455,-18.475,-17.43,-19.18,-20.5,-18.99,-17.915,-15.85,-19.695,-18.865,-17.945,-17.825,-16.265,-16.9,-17.08,-15.895,-15.375,-15.885,-13.85,-10.935
6,28,2014,6,-17.745,-17.185,-13.515,-11.915,-17.185,-17.16,-19.485,-18.11,-18.3,-19.76,-18.71,-20.135,-19.455,-18.475,-17.43,-19.18,-20.5,-18.99,-17.915,-15.85,-19.695,-18.865,-17.945,-17.825,-16.265,-16.9,-17.08,-15.895,-15.375,-15.885,-13.85
6,29,2014,7,-18.995,-17.745,-17.185,-13.515,-11.915,-17.185,-17.16,-19.485,-18.11,-18.3,-19.76,-18.71,-20.135,-19.455,-18.475,-17.43,-19.18,-20.5,-18.99,-17.915,-15.85,-19.695,-18.865,-17.945,-17.825,-16.265,-16.9,-17.08,-15.895,-15.375,-15.885
6,30,2014,1,-19.23,-18.995,-17.745,-17.185,-13.515,-11.915,-17.185,-17.16,-19.485,-18.11,-18.3,-19.76,-18.71,-20.135,-19.455,-18.475,-17.43,-19.18,-20.5,-18.99,-17.915,-15.85,-19.695,-18.865,-17.945,-17.825,-16.265,-16.9,-17.08,-15.895,-15.375
7,1,2014,2,-21.395,-19.23,-18.995,-17.745,-17.185,-13.515,-11.915,-17.185,-17.16,-19.485,-18.11,-18.3,-19.76,-18.71,-20.135,-19.455,-18.475,-17.43,-19.18,-20.5,-18.99,-17.915,-15.85,-19.695,-18.865,-17.945,-17.825,-16.265,-16.9,-17.08,-15.895
7,2,2014,3,-20.945,-21.395,-19.23,-18.995,-17.745,-17.185,-13.515,-11.915,-17.185,-17.16,-19.485,-18.11,-18.3,-19.76,-18.71,-20.135,-19.455,-18.475,-17.43,-19.18,-20.5,-18.99,-17.915,-15.85,-19.695,-18.865,-17.945,-17.825,-16.265,-16.9,-17.08
7,3,2014,4,-20.215,-20.945,-21.395,-19.23,-18.995,-17.745,-17.185,-13.515,-11.915,-17.185,-17.16,-19.485,-18.11,-18.3,-19.76,-18.71,-20.135,-19.455,-18.475,-17.43,-19.18,-20.5,-18.99,-17.915,-15.85,-19.695,-18.865,-17.945,-17.825,-16.265,-16.9
7,4,2014,5,-17.985,-20.215,-20.945,-21.395,-19.23,-18.995,-17.745,-17.185,-13.515,-11.915,-17.185,-17.16,-19.485,-18.11,-18.3,-19.76,-18.71,-20.135,-19.455,-18.475,-17.43,-19.18,-20.5,-18.99,-17.915,-15.85,-19.695,-18.865,-17.945,-17.825,-16.265
7,5,2014,6,-17.11,-17.985,-20.215,-20.945,-21.395,-19.23,-18.995,-17.745,-17.185,-13.515,-11.915,-17.185,-17.16,-19.485,-18.11,-18.3,-19.76,-18.71,-20.135,-19.455,-18.475,-17.43,-19.18,-20.5,-18.99,-17.915,-15.85,-19.695,-18.865,-17.945,-17.825
7,6,2014,7,-17.14,-17.11,-17.985,-20.215,-20.945,-21.395,-19.23,-18.995,-17.745,-17.185,-13.515,-11.915,-17.185,-17.16,-19.485,-18.11,-18.3,-19.76,-18.71,-20.135,-19.455,-18.475,-17.43,-19.18,-20.5,-18.99,-17.915,-15.85,-19.695,-18.865,-17.945
7,7,2014,1,-20.29,-17.14,-17.11,-17.985,-20.215,-20.945,-21.395,-19.23,-18.995,-17.745,-17.185,-13.515,-11.915,-17.185,-17.16,-19.485,-18.11,-18.3,-19.76,-18.71,-20.135,-19.455,-18.475,-17.43,-19.18,-20.5,-18.99,-17.915,-15.85,-19.695,-18.865
7,8,2014,2,-20.115,-20.29,-17.14,-17.11,-17.985,-20.215,-20.945,-21.395,-19.23,-18.995,-17.745,-17.185,-13.515,-11.915,-17.185,-17.16,-19.485,-18.11,-18.3,-19.76,-18.71,-20.135,-19.455,-18.475,-17.43,-19.18,-20.5,-18.99,-17.915,-15.85,-19.695
7,9,2014,3,-20.845,-20.115,-20.29,-17.14,-17.11,-17.985,-20.215,-20.945,-21.395,-19.23,-18.995,-17.745,-17.185,-13.515,-11.915,-17.185,-17.16,-19.485,-18.11,-18.3,-19.76,-18.71,-20.135,-19.455,-18.475,-17.43,-19.18,-20.5,-18.99,-17.915,-15.85
7,10,2014,4,-19.74,-20.845,-20.115,-20.29,-17.14,-17.11,-17.985,-20.215,-20.945,-21.395,-19.23,-18.995,-17.745,-17.185,-13.515,-11.915,-17.185,-17.16,-19.485,-18.11,-18.3,-19.76,-18.71,-20.135,-19.455,-18.475,-17.43,-19.18,-20.5,-18.99,-17.915
7,11,2014,5,-20.975,-19.74,-20.845,-20.115,-20.29,-17.14,-17.11,-17.985,-20.215,-20.945,-21.395,-19.23,-18.995,-17.745,-17.185,-13.515,-11.915,-17.185,-17.16,-19.485,-18.11,-18.3,-19.76,-18.71,-20.135,-19.455,-18.475,-17.43,-19.18,-20.5,-18.99
7,12,2014,6,-19.835,-20.975,-19.74,-20.845,-20.115,-20.29,-17.14,-17.11,-17.985,-20.215,-20.945,-21.395,-19.23,-18.995,-17.745,-17.185,-13.515,-11.915,-17.185,-17.16,-19.485,-18.11,-18.3,-19.76,-18.71,-20.135,-19.455,-18.475,-17.43,-19.18,-20.5
7,13,2014,7,-22.06,-19.835,-20.975,-19.74,-20.845,-20.115,-20.29,-17.14,-17.11,-17.985,-20.215,-20.945,-21.395,-19.23,-18.995,-17.745,-17.185,-13.515,-11.915,-17.185,-17.16,-19.485,-18.11,-18.3,-19.76,-18.71,-20.135,-19.455,-18.475,-17.43,-19.18
7,14,2014,1,-22.235,-22.06,-19.835,-20.975,-19.74,-20.845,-20.115,-20.29,-17.14,-17.11,-17.985,-20.215,-20.945,-21.395,-19.23,-18.995,-17.745,-17.185,-13.515,-11.915,-17.185,-17.16,-19.485,-18.11,-18.3,-19.76,-18.71,-20.135,-19.455,-18.475,-17.43
7,15,2014,2,-17.555,-22.235,-22.06,-19.835,-20.975,-19.74,-20.845,-20.115,-20.29,-17.14,-17.11,-17.985,-20.215,-20.945,-21.395,-19.23,-18.995,-17.745,-17.185,-13.515,-11.915,-17.185,-17.16,-19.485,-18.11,-18.3,-19.76,-18.71,-20.135,-19.455,-18.475
7,16,2014,3,-19.12,-17.555,-22.235,-22.06,-19.835,-20.975,-19.74,-20.845,-20.115,-20.29,-17.14,-17.11,-17.985,-20.215,-20.945,-21.395,-19.23,-18.995,-17.745,-17.185,-13.515,-11.915,-17.185,-17.16,-19.485,-18.11,-18.3,-19.76,-18.71,-20.135,-19.455
7,17,2014,4,-17.795,-19.12,-17.555,-22.235,-22.06,-19.835,-20.975,-19.74,-20.845,-20.115,-20.29,-17.14,-17.11,-17.985,-20.215,-20.945,-21.395,-19.23,-18.995,-17.745,-17.185,-13.515,-11.915,-17.185,-17.16,-19.485,-18.11,-18.3,-19.76,-18.71,-20.135
7,18,2014,5,-16.855,-17.795,-19.12,-17.555,-22.235,-22.06,-19.835,-20.975,-19.74,-20.845,-20.115,-20.29,-17.14,-17.11,-17.985,-20.215,-20.945,-21.395,-19.23,-18.995,-17.745,-17.185,-13.515,-11.915,-17.185,-17.16,-19.485,-18.11,-18.3,-19.76,-18.71
7,19,2014,6,-14.82,-16.855,-17.795,-19.12,-17.555,-22.235,-22.06,-19.835,-20.975,-19.74,-20.845,-20.115,-20.29,-17.14,-17.11,-17.985,-20.215,-20.945,-21.395,-19.23,-18.995,-17.745,-17.185,-13.515,-11.915,-17.185,-17.16,-19.485,-18.11,-18.3,-19.76
7,20,2014,7,-17.775,-14.82,-16.855,-17.795,-19.12,-17.555,-22.235,-22.06,-19.835,-20.975,-19.74,-20.845,-20.115,-20.29,-17.14,-17.11,-17.985,-20.215,-20.945,-21.395,-19.23,-18.995,-17.745,-17.185,-13.515,-11.915,-17.185,-17.16,-19.485,-18.11,-18.3
7,21,2014,1,-23.21,-17.775,-14.82,-16.855,-17.795,-19.12,-17.555,-22.235,-22.06,-19.835,-20.975,-19.74,-20.845,-20.115,-20.29,-17.14,-17.11,-17.985,-20.215,-20.945,-21.395,-19.23,-18.995,-17.745,-17.185,-13.515,-11.915,-17.185,-17.16,-19.485,-18.11
7,22,2014,2,-22.17,-23.21,-17.775,-14.82,-16.855,-17.795,-19.12,-17.555,-22.235,-22.06,-19.835,-20.975,-19.74,-20.845,-20.115,-20.29,-17.14,-17.11,-17.985,-20.215,-20.945,-21.395,-19.23,-18.995,-17.745,-17.185,-13.515,-11.915,-17.185,-17.16,-19.485
7,23,2014,3,-19.965,-22.17,-23.21,-17.775,-14.82,-16.855,-17.795,-19.12,-17.555,-22.235,-22.06,-19.835,-20.975,-19.74,-20.845,-20.115,-20.29,-17.14,-17.11,-17.985,-20.215,-20.945,-21.395,-19.23,-18.995,-17.745,-17.185,-13.515,-11.915,-17.185,-17.16
7,24,2014,4,-18.665,-19.965,-22.17,-23.21,-17.775,-14.82,-16.855,-17.795,-19.12,-17.555,-22.235,-22.06,-19.835,-20.975,-19.74,-20.845,-20.115,-20.29,-17.14,-17.11,-17.985,-20.215,-20.945,-21.395,-19.23,-18.995,-17.745,-17.185,-13.515,-11.915,-17.185
7,25,2014,5,-21.04,-18.665,-19.965,-22.17,-23.21,-17.775,-14.82,-16.855,-17.795,-19.12,-17.555,-22.235,-22.06,-19.835,-20.975,-19.74,-20.845,-20.115,-20.29,-17.14,-17.11,-17.985,-20.215,-20.945,-21.395,-19.23,-18.995,-17.745,-17.185,-13.515,-11.915
7,26,2014,6,-21.115,-21.04,-18.665,-19.965,-22.17,-23.21,-17.775,-14.82,-16.855,-17.795,-19.12,-17.555,-22.235,-22.06,-19.835,-20.975,-19.74,-20.845,-20.115,-20.29,-17.14,-17.11,-17.985,-20.215,-20.945,-21.395,-19.23,-18.995,-17.745,-17.185,-13.515
7,27,2014,7,-21.795,-21.115,-21.04,-18.665,-19.965,-22.17,-23.21,-17.775,-14.82,-16.855,-17.795,-19.12,-17.555,-22.235,-22.06,-19.835,-20.975,-19.74,-20.845,-20.115,-20.29,-17.14,-17.11,-17.985,-20.215,-20.945,-21.395,-19.23,-18.995,-17.745,-17.185
7,28,2014,1,-23.045,-21.795,-21.115,-21.04,-18.665,-19.965,-22.17,-23.21,-17.775,-14.82,-16.855,-17.795,-19.12,-17.555,-22.235,-22.06,-19.835,-20.975,-19.74,-20.845,-20.115,-20.29,-17.14,-17.11,-17.985,-20.215,-20.945,-21.395,-19.23,-18.995,-17.745
7,29,2014,2,-20.025,-23.045,-21.795,-21.115,-21.04,-18.665,-19.965,-22.17,-23.21,-17.775,-14.82,-16.855,-17.795,-19.12,-17.555,-22.235,-22.06,-19.835,-20.975,-19.74,-20.845,-20.115,-20.29,-17.14,-17.11,-17.985,-20.215,-20.945,-21.395,-19.23,-18.995
7,30,2014,3,-18.9,-20.025,-23.045,-21.795,-21.115,-21.04,-18.665,-19.965,-22.17,-23.21,-17.775,-14.82,-16.855,-17.795,-19.12,-17.555,-22.235,-22.06,-19.835,-20.975,-19.74,-20.845,-20.115,-20.29,-17.14,-17.11,-17.985,-20.215,-20.945,-21.395,-19.23
7,31,2014,4,-20.115,-18.9,-20.025,-23.045,-21.795,-21.115,-21.04,-18.665,-19.965,-22.17,-23.21,-17.775,-14.82,-16.855,-17.795,-19.12,-17.555,-22.235,-22.06,-19.835,-20.975,-19.74,-20.845,-20.115,-20.29,-17.14,-17.11,-17.985,-20.215,-20.945,-21.395
8,1,2014,5,-16.67,-20.115,-18.9,-20.025,-23.045,-21.795,-21.115,-21.04,-18.665,-19.965,-22.17,-23.21,-17.775,-14.82,-16.855,-17.795,-19.12,-17.555,-22.235,-22.06,-19.835,-20.975,-19.74,-20.845,-20.115,-20.29,-17.14,-17.11,-17.985,-20.215,-20.945
8,2,2014,6,-12.29,-16.67,-20.115,-18.9,-20.025,-23.045,-21.795,-21.115,-21.04,-18.665,-19.965,-22.17,-23.21,-17.775,-14.82,-16.855,-17.795,-19.12,-17.555,-22.235,-22.06,-19.835,-20.975,-19.74,-20.845,-20.115,-20.29,-17.14,-17.11,-17.985,-20.215
8,3,2014,7,-16.0,-12.29,-16.67,-20.115,-18.9,-20.025,-23.045,-21.795,-21.115,-21.04,-18.665,-19.965,-22.17,-23.21,-17.775,-14.82,-16.855,-17.795,-19.12,-17.555,-22.235,-22.06,-19.835,-20.975,-19.74,-20.845,-20.115,-20.29,-17.14,-17.11,-17.985
8,4,2014,1,-18.205,-16.0,-12.29,-16.67,-20.115,-18.9,-20.025,-23.045,-21.795,-21.115,-21.04,-18.665,-19.965,-22.17,-23.21,-17.775,-14.82,-16.855,-17.795,-19.12,-17.555,-22.235,-22.06,-19.835,-20.975,-19.74,-20.845,-20.115,-20.29,-17.14,-17.11
8,5,2014,2,-18.575,-18.205,-16.0,-12.29,-16.67,-20.115,-18.9,-20.025,-23.045,-21.795,-21.115,-21.04,-18.665,-19.965,-22.17,-23.21,-17.775,-14.82,-16.855,-17.795,-19.12,-17.555,-22.235,-22.06,-19.835,-20.975,-19.74,-20.845,-20.115,-20.29,-17.14
8,6,2014,3,-20.31,-18.575,-18.205,-16.0,-12.29,-16.67,-20.115,-18.9,-20.025,-23.045,-21.795,-21.115,-21.04,-18.665,-19.965,-22.17,-23.21,-17.775,-14.82,-16.855,-17.795,-19.12,-17.555,-22.235,-22.06,-19.835,-20.975,-19.74,-20.845,-20.115,-20.29
8,7,2014,4,-20.83,-20.31,-18.575,-18.205,-16.0,-12.29,-16.67,-20.115,-18.9,-20.025,-23.045,-21.795,-21.115,-21.04,-18.665,-19.965,-22.17,-23.21,-17.775,-14.82,-16.855,-17.795,-19.12,-17.555,-22.235,-22.06,-19.835,-20.975,-19.74,-20.845,-20.115
8,8,2014,5,-21.885,-20.83,-20.31,-18.575,-18.205,-16.0,-12.29,-16.67,-20.115,-18.9,-20.025,-23.045,-21.795,-21.115,-21.04,-18.665,-19.965,-22.17,-23.21,-17.775,-14.82,-16.855,-17.795,-19.12,-17.555,-22.235,-22.06,-19.835,-20.975,-19.74,-20.845
8,9,2014,6,-19.525,-21.885,-20.83,-20.31,-18.575,-18.205,-16.0,-12.29,-16.67,-20.115,-18.9,-20.025,-23.045,-21.795,-21.115,-21.04,-18.665,-19.965,-22.17,-23.21,-17.775,-14.82,-16.855,-17.795,-19.12,-17.555,-22.235,-22.06,-19.835,-20.975,-19.74
8,10,2014,7,-20.065,-19.525,-21.885,-20.83,-20.31,-18.575,-18.205,-16.0,-12.29,-16.67,-20.115,-18.9,-20.025,-23.045,-21.795,-21.115,-21.04,-18.665,-19.965,-22.17,-23.21,-17.775,-14.82,-16.855,-17.795,-19.12,-17.555,-22.235,-22.06,-19.835,-20.975
8,11,2014,1,-21.785,-20.065,-19.525,-21.885,-20.83,-20.31,-18.575,-18.205,-16.0,-12.29,-16.67,-20.115,-18.9,-20.025,-23.045,-21.795,-21.115,-21.04,-18.665,-19.965,-22.17,-23.21,-17.775,-14.82,-16.855,-17.795,-19.12,-17.555,-22.235,-22.06,-19.835
8,12,2014,2,-21.175,-21.785,-20.065,-19.525,-21.885,-20.83,-20.31,-18.575,-18.205,-16.0,-12.29,-16.67,-20.115,-18.9,-20.025,-23.045,-21.795,-21.115,-21.04,-18.665,-19.965,-22.17,-23.21,-17.775,-14.82,-16.855,-17.795,-19.12,-17.555,-22.235,-22.06
8,13,2014,3,-20.035,-21.175,-21.785,-20.065,-19.525,-21.885,-20.83,-20.31,-18.575,-18.205,-16.0,-12.29,-16.67,-20.115,-18.9,-20.025,-23.045,-21.795,-21.115,-21.04,-18.665,-19.965,-22.17,-23.21,-17.775,-14.82,-16.855,-17.795,-19.12,-17.555,-22.235
8,14,2014,4,-18.435,-20.035,-21.175,-21.785,-20.065,-19.525,-21.885,-20.83,-20.31,-18.575,-18.205,-16.0,-12.29,-16.67,-20.115,-18.9,-20.025,-23.045,-21.795,-21.115,-21.04,-18.665,-19.965,-22.17,-23.21,-17.775,-14.82,-16.855,-17.795,-19.12,-17.555
8,15,2014,5,-20.5,-18.435,-20.035,-21.175,-21.785,-20.065,-19.525,-21.885,-20.83,-20.31,-18.575,-18.205,-16.0,-12.29,-16.67,-20.115,-18.9,-20.025,-23.045,-21.795,-21.115,-21.04,-18.665,-19.965,-22.17,-23.21,-17.775,-14.82,-16.855,-17.795,-19.12
8,16,2014,6,-22.695,-20.5,-18.435,-20.035,-21.175,-21.785,-20.065,-19.525,-21.885,-20.83,-20.31,-18.575,-18.205,-16.0,-12.29,-16.67,-20.115,-18.9,-20.025,-23.045,-21.795,-21.115,-21.04,-18.665,-19.965,-22.17,-23.21,-17.775,-14.82,-16.855,-17.795
8,17,2014,7,-22.61,-22.695,-20.5,-18.435,-20.035,-21.175,-21.785,-20.065,-19.525,-21.885,-20.83,-20.31,-18.575,-18.205,-16.0,-12.29,-16.67,-20.115,-18.9,-20.025,-23.045,-21.795,-21.115,-21.04,-18.665,-19.965,-22.17,-23.21,-17.775,-14.82,-16.855
8,18,2014,1,-21.235,-22.61,-22.695,-20.5,-18.435,-20.035,-21.175,-21.785,-20.065,-19.525,-21.885,-20.83,-20.31,-18.575,-18.205,-16.0,-12.29,-16.67,-20.115,-18.9,-20.025,-23.045,-21.795,-21.115,-21.04,-18.665,-19.965,-22.17,-23.21,-17.775,-14.82
8,19,2014,2,-19.69,-21.235,-22.61,-22.695,-20.5,-18.435,-20.035,-21.175,-21.785,-20.065,-19.525,-21.885,-20.83,-20.31,-18.575,-18.205,-16.0,-12.29,-16.67,-20.115,-18.9,-20.025,-23.045,-21.795,-21.115,-21.04,-18.665,-19.965,-22.17,-23.21,-17.775
8,20,2014,3,-20.41,-19.69,-21.235,-22.61,-22.695,-20.5,-18.435,-20.035,-21.175,-21.785,-20.065,-19.525,-21.885,-20.83,-20.31,-18.575,-18.205,-16.0,-12.29,-16.67,-20.115,-18.9,-20.025,-23.045,-21.795,-21.115,-21.04,-18.665,-19.965,-22.17,-23.21
8,21,2014,4,-22.695,-20.41,-19.69,-21.235,-22.61,-22.695,-20.5,-18.435,-20.035,-21.175,-21.785,-20.065,-19.525,-21.885,-20.83,-20.31,-18.575,-18.205,-16.0,-12.29,-16.67,-20.115,-18.9,-20.025,-23.045,-21.795,-21.115,-21.04,-18.665,-19.965,-22.17
8,22,2014,5,-21.565,-22.695,-20.41,-19.69,-21.235,-22.61,-22.695,-20.5,-18.435,-20.035,-21.175,-21.785,-20.065,-19.525,-21.885,-20.83,-20.31,-18.575,-18.205,-16.0,-12.29,-16.67,-20.115,-18.9,-20.025,-23.045,-21.795,-21.115,-21.04,-18.665,-19.965
8,23,2014,6,-21.125,-21.565,-22.695,-20.41,-19.69,-21.235,-22.61,-22.695,-20.5,-18.435,-20.035,-21.175,-21.785,-20.065,-19.525,-21.885,-20.83,-20.31,-18.575,-18.205,-16.0,-12.29,-16.67,-20.115,-18.9,-20.025,-23.045,-21.795,-21.115,-21.04,-18.665
8,24,2014,7,-21.8,-21.125,-21.565,-22.695,-20.41,-19.69,-21.235,-22.61,-22.695,-20.5,-18.435,-20.035,-21.175,-21.785,-20.065,-19.525,-21.885,-20.83,-20.31,-18.575,-18.205,-16.0,-12.29,-16.67,-20.115,-18.9,-20.025,-23.045,-21.795,-21.115,-21.04
8,25,2014,1,-22.785,-21.8,-21.125,-21.565,-22.695,-20.41,-19.69,-21.235,-22.61,-22.695,-20.5,-18.435,-20.035,-21.175,-21.785,-20.065,-19.525,-21.885,-20.83,-20.31,-18.575,-18.205,-16.0,-12.29,-16.67,-20.115,-18.9,-20.025,-23.045,-21.795,-21.115
8,26,2014,2,-20.935,-22.785,-21.8,-21.125,-21.565,-22.695,-20.41,-19.69,-21.235,-22.61,-22.695,-20.5,-18.435,-20.035,-21.175,-21.785,-20.065,-19.525,-21.885,-20.83,-20.31,-18.575,-18.205,-16.0,-12.29,-16.67,-20.115,-18.9,-20.025,-23.045,-21.795
8,27,2014,3,-19.525,-20.935,-22.785,-21.8,-21.125,-21.565,-22.695,-20.41,-19.69,-21.235,-22.61,-22.695,-20.5,-18.435,-20.035,-21.175,-21.785,-20.065,-19.525,-21.885,-20.83,-20.31,-18.575,-18.205,-16.0,-12.29,-16.67,-20.115,-18.9,-20.025,-23.045
8,28,2014,4,-16.445,-19.525,-20.935,-22.785,-21.8,-21.125,-21.565,-22.695,-20.41,-19.69,-21.235,-22.61,-22.695,-20.5,-18.435,-20.035,-21.175,-21.785,-20.065,-19.525,-21.885,-20.83,-20.31,-18.575,-18.205,-16.0,-12.29,-16.67,-20.115,-18.9,-20.025
8,29,2014,5,-17.35,-16.445,-19.525,-20.935,-22.785,-21.8,-21.125,-21.565,-22.695,-20.41,-19.69,-21.235,-22.61,-22.695,-20.5,-18.435,-20.035,-21.175,-21.785,-20.065,-19.525,-21.885,-20.83,-20.31,-18.575,-18.205,-16.0,-12.29,-16.67,-20.115,-18.9
8,30,2014,6,-17.015,-17.35,-16.445,-19.525,-20.935,-22.785,-21.8,-21.125,-21.565,-22.695,-20.41,-19.69,-21.235,-22.61,-22.695,-20.5,-18.435,-20.035,-21.175,-21.785,-20.065,-19.525,-21.885,-20.83,-20.31,-18.575,-18.205,-16.0,-12.29,-16.67,-20.115
8,31,2014,7,-14.465,-17.015,-17.35,-16.445,-19.525,-20.935,-22.785,-21.8,-21.125,-21.565,-22.695,-20.41,-19.69,-21.235,-22.61,-22.695,-20.5,-18.435,-20.035,-21.175,-21.785,-20.065,-19.525,-21.885,-20.83,-20.31,-18.575,-18.205,-16.0,-12.29,-16.67
9,1,2014,1,-18.665,-14.465,-17.015,-17.35,-16.445,-19.525,-20.935,-22.785,-21.8,-21.125,-21.565,-22.695,-20.41,-19.69,-21.235,-22.61,-22.695,-20.5,-18.435,-20.035,-21.175,-21.785,-20.065,-19.525,-21.885,-20.83,-20.31,-18.575,-18.205,-16.0,-12.29
9,2,2014,2,-20.64,-18.665,-14.465,-17.015,-17.35,-16.445,-19.525,-20.935,-22.785,-21.8,-21.125,-21.565,-22.695,-20.41,-19.69,-21.235,-22.61,-22.695,-20.5,-18.435,-20.035,-21.175,-21.785,-20.065,-19.525,-21.885,-20.83,-20.31,-18.575,-18.205,-16.0
9,3,2014,3,-19.945,-20.64,-18.665,-14.465,-17.015,-17.35,-16.445,-19.525,-20.935,-22.785,-21.8,-21.125,-21.565,-22.695,-20.41,-19.69,-21.235,-22.61,-22.695,-20.5,-18.435,-20.035,-21.175,-21.785,-20.065,-19.525,-21.885,-20.83,-20.31,-18.575,-18.205
9,4,2014,4,-19.83,-19.945,-20.64,-18.665,-14.465,-17.015,-17.35,-16.445,-19.525,-20.935,-22.785,-21.8,-21.125,-21.565,-22.695,-20.41,-19.69,-21.235,-22.61,-22.695,-20.5,-18.435,-20.035,-21.175,-21.785,-20.065,-19.525,-21.885,-20.83,-20.31,-18.575
9,5,2014,5,-20.71,-19.83,-19.945,-20.64,-18.665,-14.465,-17.015,-17.35,-16.445,-19.525,-20.935,-22.785,-21.8,-21.125,-21.565,-22.695,-20.41,-19.69,-21.235,-22.61,-22.695,-20.5,-18.435,-20.035,-21.175,-21.785,-20.065,-19.525,-21.885,-20.83,-20.31
9,6,2014,6,-20.74,-20.71,-19.83,-19.945,-20.64,-18.665,-14.465,-17.015,-17.35,-16.445,-19.525,-20.935,-22.785,-21.8,-21.125,-21.565,-22.695,-20.41,-19.69,-21.235,-22.61,-22.695,-20.5,-18.435,-20.035,-21.175,-21.785,-20.065,-19.525,-21.885,-20.83
9,7,2014,7,-17.585,-20.74,-20.71,-19.83,-19.945,-20.64,-18.665,-14.465,-17.015,-17.35,-16.445,-19.525,-20.935,-22.785,-21.8,-21.125,-21.565,-22.695,-20.41,-19.69,-21.235,-22.61,-22.695,-20.5,-18.435,-20.035,-21.175,-21.785,-20.065,-19.525,-21.885
9,8,2014,1,-17.31,-17.585,-20.74,-20.71,-19.83,-19.945,-20.64,-18.665,-14.465,-17.015,-17.35,-16.445,-19.525,-20.935,-22.785,-21.8,-21.125,-21.565,-22.695,-20.41,-19.69,-21.235,-22.61,-22.695,-20.5,-18.435,-20.035,-21.175,-21.785,-20.065,-19.525
9,9,2014,2,-19.945,-17.31,-17.585,-20.74,-20.71,-19.83,-19.945,-20.64,-18.665,-14.465,-17.015,-17.35,-16.445,-19.525,-20.935,-22.785,-21.8,-21.125,-21.565,-22.695,-20.41,-19.69,-21.235,-22.61,-22.695,-20.5,-18.435,-20.035,-21.175,-21.785,-20.065
9,10,2014,3,-21.34,-19.945,-17.31,-17.585,-20.74,-20.71,-19.83,-19.945,-20.64,-18.665,-14.465,-17.015,-17.35,-16.445,-19.525,-20.935,-22.785,-21.8,-21.125,-21.565,-22.695,-20.41,-19.69,-21.235,-22.61,-22.695,-20.5,-18.435,-20.035,-21.175,-21.785
9,11,2014,4,-23.235,-21.34,-19.945,-17.31,-17.585,-20.74,-20.71,-19.83,-19.945,-20.64,-18.665,-14.465,-17.015,-17.35,-16.445,-19.525,-20.935,-22.785,-21.8,-21.125,-21.565,-22.695,-20.41,-19.69,-21.235,-22.61,-22.695,-20.5,-18.435,-20.035,-21.175
9,12,2014,5,-15.18,-23.235,-21.34,-19.945,-17.31,-17.585,-20.74,-20.71,-19.83,-19.945,-20.64,-18.665,-14.465,-17.015,-17.35,-16.445,-19.525,-20.935,-22.785,-21.8,-21.125,-21.565,-22.695,-20.41,-19.69,-21.235,-22.61,-22.695,-20.5,-18.435,-20.035
9,13,2014,6,-8.295,-15.18,-23.235,-21.34,-19.945,-17.31,-17.585,-20.74,-20.71,-19.83,-19.945,-20.64,-18.665,-14.465,-17.015,-17.35,-16.445,-19.525,-20.935,-22.785,-21.8,-21.125,-21.565,-22.695,-20.41,-19.69,-21.235,-22.61,-22.695,-20.5,-18.435
9,14,2014,7,-5.295,-8.295,-15.18,-23.235,-21.34,-19.945,-17.31,-17.585,-20.74,-20.71,-19.83,-19.945,-20.64,-18.665,-14.465,-17.015,-17.35,-16.445,-19.525,-20.935,-22.785,-21.8,-21.125,-21.565,-22.695,-20.41,-19.69,-21.235,-22.61,-22.695,-20.5
9,15,2014,1,-16.43,-5.295,-8.295,-15.18,-23.235,-21.34,-19.945,-17.31,-17.585,-20.74,-20.71,-19.83,-19.945,-20.64,-18.665,-14.465,-17.015,-17.35,-16.445,-19.525,-20.935,-22.785,-21.8,-21.125,-21.565,-22.695,-20.41,-19.69,-21.235,-22.61,-22.695
9,16,2014,2,-17.345,-16.43,-5.295,-8.295,-15.18,-23.235,-21.34,-19.945,-17.31,-17.585,-20.74,-20.71,-19.83,-19.945,-20.64,-18.665,-14.465,-17.015,-17.35,-16.445,-19.525,-20.935,-22.785,-21.8,-21.125,-21.565,-22.695,-20.41,-19.69,-21.235,-22.61
9,17,2014,3,-15.105,-17.345,-16.43,-5.295,-8.295,-15.18,-23.235,-21.34,-19.945,-17.31,-17.585,-20.74,-20.71,-19.83,-19.945,-20.64,-18.665,-14.465,-17.015,-17.35,-16.445,-19.525,-20.935,-22.785,-21.8,-21.125,-21.565,-22.695,-20.41,-19.69,-21.235
9,18,2014,4,-12.195,-15.105,-17.345,-16.43,-5.295,-8.295,-15.18,-23.235,-21.34,-19.945,-17.31,-17.585,-20.74,-20.71,-19.83,-19.945,-20.64,-18.665,-14.465,-17.015,-17.35,-16.445,-19.525,-20.935,-22.785,-21.8,-21.125,-21.565,-22.695,-20.41,-19.69
9,19,2014,5,-14.095,-12.195,-15.105,-17.345,-16.43,-5.295,-8.295,-15.18,-23.235,-21.34,-19.945,-17.31,-17.585,-20.74,-20.71,-19.83,-19.945,-20.64,-18.665,-14.465,-17.015,-17.35,-16.445,-19.525,-20.935,-22.785,-21.8,-21.125,-21.565,-22.695,-20.41
9,20,2014,6,-15.9,-14.095,-12.195,-15.105,-17.345,-16.43,-5.295,-8.295,-15.18,-23.235,-21.34,-19.945,-17.31,-17.585,-20.74,-20.71,-19.83,-19.945,-20.64,-18.665,-14.465,-17.015,-17.35,-16.445,-19.525,-20.935,-22.785,-21.8,-21.125,-21.565,-22.695
9,21,2014,7,-17.31,-15.9,-14.095,-12.195,-15.105,-17.345,-16.43,-5.295,-8.295,-15.18,-23.235,-21.34,-19.945,-17.31,-17.585,-20.74,-20.71,-19.83,-19.945,-20.64,-18.665,-14.465,-17.015,-17.35,-16.445,-19.525,-20.935,-22.785,-21.8,-21.125,-21.565
9,22,2014,1,-18.66,-17.31,-15.9,-14.095,-12.195,-15.105,-17.345,-16.43,-5.295,-8.295,-15.18,-23.235,-21.34,-19.945,-17.31,-17.585,-20.74,-20.71,-19.83,-19.945,-20.64,-18.665,-14.465,-17.015,-17.35,-16.445,-19.525,-20.935,-22.785,-21.8,-21.125
9,23,2014,2,-9.76,-18.66,-17.31,-15.9,-14.095,-12.195,-15.105,-17.345,-16.43,-5.295,-8.295,-15.18,-23.235,-21.34,-19.945,-17.31,-17.585,-20.74,-20.71,-19.83,-19.945,-20.64,-18.665,-14.465,-17.015,-17.35,-16.445,-19.525,-20.935,-22.785,-21.8
9,24,2014,3,-10.35,-9.76,-18.66,-17.31,-15.9,-14.095,-12.195,-15.105,-17.345,-16.43,-5.295,-8.295,-15.18,-23.235,-21.34,-19.945,-17.31,-17.585,-20.74,-20.71,-19.83,-19.945,-20.64,-18.665,-14.465,-17.015,-17.35,-16.445,-19.525,-20.935,-22.785
9,25,2014,4,-10.095,-10.35,-9.76,-18.66,-17.31,-15.9,-14.095,-12.195,-15.105,-17.345,-16.43,-5.295,-8.295,-15.18,-23.235,-21.34,-19.945,-17.31,-17.585,-20.74,-20.71,-19.83,-19.945,-20.64,-18.665,-14.465,-17.015,-17.35,-16.445,-19.525,-20.935
9,26,2014,5,-11.985,-10.095,-10.35,-9.76,-18.66,-17.31,-15.9,-14.095,-12.195,-15.105,-17.345,-16.43,-5.295,-8.295,-15.18,-23.235,-21.34,-19.945,-17.31,-17.585,-20.74,-20.71,-19.83,-19.945,-20.64,-18.665,-14.465,-17.015,-17.35,-16.445,-19.525
9,27,2014,6,-12.35,-11.985,-10.095,-10.35,-9.76,-18.66,-17.31,-15.9,-14.095,-12.195,-15.105,-17.345,-16.43,-5.295,-8.295,-15.18,-23.235,-21.34,-19.945,-17.31,-17.585,-20.74,-20.71,-19.83,-19.945,-20.64,-18.665,-14.465,-17.015,-17.35,-16.445
9,28,2014,7,-14.87,-12.35,-11.985,-10.095,-10.35,-9.76,-18.66,-17.31,-15.9,-14.095,-12.195,-15.105,-17.345,-16.43,-5.295,-8.295,-15.18,-23.235,-21.34,-19.945,-17.31,-17.585,-20.74,-20.71,-19.83,-19.945,-20.64,-18.665,-14.465,-17.015,-17.35
9,29,2014,1,-15.135,-14.87,-12.35,-11.985,-10.095,-10.35,-9.76,-18.66,-17.31,-15.9,-14.095,-12.195,-15.105,-17.345,-16.43,-5.295,-8.295,-15.18,-23.235,-21.34,-19.945,-17.31,-17.585,-20.74,-20.71,-19.83,-19.945,-20.64,-18.665,-14.465,-17.015
9,30,2014,2,-16.695,-15.135,-14.87,-12.35,-11.985,-10.095,-10.35,-9.76,-18.66,-17.31,-15.9,-14.095,-12.195,-15.105,-17.345,-16.43,-5.295,-8.295,-15.18,-23.235,-21.34,-19.945,-17.31,-17.585,-20.74,-20.71,-19.83,-19.945,-20.64,-18.665,-14.465
10,1,2014,3,-18.89,-16.695,-15.135,-14.87,-12.35,-11.985,-10.095,-10.35,-9.76,-18.66,-17.31,-15.9,-14.095,-12.195,-15.105,-17.345,-16.43,-5.295,-8.295,-15.18,-23.235,-21.34,-19.945,-17.31,-17.585,-20.74,-20.71,-19.83,-19.945,-20.64,-18.665
10,2,2014,4,-20.055,-18.89,-16.695,-15.135,-14.87,-12.35,-11.985,-10.095,-10.35,-9.76,-18.66,-17.31,-15.9,-14.095,-12.195,-15.105,-17.345,-16.43,-5.295,-8.295,-15.18,-23.235,-21.34,-19.945,-17.31,-17.585,-20.74,-20.71,-19.83,-19.945,-20.64
10,3,2014,5,-11.67,-20.055,-18.89,-16.695,-15.135,-14.87,-12.35,-11.985,-10.095,-10.35,-9.76,-18.66,-17.31,-15.9,-14.095,-12.195,-15.105,-17.345,-16.43,-5.295,-8.295,-15.18,-23.235,-21.34,-19.945,-17.31,-17.585,-20.74,-20.71,-19.83,-19.945
10,4,2014,6,-3.645,-11.67,-20.055,-18.89,-16.695,-15.135,-14.87,-12.35,-11.985,-10.095,-10.35,-9.76,-18.66,-17.31,-15.9,-14.095,-12.195,-15.105,-17.345,-16.43,-5.295,-8.295,-15.18,-23.235,-21.34,-19.945,-17.31,-17.585,-20.74,-20.71,-19.83
10,5,2014,7,-6.585,-3.645,-11.67,-20.055,-18.89,-16.695,-15.135,-14.87,-12.35,-11.985,-10.095,-10.35,-9.76,-18.66,-17.31,-15.9,-14.095,-12.195,-15.105,-17.345,-16.43,-5.295,-8.295,-15.18,-23.235,-21.34,-19.945,-17.31,-17.585,-20.74,-20.71
10,6,2014,1,-8.96,-6.585,-3.645,-11.67,-20.055,-18.89,-16.695,-15.135,-14.87,-12.35,-11.985,-10.095,-10.35,-9.76,-18.66,-17.31,-15.9,-14.095,-12.195,-15.105,-17.345,-16.43,-5.295,-8.295,-15.18,-23.235,-21.34,-19.945,-17.31,-17.585,-20.74
10,7,2014,2,-14.625,-8.96,-6.585,-3.645,-11.67,-20.055,-18.89,-16.695,-15.135,-14.87,-12.35,-11.985,-10.095,-10.35,-9.76,-18.66,-17.31,-15.9,-14.095,-12.195,-15.105,-17.345,-16.43,-5.295,-8.295,-15.18,-23.235,-21.34,-19.945,-17.31,-17.585
10,8,2014,3,-15.64,-14.625,-8.96,-6.585,-3.645,-11.67,-20.055,-18.89,-16.695,-15.135,-14.87,-12.35,-11.985,-10.095,-10.35,-9.76,-18.66,-17.31,-15.9,-14.095,-12.195,-15.105,-17.345,-16.43,-5.295,-8.295,-15.18,-23.235,-21.34,-19.945,-17.31
10,9,2014,4,-15.675,-15.64,-14.625,-8.96,-6.585,-3.645,-11.67,-20.055,-18.89,-16.695,-15.135,-14.87,-12.35,-11.985,-10.095,-10.35,-9.76,-18.66,-17.31,-15.9,-14.095,-12.195,-15.105,-17.345,-16.43,-5.295,-8.295,-15.18,-23.235,-21.34,-19.945
10,10,2014,5,-17.77,-15.675,-15.64,-14.625,-8.96,-6.585,-3.645,-11.67,-20.055,-18.89,-16.695,-15.135,-14.87,-12.35,-11.985,-10.095,-10.35,-9.76,-18.66,-17.31,-15.9,-14.095,-12.195,-15.105,-17.345,-16.43,-5.295,-8.295,-15.18,-23.235,-21.34
10,11,2014,6,-9.755,-17.77,-15.675,-15.64,-14.625,-8.96,-6.585,-3.645,-11.67,-20.055,-18.89,-16.695,-15.135,-14.87,-12.35,-11.985,-10.095,-10.35,-9.76,-18.66,-17.31,-15.9,-14.095,-12.195,-15.105,-17.345,-16.43,-5.295,-8.295,-15.18,-23.235
10,12,2014,7,-10.44,-9.755,-17.77,-15.675,-15.64,-14.625,-8.96,-6.585,-3.645,-11.67,-20.055,-18.89,-16.695,-15.135,-14.87,-12.35,-11.985,-10.095,-10.35,-9.76,-18.66,-17.31,-15.9,-14.095,-12.195,-15.105,-17.345,-16.43,-5.295,-8.295,-15.18
10,13,2014,1,-6.855,-10.44,-9.755,-17.77,-15.675,-15.64,-14.625,-8.96,-6.585,-3.645,-11.67,-20.055,-18.89,-16.695,-15.135,-14.87,-12.35,-11.985,-10.095,-10.35,-9.76,-18.66,-17.31,-15.9,-14.095,-12.195,-15.105,-17.345,-16.43,-5.295,-8.295
10,14,2014,2,-0.575,-6.855,-10.44,-9.755,-17.77,-15.675,-15.64,-14.625,-8.96,-6.585,-3.645,-11.67,-20.055,-18.89,-16.695,-15.135,-14.87,-12.35,-11.985,-10.095,-10.35,-9.76,-18.66,-17.31,-15.9,-14.095,-12.195,-15.105,-17.345,-16.43,-5.295
10,15,2014,3,-2.75,-0.575,-6.855,-10.44,-9.755,-17.77,-15.675,-15.64,-14.625,-8.96,-6.585,-3.645,-11.67,-20.055,-18.89,-16.695,-15.135,-14.87,-12.35,-11.985,-10.095,-10.35,-9.76,-18.66,-17.31,-15.9,-14.095,-12.195,-15.105,-17.345,-16.43
10,16,2014,4,-7.15,-2.75,-0.575,-6.855,-10.44,-9.755,-17.77,-15.675,-15.64,-14.625,-8.96,-6.585,-3.645,-11.67,-20.055,-18.89,-16.695,-15.135,-14.87,-12.35,-11.985,-10.095,-10.35,-9.76,-18.66,-17.31,-15.9,-14.095,-12.195,-15.105,-17.345
10,17,2014,5,-8.76,-7.15,-2.75,-0.575,-6.855,-10.44,-9.755,-17.77,-15.675,-15.64,-14.625,-8.96,-6.585,-3.645,-11.67,-20.055,-18.89,-16.695,-15.135,-14.87,-12.35,-11.985,-10.095,-10.35,-9.76,-18.66,-17.31,-15.9,-14.095,-12.195,-15.105
10,18,2014,6,-9.295,-8.76,-7.15,-2.75,-0.575,-6.855,-10.44,-9.755,-17.77,-15.675,-15.64,-14.625,-8.96,-6.585,-3.645,-11.67,-20.055,-18.89,-16.695,-15.135,-14.87,-12.35,-11.985,-10.095,-10.35,-9.76,-18.66,-17.31,-15.9,-14.095,-12.195
10,19,2014,7,-8.075,-9.295,-8.76,-7.15,-2.75,-0.575,-6.855,-10.44,-9.755,-17.77,-15.675,-15.64,-14.625,-8.96,-6.585,-3.645,-11.67,-20.055,-18.89,-16.695,-15.135,-14.87,-12.35,-11.985,-10.095,-10.35,-9.76,-18.66,-17.31,-15.9,-14.095
10,20,2014,1,-6.695,-8.075,-9.295,-8.76,-7.15,-2.75,-0.575,-6.855,-10.44,-9.755,-17.77,-15.675,-15.64,-14.625,-8.96,-6.585,-3.645,-11.67,-20.055,-18.89,-16.695,-15.135,-14.87,-12.35,-11.985,-10.095,-10.35,-9.76,-18.66,-17.31,-15.9
10,21,2014,2,-5.24,-6.695,-8.075,-9.295,-8.76,-7.15,-2.75,-0.575,-6.855,-10.44,-9.755,-17.77,-15.675,-15.64,-14.625,-8.96,-6.585,-3.645,-11.67,-20.055,-18.89,-16.695,-15.135,-14.87,-12.35,-11.985,-10.095,-10.35,-9.76,-18.66,-17.31
10,22,2014,3,-7.16,-5.24,-6.695,-8.075,-9.295,-8.76,-7.15,-2.75,-0.575,-6.855,-10.44,-9.755,-17.77,-15.675,-15.64,-14.625,-8.96,-6.585,-3.645,-11.67,-20.055,-18.89,-16.695,-15.135,-14.87,-12.35,-11.985,-10.095,-10.35,-9.76,-18.66
10,23,2014,4,-4.225,-7.16,-5.24,-6.695,-8.075,-9.295,-8.76,-7.15,-2.75,-0.575,-6.855,-10.44,-9.755,-17.77,-15.675,-15.64,-14.625,-8.96,-6.585,-3.645,-11.67,-20.055,-18.89,-16.695,-15.135,-14.87,-12.35,-11.985,-10.095,-10.35,-9.76
10,24,2014,5,-3.66,-4.225,-7.16,-5.24,-6.695,-8.075,-9.295,-8.76,-7.15,-2.75,-0.575,-6.855,-10.44,-9.755,-17.77,-15.675,-15.64,-14.625,-8.96,-6.585,-3.645,-11.67,-20.055,-18.89,-16.695,-15.135,-14.87,-12.35,-11.985,-10.095,-10.35
10,25,2014,6,-5.625,-3.66,-4.225,-7.16,-5.24,-6.695,-8.075,-9.295,-8.76,-7.15,-2.75,-0.575,-6.855,-10.44,-9.755,-17.77,-15.675,-15.64,-14.625,-8.96,-6.585,-3.645,-11.67,-20.055,-18.89,-16.695,-15.135,-14.87,-12.35,-11.985,-10.095
10,26,2014,-6.52,-6.11,-3.18,-4.655,-7.205,-5.305,-6.715,-7.965,-9.295,-8.76,-7.15,-2.75,-0.575,-6.855,-10.495,-9.98,-17.77,-15.675,-15.64,-14.625,-8.96,-6.585,-3.645,-11.67,-20.055,-18.89,-16.695,-15.135,-14.87,-12.35,-11.985
10,26,2014,7,-6.52,-6.11,-3.18,-4.655,-7.205,-5.305,-6.715,-7.965,-9.295,-8.76,-7.15,-2.75,-0.575,-6.855,-10.495,-9.98,-17.77,-15.675,-15.64,-14.625,-8.96,-6.585,-3.645,-11.67,-20.055,-18.89,-16.695,-15.135,-14.87,-12.35,-11.985
11,1,2014,6,8.335,-2.5,-4.705,-9.835,-10.395,-8.99,-6.325,-5.785,-2.99,-4.345,-7.04,-5.19,-6.6,-7.965,-11.105,-10.195,-8.43,-5.17,-2.485,-8.725,-10.495,-9.98,-17.77,-15.675,-15.64,-14.625,-8.96,-6.585,-3.645,-11.67,-20.055
