10,25,2013,5,0.46,1.5,1.945,0.595,-0.63,-3.965,-3.725,-4.81,-7.375,-6.945,-3.085,-0.505,0.13,1.645,4.57,4.92,-1.24,-7.75,-11.04,-8.94,-9.07,-2.44,-4.18,-6.17,-5.155,-7.01,-9.205,-4.8,-3.78,-4.42,-7.92
10,26,2013,6,1.355,0.46,1.5,1.945,0.595,-0.63,-3.965,-3.725,-4.81,-7.375,-6.945,-3.085,-0.505,0.13,1.645,4.57,4.92,-1.24,-7.75,-11.04,-8.94,-9.07,-2.44,-4.18,-6.17,-5.155,-7.01,-9.205,-4.8,-3.78,-4.42
10,27,2013,7,-0.7,1.355,0.46,1.5,1.945,0.595,-0.63,-3.965,-3.725,-4.81,-7.375,-6.945,-3.085,-0.505,0.13,1.645,4.57,4.92,-1.24,-7.75,-11.04,-8.94,-9.07,-2.44,-4.18,-6.17,-5.155,-7.01,-9.205,-4.8,-3.78
10,28,2013,1,0.86,-0.7,1.355,0.46,1.5,1.945,0.595,-0.63,-3.965,-3.725,-4.81,-7.375,-6.945,-3.085,-0.505,0.13,1.645,4.57,4.92,-1.24,-7.75,-11.04,-8.94,-9.07,-2.44,-4.18,-6.17,-5.155,-7.01,-9.205,-4.8
10,29,2013,2,3.035,0.86,-0.7,1.355,0.46,1.5,1.945,0.595,-0.63,-3.965,-3.725,-4.81,-7.375,-6.945,-3.085,-0.505,0.13,1.645,4.57,4.92,-1.24,-7.75,-11.04,-8.94,-9.07,-2.44,-4.18,-6.17,-5.155,-7.01,-9.205
10,30,2013,3,5.145,3.035,0.86,-0.7,1.355,0.46,1.5,1.945,0.595,-0.63,-3.965,-3.725,-4.81,-7.375,-6.945,-3.085,-0.505,0.13,1.645,4.57,4.92,-1.24,-7.75,-11.04,-8.94,-9.07,-2.44,-4.18,-6.17,-5.155,-7.01
10,31,2013,4,4.22,5.145,3.035,0.86,-0.7,1.355,0.46,1.5,1.945,0.595,-0.63,-3.965,-3.725,-4.81,-7.375,-6.945,-3.085,-0.505,0.13,1.645,4.57,4.92,-1.24,-7.75,-11.04,-8.94,-9.07,-2.44,-4.18,-6.17,-5.155
11,1,2013,5,-1.09,4.22,5.145,3.035,0.86,-0.7,1.355,0.46,1.5,1.945,0.595,-0.63,-3.965,-3.725,-4.81,-7.375,-6.945,-3.085,-0.505,0.13,1.645,4.57,4.92,-1.24,-7.75,-11.04,-8.94,-9.07,-2.44,-4.18,-6.17
11,2,2013,6,-4.285,-1.09,4.22,5.145,3.035,0.86,-0.7,1.355,0.46,1.5,1.945,0.595,-0.63,-3.965,-3.725,-4.81,-7.375,-6.945,-3.085,-0.505,0.13,1.645,4.57,4.92,-1.24,-7.75,-11.04,-8.94,-9.07,-2.44,-4.18
11,3,2013,7,-4.775,-4.285,-1.09,4.22,5.145,3.035,0.86,-0.7,1.355,0.46,1.5,1.945,0.595,-0.63,-3.965,-3.725,-4.81,-7.375,-6.945,-3.085,-0.505,0.13,1.645,4.57,4.92,-1.24,-7.75,-11.04,-8.94,-9.07,-2.44
11,4,2013,1,-0.335,-4.775,-4.285,-1.09,4.22,5.145,3.035,0.86,-0.7,1.355,0.46,1.5,1.945,0.595,-0.63,-3.965,-3.725,-4.81,-7.375,-6.945,-3.085,-0.505,0.13,1.645,4.57,4.92,-1.24,-7.75,-11.04,-8.94,-9.07
11,5,2013,2,2.4,-0.335,-4.775,-4.285,-1.09,4.22,5.145,3.035,0.86,-0.7,1.355,0.46,1.5,1.945,0.595,-0.63,-3.965,-3.725,-4.81,-7.375,-6.945,-3.085,-0.505,0.13,1.645,4.57,4.92,-1.24,-7.75,-11.04,-8.94
11,6,2013,3,1.015,2.4,-0.335,-4.775,-4.285,-1.09,4.22,5.145,3.035,0.86,-0.7,1.355,0.46,1.5,1.945,0.595,-0.63,-3.965,-3.725,-4.81,-7.375,-6.945,-3.085,-0.505,0.13,1.645,4.57,4.92,-1.24,-7.75,-11.04
11,7,2013,4,-1.01,1.015,2.4,-0.335,-4.775,-4.285,-1.09,4.22,5.145,3.035,0.86,-0.7,1.355,0.46,1.5,1.945,0.595,-0.63,-3.965,-3.725,-4.81,-7.375,-6.945,-3.085,-0.505,0.13,1.645,4.57,4.92,-1.24,-7.75
11,8,2013,5,-6.21,-1.01,1.015,2.4,-0.335,-4.775,-4.285,-1.09,4.22,5.145,3.035,0.86,-0.7,1.355,0.46,1.5,1.945,0.595,-0.63,-3.965,-3.725,-4.81,-7.375,-6.945,-3.085,-0.505,0.13,1.645,4.57,4.92,-1.24
11,9,2013,6,-1.325,-6.21,-1.01,1.015,2.4,-0.335,-4.775,-4.285,-1.09,4.22,5.145,3.035,0.86,-0.7,1.355,0.46,1.5,1.945,0.595,-0.63,-3.965,-3.725,-4.81,-7.375,-6.945,-3.085,-0.505,0.13,1.645,4.57,4.92
11,10,2013,7,-0.24,-1.325,-6.21,-1.01,1.015,2.4,-0.335,-4.775,-4.285,-1.09,4.22,5.145,3.035,0.86,-0.7,1.355,0.46,1.5,1.945,0.595,-0.63,-3.965,-3.725,-4.81,-7.375,-6.945,-3.085,-0.505,0.13,1.645,4.57
11,11,2013,1,-2.365,-0.24,-1.325,-6.21,-1.01,1.015,2.4,-0.335,-4.775,-4.285,-1.09,4.22,5.145,3.035,0.86,-0.7,1.355,0.46,1.5,1.945,0.595,-0.63,-3.965,-3.725,-4.81,-7.375,-6.945,-3.085,-0.505,0.13,1.645
11,12,2013,2,0.98,-2.365,-0.24,-1.325,-6.21,-1.01,1.015,2.4,-0.335,-4.775,-4.285,-1.09,4.22,5.145,3.035,0.86,-0.7,1.355,0.46,1.5,1.945,0.595,-0.63,-3.965,-3.725,-4.81,-7.375,-6.945,-3.085,-0.505,0.13
11,13,2013,3,-0.845,0.98,-2.365,-0.24,-1.325,-6.21,-1.01,1.015,2.4,-0.335,-4.775,-4.285,-1.09,4.22,5.145,3.035,0.86,-0.7,1.355,0.46,1.5,1.945,0.595,-0.63,-3.965,-3.725,-4.81,-7.375,-6.945,-3.085,-0.505
11,14,2013,4,-9.075,-0.845,0.98,-2.365,-0.24,-1.325,-6.21,-1.01,1.015,2.4,-0.335,-4.775,-4.285,-1.09,4.22,5.145,3.035,0.86,-0.7,1.355,0.46,1.5,1.945,0.595,-0.63,-3.965,-3.725,-4.81,-7.375,-6.945,-3.085
11,15,2013,5,-9.635,-9.075,-0.845,0.98,-2.365,-0.24,-1.325,-6.21,-1.01,1.015,2.4,-0.335,-4.775,-4.285,-1.09,4.22,5.145,3.035,0.86,-0.7,1.355,0.46,1.5,1.945,0.595,-0.63,-3.965,-3.725,-4.81,-7.375,-6.945
11,16,2013,6,0.885,-9.635,-9.075,-0.845,0.98,-2.365,-0.24,-1.325,-6.21,-1.01,1.015,2.4,-0.335,-4.775,-4.285,-1.09,4.22,5.145,3.035,0.86,-0.7,1.355,0.46,1.5,1.945,0.595,-0.63,-3.965,-3.725,-4.81,-7.375
11,17,2013,7,2.53,0.885,-9.635,-9.075,-0.845,0.98,-2.365,-0.24,-1.325,-6.21,-1.01,1.015,2.4,-0.335,-4.775,-4.285,-1.09,4.22,5.145,3.035,0.86,-0.7,1.355,0.46,1.5,1.945,0.595,-0.63,-3.965,-3.725,-4.81
11,18,2013,1,4.045,2.53,0.885,-9.635,-9.075,-0.845,0.98,-2.365,-0.24,-1.325,-6.21,-1.01,1.015,2.4,-0.335,-4.775,-4.285,-1.09,4.22,5.145,3.035,0.86,-0.7,1.355,0.46,1.5,1.945,0.595,-0.63,-3.965,-3.725
11,19,2013,2,4.995,4.045,2.53,0.885,-9.635,-9.075,-0.845,0.98,-2.365,-0.24,-1.325,-6.21,-1.01,1.015,2.4,-0.335,-4.775,-4.285,-1.09,4.22,5.145,3.035,0.86,-0.7,1.355,0.46,1.5,1.945,0.595,-0.63,-3.965
11,20,2013,3,3.185,4.995,4.045,2.53,0.885,-9.635,-9.075,-0.845,0.98,-2.365,-0.24,-1.325,-6.21,-1.01,1.015,2.4,-0.335,-4.775,-4.285,-1.09,4.22,5.145,3.035,0.86,-0.7,1.355,0.46,1.5,1.945,0.595,-0.63
11,21,2013,4,4.37,3.185,4.995,4.045,2.53,0.885,-9.635,-9.075,-0.845,0.98,-2.365,-0.24,-1.325,-6.21,-1.01,1.015,2.4,-0.335,-4.775,-4.285,-1.09,4.22,5.145,3.035,0.86,-0.7,1.355,0.46,1.5,1.945,0.595
11,22,2013,5,4.495,4.37,3.185,4.995,4.045,2.53,0.885,-9.635,-9.075,-0.845,0.98,-2.365,-0.24,-1.325,-6.21,-1.01,1.015,2.4,-0.335,-4.775,-4.285,-1.09,4.22,5.145,3.035,0.86,-0.7,1.355,0.46,1.5,1.945
11,23,2013,6,5.705,4.495,4.37,3.185,4.995,4.045,2.53,0.885,-9.635,-9.075,-0.845,0.98,-2.365,-0.24,-1.325,-6.21,-1.01,1.015,2.4,-0.335,-4.775,-4.285,-1.09,4.22,5.145,3.035,0.86,-0.7,1.355,0.46,1.5
11,24,2013,7,6.735,5.705,4.495,4.37,3.185,4.995,4.045,2.53,0.885,-9.635,-9.075,-0.845,0.98,-2.365,-0.24,-1.325,-6.21,-1.01,1.015,2.4,-0.335,-4.775,-4.285,-1.09,4.22,5.145,3.035,0.86,-0.7,1.355,0.46
11,25,2013,1,6.94,6.735,5.705,4.495,4.37,3.185,4.995,4.045,2.53,0.885,-9.635,-9.075,-0.845,0.98,-2.365,-0.24,-1.325,-6.21,-1.01,1.015,2.4,-0.335,-4.775,-4.285,-1.09,4.22,5.145,3.035,0.86,-0.7,1.355
11,26,2013,2,5.925,6.94,6.735,5.705,4.495,4.37,3.185,4.995,4.045,2.53,0.885,-9.635,-9.075,-0.845,0.98,-2.365,-0.24,-1.325,-6.21,-1.01,1.015,2.4,-0.335,-4.775,-4.285,-1.09,4.22,5.145,3.035,0.86,-0.7
11,27,2013,3,2.175,5.925,6.94,6.735,5.705,4.495,4.37,3.185,4.995,4.045,2.53,0.885,-9.635,-9.075,-0.845,0.98,-2.365,-0.24,-1.325,-6.21,-1.01,1.015,2.4,-0.335,-4.775,-4.285,-1.09,4.22,5.145,3.035,0.86
11,28,2013,4,-0.11,2.175,5.925,6.94,6.735,5.705,4.495,4.37,3.185,4.995,4.045,2.53,0.885,-9.635,-9.075,-0.845,0.98,-2.365,-0.24,-1.325,-6.21,-1.01,1.015,2.4,-0.335,-4.775,-4.285,-1.09,4.22,5.145,3.035
11,29,2013,5,4.335,-0.11,2.175,5.925,6.94,6.735,5.705,4.495,4.37,3.185,4.995,4.045,2.53,0.885,-9.635,-9.075,-0.845,0.98,-2.365,-0.24,-1.325,-6.21,-1.01,1.015,2.4,-0.335,-4.775,-4.285,-1.09,4.22,5.145
11,30,2013,6,5.715,4.335,-0.11,2.175,5.925,6.94,6.735,5.705,4.495,4.37,3.185,4.995,4.045,2.53,0.885,-9.635,-9.075,-0.845,0.98,-2.365,-0.24,-1.325,-6.21,-1.01,1.015,2.4,-0.335,-4.775,-4.285,-1.09,4.22
12,1,2013,7,2.705,5.715,4.335,-0.11,2.175,5.925,6.94,6.735,5.705,4.495,4.37,3.185,4.995,4.045,2.53,0.885,-9.635,-9.075,-0.845,0.98,-2.365,-0.24,-1.325,-6.21,-1.01,1.015,2.4,-0.335,-4.775,-4.285,-1.09
12,2,2013,1,-1.295,2.705,5.715,4.335,-0.11,2.175,5.925,6.94,6.735,5.705,4.495,4.37,3.185,4.995,4.045,2.53,0.885,-9.635,-9.075,-0.845,0.98,-2.365,-0.24,-1.325,-6.21,-1.01,1.015,2.4,-0.335,-4.775,-4.285
12,3,2013,2,2.11,-1.295,2.705,5.715,4.335,-0.11,2.175,5.925,6.94,6.735,5.705,4.495,4.37,3.185,4.995,4.045,2.53,0.885,-9.635,-9.075,-0.845,0.98,-2.365,-0.24,-1.325,-6.21,-1.01,1.015,2.4,-0.335,-4.775
12,4,2013,3,7.405,2.11,-1.295,2.705,5.715,4.335,-0.11,2.175,5.925,6.94,6.735,5.705,4.495,4.37,3.185,4.995,4.045,2.53,0.885,-9.635,-9.075,-0.845,0.98,-2.365,-0.24,-1.325,-6.21,-1.01,1.015,2.4,-0.335
12,5,2013,4,9.165,7.405,2.11,-1.295,2.705,5.715,4.335,-0.11,2.175,5.925,6.94,6.735,5.705,4.495,4.37,3.185,4.995,4.045,2.53,0.885,-9.635,-9.075,-0.845,0.98,-2.365,-0.24,-1.325,-6.21,-1.01,1.015,2.4
12,6,2013,5,12.935,9.165,7.405,2.11,-1.295,2.705,5.715,4.335,-0.11,2.175,5.925,6.94,6.735,5.705,4.495,4.37,3.185,4.995,4.045,2.53,0.885,-9.635,-9.075,-0.845,0.98,-2.365,-0.24,-1.325,-6.21,-1.01,1.015
12,7,2013,6,14.395,12.935,9.165,7.405,2.11,-1.295,2.705,5.715,4.335,-0.11,2.175,5.925,6.94,6.735,5.705,4.495,4.37,3.185,4.995,4.045,2.53,0.885,-9.635,-9.075,-0.845,0.98,-2.365,-0.24,-1.325,-6.21,-1.01
12,8,2013,7,13.36,14.395,12.935,9.165,7.405,2.11,-1.295,2.705,5.715,4.335,-0.11,2.175,5.925,6.94,6.735,5.705,4.495,4.37,3.185,4.995,4.045,2.53,0.885,-9.635,-9.075,-0.845,0.98,-2.365,-0.24,-1.325,-6.21
12,9,2013,1,16.855,13.36,14.395,12.935,9.165,7.405,2.11,-1.295,2.705,5.715,4.335,-0.11,2.175,5.925,6.94,6.735,5.705,4.495,4.37,3.185,4.995,4.045,2.53,0.885,-9.635,-9.075,-0.845,0.98,-2.365,-0.24,-1.325
12,10,2013,2,14.735,16.855,13.36,14.395,12.935,9.165,7.405,2.11,-1.295,2.705,5.715,4.335,-0.11,2.175,5.925,6.94,6.735,5.705,4.495,4.37,3.185,4.995,4.045,2.53,0.885,-9.635,-9.075,-0.845,0.98,-2.365,-0.24
12,11,2013,3,11.925,14.735,16.855,13.36,14.395,12.935,9.165,7.405,2.11,-1.295,2.705,5.715,4.335,-0.11,2.175,5.925,6.94,6.735,5.705,4.495,4.37,3.185,4.995,4.045,2.53,0.885,-9.635,-9.075,-0.845,0.98,-2.365
12,12,2013,4,6.07,11.925,14.735,16.855,13.36,14.395,12.935,9.165,7.405,2.11,-1.295,2.705,5.715,4.335,-0.11,2.175,5.925,6.94,6.735,5.705,4.495,4.37,3.185,4.995,4.045,2.53,0.885,-9.635,-9.075,-0.845,0.98
12,13,2013,5,7.075,6.07,11.925,14.735,16.855,13.36,14.395,12.935,9.165,7.405,2.11,-1.295,2.705,5.715,4.335,-0.11,2.175,5.925,6.94,6.735,5.705,4.495,4.37,3.185,4.995,4.045,2.53,0.885,-9.635,-9.075,-0.845
12,14,2013,6,10.125,7.075,6.07,11.925,14.735,16.855,13.36,14.395,12.935,9.165,7.405,2.11,-1.295,2.705,5.715,4.335,-0.11,2.175,5.925,6.94,6.735,5.705,4.495,4.37,3.185,4.995,4.045,2.53,0.885,-9.635,-9.075
12,15,2013,7,6.995,10.125,7.075,6.07,11.925,14.735,16.855,13.36,14.395,12.935,9.165,7.405,2.11,-1.295,2.705,5.715,4.335,-0.11,2.175,5.925,6.94,6.735,5.705,4.495,4.37,3.185,4.995,4.045,2.53,0.885,-9.635
12,16,2013,1,2.79,6.995,10.125,7.075,6.07,11.925,14.735,16.855,13.36,14.395,12.935,9.165,7.405,2.11,-1.295,2.705,5.715,4.335,-0.11,2.175,5.925,6.94,6.735,5.705,4.495,4.37,3.185,4.995,4.045,2.53,0.885
12,17,2013,2,-6.82,2.79,6.995,10.125,7.075,6.07,11.925,14.735,16.855,13.36,14.395,12.935,9.165,7.405,2.11,-1.295,2.705,5.715,4.335,-0.11,2.175,5.925,6.94,6.735,5.705,4.495,4.37,3.185,4.995,4.045,2.53
12,18,2013,3,-4.05,-6.82,2.79,6.995,10.125,7.075,6.07,11.925,14.735,16.855,13.36,14.395,12.935,9.165,7.405,2.11,-1.295,2.705,5.715,4.335,-0.11,2.175,5.925,6.94,6.735,5.705,4.495,4.37,3.185,4.995,4.045
12,19,2013,4,1.775,-4.05,-6.82,2.79,6.995,10.125,7.075,6.07,11.925,14.735,16.855,13.36,14.395,12.935,9.165,7.405,2.11,-1.295,2.705,5.715,4.335,-0.11,2.175,5.925,6.94,6.735,5.705,4.495,4.37,3.185,4.995
12,20,2013,5,11.88,1.775,-4.05,-6.82,2.79,6.995,10.125,7.075,6.07,11.925,14.735,16.855,13.36,14.395,12.935,9.165,7.405,2.11,-1.295,2.705,5.715,4.335,-0.11,2.175,5.925,6.94,6.735,5.705,4.495,4.37,3.185
12,21,2013,6,10.895,11.88,1.775,-4.05,-6.82,2.79,6.995,10.125,7.075,6.07,11.925,14.735,16.855,13.36,14.395,12.935,9.165,7.405,2.11,-1.295,2.705,5.715,4.335,-0.11,2.175,5.925,6.94,6.735,5.705,4.495,4.37
12,22,2013,7,11.515,10.895,11.88,1.775,-4.05,-6.82,2.79,6.995,10.125,7.075,6.07,11.925,14.735,16.855,13.36,14.395,12.935,9.165,7.405,2.11,-1.295,2.705,5.715,4.335,-0.11,2.175,5.925,6.94,6.735,5.705,4.495
12,23,2013,1,7.375,11.515,10.895,11.88,1.775,-4.05,-6.82,2.79,6.995,10.125,7.075,6.07,11.925,14.735,16.855,13.36,14.395,12.935,9.165,7.405,2.11,-1.295,2.705,5.715,4.335,-0.11,2.175,5.925,6.94,6.735,5.705
12,24,2013,2,3.71,7.375,11.515,10.895,11.88,1.775,-4.05,-6.82,2.79,6.995,10.125,7.075,6.07,11.925,14.735,16.855,13.36,14.395,12.935,9.165,7.405,2.11,-1.295,2.705,5.715,4.335,-0.11,2.175,5.925,6.94,6.735
12,25,2013,3,-0.045,3.71,7.375,11.515,10.895,11.88,1.775,-4.05,-6.82,2.79,6.995,10.125,7.075,6.07,11.925,14.735,16.855,13.36,14.395,12.935,9.165,7.405,2.11,-1.295,2.705,5.715,4.335,-0.11,2.175,5.925,6.94
12,26,2013,4,0.76,-0.045,3.71,7.375,11.515,10.895,11.88,1.775,-4.05,-6.82,2.79,6.995,10.125,7.075,6.07,11.925,14.735,16.855,13.36,14.395,12.935,9.165,7.405,2.11,-1.295,2.705,5.715,4.335,-0.11,2.175,5.925
12,27,2013,5,1.77,0.76,-0.045,3.71,7.375,11.515,10.895,11.88,1.775,-4.05,-6.82,2.79,6.995,10.125,7.075,6.07,11.925,14.735,16.855,13.36,14.395,12.935,9.165,7.405,2.11,-1.295,2.705,5.715,4.335,-0.11,2.175
12,28,2013,6,-0.915,1.77,0.76,-0.045,3.71,7.375,11.515,10.895,11.88,1.775,-4.05,-6.82,2.79,6.995,10.125,7.075,6.07,11.925,14.735,16.855,13.36,14.395,12.935,9.165,7.405,2.11,-1.295,2.705,5.715,4.335,-0.11
12,29,2013,7,2.435,-0.915,1.77,0.76,-0.045,3.71,7.375,11.515,10.895,11.88,1.775,-4.05,-6.82,2.79,6.995,10.125,7.075,6.07,11.925,14.735,16.855,13.36,14.395,12.935,9.165,7.405,2.11,-1.295,2.705,5.715,4.335
12,30,2013,1,5.39,2.435,-0.915,1.77,0.76,-0.045,3.71,7.375,11.515,10.895,11.88,1.775,-4.05,-6.82,2.79,6.995,10.125,7.075,6.07,11.925,14.735,16.855,13.36,14.395,12.935,9.165,7.405,2.11,-1.295,2.705,5.715
12,31,2013,2,4.825,5.39,2.435,-0.915,1.77,0.76,-0.045,3.71,7.375,11.515,10.895,11.88,1.775,-4.05,-6.82,2.79,6.995,10.125,7.075,6.07,11.925,14.735,16.855,13.36,14.395,12.935,9.165,7.405,2.11,-1.295,2.705
1,1,2014,3,7.2,4.825,5.39,2.435,-0.915,1.77,0.76,-0.045,3.71,7.375,11.515,10.895,11.88,1.775,-4.05,-6.82,2.79,6.995,10.125,7.075,6.07,11.925,14.735,16.855,13.36,14.395,12.935,9.165,7.405,2.11,-1.295
1,2,2014,4,7.425,7.2,4.825,5.39,2.435,-0.915,1.77,0.76,-0.045,3.71,7.375,11.515,10.895,11.88,1.775,-4.05,-6.82,2.79,6.995,10.125,7.075,6.07,11.925,14.735,16.855,13.36,14.395,12.935,9.165,7.405,2.11
1,3,2014,5,-0.585,7.425,7.2,4.825,5.39,2.435,-0.915,1.77,0.76,-0.045,3.71,7.375,11.515,10.895,11.88,1.775,-4.05,-6.82,2.79,6.995,10.125,7.075,6.07,11.925,14.735,16.855,13.36,14.395,12.935,9.165,7.405
1,4,2014,6,5.475,-0.585,7.425,7.2,4.825,5.39,2.435,-0.915,1.77,0.76,-0.045,3.71,7.375,11.515,10.895,11.88,1.775,-4.05,-6.82,2.79,6.995,10.125,7.075,6.07,11.925,14.735,16.855,13.36,14.395,12.935,9.165
1,5,2014,7,6.125,5.475,-0.585,7.425,7.2,4.825,5.39,2.435,-0.915,1.77,0.76,-0.045,3.71,7.375,11.515,10.895,11.88,1.775,-4.05,-6.82,2.79,6.995,10.125,7.075,6.07,11.925,14.735,16.855,13.36,14.395,12.935
1,6,2014,1,4.39,6.125,5.475,-0.585,7.425,7.2,4.825,5.39,2.435,-0.915,1.77,0.76,-0.045,3.71,7.375,11.515,10.895,11.88,1.775,-4.05,-6.82,2.79,6.995,10.125,7.075,6.07,11.925,14.735,16.855,13.36,14.395
1,7,2014,2,1.4,4.39,6.125,5.475,-0.585,7.425,7.2,4.825,5.39,2.435,-0.915,1.77,0.76,-0.045,3.71,7.375,11.515,10.895,11.88,1.775,-4.05,-6.82,2.79,6.995,10.125,7.075,6.07,11.925,14.735,16.855,13.36
1,8,2014,3,6.495,1.4,4.39,6.125,5.475,-0.585,7.425,7.2,4.825,5.39,2.435,-0.915,1.77,0.76,-0.045,3.71,7.375,11.515,10.895,11.88,1.775,-4.05,-6.82,2.79,6.995,10.125,7.075,6.07,11.925,14.735,16.855
1,9,2014,4,7.975,6.495,1.4,4.39,6.125,5.475,-0.585,7.425,7.2,4.825,5.39,2.435,-0.915,1.77,0.76,-0.045,3.71,7.375,11.515,10.895,11.88,1.775,-4.05,-6.82,2.79,6.995,10.125,7.075,6.07,11.925,14.735
1,10,2014,5,8.19,7.975,6.495,1.4,4.39,6.125,5.475,-0.585,7.425,7.2,4.825,5.39,2.435,-0.915,1.77,0.76,-0.045,3.71,7.375,11.515,10.895,11.88,1.775,-4.05,-6.82,2.79,6.995,10.125,7.075,6.07,11.925
1,11,2014,6,7.1,8.19,7.975,6.495,1.4,4.39,6.125,5.475,-0.585,7.425,7.2,4.825,5.39,2.435,-0.915,1.77,0.76,-0.045,3.71,7.375,11.515,10.895,11.88,1.775,-4.05,-6.82,2.79,6.995,10.125,7.075,6.07
1,12,2014,7,5.235,7.1,8.19,7.975,6.495,1.4,4.39,6.125,5.475,-0.585,7.425,7.2,4.825,5.39,2.435,-0.915,1.77,0.76,-0.045,3.71,7.375,11.515,10.895,11.88,1.775,-4.05,-6.82,2.79,6.995,10.125,7.075
1,13,2014,1,4.86,5.235,7.1,8.19,7.975,6.495,1.4,4.39,6.125,5.475,-0.585,7.425,7.2,4.825,5.39,2.435,-0.915,1.77,0.76,-0.045,3.71,7.375,11.515,10.895,11.88,1.775,-4.05,-6.82,2.79,6.995,10.125
1,14,2014,2,2.09,4.86,5.235,7.1,8.19,7.975,6.495,1.4,4.39,6.125,5.475,-0.585,7.425,7.2,4.825,5.39,2.435,-0.915,1.77,0.76,-0.045,3.71,7.375,11.515,10.895,11.88,1.775,-4.05,-6.82,2.79,6.995
1,15,2014,3,0.255,2.09,4.86,5.235,7.1,8.19,7.975,6.495,1.4,4.39,6.125,5.475,-0.585,7.425,7.2,4.825,5.39,2.435,-0.915,1.77,0.76,-0.045,3.71,7.375,11.515,10.895,11.88,1.775,-4.05,-6.82,2.79
1,16,2014,4,-0.885,0.255,2.09,4.86,5.235,7.1,8.19,7.975,6.495,1.4,4.39,6.125,5.475,-0.585,7.425,7.2,4.825,5.39,2.435,-0.915,1.77,0.76,-0.045,3.71,7.375,11.515,10.895,11.88,1.775,-4.05,-6.82
1,17,2014,5,-2.655,-0.885,0.255,2.09,4.86,5.235,7.1,8.19,7.975,6.495,1.4,4.39,6.125,5.475,-0.585,7.425,7.2,4.825,5.39,2.435,-0.915,1.77,0.76,-0.045,3.71,7.375,11.515,10.895,11.88,1.775,-4.05
1,18,2014,6,-4.325,-2.655,-0.885,0.255,2.09,4.86,5.235,7.1,8.19,7.975,6.495,1.4,4.39,6.125,5.475,-0.585,7.425,7.2,4.825,5.39,2.435,-0.915,1.77,0.76,-0.045,3.71,7.375,11.515,10.895,11.88,1.775
1,19,2014,7,-2.395,-4.325,-2.655,-0.885,0.255,2.09,4.86,5.235,7.1,8.19,7.975,6.495,1.4,4.39,6.125,5.475,-0.585,7.425,7.2,4.825,5.39,2.435,-0.915,1.77,0.76,-0.045,3.71,7.375,11.515,10.895,11.88
1,20,2014,1,1.56,-2.395,-4.325,-2.655,-0.885,0.255,2.09,4.86,5.235,7.1,8.19,7.975,6.495,1.4,4.39,6.125,5.475,-0.585,7.425,7.2,4.825,5.39,2.435,-0.915,1.77,0.76,-0.045,3.71,7.375,11.515,10.895
1,21,2014,2,1.41,1.56,-2.395,-4.325,-2.655,-0.885,0.255,2.09,4.86,5.235,7.1,8.19,7.975,6.495,1.4,4.39,6.125,5.475,-0.585,7.425,7.2,4.825,5.39,2.435,-0.915,1.77,0.76,-0.045,3.71,7.375,11.515
1,22,2014,3,-0.105,1.41,1.56,-2.395,-4.325,-2.655,-0.885,0.255,2.09,4.86,5.235,7.1,8.19,7.975,6.495,1.4,4.39,6.125,5.475,-0.585,7.425,7.2,4.825,5.39,2.435,-0.915,1.77,0.76,-0.045,3.71,7.375
1,23,2014,4,-0.12,-0.105,1.41,1.56,-2.395,-4.325,-2.655,-0.885,0.255,2.09,4.86,5.235,7.1,8.19,7.975,6.495,1.4,4.39,6.125,5.475,-0.585,7.425,7.2,4.825,5.39,2.435,-0.915,1.77,0.76,-0.045,3.71
1,24,2014,5,3.265,-0.12,-0.105,1.41,1.56,-2.395,-4.325,-2.655,-0.885,0.255,2.09,4.86,5.235,7.1,8.19,7.975,6.495,1.4,4.39,6.125,5.475,-0.585,7.425,7.2,4.825,5.39,2.435,-0.915,1.77,0.76,-0.045
1,25,2014,6,0.985,3.265,-0.12,-0.105,1.41,1.56,-2.395,-4.325,-2.655,-0.885,0.255,2.09,4.86,5.235,7.1,8.19,7.975,6.495,1.4,4.39,6.125,5.475,-0.585,7.425,7.2,4.825,5.39,2.435,-0.915,1.77,0.76
1,26,2014,7,-1.84,0.985,3.265,-0.12,-0.105,1.41,1.56,-2.395,-4.325,-2.655,-0.885,0.255,2.09,4.86,5.235,7.1,8.19,7.975,6.495,1.4,4.39,6.125,5.475,-0.585,7.425,7.2,4.825,5.39,2.435,-0.915,1.77
1,27,2014,1,5.06,-1.84,0.985,3.265,-0.12,-0.105,1.41,1.56,-2.395,-4.325,-2.655,-0.885,0.255,2.09,4.86,5.235,7.1,8.19,7.975,6.495,1.4,4.39,6.125,5.475,-0.585,7.425,7.2,4.825,5.39,2.435,-0.915
1,28,2014,2,4.6,5.06,-1.84,0.985,3.265,-0.12,-0.105,1.41,1.56,-2.395,-4.325,-2.655,-0.885,0.255,2.09,4.86,5.235,7.1,8.19,7.975,6.495,1.4,4.39,6.125,5.475,-0.585,7.425,7.2,4.825,5.39,2.435
1,29,2014,3,6.12,4.6,5.06,-1.84,0.985,3.265,-0.12,-0.105,1.41,1.56,-2.395,-4.325,-2.655,-0.885,0.255,2.09,4.86,5.235,7.1,8.19,7.975,6.495,1.4,4.39,6.125,5.475,-0.585,7.425,7.2,4.825,5.39
1,30,2014,4,4.235,6.12,4.6,5.06,-1.84,0.985,3.265,-0.12,-0.105,1.41,1.56,-2.395,-4.325,-2.655,-0.885,0.255,2.09,4.86,5.235,7.1,8.19,7.975,6.495,1.4,4.39,6.125,5.475,-0.585,7.425,7.2,4.825
1,31,2014,5,5.08,4.235,6.12,4.6,5.06,-1.84,0.985,3.265,-0.12,-0.105,1.41,1.56,-2.395,-4.325,-2.655,-0.885,0.255,2.09,4.86,5.235,7.1,8.19,7.975,6.495,1.4,4.39,6.125,5.475,-0.585,7.425,7.2
2,1,2014,6,6.1,5.08,4.235,6.12,4.6,5.06,-1.84,0.985,3.265,-0.12,-0.105,1.41,1.56,-2.395,-4.325,-2.655,-0.885,0.255,2.09,4.86,5.235,7.1,8.19,7.975,6.495,1.4,4.39,6.125,5.475,-0.585,7.425
2,2,2014,7,7.185,6.1,5.08,4.235,6.12,4.6,5.06,-1.84,0.985,3.265,-0.12,-0.105,1.41,1.56,-2.395,-4.325,-2.655,-0.885,0.255,2.09,4.86,5.235,7.1,8.19,7.975,6.495,1.4,4.39,6.125,5.475,-0.585
2,3,2014,1,10.515,7.185,6.1,5.08,4.235,6.12,4.6,5.06,-1.84,0.985,3.265,-0.12,-0.105,1.41,1.56,-2.395,-4.325,-2.655,-0.885,0.255,2.09,4.86,5.235,7.1,8.19,7.975,6.495,1.4,4.39,6.125,5.475
2,4,2014,2,11.0,10.515,7.185,6.1,5.08,4.235,6.12,4.6,5.06,-1.84,0.985,3.265,-0.12,-0.105,1.41,1.56,-2.395,-4.325,-2.655,-0.885,0.255,2.09,4.86,5.235,7.1,8.19,7.975,6.495,1.4,4.39,6.125
2,5,2014,3,10.515,11.0,10.515,7.185,6.1,5.08,4.235,6.12,4.6,5.06,-1.84,0.985,3.265,-0.12,-0.105,1.41,1.56,-2.395,-4.325,-2.655,-0.885,0.255,2.09,4.86,5.235,7.1,8.19,7.975,6.495,1.4,4.39
2,6,2014,4,8.63,10.515,11.0,10.515,7.185,6.1,5.08,4.235,6.12,4.6,5.06,-1.84,0.985,3.265,-0.12,-0.105,1.41,1.56,-2.395,-4.325,-2.655,-0.885,0.255,2.09,4.86,5.235,7.1,8.19,7.975,6.495,1.4
2,7,2014,5,9.02,8.63,10.515,11.0,10.515,7.185,6.1,5.08,4.235,6.12,4.6,5.06,-1.84,0.985,3.265,-0.12,-0.105,1.41,1.56,-2.395,-4.325,-2.655,-0.885,0.255,2.09,4.86,5.235,7.1,8.19,7.975,6.495
2,8,2014,6,9.005,9.02,8.63,10.515,11.0,10.515,7.185,6.1,5.08,4.235,6.12,4.6,5.06,-1.84,0.985,3.265,-0.12,-0.105,1.41,1.56,-2.395,-4.325,-2.655,-0.885,0.255,2.09,4.86,5.235,7.1,8.19,7.975
2,9,2014,7,6.125,9.005,9.02,8.63,10.515,11.0,10.515,7.185,6.1,5.08,4.235,6.12,4.6,5.06,-1.84,0.985,3.265,-0.12,-0.105,1.41,1.56,-2.395,-4.325,-2.655,-0.885,0.255,2.09,4.86,5.235,7.1,8.19
2,10,2014,1,5.515,6.125,9.005,9.02,8.63,10.515,11.0,10.515,7.185,6.1,5.08,4.235,6.12,4.6,5.06,-1.84,0.985,3.265,-0.12,-0.105,1.41,1.56,-2.395,-4.325,-2.655,-0.885,0.255,2.09,4.86,5.235,7.1
2,11,2014,2,2.4,5.515,6.125,9.005,9.02,8.63,10.515,11.0,10.515,7.185,6.1,5.08,4.235,6.12,4.6,5.06,-1.84,0.985,3.265,-0.12,-0.105,1.41,1.56,-2.395,-4.325,-2.655,-0.885,0.255,2.09,4.86,5.235
2,12,2014,3,2.985,2.4,5.515,6.125,9.005,9.02,8.63,10.515,11.0,10.515,7.185,6.1,5.08,4.235,6.12,4.6,5.06,-1.84,0.985,3.265,-0.12,-0.105,1.41,1.56,-2.395,-4.325,-2.655,-0.885,0.255,2.09,4.86
2,13,2014,4,-0.59,2.985,2.4,5.515,6.125,9.005,9.02,8.63,10.515,11.0,10.515,7.185,6.1,5.08,4.235,6.12,4.6,5.06,-1.84,0.985,3.265,-0.12,-0.105,1.41,1.56,-2.395,-4.325,-2.655,-0.885,0.255,2.09
2,14,2014,5,-0.285,-0.59,2.985,2.4,5.515,6.125,9.005,9.02,8.63,10.515,11.0,10.515,7.185,6.1,5.08,4.235,6.12,4.6,5.06,-1.84,0.985,3.265,-0.12,-0.105,1.41,1.56,-2.395,-4.325,-2.655,-0.885,0.255
2,15,2014,6,0.675,-0.285,-0.59,2.985,2.4,5.515,6.125,9.005,9.02,8.63,10.515,11.0,10.515,7.185,6.1,5.08,4.235,6.12,4.6,5.06,-1.84,0.985,3.265,-0.12,-0.105,1.41,1.56,-2.395,-4.325,-2.655,-0.885
2,16,2014,7,0.12,0.675,-0.285,-0.59,2.985,2.4,5.515,6.125,9.005,9.02,8.63,10.515,11.0,10.515,7.185,6.1,5.08,4.235,6.12,4.6,5.06,-1.84,0.985,3.265,-0.12,-0.105,1.41,1.56,-2.395,-4.325,-2.655
2,17,2014,1,0.765,0.12,0.675,-0.285,-0.59,2.985,2.4,5.515,6.125,9.005,9.02,8.63,10.515,11.0,10.515,7.185,6.1,5.08,4.235,6.12,4.6,5.06,-1.84,0.985,3.265,-0.12,-0.105,1.41,1.56,-2.395,-4.325
2,18,2014,2,4.77,0.765,0.12,0.675,-0.285,-0.59,2.985,2.4,5.515,6.125,9.005,9.02,8.63,10.515,11.0,10.515,7.185,6.1,5.08,4.235,6.12,4.6,5.06,-1.84,0.985,3.265,-0.12,-0.105,1.41,1.56,-2.395
2,19,2014,3,3.23,4.77,0.765,0.12,0.675,-0.285,-0.59,2.985,2.4,5.515,6.125,9.005,9.02,8.63,10.515,11.0,10.515,7.185,6.1,5.08,4.235,6.12,4.6,5.06,-1.84,0.985,3.265,-0.12,-0.105,1.41,1.56
2,20,2014,4,5.45,3.23,4.77,0.765,0.12,0.675,-0.285,-0.59,2.985,2.4,5.515,6.125,9.005,9.02,8.63,10.515,11.0,10.515,7.185,6.1,5.08,4.235,6.12,4.6,5.06,-1.84,0.985,3.265,-0.12,-0.105,1.41
2,21,2014,5,-0.735,5.45,3.23,4.77,0.765,0.12,0.675,-0.285,-0.59,2.985,2.4,5.515,6.125,9.005,9.02,8.63,10.515,11.0,10.515,7.185,6.1,5.08,4.235,6.12,4.6,5.06,-1.84,0.985,3.265,-0.12,-0.105
2,22,2014,6,-2.155,-0.735,5.45,3.23,4.77,0.765,0.12,0.675,-0.285,-0.59,2.985,2.4,5.515,6.125,9.005,9.02,8.63,10.515,11.0,10.515,7.185,6.1,5.08,4.235,6.12,4.6,5.06,-1.84,0.985,3.265,-0.12
2,23,2014,7,1.925,-2.155,-0.735,5.45,3.23,4.77,0.765,0.12,0.675,-0.285,-0.59,2.985,2.4,5.515,6.125,9.005,9.02,8.63,10.515,11.0,10.515,7.185,6.1,5.08,4.235,6.12,4.6,5.06,-1.84,0.985,3.265
2,24,2014,1,4.375,1.925,-2.155,-0.735,5.45,3.23,4.77,0.765,0.12,0.675,-0.285,-0.59,2.985,2.4,5.515,6.125,9.005,9.02,8.63,10.515,11.0,10.515,7.185,6.1,5.08,4.235,6.12,4.6,5.06,-1.84,0.985
2,25,2014,2,2.965,4.375,1.925,-2.155,-0.735,5.45,3.23,4.77,0.765,0.12,0.675,-0.285,-0.59,2.985,2.4,5.515,6.125,9.005,9.02,8.63,10.515,11.0,10.515,7.185,6.1,5.08,4.235,6.12,4.6,5.06,-1.84
2,26,2014,3,2.22,2.965,4.375,1.925,-2.155,-0.735,5.45,3.23,4.77,0.765,0.12,0.675,-0.285,-0.59,2.985,2.4,5.515,6.125,9.005,9.02,8.63,10.515,11.0,10.515,7.185,6.1,5.08,4.235,6.12,4.6,5.06
2,27,2014,4,3.665,2.22,2.965,4.375,1.925,-2.155,-0.735,5.45,3.23,4.77,0.765,0.12,0.675,-0.285,-0.59,2.985,2.4,5.515,6.125,9.005,9.02,8.63,10.515,11.0,10.515,7.185,6.1,5.08,4.235,6.12,4.6
2,28,2014,5,2.665,3.665,2.22,2.965,4.375,1.925,-2.155,-0.735,5.45,3.23,4.77,0.765,0.12,0.675,-0.285,-0.59,2.985,2.4,5.515,6.125,9.005,9.02,8.63,10.515,11.0,10.515,7.185,6.1,5.08,4.235,6.12
3,1,2014,6,6.005,2.665,3.665,2.22,2.965,4.375,1.925,-2.155,-0.735,5.45,3.23,4.77,0.765,0.12,0.675,-0.285,-0.59,2.985,2.4,5.515,6.125,9.005,9.02,8.63,10.515,11.0,10.515,7.185,6.1,5.08,4.235
3,2,2014,7,8.545,6.005,2.665,3.665,2.22,2.965,4.375,1.925,-2.155,-0.735,5.45,3.23,4.77,0.765,0.12,0.675,-0.285,-0.59,2.985,2.4,5.515,6.125,9.005,9.02,8.63,10.515,11.0,10.515,7.185,6.1,5.08
3,3,2014,1,7.16,8.545,6.005,2.665,3.665,2.22,2.965,4.375,1.925,-2.155,-0.735,5.45,3.23,4.77,0.765,0.12,0.675,-0.285,-0.59,2.985,2.4,5.515,6.125,9.005,9.02,8.63,10.515,11.0,10.515,7.185,6.1
3,4,2014,2,5.66,7.16,8.545,6.005,2.665,3.665,2.22,2.965,4.375,1.925,-2.155,-0.735,5.45,3.23,4.77,0.765,0.12,0.675,-0.285,-0.59,2.985,2.4,5.515,6.125,9.005,9.02,8.63,10.515,11.0,10.515,7.185
3,5,2014,3,3.705,5.66,7.16,8.545,6.005,2.665,3.665,2.22,2.965,4.375,1.925,-2.155,-0.735,5.45,3.23,4.77,0.765,0.12,0.675,-0.285,-0.59,2.985,2.4,5.515,6.125,9.005,9.02,8.63,10.515,11.0,10.515
3,6,2014,4,3.19,3.705,5.66,7.16,8.545,6.005,2.665,3.665,2.22,2.965,4.375,1.925,-2.155,-0.735,5.45,3.23,4.77,0.765,0.12,0.675,-0.285,-0.59,2.985,2.4,5.515,6.125,9.005,9.02,8.63,10.515,11.0
3,7,2014,5,1.06,3.19,3.705,5.66,7.16,8.545,6.005,2.665,3.665,2.22,2.965,4.375,1.925,-2.155,-0.735,5.45,3.23,4.77,0.765,0.12,0.675,-0.285,-0.59,2.985,2.4,5.515,6.125,9.005,9.02,8.63,10.515
3,8,2014,6,1.165,1.06,3.19,3.705,5.66,7.16,8.545,6.005,2.665,3.665,2.22,2.965,4.375,1.925,-2.155,-0.735,5.45,3.23,4.77,0.765,0.12,0.675,-0.285,-0.59,2.985,2.4,5.515,6.125,9.005,9.02,8.63
3,9,2014,7,-0.905,1.165,1.06,3.19,3.705,5.66,7.16,8.545,6.005,2.665,3.665,2.22,2.965,4.375,1.925,-2.155,-0.735,5.45,3.23,4.77,0.765,0.12,0.675,-0.285,-0.59,2.985,2.4,5.515,6.125,9.005,9.02
3,10,2014,1,-6.485,-0.905,1.165,1.06,3.19,3.705,5.66,7.16,8.545,6.005,2.665,3.665,2.22,2.965,4.375,1.925,-2.155,-0.735,5.45,3.23,4.77,0.765,0.12,0.675,-0.285,-0.59,2.985,2.4,5.515,6.125,9.005
3,11,2014,2,-3.35,-6.485,-0.905,1.165,1.06,3.19,3.705,5.66,7.16,8.545,6.005,2.665,3.665,2.22,2.965,4.375,1.925,-2.155,-0.735,5.45,3.23,4.77,0.765,0.12,0.675,-0.285,-0.59,2.985,2.4,5.515,6.125
3,12,2014,3,-0.9,-3.35,-6.485,-0.905,1.165,1.06,3.19,3.705,5.66,7.16,8.545,6.005,2.665,3.665,2.22,2.965,4.375,1.925,-2.155,-0.735,5.45,3.23,4.77,0.765,0.12,0.675,-0.285,-0.59,2.985,2.4,5.515
3,13,2014,4,-2.32,-0.9,-3.35,-6.485,-0.905,1.165,1.06,3.19,3.705,5.66,7.16,8.545,6.005,2.665,3.665,2.22,2.965,4.375,1.925,-2.155,-0.735,5.45,3.23,4.77,0.765,0.12,0.675,-0.285,-0.59,2.985,2.4
3,14,2014,5,1.055,-2.32,-0.9,-3.35,-6.485,-0.905,1.165,1.06,3.19,3.705,5.66,7.16,8.545,6.005,2.665,3.665,2.22,2.965,4.375,1.925,-2.155,-0.735,5.45,3.23,4.77,0.765,0.12,0.675,-0.285,-0.59,2.985
3,15,2014,6,4.125,1.055,-2.32,-0.9,-3.35,-6.485,-0.905,1.165,1.06,3.19,3.705,5.66,7.16,8.545,6.005,2.665,3.665,2.22,2.965,4.375,1.925,-2.155,-0.735,5.45,3.23,4.77,0.765,0.12,0.675,-0.285,-0.59
3,16,2014,7,-1.625,4.125,1.055,-2.32,-0.9,-3.35,-6.485,-0.905,1.165,1.06,3.19,3.705,5.66,7.16,8.545,6.005,2.665,3.665,2.22,2.965,4.375,1.925,-2.155,-0.735,5.45,3.23,4.77,0.765,0.12,0.675,-0.285
3,17,2014,1,-7.405,-1.625,4.125,1.055,-2.32,-0.9,-3.35,-6.485,-0.905,1.165,1.06,3.19,3.705,5.66,7.16,8.545,6.005,2.665,3.665,2.22,2.965,4.375,1.925,-2.155,-0.735,5.45,3.23,4.77,0.765,0.12,0.675
3,18,2014,2,-0.245,-7.405,-1.625,4.125,1.055,-2.32,-0.9,-3.35,-6.485,-0.905,1.165,1.06,3.19,3.705,5.66,7.16,8.545,6.005,2.665,3.665,2.22,2.965,4.375,1.925,-2.155,-0.735,5.45,3.23,4.77,0.765,0.12
3,19,2014,3,-1.17,-0.245,-7.405,-1.625,4.125,1.055,-2.32,-0.9,-3.35,-6.485,-0.905,1.165,1.06,3.19,3.705,5.66,7.16,8.545,6.005,2.665,3.665,2.22,2.965,4.375,1.925,-2.155,-0.735,5.45,3.23,4.77,0.765
3,20,2014,4,-1.94,-1.17,-0.245,-7.405,-1.625,4.125,1.055,-2.32,-0.9,-3.35,-6.485,-0.905,1.165,1.06,3.19,3.705,5.66,7.16,8.545,6.005,2.665,3.665,2.22,2.965,4.375,1.925,-2.155,-0.735,5.45,3.23,4.77
3,21,2014,5,1.775,-1.94,-1.17,-0.245,-7.405,-1.625,4.125,1.055,-2.32,-0.9,-3.35,-6.485,-0.905,1.165,1.06,3.19,3.705,5.66,7.16,8.545,6.005,2.665,3.665,2.22,2.965,4.375,1.925,-2.155,-0.735,5.45,3.23
3,22,2014,6,4.005,1.775,-1.94,-1.17,-0.245,-7.405,-1.625,4.125,1.055,-2.32,-0.9,-3.35,-6.485,-0.905,1.165,1.06,3.19,3.705,5.66,7.16,8.545,6.005,2.665,3.665,2.22,2.965,4.375,1.925,-2.155,-0.735,5.45
3,23,2014,7,3.665,4.005,1.775,-1.94,-1.17,-0.245,-7.405,-1.625,4.125,1.055,-2.32,-0.9,-3.35,-6.485,-0.905,1.165,1.06,3.19,3.705,5.66,7.16,8.545,6.005,2.665,3.665,2.22,2.965,4.375,1.925,-2.155,-0.735
3,24,2014,1,4.6,3.665,4.005,1.775,-1.94,-1.17,-0.245,-7.405,-1.625,4.125,1.055,-2.32,-0.9,-3.35,-6.485,-0.905,1.165,1.06,3.19,3.705,5.66,7.16,8.545,6.005,2.665,3.665,2.22,2.965,4.375,1.925,-2.155
3,25,2014,2,3.085,4.6,3.665,4.005,1.775,-1.94,-1.17,-0.245,-7.405,-1.625,4.125,1.055,-2.32,-0.9,-3.35,-6.485,-0.905,1.165,1.06,3.19,3.705,5.66,7.16,8.545,6.005,2.665,3.665,2.22,2.965,4.375,1.925
3,26,2014,3,4.45,3.085,4.6,3.665,4.005,1.775,-1.94,-1.17,-0.245,-7.405,-1.625,4.125,1.055,-2.32,-0.9,-3.35,-6.485,-0.905,1.165,1.06,3.19,3.705,5.66,7.16,8.545,6.005,2.665,3.665,2.22,2.965,4.375
3,27,2014,4,4.48,4.45,3.085,4.6,3.665,4.005,1.775,-1.94,-1.17,-0.245,-7.405,-1.625,4.125,1.055,-2.32,-0.9,-3.35,-6.485,-0.905,1.165,1.06,3.19,3.705,5.66,7.16,8.545,6.005,2.665,3.665,2.22,2.965
3,28,2014,5,5.655,4.48,4.45,3.085,4.6,3.665,4.005,1.775,-1.94,-1.17,-0.245,-7.405,-1.625,4.125,1.055,-2.32,-0.9,-3.35,-6.485,-0.905,1.165,1.06,3.19,3.705,5.66,7.16,8.545,6.005,2.665,3.665,2.22
3,29,2014,6,2.8,5.655,4.48,4.45,3.085,4.6,3.665,4.005,1.775,-1.94,-1.17,-0.245,-7.405,-1.625,4.125,1.055,-2.32,-0.9,-3.35,-6.485,-0.905,1.165,1.06,3.19,3.705,5.66,7.16,8.545,6.005,2.665,3.665
3,30,2014,7,0.895,2.8,5.655,4.48,4.45,3.085,4.6,3.665,4.005,1.775,-1.94,-1.17,-0.245,-7.405,-1.625,4.125,1.055,-2.32,-0.9,-3.35,-6.485,-0.905,1.165,1.06,3.19,3.705,5.66,7.16,8.545,6.005,2.665
3,31,2014,1,1.78,0.895,2.8,5.655,4.48,4.45,3.085,4.6,3.665,4.005,1.775,-1.94,-1.17,-0.245,-7.405,-1.625,4.125,1.055,-2.32,-0.9,-3.35,-6.485,-0.905,1.165,1.06,3.19,3.705,5.66,7.16,8.545,6.005
4,1,2014,2,4.85,1.78,0.895,2.8,5.655,4.48,4.45,3.085,4.6,3.665,4.005,1.775,-1.94,-1.17,-0.245,-7.405,-1.625,4.125,1.055,-2.32,-0.9,-3.35,-6.485,-0.905,1.165,1.06,3.19,3.705,5.66,7.16,8.545
4,2,2014,3,7.995,4.85,1.78,0.895,2.8,5.655,4.48,4.45,3.085,4.6,3.665,4.005,1.775,-1.94,-1.17,-0.245,-7.405,-1.625,4.125,1.055,-2.32,-0.9,-3.35,-6.485,-0.905,1.165,1.06,3.19,3.705,5.66,7.16
4,3,2014,4,9.955,7.995,4.85,1.78,0.895,2.8,5.655,4.48,4.45,3.085,4.6,3.665,4.005,1.775,-1.94,-1.17,-0.245,-7.405,-1.625,4.125,1.055,-2.32,-0.9,-3.35,-6.485,-0.905,1.165,1.06,3.19,3.705,5.66
4,4,2014,5,7.66,9.955,7.995,4.85,1.78,0.895,2.8,5.655,4.48,4.45,3.085,4.6,3.665,4.005,1.775,-1.94,-1.17,-0.245,-7.405,-1.625,4.125,1.055,-2.32,-0.9,-3.35,-6.485,-0.905,1.165,1.06,3.19,3.705
4,5,2014,6,5.83,7.66,9.955,7.995,4.85,1.78,0.895,2.8,5.655,4.48,4.45,3.085,4.6,3.665,4.005,1.775,-1.94,-1.17,-0.245,-7.405,-1.625,4.125,1.055,-2.32,-0.9,-3.35,-6.485,-0.905,1.165,1.06,3.19
4,6,2014,7,5.165,5.83,7.66,9.955,7.995,4.85,1.78,0.895,2.8,5.655,4.48,4.45,3.085,4.6,3.665,4.005,1.775,-1.94,-1.17,-0.245,-7.405,-1.625,4.125,1.055,-2.32,-0.9,-3.35,-6.485,-0.905,1.165,1.06
4,7,2014,1,0.005,5.165,5.83,7.66,9.955,7.995,4.85,1.78,0.895,2.8,5.655,4.48,4.45,3.085,4.6,3.665,4.005,1.775,-1.94,-1.17,-0.245,-7.405,-1.625,4.125,1.055,-2.32,-0.9,-3.35,-6.485,-0.905,1.165
4,8,2014,2,-4.49,0.005,5.165,5.83,7.66,9.955,7.995,4.85,1.78,0.895,2.8,5.655,4.48,4.45,3.085,4.6,3.665,4.005,1.775,-1.94,-1.17,-0.245,-7.405,-1.625,4.125,1.055,-2.32,-0.9,-3.35,-6.485,-0.905
4,9,2014,3,-8.23,-4.49,0.005,5.165,5.83,7.66,9.955,7.995,4.85,1.78,0.895,2.8,5.655,4.48,4.45,3.085,4.6,3.665,4.005,1.775,-1.94,-1.17,-0.245,-7.405,-1.625,4.125,1.055,-2.32,-0.9,-3.35,-6.485
4,10,2014,4,-6.585,-8.23,-4.49,0.005,5.165,5.83,7.66,9.955,7.995,4.85,1.78,0.895,2.8,5.655,4.48,4.45,3.085,4.6,3.665,4.005,1.775,-1.94,-1.17,-0.245,-7.405,-1.625,4.125,1.055,-2.32,-0.9,-3.35
4,11,2014,5,1.1,-6.585,-8.23,-4.49,0.005,5.165,5.83,7.66,9.955,7.995,4.85,1.78,0.895,2.8,5.655,4.48,4.45,3.085,4.6,3.665,4.005,1.775,-1.94,-1.17,-0.245,-7.405,-1.625,4.125,1.055,-2.32,-0.9
4,12,2014,6,-1.52,1.1,-6.585,-8.23,-4.49,0.005,5.165,5.83,7.66,9.955,7.995,4.85,1.78,0.895,2.8,5.655,4.48,4.45,3.085,4.6,3.665,4.005,1.775,-1.94,-1.17,-0.245,-7.405,-1.625,4.125,1.055,-2.32
4,13,2014,7,3.76,-1.52,1.1,-6.585,-8.23,-4.49,0.005,5.165,5.83,7.66,9.955,7.995,4.85,1.78,0.895,2.8,5.655,4.48,4.45,3.085,4.6,3.665,4.005,1.775,-1.94,-1.17,-0.245,-7.405,-1.625,4.125,1.055
4,14,2014,1,3.635,3.76,-1.52,1.1,-6.585,-8.23,-4.49,0.005,5.165,5.83,7.66,9.955,7.995,4.85,1.78,0.895,2.8,5.655,4.48,4.45,3.085,4.6,3.665,4.005,1.775,-1.94,-1.17,-0.245,-7.405,-1.625,4.125
4,15,2014,2,0.28,3.635,3.76,-1.52,1.1,-6.585,-8.23,-4.49,0.005,5.165,5.83,7.66,9.955,7.995,4.85,1.78,0.895,2.8,5.655,4.48,4.45,3.085,4.6,3.665,4.005,1.775,-1.94,-1.17,-0.245,-7.405,-1.625
4,16,2014,3,1.7,0.28,3.635,3.76,-1.52,1.1,-6.585,-8.23,-4.49,0.005,5.165,5.83,7.66,9.955,7.995,4.85,1.78,0.895,2.8,5.655,4.48,4.45,3.085,4.6,3.665,4.005,1.775,-1.94,-1.17,-0.245,-7.405
4,17,2014,4,0.785,1.7,0.28,3.635,3.76,-1.52,1.1,-6.585,-8.23,-4.49,0.005,5.165,5.83,7.66,9.955,7.995,4.85,1.78,0.895,2.8,5.655,4.48,4.45,3.085,4.6,3.665,4.005,1.775,-1.94,-1.17,-0.245
4,18,2014,5,0.195,0.785,1.7,0.28,3.635,3.76,-1.52,1.1,-6.585,-8.23,-4.49,0.005,5.165,5.83,7.66,9.955,7.995,4.85,1.78,0.895,2.8,5.655,4.48,4.45,3.085,4.6,3.665,4.005,1.775,-1.94,-1.17
4,19,2014,6,-0.78,0.195,0.785,1.7,0.28,3.635,3.76,-1.52,1.1,-6.585,-8.23,-4.49,0.005,5.165,5.83,7.66,9.955,7.995,4.85,1.78,0.895,2.8,5.655,4.48,4.45,3.085,4.6,3.665,4.005,1.775,-1.94
4,20,2014,7,1.235,-0.78,0.195,0.785,1.7,0.28,3.635,3.76,-1.52,1.1,-6.585,-8.23,-4.49,0.005,5.165,5.83,7.66,9.955,7.995,4.85,1.78,0.895,2.8,5.655,4.48,4.45,3.085,4.6,3.665,4.005,1.775
4,21,2014,1,-1.215,1.235,-0.78,0.195,0.785,1.7,0.28,3.635,3.76,-1.52,1.1,-6.585,-8.23,-4.49,0.005,5.165,5.83,7.66,9.955,7.995,4.85,1.78,0.895,2.8,5.655,4.48,4.45,3.085,4.6,3.665,4.005
4,22,2014,2,-0.69,-1.215,1.235,-0.78,0.195,0.785,1.7,0.28,3.635,3.76,-1.52,1.1,-6.585,-8.23,-4.49,0.005,5.165,5.83,7.66,9.955,7.995,4.85,1.78,0.895,2.8,5.655,4.48,4.45,3.085,4.6,3.665
4,23,2014,3,1.32,-0.69,-1.215,1.235,-0.78,0.195,0.785,1.7,0.28,3.635,3.76,-1.52,1.1,-6.585,-8.23,-4.49,0.005,5.165,5.83,7.66,9.955,7.995,4.85,1.78,0.895,2.8,5.655,4.48,4.45,3.085,4.6
4,24,2014,4,1.58,1.32,-0.69,-1.215,1.235,-0.78,0.195,0.785,1.7,0.28,3.635,3.76,-1.52,1.1,-6.585,-8.23,-4.49,0.005,5.165,5.83,7.66,9.955,7.995,4.85,1.78,0.895,2.8,5.655,4.48,4.45,3.085
4,25,2014,5,-0.85,1.58,1.32,-0.69,-1.215,1.235,-0.78,0.195,0.785,1.7,0.28,3.635,3.76,-1.52,1.1,-6.585,-8.23,-4.49,0.005,5.165,5.83,7.66,9.955,7.995,4.85,1.78,0.895,2.8,5.655,4.48,4.45
4,26,2014,6,2.095,-0.85,1.58,1.32,-0.69,-1.215,1.235,-0.78,0.195,0.785,1.7,0.28,3.635,3.76,-1.52,1.1,-6.585,-8.23,-4.49,0.005,5.165,5.83,7.66,9.955,7.995,4.85,1.78,0.895,2.8,5.655,4.48
4,27,2014,7,6.015,2.095,-0.85,1.58,1.32,-0.69,-1.215,1.235,-0.78,0.195,0.785,1.7,0.28,3.635,3.76,-1.52,1.1,-6.585,-8.23,-4.49,0.005,5.165,5.83,7.66,9.955,7.995,4.85,1.78,0.895,2.8,5.655
4,28,2014,1,3.325,6.015,2.095,-0.85,1.58,1.32,-0.69,-1.215,1.235,-0.78,0.195,0.785,1.7,0.28,3.635,3.76,-1.52,1.1,-6.585,-8.23,-4.49,0.005,5.165,5.83,7.66,9.955,7.995,4.85,1.78,0.895,2.8
4,29,2014,2,-1.225,3.325,6.015,2.095,-0.85,1.58,1.32,-0.69,-1.215,1.235,-0.78,0.195,0.785,1.7,0.28,3.635,3.76,-1.52,1.1,-6.585,-8.23,-4.49,0.005,5.165,5.83,7.66,9.955,7.995,4.85,1.78,0.895
4,30,2014,3,-10.615,-1.225,3.325,6.015,2.095,-0.85,1.58,1.32,-0.69,-1.215,1.235,-0.78,0.195,0.785,1.7,0.28,3.635,3.76,-1.52,1.1,-6.585,-8.23,-4.49,0.005,5.165,5.83,7.66,9.955,7.995,4.85,1.78
5,1,2014,4,-10.905,-10.615,-1.225,3.325,6.015,2.095,-0.85,1.58,1.32,-0.69,-1.215,1.235,-0.78,0.195,0.785,1.7,0.28,3.635,3.76,-1.52,1.1,-6.585,-8.23,-4.49,0.005,5.165,5.83,7.66,9.955,7.995,4.85
5,2,2014,5,-12.46,-10.905,-10.615,-1.225,3.325,6.015,2.095,-0.85,1.58,1.32,-0.69,-1.215,1.235,-0.78,0.195,0.785,1.7,0.28,3.635,3.76,-1.52,1.1,-6.585,-8.23,-4.49,0.005,5.165,5.83,7.66,9.955,7.995
5,3,2014,6,-13.3,-12.46,-10.905,-10.615,-1.225,3.325,6.015,2.095,-0.85,1.58,1.32,-0.69,-1.215,1.235,-0.78,0.195,0.785,1.7,0.28,3.635,3.76,-1.52,1.1,-6.585,-8.23,-4.49,0.005,5.165,5.83,7.66,9.955
5,4,2014,7,-10.08,-13.3,-12.46,-10.905,-10.615,-1.225,3.325,6.015,2.095,-0.85,1.58,1.32,-0.69,-1.215,1.235,-0.78,0.195,0.785,1.7,0.28,3.635,3.76,-1.52,1.1,-6.585,-8.23,-4.49,0.005,5.165,5.83,7.66
5,5,2014,1,-4.195,-10.08,-13.3,-12.46,-10.905,-10.615,-1.225,3.325,6.015,2.095,-0.85,1.58,1.32,-0.69,-1.215,1.235,-0.78,0.195,0.785,1.7,0.28,3.635,3.76,-1.52,1.1,-6.585,-8.23,-4.49,0.005,5.165,5.83
5,6,2014,2,0.575,-4.195,-10.08,-13.3,-12.46,-10.905,-10.615,-1.225,3.325,6.015,2.095,-0.85,1.58,1.32,-0.69,-1.215,1.235,-0.78,0.195,0.785,1.7,0.28,3.635,3.76,-1.52,1.1,-6.585,-8.23,-4.49,0.005,5.165
5,7,2014,3,3.745,0.575,-4.195,-10.08,-13.3,-12.46,-10.905,-10.615,-1.225,3.325,6.015,2.095,-0.85,1.58,1.32,-0.69,-1.215,1.235,-0.78,0.195,0.785,1.7,0.28,3.635,3.76,-1.52,1.1,-6.585,-8.23,-4.49,0.005
5,8,2014,4,3.115,3.745,0.575,-4.195,-10.08,-13.3,-12.46,-10.905,-10.615,-1.225,3.325,6.015,2.095,-0.85,1.58,1.32,-0.69,-1.215,1.235,-0.78,0.195,0.785,1.7,0.28,3.635,3.76,-1.52,1.1,-6.585,-8.23,-4.49
5,9,2014,5,1.78,3.115,3.745,0.575,-4.195,-10.08,-13.3,-12.46,-10.905,-10.615,-1.225,3.325,6.015,2.095,-0.85,1.58,1.32,-0.69,-1.215,1.235,-0.78,0.195,0.785,1.7,0.28,3.635,3.76,-1.52,1.1,-6.585,-8.23
5,10,2014,6,2.055,1.78,3.115,3.745,0.575,-4.195,-10.08,-13.3,-12.46,-10.905,-10.615,-1.225,3.325,6.015,2.095,-0.85,1.58,1.32,-0.69,-1.215,1.235,-0.78,0.195,0.785,1.7,0.28,3.635,3.76,-1.52,1.1,-6.585
5,11,2014,7,0.2,2.055,1.78,3.115,3.745,0.575,-4.195,-10.08,-13.3,-12.46,-10.905,-10.615,-1.225,3.325,6.015,2.095,-0.85,1.58,1.32,-0.69,-1.215,1.235,-0.78,0.195,0.785,1.7,0.28,3.635,3.76,-1.52,1.1
5,12,2014,1,-6.72,0.2,2.055,1.78,3.115,3.745,0.575,-4.195,-10.08,-13.3,-12.46,-10.905,-10.615,-1.225,3.325,6.015,2.095,-0.85,1.58,1.32,-0.69,-1.215,1.235,-0.78,0.195,0.785,1.7,0.28,3.635,3.76,-1.52
5,13,2014,2,-9.605,-6.72,0.2,2.055,1.78,3.115,3.745,0.575,-4.195,-10.08,-13.3,-12.46,-10.905,-10.615,-1.225,3.325,6.015,2.095,-0.85,1.58,1.32,-0.69,-1.215,1.235,-0.78,0.195,0.785,1.7,0.28,3.635,3.76
5,14,2014,3,-14.755,-9.605,-6.72,0.2,2.055,1.78,3.115,3.745,0.575,-4.195,-10.08,-13.3,-12.46,-10.905,-10.615,-1.225,3.325,6.015,2.095,-0.85,1.58,1.32,-0.69,-1.215,1.235,-0.78,0.195,0.785,1.7,0.28,3.635
5,15,2014,4,-16.7,-14.755,-9.605,-6.72,0.2,2.055,1.78,3.115,3.745,0.575,-4.195,-10.08,-13.3,-12.46,-10.905,-10.615,-1.225,3.325,6.015,2.095,-0.85,1.58,1.32,-0.69,-1.215,1.235,-0.78,0.195,0.785,1.7,0.28
5,16,2014,5,-20.74,-16.7,-14.755,-9.605,-6.72,0.2,2.055,1.78,3.115,3.745,0.575,-4.195,-10.08,-13.3,-12.46,-10.905,-10.615,-1.225,3.325,6.015,2.095,-0.85,1.58,1.32,-0.69,-1.215,1.235,-0.78,0.195,0.785,1.7
5,17,2014,6,-15.78,-20.74,-16.7,-14.755,-9.605,-6.72,0.2,2.055,1.78,3.115,3.745,0.575,-4.195,-10.08,-13.3,-12.46,-10.905,-10.615,-1.225,3.325,6.015,2.095,-0.85,1.58,1.32,-0.69,-1.215,1.235,-0.78,0.195,0.785
5,18,2014,7,-8.135,-15.78,-20.74,-16.7,-14.755,-9.605,-6.72,0.2,2.055,1.78,3.115,3.745,0.575,-4.195,-10.08,-13.3,-12.46,-10.905,-10.615,-1.225,3.325,6.015,2.095,-0.85,1.58,1.32,-0.69,-1.215,1.235,-0.78,0.195
5,19,2014,1,-3.325,-8.135,-15.78,-20.74,-16.7,-14.755,-9.605,-6.72,0.2,2.055,1.78,3.115,3.745,0.575,-4.195,-10.08,-13.3,-12.46,-10.905,-10.615,-1.225,3.325,6.015,2.095,-0.85,1.58,1.32,-0.69,-1.215,1.235,-0.78
5,20,2014,2,-2.35,-3.325,-8.135,-15.78,-20.74,-16.7,-14.755,-9.605,-6.72,0.2,2.055,1.78,3.115,3.745,0.575,-4.195,-10.08,-13.3,-12.46,-10.905,-10.615,-1.225,3.325,6.015,2.095,-0.85,1.58,1.32,-0.69,-1.215,1.235
5,21,2014,3,1.625,-2.35,-3.325,-8.135,-15.78,-20.74,-16.7,-14.755,-9.605,-6.72,0.2,2.055,1.78,3.115,3.745,0.575,-4.195,-10.08,-13.3,-12.46,-10.905,-10.615,-1.225,3.325,6.015,2.095,-0.85,1.58,1.32,-0.69,-1.215
5,22,2014,4,0.145,1.625,-2.35,-3.325,-8.135,-15.78,-20.74,-16.7,-14.755,-9.605,-6.72,0.2,2.055,1.78,3.115,3.745,0.575,-4.195,-10.08,-13.3,-12.46,-10.905,-10.615,-1.225,3.325,6.015,2.095,-0.85,1.58,1.32,-0.69
5,23,2014,5,0.595,0.145,1.625,-2.35,-3.325,-8.135,-15.78,-20.74,-16.7,-14.755,-9.605,-6.72,0.2,2.055,1.78,3.115,3.745,0.575,-4.195,-10.08,-13.3,-12.46,-10.905,-10.615,-1.225,3.325,6.015,2.095,-0.85,1.58,1.32
5,24,2014,6,-0.5,0.595,0.145,1.625,-2.35,-3.325,-8.135,-15.78,-20.74,-16.7,-14.755,-9.605,-6.72,0.2,2.055,1.78,3.115,3.745,0.575,-4.195,-10.08,-13.3,-12.46,-10.905,-10.615,-1.225,3.325,6.015,2.095,-0.85,1.58
5,25,2014,7,0.0,-0.5,0.595,0.145,1.625,-2.35,-3.325,-8.135,-15.78,-20.74,-16.7,-14.755,-9.605,-6.72,0.2,2.055,1.78,3.115,3.745,0.575,-4.195,-10.08,-13.3,-12.46,-10.905,-10.615,-1.225,3.325,6.015,2.095,-0.85
5,26,2014,1,-3.9,0.0,-0.5,0.595,0.145,1.625,-2.35,-3.325,-8.135,-15.78,-20.74,-16.7,-14.755,-9.605,-6.72,0.2,2.055,1.78,3.115,3.745,0.575,-4.195,-10.08,-13.3,-12.46,-10.905,-10.615,-1.225,3.325,6.015,2.095
5,27,2014,2,-4.92,-3.9,0.0,-0.5,0.595,0.145,1.625,-2.35,-3.325,-8.135,-15.78,-20.74,-16.7,-14.755,-9.605,-6.72,0.2,2.055,1.78,3.115,3.745,0.575,-4.195,-10.08,-13.3,-12.46,-10.905,-10.615,-1.225,3.325,6.015
5,28,2014,3,-5.38,-4.92,-3.9,0.0,-0.5,0.595,0.145,1.625,-2.35,-3.325,-8.135,-15.78,-20.74,-16.7,-14.755,-9.605,-6.72,0.2,2.055,1.78,3.115,3.745,0.575,-4.195,-10.08,-13.3,-12.46,-10.905,-10.615,-1.225,3.325
5,29,2014,4,-6.245,-5.38,-4.92,-3.9,0.0,-0.5,0.595,0.145,1.625,-2.35,-3.325,-8.135,-15.78,-20.74,-16.7,-14.755,-9.605,-6.72,0.2,2.055,1.78,3.115,3.745,0.575,-4.195,-10.08,-13.3,-12.46,-10.905,-10.615,-1.225
5,30,2014,5,-4.925,-6.245,-5.38,-4.92,-3.9,0.0,-0.5,0.595,0.145,1.625,-2.35,-3.325,-8.135,-15.78,-20.74,-16.7,-14.755,-9.605,-6.72,0.2,2.055,1.78,3.115,3.745,0.575,-4.195,-10.08,-13.3,-12.46,-10.905,-10.615
5,31,2014,6,-3.53,-4.925,-6.245,-5.38,-4.92,-3.9,0.0,-0.5,0.595,0.145,1.625,-2.35,-3.325,-8.135,-15.78,-20.74,-16.7,-14.755,-9.605,-6.72,0.2,2.055,1.78,3.115,3.745,0.575,-4.195,-10.08,-13.3,-12.46,-10.905
6,1,2014,7,-4.645,-3.53,-4.925,-6.245,-5.38,-4.92,-3.9,0.0,-0.5,0.595,0.145,1.625,-2.35,-3.325,-8.135,-15.78,-20.74,-16.7,-14.755,-9.605,-6.72,0.2,2.055,1.78,3.115,3.745,0.575,-4.195,-10.08,-13.3,-12.46
6,2,2014,1,-4.175,-4.645,-3.53,-4.925,-6.245,-5.38,-4.92,-3.9,0.0,-0.5,0.595,0.145,1.625,-2.35,-3.325,-8.135,-15.78,-20.74,-16.7,-14.755,-9.605,-6.72,0.2,2.055,1.78,3.115,3.745,0.575,-4.195,-10.08,-13.3
6,3,2014,2,-1.88,-4.175,-4.645,-3.53,-4.925,-6.245,-5.38,-4.92,-3.9,0.0,-0.5,0.595,0.145,1.625,-2.35,-3.325,-8.135,-15.78,-20.74,-16.7,-14.755,-9.605,-6.72,0.2,2.055,1.78,3.115,3.745,0.575,-4.195,-10.08
6,4,2014,3,-2.915,-1.88,-4.175,-4.645,-3.53,-4.925,-6.245,-5.38,-4.92,-3.9,0.0,-0.5,0.595,0.145,1.625,-2.35,-3.325,-8.135,-15.78,-20.74,-16.7,-14.755,-9.605,-6.72,0.2,2.055,1.78,3.115,3.745,0.575,-4.195
6,5,2014,4,-3.335,-2.915,-1.88,-4.175,-4.645,-3.53,-4.925,-6.245,-5.38,-4.92,-3.9,0.0,-0.5,0.595,0.145,1.625,-2.35,-3.325,-8.135,-15.78,-20.74,-16.7,-14.755,-9.605,-6.72,0.2,2.055,1.78,3.115,3.745,0.575
6,6,2014,5,-2.785,-3.335,-2.915,-1.88,-4.175,-4.645,-3.53,-4.925,-6.245,-5.38,-4.92,-3.9,0.0,-0.5,0.595,0.145,1.625,-2.35,-3.325,-8.135,-15.78,-20.74,-16.7,-14.755,-9.605,-6.72,0.2,2.055,1.78,3.115,3.745
6,7,2014,6,-2.23,-2.785,-3.335,-2.915,-1.88,-4.175,-4.645,-3.53,-4.925,-6.245,-5.38,-4.92,-3.9,0.0,-0.5,0.595,0.145,1.625,-2.35,-3.325,-8.135,-15.78,-20.74,-16.7,-14.755,-9.605,-6.72,0.2,2.055,1.78,3.115
6,8,2014,7,-1.81,-2.23,-2.785,-3.335,-2.915,-1.88,-4.175,-4.645,-3.53,-4.925,-6.245,-5.38,-4.92,-3.9,0.0,-0.5,0.595,0.145,1.625,-2.35,-3.325,-8.135,-15.78,-20.74,-16.7,-14.755,-9.605,-6.72,0.2,2.055,1.78
6,9,2014,1,-2.495,-1.81,-2.23,-2.785,-3.335,-2.915,-1.88,-4.175,-4.645,-3.53,-4.925,-6.245,-5.38,-4.92,-3.9,0.0,-0.5,0.595,0.145,1.625,-2.35,-3.325,-8.135,-15.78,-20.74,-16.7,-14.755,-9.605,-6.72,0.2,2.055
6,10,2014,2,-2.34,-2.495,-1.81,-2.23,-2.785,-3.335,-2.915,-1.88,-4.175,-4.645,-3.53,-4.925,-6.245,-5.38,-4.92,-3.9,0.0,-0.5,0.595,0.145,1.625,-2.35,-3.325,-8.135,-15.78,-20.74,-16.7,-14.755,-9.605,-6.72,0.2
6,11,2014,3,-3.03,-2.34,-2.495,-1.81,-2.23,-2.785,-3.335,-2.915,-1.88,-4.175,-4.645,-3.53,-4.925,-6.245,-5.38,-4.92,-3.9,0.0,-0.5,0.595,0.145,1.625,-2.35,-3.325,-8.135,-15.78,-20.74,-16.7,-14.755,-9.605,-6.72
6,12,2014,4,-3.44,-3.03,-2.34,-2.495,-1.81,-2.23,-2.785,-3.335,-2.915,-1.88,-4.175,-4.645,-3.53,-4.925,-6.245,-5.38,-4.92,-3.9,0.0,-0.5,0.595,0.145,1.625,-2.35,-3.325,-8.135,-15.78,-20.74,-16.7,-14.755,-9.605
6,13,2014,5,-1.61,-3.44,-3.03,-2.34,-2.495,-1.81,-2.23,-2.785,-3.335,-2.915,-1.88,-4.175,-4.645,-3.53,-4.925,-6.245,-5.38,-4.92,-3.9,0.0,-0.5,0.595,0.145,1.625,-2.35,-3.325,-8.135,-15.78,-20.74,-16.7,-14.755
6,14,2014,6,-1.975,-1.61,-3.44,-3.03,-2.34,-2.495,-1.81,-2.23,-2.785,-3.335,-2.915,-1.88,-4.175,-4.645,-3.53,-4.925,-6.245,-5.38,-4.92,-3.9,0.0,-0.5,0.595,0.145,1.625,-2.35,-3.325,-8.135,-15.78,-20.74,-16.7
6,15,2014,7,-1.29,-1.975,-1.61,-3.44,-3.03,-2.34,-2.495,-1.81,-2.23,-2.785,-3.335,-2.915,-1.88,-4.175,-4.645,-3.53,-4.925,-6.245,-5.38,-4.92,-3.9,0.0,-0.5,0.595,0.145,1.625,-2.35,-3.325,-8.135,-15.78,-20.74
6,16,2014,1,-2.495,-1.29,-1.975,-1.61,-3.44,-3.03,-2.34,-2.495,-1.81,-2.23,-2.785,-3.335,-2.915,-1.88,-4.175,-4.645,-3.53,-4.925,-6.245,-5.38,-4.92,-3.9,0.0,-0.5,0.595,0.145,1.625,-2.35,-3.325,-8.135,-15.78
6,17,2014,2,-2.095,-2.495,-1.29,-1.975,-1.61,-3.44,-3.03,-2.34,-2.495,-1.81,-2.23,-2.785,-3.335,-2.915,-1.88,-4.175,-4.645,-3.53,-4.925,-6.245,-5.38,-4.92,-3.9,0.0,-0.5,0.595,0.145,1.625,-2.35,-3.325,-8.135
6,18,2014,3,-2.875,-2.095,-2.495,-1.29,-1.975,-1.61,-3.44,-3.03,-2.34,-2.495,-1.81,-2.23,-2.785,-3.335,-2.915,-1.88,-4.175,-4.645,-3.53,-4.925,-6.245,-5.38,-4.92,-3.9,0.0,-0.5,0.595,0.145,1.625,-2.35,-3.325
6,19,2014,4,-1.93,-2.875,-2.095,-2.495,-1.29,-1.975,-1.61,-3.44,-3.03,-2.34,-2.495,-1.81,-2.23,-2.785,-3.335,-2.915,-1.88,-4.175,-4.645,-3.53,-4.925,-6.245,-5.38,-4.92,-3.9,0.0,-0.5,0.595,0.145,1.625,-2.35
6,20,2014,5,-2.635,-1.93,-2.875,-2.095,-2.495,-1.29,-1.975,-1.61,-3.44,-3.03,-2.34,-2.495,-1.81,-2.23,-2.785,-3.335,-2.915,-1.88,-4.175,-4.645,-3.53,-4.925,-6.245,-5.38,-4.92,-3.9,0.0,-0.5,0.595,0.145,1.625
6,21,2014,6,-4.57,-2.635,-1.93,-2.875,-2.095,-2.495,-1.29,-1.975,-1.61,-3.44,-3.03,-2.34,-2.495,-1.81,-2.23,-2.785,-3.335,-2.915,-1.88,-4.175,-4.645,-3.53,-4.925,-6.245,-5.38,-4.92,-3.9,0.0,-0.5,0.595,0.145
6,22,2014,7,-6.39,-4.57,-2.635,-1.93,-2.875,-2.095,-2.495,-1.29,-1.975,-1.61,-3.44,-3.03,-2.34,-2.495,-1.81,-2.23,-2.785,-3.335,-2.915,-1.88,-4.175,-4.645,-3.53,-4.925,-6.245,-5.38,-4.92,-3.9,0.0,-0.5,0.595
6,23,2014,1,-4.92,-6.39,-4.57,-2.635,-1.93,-2.875,-2.095,-2.495,-1.29,-1.975,-1.61,-3.44,-3.03,-2.34,-2.495,-1.81,-2.23,-2.785,-3.335,-2.915,-1.88,-4.175,-4.645,-3.53,-4.925,-6.245,-5.38,-4.92,-3.9,0.0,-0.5
6,24,2014,2,-4.96,-4.92,-6.39,-4.57,-2.635,-1.93,-2.875,-2.095,-2.495,-1.29,-1.975,-1.61,-3.44,-3.03,-2.34,-2.495,-1.81,-2.23,-2.785,-3.335,-2.915,-1.88,-4.175,-4.645,-3.53,-4.925,-6.245,-5.38,-4.92,-3.9,0.0
6,25,2014,3,-5.345,-4.96,-4.92,-6.39,-4.57,-2.635,-1.93,-2.875,-2.095,-2.495,-1.29,-1.975,-1.61,-3.44,-3.03,-2.34,-2.495,-1.81,-2.23,-2.785,-3.335,-2.915,-1.88,-4.175,-4.645,-3.53,-4.925,-6.245,-5.38,-4.92,-3.9
6,26,2014,4,-4.11,-5.345,-4.96,-4.92,-6.39,-4.57,-2.635,-1.93,-2.875,-2.095,-2.495,-1.29,-1.975,-1.61,-3.44,-3.03,-2.34,-2.495,-1.81,-2.23,-2.785,-3.335,-2.915,-1.88,-4.175,-4.645,-3.53,-4.925,-6.245,-5.38,-4.92
6,27,2014,5,-5.065,-4.11,-5.345,-4.96,-4.92,-6.39,-4.57,-2.635,-1.93,-2.875,-2.095,-2.495,-1.29,-1.975,-1.61,-3.44,-3.03,-2.34,-2.495,-1.81,-2.23,-2.785,-3.335,-2.915,-1.88,-4.175,-4.645,-3.53,-4.925,-6.245,-5.38
6,28,2014,6,-5.695,-5.065,-4.11,-5.345,-4.96,-4.92,-6.39,-4.57,-2.635,-1.93,-2.875,-2.095,-2.495,-1.29,-1.975,-1.61,-3.44,-3.03,-2.34,-2.495,-1.81,-2.23,-2.785,-3.335,-2.915,-1.88,-4.175,-4.645,-3.53,-4.925,-6.245
6,29,2014,7,-6.555,-5.695,-5.065,-4.11,-5.345,-4.96,-4.92,-6.39,-4.57,-2.635,-1.93,-2.875,-2.095,-2.495,-1.29,-1.975,-1.61,-3.44,-3.03,-2.34,-2.495,-1.81,-2.23,-2.785,-3.335,-2.915,-1.88,-4.175,-4.645,-3.53,-4.925
6,30,2014,1,-6.16,-6.555,-5.695,-5.065,-4.11,-5.345,-4.96,-4.92,-6.39,-4.57,-2.635,-1.93,-2.875,-2.095,-2.495,-1.29,-1.975,-1.61,-3.44,-3.03,-2.34,-2.495,-1.81,-2.23,-2.785,-3.335,-2.915,-1.88,-4.175,-4.645,-3.53
7,1,2014,2,-5.27,-6.16,-6.555,-5.695,-5.065,-4.11,-5.345,-4.96,-4.92,-6.39,-4.57,-2.635,-1.93,-2.875,-2.095,-2.495,-1.29,-1.975,-1.61,-3.44,-3.03,-2.34,-2.495,-1.81,-2.23,-2.785,-3.335,-2.915,-1.88,-4.175,-4.645
7,2,2014,3,-4.755,-5.27,-6.16,-6.555,-5.695,-5.065,-4.11,-5.345,-4.96,-4.92,-6.39,-4.57,-2.635,-1.93,-2.875,-2.095,-2.495,-1.29,-1.975,-1.61,-3.44,-3.03,-2.34,-2.495,-1.81,-2.23,-2.785,-3.335,-2.915,-1.88,-4.175
7,3,2014,4,-4.64,-4.755,-5.27,-6.16,-6.555,-5.695,-5.065,-4.11,-5.345,-4.96,-4.92,-6.39,-4.57,-2.635,-1.93,-2.875,-2.095,-2.495,-1.29,-1.975,-1.61,-3.44,-3.03,-2.34,-2.495,-1.81,-2.23,-2.785,-3.335,-2.915,-1.88
7,4,2014,5,-6.73,-4.64,-4.755,-5.27,-6.16,-6.555,-5.695,-5.065,-4.11,-5.345,-4.96,-4.92,-6.39,-4.57,-2.635,-1.93,-2.875,-2.095,-2.495,-1.29,-1.975,-1.61,-3.44,-3.03,-2.34,-2.495,-1.81,-2.23,-2.785,-3.335,-2.915
7,5,2014,6,-6.87,-6.73,-4.64,-4.755,-5.27,-6.16,-6.555,-5.695,-5.065,-4.11,-5.345,-4.96,-4.92,-6.39,-4.57,-2.635,-1.93,-2.875,-2.095,-2.495,-1.29,-1.975,-1.61,-3.44,-3.03,-2.34,-2.495,-1.81,-2.23,-2.785,-3.335
7,6,2014,7,-9.33,-6.87,-6.73,-4.64,-4.755,-5.27,-6.16,-6.555,-5.695,-5.065,-4.11,-5.345,-4.96,-4.92,-6.39,-4.57,-2.635,-1.93,-2.875,-2.095,-2.495,-1.29,-1.975,-1.61,-3.44,-3.03,-2.34,-2.495,-1.81,-2.23,-2.785
7,7,2014,1,-7.965,-9.33,-6.87,-6.73,-4.64,-4.755,-5.27,-6.16,-6.555,-5.695,-5.065,-4.11,-5.345,-4.96,-4.92,-6.39,-4.57,-2.635,-1.93,-2.875,-2.095,-2.495,-1.29,-1.975,-1.61,-3.44,-3.03,-2.34,-2.495,-1.81,-2.23
7,8,2014,2,-11.12,-7.965,-9.33,-6.87,-6.73,-4.64,-4.755,-5.27,-6.16,-6.555,-5.695,-5.065,-4.11,-5.345,-4.96,-4.92,-6.39,-4.57,-2.635,-1.93,-2.875,-2.095,-2.495,-1.29,-1.975,-1.61,-3.44,-3.03,-2.34,-2.495,-1.81
7,9,2014,3,-11.34,-11.12,-7.965,-9.33,-6.87,-6.73,-4.64,-4.755,-5.27,-6.16,-6.555,-5.695,-5.065,-4.11,-5.345,-4.96,-4.92,-6.39,-4.57,-2.635,-1.93,-2.875,-2.095,-2.495,-1.29,-1.975,-1.61,-3.44,-3.03,-2.34,-2.495
7,10,2014,4,-9.14,-11.34,-11.12,-7.965,-9.33,-6.87,-6.73,-4.64,-4.755,-5.27,-6.16,-6.555,-5.695,-5.065,-4.11,-5.345,-4.96,-4.92,-6.39,-4.57,-2.635,-1.93,-2.875,-2.095,-2.495,-1.29,-1.975,-1.61,-3.44,-3.03,-2.34
7,11,2014,5,-8.73,-9.14,-11.34,-11.12,-7.965,-9.33,-6.87,-6.73,-4.64,-4.755,-5.27,-6.16,-6.555,-5.695,-5.065,-4.11,-5.345,-4.96,-4.92,-6.39,-4.57,-2.635,-1.93,-2.875,-2.095,-2.495,-1.29,-1.975,-1.61,-3.44,-3.03
7,12,2014,6,-6.86,-8.73,-9.14,-11.34,-11.12,-7.965,-9.33,-6.87,-6.73,-4.64,-4.755,-5.27,-6.16,-6.555,-5.695,-5.065,-4.11,-5.345,-4.96,-4.92,-6.39,-4.57,-2.635,-1.93,-2.875,-2.095,-2.495,-1.29,-1.975,-1.61,-3.44
7,13,2014,7,-7.755,-6.86,-8.73,-9.14,-11.34,-11.12,-7.965,-9.33,-6.87,-6.73,-4.64,-4.755,-5.27,-6.16,-6.555,-5.695,-5.065,-4.11,-5.345,-4.96,-4.92,-6.39,-4.57,-2.635,-1.93,-2.875,-2.095,-2.495,-1.29,-1.975,-1.61
7,14,2014,1,-9.28,-7.755,-6.86,-8.73,-9.14,-11.34,-11.12,-7.965,-9.33,-6.87,-6.73,-4.64,-4.755,-5.27,-6.16,-6.555,-5.695,-5.065,-4.11,-5.345,-4.96,-4.92,-6.39,-4.57,-2.635,-1.93,-2.875,-2.095,-2.495,-1.29,-1.975
7,15,2014,2,-8.455,-9.28,-7.755,-6.86,-8.73,-9.14,-11.34,-11.12,-7.965,-9.33,-6.87,-6.73,-4.64,-4.755,-5.27,-6.16,-6.555,-5.695,-5.065,-4.11,-5.345,-4.96,-4.92,-6.39,-4.57,-2.635,-1.93,-2.875,-2.095,-2.495,-1.29
7,16,2014,3,-9.565,-8.455,-9.28,-7.755,-6.86,-8.73,-9.14,-11.34,-11.12,-7.965,-9.33,-6.87,-6.73,-4.64,-4.755,-5.27,-6.16,-6.555,-5.695,-5.065,-4.11,-5.345,-4.96,-4.92,-6.39,-4.57,-2.635,-1.93,-2.875,-2.095,-2.495
7,17,2014,4,-7.88,-9.565,-8.455,-9.28,-7.755,-6.86,-8.73,-9.14,-11.34,-11.12,-7.965,-9.33,-6.87,-6.73,-4.64,-4.755,-5.27,-6.16,-6.555,-5.695,-5.065,-4.11,-5.345,-4.96,-4.92,-6.39,-4.57,-2.635,-1.93,-2.875,-2.095
7,18,2014,5,-7.245,-7.88,-9.565,-8.455,-9.28,-7.755,-6.86,-8.73,-9.14,-11.34,-11.12,-7.965,-9.33,-6.87,-6.73,-4.64,-4.755,-5.27,-6.16,-6.555,-5.695,-5.065,-4.11,-5.345,-4.96,-4.92,-6.39,-4.57,-2.635,-1.93,-2.875
7,19,2014,6,-5.885,-7.245,-7.88,-9.565,-8.455,-9.28,-7.755,-6.86,-8.73,-9.14,-11.34,-11.12,-7.965,-9.33,-6.87,-6.73,-4.64,-4.755,-5.27,-6.16,-6.555,-5.695,-5.065,-4.11,-5.345,-4.96,-4.92,-6.39,-4.57,-2.635,-1.93
7,20,2014,7,-4.955,-5.885,-7.245,-7.88,-9.565,-8.455,-9.28,-7.755,-6.86,-8.73,-9.14,-11.34,-11.12,-7.965,-9.33,-6.87,-6.73,-4.64,-4.755,-5.27,-6.16,-6.555,-5.695,-5.065,-4.11,-5.345,-4.96,-4.92,-6.39,-4.57,-2.635
7,21,2014,1,-7.325,-4.955,-5.885,-7.245,-7.88,-9.565,-8.455,-9.28,-7.755,-6.86,-8.73,-9.14,-11.34,-11.12,-7.965,-9.33,-6.87,-6.73,-4.64,-4.755,-5.27,-6.16,-6.555,-5.695,-5.065,-4.11,-5.345,-4.96,-4.92,-6.39,-4.57
7,22,2014,2,-7.275,-7.325,-4.955,-5.885,-7.245,-7.88,-9.565,-8.455,-9.28,-7.755,-6.86,-8.73,-9.14,-11.34,-11.12,-7.965,-9.33,-6.87,-6.73,-4.64,-4.755,-5.27,-6.16,-6.555,-5.695,-5.065,-4.11,-5.345,-4.96,-4.92,-6.39
7,23,2014,3,-9.095,-7.275,-7.325,-4.955,-5.885,-7.245,-7.88,-9.565,-8.455,-9.28,-7.755,-6.86,-8.73,-9.14,-11.34,-11.12,-7.965,-9.33,-6.87,-6.73,-4.64,-4.755,-5.27,-6.16,-6.555,-5.695,-5.065,-4.11,-5.345,-4.96,-4.92
7,24,2014,4,-11.245,-9.095,-7.275,-7.325,-4.955,-5.885,-7.245,-7.88,-9.565,-8.455,-9.28,-7.755,-6.86,-8.73,-9.14,-11.34,-11.12,-7.965,-9.33,-6.87,-6.73,-4.64,-4.755,-5.27,-6.16,-6.555,-5.695,-5.065,-4.11,-5.345,-4.96
7,25,2014,5,-13.14,-11.245,-9.095,-7.275,-7.325,-4.955,-5.885,-7.245,-7.88,-9.565,-8.455,-9.28,-7.755,-6.86,-8.73,-9.14,-11.34,-11.12,-7.965,-9.33,-6.87,-6.73,-4.64,-4.755,-5.27,-6.16,-6.555,-5.695,-5.065,-4.11,-5.345
7,26,2014,6,-13.165,-13.14,-11.245,-9.095,-7.275,-7.325,-4.955,-5.885,-7.245,-7.88,-9.565,-8.455,-9.28,-7.755,-6.86,-8.73,-9.14,-11.34,-11.12,-7.965,-9.33,-6.87,-6.73,-4.64,-4.755,-5.27,-6.16,-6.555,-5.695,-5.065,-4.11
7,27,2014,7,-10.985,-13.165,-13.14,-11.245,-9.095,-7.275,-7.325,-4.955,-5.885,-7.245,-7.88,-9.565,-8.455,-9.28,-7.755,-6.86,-8.73,-9.14,-11.34,-11.12,-7.965,-9.33,-6.87,-6.73,-4.64,-4.755,-5.27,-6.16,-6.555,-5.695,-5.065
7,28,2014,1,-9.815,-10.985,-13.165,-13.14,-11.245,-9.095,-7.275,-7.325,-4.955,-5.885,-7.245,-7.88,-9.565,-8.455,-9.28,-7.755,-6.86,-8.73,-9.14,-11.34,-11.12,-7.965,-9.33,-6.87,-6.73,-4.64,-4.755,-5.27,-6.16,-6.555,-5.695
7,29,2014,2,-12.27,-9.815,-10.985,-13.165,-13.14,-11.245,-9.095,-7.275,-7.325,-4.955,-5.885,-7.245,-7.88,-9.565,-8.455,-9.28,-7.755,-6.86,-8.73,-9.14,-11.34,-11.12,-7.965,-9.33,-6.87,-6.73,-4.64,-4.755,-5.27,-6.16,-6.555
7,30,2014,3,-12.13,-12.27,-9.815,-10.985,-13.165,-13.14,-11.245,-9.095,-7.275,-7.325,-4.955,-5.885,-7.245,-7.88,-9.565,-8.455,-9.28,-7.755,-6.86,-8.73,-9.14,-11.34,-11.12,-7.965,-9.33,-6.87,-6.73,-4.64,-4.755,-5.27,-6.16
7,31,2014,4,-12.175,-12.13,-12.27,-9.815,-10.985,-13.165,-13.14,-11.245,-9.095,-7.275,-7.325,-4.955,-5.885,-7.245,-7.88,-9.565,-8.455,-9.28,-7.755,-6.86,-8.73,-9.14,-11.34,-11.12,-7.965,-9.33,-6.87,-6.73,-4.64,-4.755,-5.27
8,1,2014,5,-11.99,-12.175,-12.13,-12.27,-9.815,-10.985,-13.165,-13.14,-11.245,-9.095,-7.275,-7.325,-4.955,-5.885,-7.245,-7.88,-9.565,-8.455,-9.28,-7.755,-6.86,-8.73,-9.14,-11.34,-11.12,-7.965,-9.33,-6.87,-6.73,-4.64,-4.755
8,2,2014,6,-10.135,-11.99,-12.175,-12.13,-12.27,-9.815,-10.985,-13.165,-13.14,-11.245,-9.095,-7.275,-7.325,-4.955,-5.885,-7.245,-7.88,-9.565,-8.455,-9.28,-7.755,-6.86,-8.73,-9.14,-11.34,-11.12,-7.965,-9.33,-6.87,-6.73,-4.64
8,3,2014,7,-11.53,-10.135,-11.99,-12.175,-12.13,-12.27,-9.815,-10.985,-13.165,-13.14,-11.245,-9.095,-7.275,-7.325,-4.955,-5.885,-7.245,-7.88,-9.565,-8.455,-9.28,-7.755,-6.86,-8.73,-9.14,-11.34,-11.12,-7.965,-9.33,-6.87,-6.73
8,4,2014,1,-11.985,-11.53,-10.135,-11.99,-12.175,-12.13,-12.27,-9.815,-10.985,-13.165,-13.14,-11.245,-9.095,-7.275,-7.325,-4.955,-5.885,-7.245,-7.88,-9.565,-8.455,-9.28,-7.755,-6.86,-8.73,-9.14,-11.34,-11.12,-7.965,-9.33,-6.87
8,5,2014,2,-10.475,-11.985,-11.53,-10.135,-11.99,-12.175,-12.13,-12.27,-9.815,-10.985,-13.165,-13.14,-11.245,-9.095,-7.275,-7.325,-4.955,-5.885,-7.245,-7.88,-9.565,-8.455,-9.28,-7.755,-6.86,-8.73,-9.14,-11.34,-11.12,-7.965,-9.33
8,6,2014,3,-6.6,-10.475,-11.985,-11.53,-10.135,-11.99,-12.175,-12.13,-12.27,-9.815,-10.985,-13.165,-13.14,-11.245,-9.095,-7.275,-7.325,-4.955,-5.885,-7.245,-7.88,-9.565,-8.455,-9.28,-7.755,-6.86,-8.73,-9.14,-11.34,-11.12,-7.965
8,7,2014,4,-4.275,-6.6,-10.475,-11.985,-11.53,-10.135,-11.99,-12.175,-12.13,-12.27,-9.815,-10.985,-13.165,-13.14,-11.245,-9.095,-7.275,-7.325,-4.955,-5.885,-7.245,-7.88,-9.565,-8.455,-9.28,-7.755,-6.86,-8.73,-9.14,-11.34,-11.12
8,8,2014,5,-6.69,-4.275,-6.6,-10.475,-11.985,-11.53,-10.135,-11.99,-12.175,-12.13,-12.27,-9.815,-10.985,-13.165,-13.14,-11.245,-9.095,-7.275,-7.325,-4.955,-5.885,-7.245,-7.88,-9.565,-8.455,-9.28,-7.755,-6.86,-8.73,-9.14,-11.34
8,9,2014,6,-8.02,-6.69,-4.275,-6.6,-10.475,-11.985,-11.53,-10.135,-11.99,-12.175,-12.13,-12.27,-9.815,-10.985,-13.165,-13.14,-11.245,-9.095,-7.275,-7.325,-4.955,-5.885,-7.245,-7.88,-9.565,-8.455,-9.28,-7.755,-6.86,-8.73,-9.14
8,10,2014,7,-9.525,-8.02,-6.69,-4.275,-6.6,-10.475,-11.985,-11.53,-10.135,-11.99,-12.175,-12.13,-12.27,-9.815,-10.985,-13.165,-13.14,-11.245,-9.095,-7.275,-7.325,-4.955,-5.885,-7.245,-7.88,-9.565,-8.455,-9.28,-7.755,-6.86,-8.73
8,11,2014,1,-9.785,-9.525,-8.02,-6.69,-4.275,-6.6,-10.475,-11.985,-11.53,-10.135,-11.99,-12.175,-12.13,-12.27,-9.815,-10.985,-13.165,-13.14,-11.245,-9.095,-7.275,-7.325,-4.955,-5.885,-7.245,-7.88,-9.565,-8.455,-9.28,-7.755,-6.86
8,12,2014,2,-8.75,-9.785,-9.525,-8.02,-6.69,-4.275,-6.6,-10.475,-11.985,-11.53,-10.135,-11.99,-12.175,-12.13,-12.27,-9.815,-10.985,-13.165,-13.14,-11.245,-9.095,-7.275,-7.325,-4.955,-5.885,-7.245,-7.88,-9.565,-8.455,-9.28,-7.755
8,13,2014,3,-9.175,-8.75,-9.785,-9.525,-8.02,-6.69,-4.275,-6.6,-10.475,-11.985,-11.53,-10.135,-11.99,-12.175,-12.13,-12.27,-9.815,-10.985,-13.165,-13.14,-11.245,-9.095,-7.275,-7.325,-4.955,-5.885,-7.245,-7.88,-9.565,-8.455,-9.28
8,14,2014,4,-7.775,-9.175,-8.75,-9.785,-9.525,-8.02,-6.69,-4.275,-6.6,-10.475,-11.985,-11.53,-10.135,-11.99,-12.175,-12.13,-12.27,-9.815,-10.985,-13.165,-13.14,-11.245,-9.095,-7.275,-7.325,-4.955,-5.885,-7.245,-7.88,-9.565,-8.455
8,15,2014,5,-8.71,-7.775,-9.175,-8.75,-9.785,-9.525,-8.02,-6.69,-4.275,-6.6,-10.475,-11.985,-11.53,-10.135,-11.99,-12.175,-12.13,-12.27,-9.815,-10.985,-13.165,-13.14,-11.245,-9.095,-7.275,-7.325,-4.955,-5.885,-7.245,-7.88,-9.565
8,16,2014,6,-10.0,-8.71,-7.775,-9.175,-8.75,-9.785,-9.525,-8.02,-6.69,-4.275,-6.6,-10.475,-11.985,-11.53,-10.135,-11.99,-12.175,-12.13,-12.27,-9.815,-10.985,-13.165,-13.14,-11.245,-9.095,-7.275,-7.325,-4.955,-5.885,-7.245,-7.88
8,17,2014,7,-12.02,-10.0,-8.71,-7.775,-9.175,-8.75,-9.785,-9.525,-8.02,-6.69,-4.275,-6.6,-10.475,-11.985,-11.53,-10.135,-11.99,-12.175,-12.13,-12.27,-9.815,-10.985,-13.165,-13.14,-11.245,-9.095,-7.275,-7.325,-4.955,-5.885,-7.245
8,18,2014,1,-11.69,-12.02,-10.0,-8.71,-7.775,-9.175,-8.75,-9.785,-9.525,-8.02,-6.69,-4.275,-6.6,-10.475,-11.985,-11.53,-10.135,-11.99,-12.175,-12.13,-12.27,-9.815,-10.985,-13.165,-13.14,-11.245,-9.095,-7.275,-7.325,-4.955,-5.885
8,19,2014,2,-9.64,-11.69,-12.02,-10.0,-8.71,-7.775,-9.175,-8.75,-9.785,-9.525,-8.02,-6.69,-4.275,-6.6,-10.475,-11.985,-11.53,-10.135,-11.99,-12.175,-12.13,-12.27,-9.815,-10.985,-13.165,-13.14,-11.245,-9.095,-7.275,-7.325,-4.955
8,20,2014,3,-9.345,-9.64,-11.69,-12.02,-10.0,-8.71,-7.775,-9.175,-8.75,-9.785,-9.525,-8.02,-6.69,-4.275,-6.6,-10.475,-11.985,-11.53,-10.135,-11.99,-12.175,-12.13,-12.27,-9.815,-10.985,-13.165,-13.14,-11.245,-9.095,-7.275,-7.325
8,21,2014,4,-10.57,-9.345,-9.64,-11.69,-12.02,-10.0,-8.71,-7.775,-9.175,-8.75,-9.785,-9.525,-8.02,-6.69,-4.275,-6.6,-10.475,-11.985,-11.53,-10.135,-11.99,-12.175,-12.13,-12.27,-9.815,-10.985,-13.165,-13.14,-11.245,-9.095,-7.275
8,22,2014,5,-7.275,-10.57,-9.345,-9.64,-11.69,-12.02,-10.0,-8.71,-7.775,-9.175,-8.75,-9.785,-9.525,-8.02,-6.69,-4.275,-6.6,-10.475,-11.985,-11.53,-10.135,-11.99,-12.175,-12.13,-12.27,-9.815,-10.985,-13.165,-13.14,-11.245,-9.095
8,23,2014,6,-8.27,-7.275,-10.57,-9.345,-9.64,-11.69,-12.02,-10.0,-8.71,-7.775,-9.175,-8.75,-9.785,-9.525,-8.02,-6.69,-4.275,-6.6,-10.475,-11.985,-11.53,-10.135,-11.99,-12.175,-12.13,-12.27,-9.815,-10.985,-13.165,-13.14,-11.245
8,24,2014,7,-9.13,-8.27,-7.275,-10.57,-9.345,-9.64,-11.69,-12.02,-10.0,-8.71,-7.775,-9.175,-8.75,-9.785,-9.525,-8.02,-6.69,-4.275,-6.6,-10.475,-11.985,-11.53,-10.135,-11.99,-12.175,-12.13,-12.27,-9.815,-10.985,-13.165,-13.14
8,25,2014,1,-9.22,-9.13,-8.27,-7.275,-10.57,-9.345,-9.64,-11.69,-12.02,-10.0,-8.71,-7.775,-9.175,-8.75,-9.785,-9.525,-8.02,-6.69,-4.275,-6.6,-10.475,-11.985,-11.53,-10.135,-11.99,-12.175,-12.13,-12.27,-9.815,-10.985,-13.165
8,26,2014,2,-6.105,-9.22,-9.13,-8.27,-7.275,-10.57,-9.345,-9.64,-11.69,-12.02,-10.0,-8.71,-7.775,-9.175,-8.75,-9.785,-9.525,-8.02,-6.69,-4.275,-6.6,-10.475,-11.985,-11.53,-10.135,-11.99,-12.175,-12.13,-12.27,-9.815,-10.985
8,27,2014,3,-8.99,-6.105,-9.22,-9.13,-8.27,-7.275,-10.57,-9.345,-9.64,-11.69,-12.02,-10.0,-8.71,-7.775,-9.175,-8.75,-9.785,-9.525,-8.02,-6.69,-4.275,-6.6,-10.475,-11.985,-11.53,-10.135,-11.99,-12.175,-12.13,-12.27,-9.815
8,28,2014,4,-13.2,-8.99,-6.105,-9.22,-9.13,-8.27,-7.275,-10.57,-9.345,-9.64,-11.69,-12.02,-10.0,-8.71,-7.775,-9.175,-8.75,-9.785,-9.525,-8.02,-6.69,-4.275,-6.6,-10.475,-11.985,-11.53,-10.135,-11.99,-12.175,-12.13,-12.27
8,29,2014,5,-14.56,-13.2,-8.99,-6.105,-9.22,-9.13,-8.27,-7.275,-10.57,-9.345,-9.64,-11.69,-12.02,-10.0,-8.71,-7.775,-9.175,-8.75,-9.785,-9.525,-8.02,-6.69,-4.275,-6.6,-10.475,-11.985,-11.53,-10.135,-11.99,-12.175,-12.13
8,30,2014,6,-11.99,-14.56,-13.2,-8.99,-6.105,-9.22,-9.13,-8.27,-7.275,-10.57,-9.345,-9.64,-11.69,-12.02,-10.0,-8.71,-7.775,-9.175,-8.75,-9.785,-9.525,-8.02,-6.69,-4.275,-6.6,-10.475,-11.985,-11.53,-10.135,-11.99,-12.175
8,31,2014,7,-11.51,-11.99,-14.56,-13.2,-8.99,-6.105,-9.22,-9.13,-8.27,-7.275,-10.57,-9.345,-9.64,-11.69,-12.02,-10.0,-8.71,-7.775,-9.175,-8.75,-9.785,-9.525,-8.02,-6.69,-4.275,-6.6,-10.475,-11.985,-11.53,-10.135,-11.99
9,1,2014,1,-12.13,-11.51,-11.99,-14.56,-13.2,-8.99,-6.105,-9.22,-9.13,-8.27,-7.275,-10.57,-9.345,-9.64,-11.69,-12.02,-10.0,-8.71,-7.775,-9.175,-8.75,-9.785,-9.525,-8.02,-6.69,-4.275,-6.6,-10.475,-11.985,-11.53,-10.135
9,2,2014,2,-12.625,-12.13,-11.51,-11.99,-14.56,-13.2,-8.99,-6.105,-9.22,-9.13,-8.27,-7.275,-10.57,-9.345,-9.64,-11.69,-12.02,-10.0,-8.71,-7.775,-9.175,-8.75,-9.785,-9.525,-8.02,-6.69,-4.275,-6.6,-10.475,-11.985,-11.53
9,3,2014,3,-9.925,-12.625,-12.13,-11.51,-11.99,-14.56,-13.2,-8.99,-6.105,-9.22,-9.13,-8.27,-7.275,-10.57,-9.345,-9.64,-11.69,-12.02,-10.0,-8.71,-7.775,-9.175,-8.75,-9.785,-9.525,-8.02,-6.69,-4.275,-6.6,-10.475,-11.985
9,4,2014,4,-9.31,-9.925,-12.625,-12.13,-11.51,-11.99,-14.56,-13.2,-8.99,-6.105,-9.22,-9.13,-8.27,-7.275,-10.57,-9.345,-9.64,-11.69,-12.02,-10.0,-8.71,-7.775,-9.175,-8.75,-9.785,-9.525,-8.02,-6.69,-4.275,-6.6,-10.475
9,5,2014,5,-8.275,-9.31,-9.925,-12.625,-12.13,-11.51,-11.99,-14.56,-13.2,-8.99,-6.105,-9.22,-9.13,-8.27,-7.275,-10.57,-9.345,-9.64,-11.69,-12.02,-10.0,-8.71,-7.775,-9.175,-8.75,-9.785,-9.525,-8.02,-6.69,-4.275,-6.6
9,6,2014,6,-8.26,-8.275,-9.31,-9.925,-12.625,-12.13,-11.51,-11.99,-14.56,-13.2,-8.99,-6.105,-9.22,-9.13,-8.27,-7.275,-10.57,-9.345,-9.64,-11.69,-12.02,-10.0,-8.71,-7.775,-9.175,-8.75,-9.785,-9.525,-8.02,-6.69,-4.275
9,7,2014,7,-9.875,-8.26,-8.275,-9.31,-9.925,-12.625,-12.13,-11.51,-11.99,-14.56,-13.2,-8.99,-6.105,-9.22,-9.13,-8.27,-7.275,-10.57,-9.345,-9.64,-11.69,-12.02,-10.0,-8.71,-7.775,-9.175,-8.75,-9.785,-9.525,-8.02,-6.69
9,8,2014,1,-14.23,-9.875,-8.26,-8.275,-9.31,-9.925,-12.625,-12.13,-11.51,-11.99,-14.56,-13.2,-8.99,-6.105,-9.22,-9.13,-8.27,-7.275,-10.57,-9.345,-9.64,-11.69,-12.02,-10.0,-8.71,-7.775,-9.175,-8.75,-9.785,-9.525,-8.02
9,9,2014,2,-14.225,-14.23,-9.875,-8.26,-8.275,-9.31,-9.925,-12.625,-12.13,-11.51,-11.99,-14.56,-13.2,-8.99,-6.105,-9.22,-9.13,-8.27,-7.275,-10.57,-9.345,-9.64,-11.69,-12.02,-10.0,-8.71,-7.775,-9.175,-8.75,-9.785,-9.525
9,10,2014,3,-13.625,-14.225,-14.23,-9.875,-8.26,-8.275,-9.31,-9.925,-12.625,-12.13,-11.51,-11.99,-14.56,-13.2,-8.99,-6.105,-9.22,-9.13,-8.27,-7.275,-10.57,-9.345,-9.64,-11.69,-12.02,-10.0,-8.71,-7.775,-9.175,-8.75,-9.785
9,11,2014,4,-9.735,-13.625,-14.225,-14.23,-9.875,-8.26,-8.275,-9.31,-9.925,-12.625,-12.13,-11.51,-11.99,-14.56,-13.2,-8.99,-6.105,-9.22,-9.13,-8.27,-7.275,-10.57,-9.345,-9.64,-11.69,-12.02,-10.0,-8.71,-7.775,-9.175,-8.75
9,12,2014,5,-12.345,-9.735,-13.625,-14.225,-14.23,-9.875,-8.26,-8.275,-9.31,-9.925,-12.625,-12.13,-11.51,-11.99,-14.56,-13.2,-8.99,-6.105,-9.22,-9.13,-8.27,-7.275,-10.57,-9.345,-9.64,-11.69,-12.02,-10.0,-8.71,-7.775,-9.175
9,13,2014,6,-13.705,-12.345,-9.735,-13.625,-14.225,-14.23,-9.875,-8.26,-8.275,-9.31,-9.925,-12.625,-12.13,-11.51,-11.99,-14.56,-13.2,-8.99,-6.105,-9.22,-9.13,-8.27,-7.275,-10.57,-9.345,-9.64,-11.69,-12.02,-10.0,-8.71,-7.775
9,14,2014,7,-15.615,-13.705,-12.345,-9.735,-13.625,-14.225,-14.23,-9.875,-8.26,-8.275,-9.31,-9.925,-12.625,-12.13,-11.51,-11.99,-14.56,-13.2,-8.99,-6.105,-9.22,-9.13,-8.27,-7.275,-10.57,-9.345,-9.64,-11.69,-12.02,-10.0,-8.71
9,15,2014,1,-18.65,-15.615,-13.705,-12.345,-9.735,-13.625,-14.225,-14.23,-9.875,-8.26,-8.275,-9.31,-9.925,-12.625,-12.13,-11.51,-11.99,-14.56,-13.2,-8.99,-6.105,-9.22,-9.13,-8.27,-7.275,-10.57,-9.345,-9.64,-11.69,-12.02,-10.0
9,16,2014,2,-17.885,-18.65,-15.615,-13.705,-12.345,-9.735,-13.625,-14.225,-14.23,-9.875,-8.26,-8.275,-9.31,-9.925,-12.625,-12.13,-11.51,-11.99,-14.56,-13.2,-8.99,-6.105,-9.22,-9.13,-8.27,-7.275,-10.57,-9.345,-9.64,-11.69,-12.02
9,17,2014,3,-23.59,-17.885,-18.65,-15.615,-13.705,-12.345,-9.735,-13.625,-14.225,-14.23,-9.875,-8.26,-8.275,-9.31,-9.925,-12.625,-12.13,-11.51,-11.99,-14.56,-13.2,-8.99,-6.105,-9.22,-9.13,-8.27,-7.275,-10.57,-9.345,-9.64,-11.69
9,18,2014,4,-18.405,-23.59,-17.885,-18.65,-15.615,-13.705,-12.345,-9.735,-13.625,-14.225,-14.23,-9.875,-8.26,-8.275,-9.31,-9.925,-12.625,-12.13,-11.51,-11.99,-14.56,-13.2,-8.99,-6.105,-9.22,-9.13,-8.27,-7.275,-10.57,-9.345,-9.64
9,19,2014,5,-8.29,-18.405,-23.59,-17.885,-18.65,-15.615,-13.705,-12.345,-9.735,-13.625,-14.225,-14.23,-9.875,-8.26,-8.275,-9.31,-9.925,-12.625,-12.13,-11.51,-11.99,-14.56,-13.2,-8.99,-6.105,-9.22,-9.13,-8.27,-7.275,-10.57,-9.345
9,20,2014,6,-8.295,-8.29,-18.405,-23.59,-17.885,-18.65,-15.615,-13.705,-12.345,-9.735,-13.625,-14.225,-14.23,-9.875,-8.26,-8.275,-9.31,-9.925,-12.625,-12.13,-11.51,-11.99,-14.56,-13.2,-8.99,-6.105,-9.22,-9.13,-8.27,-7.275,-10.57
9,21,2014,7,-6.505,-8.295,-8.29,-18.405,-23.59,-17.885,-18.65,-15.615,-13.705,-12.345,-9.735,-13.625,-14.225,-14.23,-9.875,-8.26,-8.275,-9.31,-9.925,-12.625,-12.13,-11.51,-11.99,-14.56,-13.2,-8.99,-6.105,-9.22,-9.13,-8.27,-7.275
9,22,2014,1,-6.435,-6.505,-8.295,-8.29,-18.405,-23.59,-17.885,-18.65,-15.615,-13.705,-12.345,-9.735,-13.625,-14.225,-14.23,-9.875,-8.26,-8.275,-9.31,-9.925,-12.625,-12.13,-11.51,-11.99,-14.56,-13.2,-8.99,-6.105,-9.22,-9.13,-8.27
9,23,2014,2,-5.795,-6.435,-6.505,-8.295,-8.29,-18.405,-23.59,-17.885,-18.65,-15.615,-13.705,-12.345,-9.735,-13.625,-14.225,-14.23,-9.875,-8.26,-8.275,-9.31,-9.925,-12.625,-12.13,-11.51,-11.99,-14.56,-13.2,-8.99,-6.105,-9.22,-9.13
9,24,2014,3,-7.64,-5.795,-6.435,-6.505,-8.295,-8.29,-18.405,-23.59,-17.885,-18.65,-15.615,-13.705,-12.345,-9.735,-13.625,-14.225,-14.23,-9.875,-8.26,-8.275,-9.31,-9.925,-12.625,-12.13,-11.51,-11.99,-14.56,-13.2,-8.99,-6.105,-9.22
9,25,2014,4,-9.405,-7.64,-5.795,-6.435,-6.505,-8.295,-8.29,-18.405,-23.59,-17.885,-18.65,-15.615,-13.705,-12.345,-9.735,-13.625,-14.225,-14.23,-9.875,-8.26,-8.275,-9.31,-9.925,-12.625,-12.13,-11.51,-11.99,-14.56,-13.2,-8.99,-6.105
9,26,2014,5,-10.92,-9.405,-7.64,-5.795,-6.435,-6.505,-8.295,-8.29,-18.405,-23.59,-17.885,-18.65,-15.615,-13.705,-12.345,-9.735,-13.625,-14.225,-14.23,-9.875,-8.26,-8.275,-9.31,-9.925,-12.625,-12.13,-11.51,-11.99,-14.56,-13.2,-8.99
9,27,2014,6,-8.165,-10.92,-9.405,-7.64,-5.795,-6.435,-6.505,-8.295,-8.29,-18.405,-23.59,-17.885,-18.65,-15.615,-13.705,-12.345,-9.735,-13.625,-14.225,-14.23,-9.875,-8.26,-8.275,-9.31,-9.925,-12.625,-12.13,-11.51,-11.99,-14.56,-13.2
9,28,2014,7,-4.71,-8.165,-10.92,-9.405,-7.64,-5.795,-6.435,-6.505,-8.295,-8.29,-18.405,-23.59,-17.885,-18.65,-15.615,-13.705,-12.345,-9.735,-13.625,-14.225,-14.23,-9.875,-8.26,-8.275,-9.31,-9.925,-12.625,-12.13,-11.51,-11.99,-14.56
9,29,2014,1,-5.725,-4.71,-8.165,-10.92,-9.405,-7.64,-5.795,-6.435,-6.505,-8.295,-8.29,-18.405,-23.59,-17.885,-18.65,-15.615,-13.705,-12.345,-9.735,-13.625,-14.225,-14.23,-9.875,-8.26,-8.275,-9.31,-9.925,-12.625,-12.13,-11.51,-11.99
9,30,2014,2,-4.76,-5.725,-4.71,-8.165,-10.92,-9.405,-7.64,-5.795,-6.435,-6.505,-8.295,-8.29,-18.405,-23.59,-17.885,-18.65,-15.615,-13.705,-12.345,-9.735,-13.625,-14.225,-14.23,-9.875,-8.26,-8.275,-9.31,-9.925,-12.625,-12.13,-11.51
10,1,2014,3,-8.98,-4.76,-5.725,-4.71,-8.165,-10.92,-9.405,-7.64,-5.795,-6.435,-6.505,-8.295,-8.29,-18.405,-23.59,-17.885,-18.65,-15.615,-13.705,-12.345,-9.735,-13.625,-14.225,-14.23,-9.875,-8.26,-8.275,-9.31,-9.925,-12.625,-12.13
10,2,2014,4,-8.145,-8.98,-4.76,-5.725,-4.71,-8.165,-10.92,-9.405,-7.64,-5.795,-6.435,-6.505,-8.295,-8.29,-18.405,-23.59,-17.885,-18.65,-15.615,-13.705,-12.345,-9.735,-13.625,-14.225,-14.23,-9.875,-8.26,-8.275,-9.31,-9.925,-12.625
10,3,2014,5,-14.795,-8.145,-8.98,-4.76,-5.725,-4.71,-8.165,-10.92,-9.405,-7.64,-5.795,-6.435,-6.505,-8.295,-8.29,-18.405,-23.59,-17.885,-18.65,-15.615,-13.705,-12.345,-9.735,-13.625,-14.225,-14.23,-9.875,-8.26,-8.275,-9.31,-9.925
10,4,2014,6,-16.9,-14.795,-8.145,-8.98,-4.76,-5.725,-4.71,-8.165,-10.92,-9.405,-7.64,-5.795,-6.435,-6.505,-8.295,-8.29,-18.405,-23.59,-17.885,-18.65,-15.615,-13.705,-12.345,-9.735,-13.625,-14.225,-14.23,-9.875,-8.26,-8.275,-9.31
10,5,2014,7,-15.61,-16.9,-14.795,-8.145,-8.98,-4.76,-5.725,-4.71,-8.165,-10.92,-9.405,-7.64,-5.795,-6.435,-6.505,-8.295,-8.29,-18.405,-23.59,-17.885,-18.65,-15.615,-13.705,-12.345,-9.735,-13.625,-14.225,-14.23,-9.875,-8.26,-8.275
10,6,2014,1,-14.325,-15.61,-16.9,-14.795,-8.145,-8.98,-4.76,-5.725,-4.71,-8.165,-10.92,-9.405,-7.64,-5.795,-6.435,-6.505,-8.295,-8.29,-18.405,-23.59,-17.885,-18.65,-15.615,-13.705,-12.345,-9.735,-13.625,-14.225,-14.23,-9.875,-8.26
10,7,2014,2,-12.015,-14.325,-15.61,-16.9,-14.795,-8.145,-8.98,-4.76,-5.725,-4.71,-8.165,-10.92,-9.405,-7.64,-5.795,-6.435,-6.505,-8.295,-8.29,-18.405,-23.59,-17.885,-18.65,-15.615,-13.705,-12.345,-9.735,-13.625,-14.225,-14.23,-9.875
10,8,2014,3,-12.92,-12.015,-14.325,-15.61,-16.9,-14.795,-8.145,-8.98,-4.76,-5.725,-4.71,-8.165,-10.92,-9.405,-7.64,-5.795,-6.435,-6.505,-8.295,-8.29,-18.405,-23.59,-17.885,-18.65,-15.615,-13.705,-12.345,-9.735,-13.625,-14.225,-14.23
10,9,2014,4,-8.96,-12.92,-12.015,-14.325,-15.61,-16.9,-14.795,-8.145,-8.98,-4.76,-5.725,-4.71,-8.165,-10.92,-9.405,-7.64,-5.795,-6.435,-6.505,-8.295,-8.29,-18.405,-23.59,-17.885,-18.65,-15.615,-13.705,-12.345,-9.735,-13.625,-14.225
10,10,2014,5,-7.41,-8.96,-12.92,-12.015,-14.325,-15.61,-16.9,-14.795,-8.145,-8.98,-4.76,-5.725,-4.71,-8.165,-10.92,-9.405,-7.64,-5.795,-6.435,-6.505,-8.295,-8.29,-18.405,-23.59,-17.885,-18.65,-15.615,-13.705,-12.345,-9.735,-13.625
10,11,2014,6,-6.25,-7.41,-8.96,-12.92,-12.015,-14.325,-15.61,-16.9,-14.795,-8.145,-8.98,-4.76,-5.725,-4.71,-8.165,-10.92,-9.405,-7.64,-5.795,-6.435,-6.505,-8.295,-8.29,-18.405,-23.59,-17.885,-18.65,-15.615,-13.705,-12.345,-9.735
10,12,2014,7,-6.785,-6.25,-7.41,-8.96,-12.92,-12.015,-14.325,-15.61,-16.9,-14.795,-8.145,-8.98,-4.76,-5.725,-4.71,-8.165,-10.92,-9.405,-7.64,-5.795,-6.435,-6.505,-8.295,-8.29,-18.405,-23.59,-17.885,-18.65,-15.615,-13.705,-12.345
10,13,2014,1,-6.425,-6.785,-6.25,-7.41,-8.96,-12.92,-12.015,-14.325,-15.61,-16.9,-14.795,-8.145,-8.98,-4.76,-5.725,-4.71,-8.165,-10.92,-9.405,-7.64,-5.795,-6.435,-6.505,-8.295,-8.29,-18.405,-23.59,-17.885,-18.65,-15.615,-13.705
10,14,2014,2,-6.015,-6.425,-6.785,-6.25,-7.41,-8.96,-12.92,-12.015,-14.325,-15.61,-16.9,-14.795,-8.145,-8.98,-4.76,-5.725,-4.71,-8.165,-10.92,-9.405,-7.64,-5.795,-6.435,-6.505,-8.295,-8.29,-18.405,-23.59,-17.885,-18.65,-15.615
10,15,2014,3,-3.495,-6.015,-6.425,-6.785,-6.25,-7.41,-8.96,-12.92,-12.015,-14.325,-15.61,-16.9,-14.795,-8.145,-8.98,-4.76,-5.725,-4.71,-8.165,-10.92,-9.405,-7.64,-5.795,-6.435,-6.505,-8.295,-8.29,-18.405,-23.59,-17.885,-18.65
10,16,2014,4,-3.69,-3.495,-6.015,-6.425,-6.785,-6.25,-7.41,-8.96,-12.92,-12.015,-14.325,-15.61,-16.9,-14.795,-8.145,-8.98,-4.76,-5.725,-4.71,-8.165,-10.92,-9.405,-7.64,-5.795,-6.435,-6.505,-8.295,-8.29,-18.405,-23.59,-17.885
10,17,2014,5,-2.235,-3.69,-3.495,-6.015,-6.425,-6.785,-6.25,-7.41,-8.96,-12.92,-12.015,-14.325,-15.61,-16.9,-14.795,-8.145,-8.98,-4.76,-5.725,-4.71,-8.165,-10.92,-9.405,-7.64,-5.795,-6.435,-6.505,-8.295,-8.29,-18.405,-23.59
10,18,2014,6,-1.605,-2.235,-3.69,-3.495,-6.015,-6.425,-6.785,-6.25,-7.41,-8.96,-12.92,-12.015,-14.325,-15.61,-16.9,-14.795,-8.145,-8.98,-4.76,-5.725,-4.71,-8.165,-10.92,-9.405,-7.64,-5.795,-6.435,-6.505,-8.295,-8.29,-18.405
10,19,2014,7,-3.46,-1.605,-2.235,-3.69,-3.495,-6.015,-6.425,-6.785,-6.25,-7.41,-8.96,-12.92,-12.015,-14.325,-15.61,-16.9,-14.795,-8.145,-8.98,-4.76,-5.725,-4.71,-8.165,-10.92,-9.405,-7.64,-5.795,-6.435,-6.505,-8.295,-8.29
10,20,2014,1,-3.41,-3.46,-1.605,-2.235,-3.69,-3.495,-6.015,-6.425,-6.785,-6.25,-7.41,-8.96,-12.92,-12.015,-14.325,-15.61,-16.9,-14.795,-8.145,-8.98,-4.76,-5.725,-4.71,-8.165,-10.92,-9.405,-7.64,-5.795,-6.435,-6.505,-8.295
10,21,2014,2,-4.265,-3.41,-3.46,-1.605,-2.235,-3.69,-3.495,-6.015,-6.425,-6.785,-6.25,-7.41,-8.96,-12.92,-12.015,-14.325,-15.61,-16.9,-14.795,-8.145,-8.98,-4.76,-5.725,-4.71,-8.165,-10.92,-9.405,-7.64,-5.795,-6.435,-6.505
10,22,2014,3,-4.635,-4.265,-3.41,-3.46,-1.605,-2.235,-3.69,-3.495,-6.015,-6.425,-6.785,-6.25,-7.41,-8.96,-12.92,-12.015,-14.325,-15.61,-16.9,-14.795,-8.145,-8.98,-4.76,-5.725,-4.71,-8.165,-10.92,-9.405,-7.64,-5.795,-6.435
10,23,2014,4,-6.695,-4.635,-4.265,-3.41,-3.46,-1.605,-2.235,-3.69,-3.495,-6.015,-6.425,-6.785,-6.25,-7.41,-8.96,-12.92,-12.015,-14.325,-15.61,-16.9,-14.795,-8.145,-8.98,-4.76,-5.725,-4.71,-8.165,-10.92,-9.405,-7.64,-5.795
10,24,2014,5,-6.945,-6.695,-4.635,-4.265,-3.41,-3.46,-1.605,-2.235,-3.69,-3.495,-6.015,-6.425,-6.785,-6.25,-7.41,-8.96,-12.92,-12.015,-14.325,-15.61,-16.9,-14.795,-8.145,-8.98,-4.76,-5.725,-4.71,-8.165,-10.92,-9.405,-7.64
10,25,2014,6,-7.38,-6.945,-6.695,-4.635,-4.265,-3.41,-3.46,-1.605,-2.235,-3.69,-3.495,-6.015,-6.425,-6.785,-6.25,-7.41,-8.96,-12.92,-12.015,-14.325,-15.61,-16.9,-14.795,-8.145,-8.98,-4.76,-5.725,-4.71,-8.165,-10.92,-9.405
10,26,2014,7,-4.905,-7.765,-7.76,-5.88,-4.665,-4.3,-3.445,-2.645,-1.605,-2.235,-3.69,-3.495,-6.015,-7.81,-6.785,-6.25,-7.41,-8.96,-12.92,-12.015,-14.325,-15.61,-16.9,-14.795,-8.145,-8.98,-4.76,-5.725,-4.71,-8.165,-10.92
