10,25,2013,5,-12.9,-12.32,-16.36,-17.11,-18.04,-17.11,-16.72,-15.835,-15.115,-13.95,-14.7,-14.01,-14.05,-12.775,-15.03,-15.485,-14.805,-16.97,-17.575,-17.14,-16.275,-16.34,-13.985,-14.39,-17.73,-16.635,-15.13,-16.205,-17.48,-18.94,-18.09
10,26,2013,6,-13.25,-12.9,-12.32,-16.36,-17.11,-18.04,-17.11,-16.72,-15.835,-15.115,-13.95,-14.7,-14.01,-14.05,-12.775,-15.03,-15.485,-14.805,-16.97,-17.575,-17.14,-16.275,-16.34,-13.985,-14.39,-17.73,-16.635,-15.13,-16.205,-17.48,-18.94
10,27,2013,7,-11.66,-13.25,-12.9,-12.32,-16.36,-17.11,-18.04,-17.11,-16.72,-15.835,-15.115,-13.95,-14.7,-14.01,-14.05,-12.775,-15.03,-15.485,-14.805,-16.97,-17.575,-17.14,-16.275,-16.34,-13.985,-14.39,-17.73,-16.635,-15.13,-16.205,-17.48
10,28,2013,1,-13.6,-11.66,-13.25,-12.9,-12.32,-16.36,-17.11,-18.04,-17.11,-16.72,-15.835,-15.115,-13.95,-14.7,-14.01,-14.05,-12.775,-15.03,-15.485,-14.805,-16.97,-17.575,-17.14,-16.275,-16.34,-13.985,-14.39,-17.73,-16.635,-15.13,-16.205
10,29,2013,2,-13.855,-13.6,-11.66,-13.25,-12.9,-12.32,-16.36,-17.11,-18.04,-17.11,-16.72,-15.835,-15.115,-13.95,-14.7,-14.01,-14.05,-12.775,-15.03,-15.485,-14.805,-16.97,-17.575,-17.14,-16.275,-16.34,-13.985,-14.39,-17.73,-16.635,-15.13
10,30,2013,3,-15.425,-13.855,-13.6,-11.66,-13.25,-12.9,-12.32,-16.36,-17.11,-18.04,-17.11,-16.72,-15.835,-15.115,-13.95,-14.7,-14.01,-14.05,-12.775,-15.03,-15.485,-14.805,-16.97,-17.575,-17.14,-16.275,-16.34,-13.985,-14.39,-17.73,-16.635
10,31,2013,4,-14.505,-15.425,-13.855,-13.6,-11.66,-13.25,-12.9,-12.32,-16.36,-17.11,-18.04,-17.11,-16.72,-15.835,-15.115,-13.95,-14.7,-14.01,-14.05,-12.775,-15.03,-15.485,-14.805,-16.97,-17.575,-17.14,-16.275,-16.34,-13.985,-14.39,-17.73
11,1,2013,5,-15.44,-14.505,-15.425,-13.855,-13.6,-11.66,-13.25,-12.9,-12.32,-16.36,-17.11,-18.04,-17.11,-16.72,-15.835,-15.115,-13.95,-14.7,-14.01,-14.05,-12.775,-15.03,-15.485,-14.805,-16.97,-17.575,-17.14,-16.275,-16.34,-13.985,-14.39
11,2,2013,6,-14.77,-15.44,-14.505,-15.425,-13.855,-13.6,-11.66,-13.25,-12.9,-12.32,-16.36,-17.11,-18.04,-17.11,-16.72,-15.835,-15.115,-13.95,-14.7,-14.01,-14.05,-12.775,-15.03,-15.485,-14.805,-16.97,-17.575,-17.14,-16.275,-16.34,-13.985
11,3,2013,7,-10.475,-14.77,-15.44,-14.505,-15.425,-13.855,-13.6,-11.66,-13.25,-12.9,-12.32,-16.36,-17.11,-18.04,-17.11,-16.72,-15.835,-15.115,-13.95,-14.7,-14.01,-14.05,-12.775,-15.03,-15.485,-14.805,-16.97,-17.575,-17.14,-16.275,-16.34
11,4,2013,1,-13.325,-10.475,-14.77,-15.44,-14.505,-15.425,-13.855,-13.6,-11.66,-13.25,-12.9,-12.32,-16.36,-17.11,-18.04,-17.11,-16.72,-15.835,-15.115,-13.95,-14.7,-14.01,-14.05,-12.775,-15.03,-15.485,-14.805,-16.97,-17.575,-17.14,-16.275
11,5,2013,2,-14.41,-13.325,-10.475,-14.77,-15.44,-14.505,-15.425,-13.855,-13.6,-11.66,-13.25,-12.9,-12.32,-16.36,-17.11,-18.04,-17.11,-16.72,-15.835,-15.115,-13.95,-14.7,-14.01,-14.05,-12.775,-15.03,-15.485,-14.805,-16.97,-17.575,-17.14
11,6,2013,3,-14.405,-14.41,-13.325,-10.475,-14.77,-15.44,-14.505,-15.425,-13.855,-13.6,-11.66,-13.25,-12.9,-12.32,-16.36,-17.11,-18.04,-17.11,-16.72,-15.835,-15.115,-13.95,-14.7,-14.01,-14.05,-12.775,-15.03,-15.485,-14.805,-16.97,-17.575
11,7,2013,4,-13.305,-14.405,-14.41,-13.325,-10.475,-14.77,-15.44,-14.505,-15.425,-13.855,-13.6,-11.66,-13.25,-12.9,-12.32,-16.36,-17.11,-18.04,-17.11,-16.72,-15.835,-15.115,-13.95,-14.7,-14.01,-14.05,-12.775,-15.03,-15.485,-14.805,-16.97
11,8,2013,5,-12.54,-13.305,-14.405,-14.41,-13.325,-10.475,-14.77,-15.44,-14.505,-15.425,-13.855,-13.6,-11.66,-13.25,-12.9,-12.32,-16.36,-17.11,-18.04,-17.11,-16.72,-15.835,-15.115,-13.95,-14.7,-14.01,-14.05,-12.775,-15.03,-15.485,-14.805
11,9,2013,6,-13.05,-12.54,-13.305,-14.405,-14.41,-13.325,-10.475,-14.77,-15.44,-14.505,-15.425,-13.855,-13.6,-11.66,-13.25,-12.9,-12.32,-16.36,-17.11,-18.04,-17.11,-16.72,-15.835,-15.115,-13.95,-14.7,-14.01,-14.05,-12.775,-15.03,-15.485
11,10,2013,7,-14.405,-13.05,-12.54,-13.305,-14.405,-14.41,-13.325,-10.475,-14.77,-15.44,-14.505,-15.425,-13.855,-13.6,-11.66,-13.25,-12.9,-12.32,-16.36,-17.11,-18.04,-17.11,-16.72,-15.835,-15.115,-13.95,-14.7,-14.01,-14.05,-12.775,-15.03
11,11,2013,1,-13.57,-14.405,-13.05,-12.54,-13.305,-14.405,-14.41,-13.325,-10.475,-14.77,-15.44,-14.505,-15.425,-13.855,-13.6,-11.66,-13.25,-12.9,-12.32,-16.36,-17.11,-18.04,-17.11,-16.72,-15.835,-15.115,-13.95,-14.7,-14.01,-14.05,-12.775
11,12,2013,2,-13.69,-13.57,-14.405,-13.05,-12.54,-13.305,-14.405,-14.41,-13.325,-10.475,-14.77,-15.44,-14.505,-15.425,-13.855,-13.6,-11.66,-13.25,-12.9,-12.32,-16.36,-17.11,-18.04,-17.11,-16.72,-15.835,-15.115,-13.95,-14.7,-14.01,-14.05
11,13,2013,3,-9.305,-13.69,-13.57,-14.405,-13.05,-12.54,-13.305,-14.405,-14.41,-13.325,-10.475,-14.77,-15.44,-14.505,-15.425,-13.855,-13.6,-11.66,-13.25,-12.9,-12.32,-16.36,-17.11,-18.04,-17.11,-16.72,-15.835,-15.115,-13.95,-14.7,-14.01
11,14,2013,4,-8.775,-9.305,-13.69,-13.57,-14.405,-13.05,-12.54,-13.305,-14.405,-14.41,-13.325,-10.475,-14.77,-15.44,-14.505,-15.425,-13.855,-13.6,-11.66,-13.25,-12.9,-12.32,-16.36,-17.11,-18.04,-17.11,-16.72,-15.835,-15.115,-13.95,-14.7
11,15,2013,5,-11.805,-8.775,-9.305,-13.69,-13.57,-14.405,-13.05,-12.54,-13.305,-14.405,-14.41,-13.325,-10.475,-14.77,-15.44,-14.505,-15.425,-13.855,-13.6,-11.66,-13.25,-12.9,-12.32,-16.36,-17.11,-18.04,-17.11,-16.72,-15.835,-15.115,-13.95
11,16,2013,6,-13.355,-11.805,-8.775,-9.305,-13.69,-13.57,-14.405,-13.05,-12.54,-13.305,-14.405,-14.41,-13.325,-10.475,-14.77,-15.44,-14.505,-15.425,-13.855,-13.6,-11.66,-13.25,-12.9,-12.32,-16.36,-17.11,-18.04,-17.11,-16.72,-15.835,-15.115
11,17,2013,7,-14.375,-13.355,-11.805,-8.775,-9.305,-13.69,-13.57,-14.405,-13.05,-12.54,-13.305,-14.405,-14.41,-13.325,-10.475,-14.77,-15.44,-14.505,-15.425,-13.855,-13.6,-11.66,-13.25,-12.9,-12.32,-16.36,-17.11,-18.04,-17.11,-16.72,-15.835
11,18,2013,1,-11.865,-14.375,-13.355,-11.805,-8.775,-9.305,-13.69,-13.57,-14.405,-13.05,-12.54,-13.305,-14.405,-14.41,-13.325,-10.475,-14.77,-15.44,-14.505,-15.425,-13.855,-13.6,-11.66,-13.25,-12.9,-12.32,-16.36,-17.11,-18.04,-17.11,-16.72
11,19,2013,2,-13.02,-11.865,-14.375,-13.355,-11.805,-8.775,-9.305,-13.69,-13.57,-14.405,-13.05,-12.54,-13.305,-14.405,-14.41,-13.325,-10.475,-14.77,-15.44,-14.505,-15.425,-13.855,-13.6,-11.66,-13.25,-12.9,-12.32,-16.36,-17.11,-18.04,-17.11
11,20,2013,3,-11.565,-13.02,-11.865,-14.375,-13.355,-11.805,-8.775,-9.305,-13.69,-13.57,-14.405,-13.05,-12.54,-13.305,-14.405,-14.41,-13.325,-10.475,-14.77,-15.44,-14.505,-15.425,-13.855,-13.6,-11.66,-13.25,-12.9,-12.32,-16.36,-17.11,-18.04
11,21,2013,4,-13.53,-11.565,-13.02,-11.865,-14.375,-13.355,-11.805,-8.775,-9.305,-13.69,-13.57,-14.405,-13.05,-12.54,-13.305,-14.405,-14.41,-13.325,-10.475,-14.77,-15.44,-14.505,-15.425,-13.855,-13.6,-11.66,-13.25,-12.9,-12.32,-16.36,-17.11
11,22,2013,5,-11.955,-13.53,-11.565,-13.02,-11.865,-14.375,-13.355,-11.805,-8.775,-9.305,-13.69,-13.57,-14.405,-13.05,-12.54,-13.305,-14.405,-14.41,-13.325,-10.475,-14.77,-15.44,-14.505,-15.425,-13.855,-13.6,-11.66,-13.25,-12.9,-12.32,-16.36
11,23,2013,6,-12.645,-11.955,-13.53,-11.565,-13.02,-11.865,-14.375,-13.355,-11.805,-8.775,-9.305,-13.69,-13.57,-14.405,-13.05,-12.54,-13.305,-14.405,-14.41,-13.325,-10.475,-14.77,-15.44,-14.505,-15.425,-13.855,-13.6,-11.66,-13.25,-12.9,-12.32
11,24,2013,7,-11.095,-12.645,-11.955,-13.53,-11.565,-13.02,-11.865,-14.375,-13.355,-11.805,-8.775,-9.305,-13.69,-13.57,-14.405,-13.05,-12.54,-13.305,-14.405,-14.41,-13.325,-10.475,-14.77,-15.44,-14.505,-15.425,-13.855,-13.6,-11.66,-13.25,-12.9
11,25,2013,1,-9.26,-11.095,-12.645,-11.955,-13.53,-11.565,-13.02,-11.865,-14.375,-13.355,-11.805,-8.775,-9.305,-13.69,-13.57,-14.405,-13.05,-12.54,-13.305,-14.405,-14.41,-13.325,-10.475,-14.77,-15.44,-14.505,-15.425,-13.855,-13.6,-11.66,-13.25
11,26,2013,2,-12.43,-9.26,-11.095,-12.645,-11.955,-13.53,-11.565,-13.02,-11.865,-14.375,-13.355,-11.805,-8.775,-9.305,-13.69,-13.57,-14.405,-13.05,-12.54,-13.305,-14.405,-14.41,-13.325,-10.475,-14.77,-15.44,-14.505,-15.425,-13.855,-13.6,-11.66
11,27,2013,3,-5.02,-12.43,-9.26,-11.095,-12.645,-11.955,-13.53,-11.565,-13.02,-11.865,-14.375,-13.355,-11.805,-8.775,-9.305,-13.69,-13.57,-14.405,-13.05,-12.54,-13.305,-14.405,-14.41,-13.325,-10.475,-14.77,-15.44,-14.505,-15.425,-13.855,-13.6
11,28,2013,4,2.125,-5.02,-12.43,-9.26,-11.095,-12.645,-11.955,-13.53,-11.565,-13.02,-11.865,-14.375,-13.355,-11.805,-8.775,-9.305,-13.69,-13.57,-14.405,-13.05,-12.54,-13.305,-14.405,-14.41,-13.325,-10.475,-14.77,-15.44,-14.505,-15.425,-13.855
11,29,2013,5,-5.125,2.125,-5.02,-12.43,-9.26,-11.095,-12.645,-11.955,-13.53,-11.565,-13.02,-11.865,-14.375,-13.355,-11.805,-8.775,-9.305,-13.69,-13.57,-14.405,-13.05,-12.54,-13.305,-14.405,-14.41,-13.325,-10.475,-14.77,-15.44,-14.505,-15.425
11,30,2013,6,-7.11,-5.125,2.125,-5.02,-12.43,-9.26,-11.095,-12.645,-11.955,-13.53,-11.565,-13.02,-11.865,-14.375,-13.355,-11.805,-8.775,-9.305,-13.69,-13.57,-14.405,-13.05,-12.54,-13.305,-14.405,-14.41,-13.325,-10.475,-14.77,-15.44,-14.505
12,1,2013,7,-6.195,-7.11,-5.125,2.125,-5.02,-12.43,-9.26,-11.095,-12.645,-11.955,-13.53,-11.565,-13.02,-11.865,-14.375,-13.355,-11.805,-8.775,-9.305,-13.69,-13.57,-14.405,-13.05,-12.54,-13.305,-14.405,-14.41,-13.325,-10.475,-14.77,-15.44
12,2,2013,1,-5.155,-6.195,-7.11,-5.125,2.125,-5.02,-12.43,-9.26,-11.095,-12.645,-11.955,-13.53,-11.565,-13.02,-11.865,-14.375,-13.355,-11.805,-8.775,-9.305,-13.69,-13.57,-14.405,-13.05,-12.54,-13.305,-14.405,-14.41,-13.325,-10.475,-14.77
12,3,2013,2,-6.3,-5.155,-6.195,-7.11,-5.125,2.125,-5.02,-12.43,-9.26,-11.095,-12.645,-11.955,-13.53,-11.565,-13.02,-11.865,-14.375,-13.355,-11.805,-8.775,-9.305,-13.69,-13.57,-14.405,-13.05,-12.54,-13.305,-14.405,-14.41,-13.325,-10.475
12,4,2013,3,-9.78,-6.3,-5.155,-6.195,-7.11,-5.125,2.125,-5.02,-12.43,-9.26,-11.095,-12.645,-11.955,-13.53,-11.565,-13.02,-11.865,-14.375,-13.355,-11.805,-8.775,-9.305,-13.69,-13.57,-14.405,-13.05,-12.54,-13.305,-14.405,-14.41,-13.325
12,5,2013,4,-10.86,-9.78,-6.3,-5.155,-6.195,-7.11,-5.125,2.125,-5.02,-12.43,-9.26,-11.095,-12.645,-11.955,-13.53,-11.565,-13.02,-11.865,-14.375,-13.355,-11.805,-8.775,-9.305,-13.69,-13.57,-14.405,-13.05,-12.54,-13.305,-14.405,-14.41
12,6,2013,5,-12.58,-10.86,-9.78,-6.3,-5.155,-6.195,-7.11,-5.125,2.125,-5.02,-12.43,-9.26,-11.095,-12.645,-11.955,-13.53,-11.565,-13.02,-11.865,-14.375,-13.355,-11.805,-8.775,-9.305,-13.69,-13.57,-14.405,-13.05,-12.54,-13.305,-14.405
12,7,2013,6,-11.42,-12.58,-10.86,-9.78,-6.3,-5.155,-6.195,-7.11,-5.125,2.125,-5.02,-12.43,-9.26,-11.095,-12.645,-11.955,-13.53,-11.565,-13.02,-11.865,-14.375,-13.355,-11.805,-8.775,-9.305,-13.69,-13.57,-14.405,-13.05,-12.54,-13.305
12,8,2013,7,-12.16,-11.42,-12.58,-10.86,-9.78,-6.3,-5.155,-6.195,-7.11,-5.125,2.125,-5.02,-12.43,-9.26,-11.095,-12.645,-11.955,-13.53,-11.565,-13.02,-11.865,-14.375,-13.355,-11.805,-8.775,-9.305,-13.69,-13.57,-14.405,-13.05,-12.54
12,9,2013,1,-13.455,-12.16,-11.42,-12.58,-10.86,-9.78,-6.3,-5.155,-6.195,-7.11,-5.125,2.125,-5.02,-12.43,-9.26,-11.095,-12.645,-11.955,-13.53,-11.565,-13.02,-11.865,-14.375,-13.355,-11.805,-8.775,-9.305,-13.69,-13.57,-14.405,-13.05
12,10,2013,2,-12.73,-13.455,-12.16,-11.42,-12.58,-10.86,-9.78,-6.3,-5.155,-6.195,-7.11,-5.125,2.125,-5.02,-12.43,-9.26,-11.095,-12.645,-11.955,-13.53,-11.565,-13.02,-11.865,-14.375,-13.355,-11.805,-8.775,-9.305,-13.69,-13.57,-14.405
12,11,2013,3,-12.895,-12.73,-13.455,-12.16,-11.42,-12.58,-10.86,-9.78,-6.3,-5.155,-6.195,-7.11,-5.125,2.125,-5.02,-12.43,-9.26,-11.095,-12.645,-11.955,-13.53,-11.565,-13.02,-11.865,-14.375,-13.355,-11.805,-8.775,-9.305,-13.69,-13.57
12,12,2013,4,-9.63,-12.895,-12.73,-13.455,-12.16,-11.42,-12.58,-10.86,-9.78,-6.3,-5.155,-6.195,-7.11,-5.125,2.125,-5.02,-12.43,-9.26,-11.095,-12.645,-11.955,-13.53,-11.565,-13.02,-11.865,-14.375,-13.355,-11.805,-8.775,-9.305,-13.69
12,13,2013,5,-7.75,-9.63,-12.895,-12.73,-13.455,-12.16,-11.42,-12.58,-10.86,-9.78,-6.3,-5.155,-6.195,-7.11,-5.125,2.125,-5.02,-12.43,-9.26,-11.095,-12.645,-11.955,-13.53,-11.565,-13.02,-11.865,-14.375,-13.355,-11.805,-8.775,-9.305
12,14,2013,6,-12.455,-7.75,-9.63,-12.895,-12.73,-13.455,-12.16,-11.42,-12.58,-10.86,-9.78,-6.3,-5.155,-6.195,-7.11,-5.125,2.125,-5.02,-12.43,-9.26,-11.095,-12.645,-11.955,-13.53,-11.565,-13.02,-11.865,-14.375,-13.355,-11.805,-8.775
12,15,2013,7,-13.105,-12.455,-7.75,-9.63,-12.895,-12.73,-13.455,-12.16,-11.42,-12.58,-10.86,-9.78,-6.3,-5.155,-6.195,-7.11,-5.125,2.125,-5.02,-12.43,-9.26,-11.095,-12.645,-11.955,-13.53,-11.565,-13.02,-11.865,-14.375,-13.355,-11.805
12,16,2013,1,-4.865,-13.105,-12.455,-7.75,-9.63,-12.895,-12.73,-13.455,-12.16,-11.42,-12.58,-10.86,-9.78,-6.3,-5.155,-6.195,-7.11,-5.125,2.125,-5.02,-12.43,-9.26,-11.095,-12.645,-11.955,-13.53,-11.565,-13.02,-11.865,-14.375,-13.355
12,17,2013,2,-4.635,-4.865,-13.105,-12.455,-7.75,-9.63,-12.895,-12.73,-13.455,-12.16,-11.42,-12.58,-10.86,-9.78,-6.3,-5.155,-6.195,-7.11,-5.125,2.125,-5.02,-12.43,-9.26,-11.095,-12.645,-11.955,-13.53,-11.565,-13.02,-11.865,-14.375
12,18,2013,3,-5.065,-4.635,-4.865,-13.105,-12.455,-7.75,-9.63,-12.895,-12.73,-13.455,-12.16,-11.42,-12.58,-10.86,-9.78,-6.3,-5.155,-6.195,-7.11,-5.125,2.125,-5.02,-12.43,-9.26,-11.095,-12.645,-11.955,-13.53,-11.565,-13.02,-11.865
12,19,2013,4,-5.73,-5.065,-4.635,-4.865,-13.105,-12.455,-7.75,-9.63,-12.895,-12.73,-13.455,-12.16,-11.42,-12.58,-10.86,-9.78,-6.3,-5.155,-6.195,-7.11,-5.125,2.125,-5.02,-12.43,-9.26,-11.095,-12.645,-11.955,-13.53,-11.565,-13.02
12,20,2013,5,-10.31,-5.73,-5.065,-4.635,-4.865,-13.105,-12.455,-7.75,-9.63,-12.895,-12.73,-13.455,-12.16,-11.42,-12.58,-10.86,-9.78,-6.3,-5.155,-6.195,-7.11,-5.125,2.125,-5.02,-12.43,-9.26,-11.095,-12.645,-11.955,-13.53,-11.565
12,21,2013,6,-7.035,-10.31,-5.73,-5.065,-4.635,-4.865,-13.105,-12.455,-7.75,-9.63,-12.895,-12.73,-13.455,-12.16,-11.42,-12.58,-10.86,-9.78,-6.3,-5.155,-6.195,-7.11,-5.125,2.125,-5.02,-12.43,-9.26,-11.095,-12.645,-11.955,-13.53
12,22,2013,7,-13.785,-7.035,-10.31,-5.73,-5.065,-4.635,-4.865,-13.105,-12.455,-7.75,-9.63,-12.895,-12.73,-13.455,-12.16,-11.42,-12.58,-10.86,-9.78,-6.3,-5.155,-6.195,-7.11,-5.125,2.125,-5.02,-12.43,-9.26,-11.095,-12.645,-11.955
12,23,2013,1,-12.56,-13.785,-7.035,-10.31,-5.73,-5.065,-4.635,-4.865,-13.105,-12.455,-7.75,-9.63,-12.895,-12.73,-13.455,-12.16,-11.42,-12.58,-10.86,-9.78,-6.3,-5.155,-6.195,-7.11,-5.125,2.125,-5.02,-12.43,-9.26,-11.095,-12.645
12,24,2013,2,-10.18,-12.56,-13.785,-7.035,-10.31,-5.73,-5.065,-4.635,-4.865,-13.105,-12.455,-7.75,-9.63,-12.895,-12.73,-13.455,-12.16,-11.42,-12.58,-10.86,-9.78,-6.3,-5.155,-6.195,-7.11,-5.125,2.125,-5.02,-12.43,-9.26,-11.095
12,25,2013,3,-8.27,-10.18,-12.56,-13.785,-7.035,-10.31,-5.73,-5.065,-4.635,-4.865,-13.105,-12.455,-7.75,-9.63,-12.895,-12.73,-13.455,-12.16,-11.42,-12.58,-10.86,-9.78,-6.3,-5.155,-6.195,-7.11,-5.125,2.125,-5.02,-12.43,-9.26
12,26,2013,4,-8.02,-8.27,-10.18,-12.56,-13.785,-7.035,-10.31,-5.73,-5.065,-4.635,-4.865,-13.105,-12.455,-7.75,-9.63,-12.895,-12.73,-13.455,-12.16,-11.42,-12.58,-10.86,-9.78,-6.3,-5.155,-6.195,-7.11,-5.125,2.125,-5.02,-12.43
12,27,2013,5,-10.46,-8.02,-8.27,-10.18,-12.56,-13.785,-7.035,-10.31,-5.73,-5.065,-4.635,-4.865,-13.105,-12.455,-7.75,-9.63,-12.895,-12.73,-13.455,-12.16,-11.42,-12.58,-10.86,-9.78,-6.3,-5.155,-6.195,-7.11,-5.125,2.125,-5.02
12,28,2013,6,-11.13,-10.46,-8.02,-8.27,-10.18,-12.56,-13.785,-7.035,-10.31,-5.73,-5.065,-4.635,-4.865,-13.105,-12.455,-7.75,-9.63,-12.895,-12.73,-13.455,-12.16,-11.42,-12.58,-10.86,-9.78,-6.3,-5.155,-6.195,-7.11,-5.125,2.125
12,29,2013,7,-11.945,-11.13,-10.46,-8.02,-8.27,-10.18,-12.56,-13.785,-7.035,-10.31,-5.73,-5.065,-4.635,-4.865,-13.105,-12.455,-7.75,-9.63,-12.895,-12.73,-13.455,-12.16,-11.42,-12.58,-10.86,-9.78,-6.3,-5.155,-6.195,-7.11,-5.125
12,30,2013,1,-10.705,-11.945,-11.13,-10.46,-8.02,-8.27,-10.18,-12.56,-13.785,-7.035,-10.31,-5.73,-5.065,-4.635,-4.865,-13.105,-12.455,-7.75,-9.63,-12.895,-12.73,-13.455,-12.16,-11.42,-12.58,-10.86,-9.78,-6.3,-5.155,-6.195,-7.11
12,31,2013,2,-7.325,-10.705,-11.945,-11.13,-10.46,-8.02,-8.27,-10.18,-12.56,-13.785,-7.035,-10.31,-5.73,-5.065,-4.635,-4.865,-13.105,-12.455,-7.75,-9.63,-12.895,-12.73,-13.455,-12.16,-11.42,-12.58,-10.86,-9.78,-6.3,-5.155,-6.195
1,1,2014,3,-11.95,-7.325,-10.705,-11.945,-11.13,-10.46,-8.02,-8.27,-10.18,-12.56,-13.785,-7.035,-10.31,-5.73,-5.065,-4.635,-4.865,-13.105,-12.455,-7.75,-9.63,-12.895,-12.73,-13.455,-12.16,-11.42,-12.58,-10.86,-9.78,-6.3,-5.155
1,2,2014,4,-11.955,-11.95,-7.325,-10.705,-11.945,-11.13,-10.46,-8.02,-8.27,-10.18,-12.56,-13.785,-7.035,-10.31,-5.73,-5.065,-4.635,-4.865,-13.105,-12.455,-7.75,-9.63,-12.895,-12.73,-13.455,-12.16,-11.42,-12.58,-10.86,-9.78,-6.3
1,3,2014,5,-2.515,-11.955,-11.95,-7.325,-10.705,-11.945,-11.13,-10.46,-8.02,-8.27,-10.18,-12.56,-13.785,-7.035,-10.31,-5.73,-5.065,-4.635,-4.865,-13.105,-12.455,-7.75,-9.63,-12.895,-12.73,-13.455,-12.16,-11.42,-12.58,-10.86,-9.78
1,4,2014,6,-4.385,-2.515,-11.955,-11.95,-7.325,-10.705,-11.945,-11.13,-10.46,-8.02,-8.27,-10.18,-12.56,-13.785,-7.035,-10.31,-5.73,-5.065,-4.635,-4.865,-13.105,-12.455,-7.75,-9.63,-12.895,-12.73,-13.455,-12.16,-11.42,-12.58,-10.86
1,5,2014,7,-11.005,-4.385,-2.515,-11.955,-11.95,-7.325,-10.705,-11.945,-11.13,-10.46,-8.02,-8.27,-10.18,-12.56,-13.785,-7.035,-10.31,-5.73,-5.065,-4.635,-4.865,-13.105,-12.455,-7.75,-9.63,-12.895,-12.73,-13.455,-12.16,-11.42,-12.58
1,6,2014,1,-6.135,-11.005,-4.385,-2.515,-11.955,-11.95,-7.325,-10.705,-11.945,-11.13,-10.46,-8.02,-8.27,-10.18,-12.56,-13.785,-7.035,-10.31,-5.73,-5.065,-4.635,-4.865,-13.105,-12.455,-7.75,-9.63,-12.895,-12.73,-13.455,-12.16,-11.42
1,7,2014,2,10.28,-6.135,-11.005,-4.385,-2.515,-11.955,-11.95,-7.325,-10.705,-11.945,-11.13,-10.46,-8.02,-8.27,-10.18,-12.56,-13.785,-7.035,-10.31,-5.73,-5.065,-4.635,-4.865,-13.105,-12.455,-7.75,-9.63,-12.895,-12.73,-13.455,-12.16
1,8,2014,3,3.55,10.28,-6.135,-11.005,-4.385,-2.515,-11.955,-11.95,-7.325,-10.705,-11.945,-11.13,-10.46,-8.02,-8.27,-10.18,-12.56,-13.785,-7.035,-10.31,-5.73,-5.065,-4.635,-4.865,-13.105,-12.455,-7.75,-9.63,-12.895,-12.73,-13.455
1,9,2014,4,-9.55,3.55,10.28,-6.135,-11.005,-4.385,-2.515,-11.955,-11.95,-7.325,-10.705,-11.945,-11.13,-10.46,-8.02,-8.27,-10.18,-12.56,-13.785,-7.035,-10.31,-5.73,-5.065,-4.635,-4.865,-13.105,-12.455,-7.75,-9.63,-12.895,-12.73
1,10,2014,5,-11.26,-9.55,3.55,10.28,-6.135,-11.005,-4.385,-2.515,-11.955,-11.95,-7.325,-10.705,-11.945,-11.13,-10.46,-8.02,-8.27,-10.18,-12.56,-13.785,-7.035,-10.31,-5.73,-5.065,-4.635,-4.865,-13.105,-12.455,-7.75,-9.63,-12.895
1,11,2014,6,-11.81,-11.26,-9.55,3.55,10.28,-6.135,-11.005,-4.385,-2.515,-11.955,-11.95,-7.325,-10.705,-11.945,-11.13,-10.46,-8.02,-8.27,-10.18,-12.56,-13.785,-7.035,-10.31,-5.73,-5.065,-4.635,-4.865,-13.105,-12.455,-7.75,-9.63
1,12,2014,7,-8.66,-11.81,-11.26,-9.55,3.55,10.28,-6.135,-11.005,-4.385,-2.515,-11.955,-11.95,-7.325,-10.705,-11.945,-11.13,-10.46,-8.02,-8.27,-10.18,-12.56,-13.785,-7.035,-10.31,-5.73,-5.065,-4.635,-4.865,-13.105,-12.455,-7.75
1,13,2014,1,-9.25,-8.66,-11.81,-11.26,-9.55,3.55,10.28,-6.135,-11.005,-4.385,-2.515,-11.955,-11.95,-7.325,-10.705,-11.945,-11.13,-10.46,-8.02,-8.27,-10.18,-12.56,-13.785,-7.035,-10.31,-5.73,-5.065,-4.635,-4.865,-13.105,-12.455
1,14,2014,2,-11.005,-9.25,-8.66,-11.81,-11.26,-9.55,3.55,10.28,-6.135,-11.005,-4.385,-2.515,-11.955,-11.95,-7.325,-10.705,-11.945,-11.13,-10.46,-8.02,-8.27,-10.18,-12.56,-13.785,-7.035,-10.31,-5.73,-5.065,-4.635,-4.865,-13.105
1,15,2014,3,-0.78,-11.005,-9.25,-8.66,-11.81,-11.26,-9.55,3.55,10.28,-6.135,-11.005,-4.385,-2.515,-11.955,-11.95,-7.325,-10.705,-11.945,-11.13,-10.46,-8.02,-8.27,-10.18,-12.56,-13.785,-7.035,-10.31,-5.73,-5.065,-4.635,-4.865
1,16,2014,4,9.115,-0.78,-11.005,-9.25,-8.66,-11.81,-11.26,-9.55,3.55,10.28,-6.135,-11.005,-4.385,-2.515,-11.955,-11.95,-7.325,-10.705,-11.945,-11.13,-10.46,-8.02,-8.27,-10.18,-12.56,-13.785,-7.035,-10.31,-5.73,-5.065,-4.635
1,17,2014,5,9.445,9.115,-0.78,-11.005,-9.25,-8.66,-11.81,-11.26,-9.55,3.55,10.28,-6.135,-11.005,-4.385,-2.515,-11.955,-11.95,-7.325,-10.705,-11.945,-11.13,-10.46,-8.02,-8.27,-10.18,-12.56,-13.785,-7.035,-10.31,-5.73,-5.065
1,18,2014,6,3.945,9.445,9.115,-0.78,-11.005,-9.25,-8.66,-11.81,-11.26,-9.55,3.55,10.28,-6.135,-11.005,-4.385,-2.515,-11.955,-11.95,-7.325,-10.705,-11.945,-11.13,-10.46,-8.02,-8.27,-10.18,-12.56,-13.785,-7.035,-10.31,-5.73
1,19,2014,7,8.205,3.945,9.445,9.115,-0.78,-11.005,-9.25,-8.66,-11.81,-11.26,-9.55,3.55,10.28,-6.135,-11.005,-4.385,-2.515,-11.955,-11.95,-7.325,-10.705,-11.945,-11.13,-10.46,-8.02,-8.27,-10.18,-12.56,-13.785,-7.035,-10.31
1,20,2014,1,-0.55,8.205,3.945,9.445,9.115,-0.78,-11.005,-9.25,-8.66,-11.81,-11.26,-9.55,3.55,10.28,-6.135,-11.005,-4.385,-2.515,-11.955,-11.95,-7.325,-10.705,-11.945,-11.13,-10.46,-8.02,-8.27,-10.18,-12.56,-13.785,-7.035
1,21,2014,2,-1.11,-0.55,8.205,3.945,9.445,9.115,-0.78,-11.005,-9.25,-8.66,-11.81,-11.26,-9.55,3.55,10.28,-6.135,-11.005,-4.385,-2.515,-11.955,-11.95,-7.325,-10.705,-11.945,-11.13,-10.46,-8.02,-8.27,-10.18,-12.56,-13.785
1,22,2014,3,6.12,-1.11,-0.55,8.205,3.945,9.445,9.115,-0.78,-11.005,-9.25,-8.66,-11.81,-11.26,-9.55,3.55,10.28,-6.135,-11.005,-4.385,-2.515,-11.955,-11.95,-7.325,-10.705,-11.945,-11.13,-10.46,-8.02,-8.27,-10.18,-12.56
1,23,2014,4,6.16,6.12,-1.11,-0.55,8.205,3.945,9.445,9.115,-0.78,-11.005,-9.25,-8.66,-11.81,-11.26,-9.55,3.55,10.28,-6.135,-11.005,-4.385,-2.515,-11.955,-11.95,-7.325,-10.705,-11.945,-11.13,-10.46,-8.02,-8.27,-10.18
1,24,2014,5,0.59,6.16,6.12,-1.11,-0.55,8.205,3.945,9.445,9.115,-0.78,-11.005,-9.25,-8.66,-11.81,-11.26,-9.55,3.55,10.28,-6.135,-11.005,-4.385,-2.515,-11.955,-11.95,-7.325,-10.705,-11.945,-11.13,-10.46,-8.02,-8.27
1,25,2014,6,0.905,0.59,6.16,6.12,-1.11,-0.55,8.205,3.945,9.445,9.115,-0.78,-11.005,-9.25,-8.66,-11.81,-11.26,-9.55,3.55,10.28,-6.135,-11.005,-4.385,-2.515,-11.955,-11.95,-7.325,-10.705,-11.945,-11.13,-10.46,-8.02
1,26,2014,7,-2.15,0.905,0.59,6.16,6.12,-1.11,-0.55,8.205,3.945,9.445,9.115,-0.78,-11.005,-9.25,-8.66,-11.81,-11.26,-9.55,3.55,10.28,-6.135,-11.005,-4.385,-2.515,-11.955,-11.95,-7.325,-10.705,-11.945,-11.13,-10.46
1,27,2014,1,-7.005,-2.15,0.905,0.59,6.16,6.12,-1.11,-0.55,8.205,3.945,9.445,9.115,-0.78,-11.005,-9.25,-8.66,-11.81,-11.26,-9.55,3.55,10.28,-6.135,-11.005,-4.385,-2.515,-11.955,-11.95,-7.325,-10.705,-11.945,-11.13
1,28,2014,2,-6.815,-7.005,-2.15,0.905,0.59,6.16,6.12,-1.11,-0.55,8.205,3.945,9.445,9.115,-0.78,-11.005,-9.25,-8.66,-11.81,-11.26,-9.55,3.55,10.28,-6.135,-11.005,-4.385,-2.515,-11.955,-11.95,-7.325,-10.705,-11.945
1,29,2014,3,-5.61,-6.815,-7.005,-2.15,0.905,0.59,6.16,6.12,-1.11,-0.55,8.205,3.945,9.445,9.115,-0.78,-11.005,-9.25,-8.66,-11.81,-11.26,-9.55,3.55,10.28,-6.135,-11.005,-4.385,-2.515,-11.955,-11.95,-7.325,-10.705
1,30,2014,4,-1.02,-5.61,-6.815,-7.005,-2.15,0.905,0.59,6.16,6.12,-1.11,-0.55,8.205,3.945,9.445,9.115,-0.78,-11.005,-9.25,-8.66,-11.81,-11.26,-9.55,3.55,10.28,-6.135,-11.005,-4.385,-2.515,-11.955,-11.95,-7.325
1,31,2014,5,-9.29,-1.02,-5.61,-6.815,-7.005,-2.15,0.905,0.59,6.16,6.12,-1.11,-0.55,8.205,3.945,9.445,9.115,-0.78,-11.005,-9.25,-8.66,-11.81,-11.26,-9.55,3.55,10.28,-6.135,-11.005,-4.385,-2.515,-11.955,-11.95
2,1,2014,6,-10.92,-9.29,-1.02,-5.61,-6.815,-7.005,-2.15,0.905,0.59,6.16,6.12,-1.11,-0.55,8.205,3.945,9.445,9.115,-0.78,-11.005,-9.25,-8.66,-11.81,-11.26,-9.55,3.55,10.28,-6.135,-11.005,-4.385,-2.515,-11.955
2,2,2014,7,-10.58,-10.92,-9.29,-1.02,-5.61,-6.815,-7.005,-2.15,0.905,0.59,6.16,6.12,-1.11,-0.55,8.205,3.945,9.445,9.115,-0.78,-11.005,-9.25,-8.66,-11.81,-11.26,-9.55,3.55,10.28,-6.135,-11.005,-4.385,-2.515
2,3,2014,1,-12.715,-10.58,-10.92,-9.29,-1.02,-5.61,-6.815,-7.005,-2.15,0.905,0.59,6.16,6.12,-1.11,-0.55,8.205,3.945,9.445,9.115,-0.78,-11.005,-9.25,-8.66,-11.81,-11.26,-9.55,3.55,10.28,-6.135,-11.005,-4.385
2,4,2014,2,-11.38,-12.715,-10.58,-10.92,-9.29,-1.02,-5.61,-6.815,-7.005,-2.15,0.905,0.59,6.16,6.12,-1.11,-0.55,8.205,3.945,9.445,9.115,-0.78,-11.005,-9.25,-8.66,-11.81,-11.26,-9.55,3.55,10.28,-6.135,-11.005
2,5,2014,3,-13.515,-11.38,-12.715,-10.58,-10.92,-9.29,-1.02,-5.61,-6.815,-7.005,-2.15,0.905,0.59,6.16,6.12,-1.11,-0.55,8.205,3.945,9.445,9.115,-0.78,-11.005,-9.25,-8.66,-11.81,-11.26,-9.55,3.55,10.28,-6.135
2,6,2014,4,-11.56,-13.515,-11.38,-12.715,-10.58,-10.92,-9.29,-1.02,-5.61,-6.815,-7.005,-2.15,0.905,0.59,6.16,6.12,-1.11,-0.55,8.205,3.945,9.445,9.115,-0.78,-11.005,-9.25,-8.66,-11.81,-11.26,-9.55,3.55,10.28
2,7,2014,5,-9.805,-11.56,-13.515,-11.38,-12.715,-10.58,-10.92,-9.29,-1.02,-5.61,-6.815,-7.005,-2.15,0.905,0.59,6.16,6.12,-1.11,-0.55,8.205,3.945,9.445,9.115,-0.78,-11.005,-9.25,-8.66,-11.81,-11.26,-9.55,3.55
2,8,2014,6,-11.365,-9.805,-11.56,-13.515,-11.38,-12.715,-10.58,-10.92,-9.29,-1.02,-5.61,-6.815,-7.005,-2.15,0.905,0.59,6.16,6.12,-1.11,-0.55,8.205,3.945,9.445,9.115,-0.78,-11.005,-9.25,-8.66,-11.81,-11.26,-9.55
2,9,2014,7,-7.725,-11.365,-9.805,-11.56,-13.515,-11.38,-12.715,-10.58,-10.92,-9.29,-1.02,-5.61,-6.815,-7.005,-2.15,0.905,0.59,6.16,6.12,-1.11,-0.55,8.205,3.945,9.445,9.115,-0.78,-11.005,-9.25,-8.66,-11.81,-11.26
2,10,2014,1,-7.45,-7.725,-11.365,-9.805,-11.56,-13.515,-11.38,-12.715,-10.58,-10.92,-9.29,-1.02,-5.61,-6.815,-7.005,-2.15,0.905,0.59,6.16,6.12,-1.11,-0.55,8.205,3.945,9.445,9.115,-0.78,-11.005,-9.25,-8.66,-11.81
2,11,2014,2,-10.795,-7.45,-7.725,-11.365,-9.805,-11.56,-13.515,-11.38,-12.715,-10.58,-10.92,-9.29,-1.02,-5.61,-6.815,-7.005,-2.15,0.905,0.59,6.16,6.12,-1.11,-0.55,8.205,3.945,9.445,9.115,-0.78,-11.005,-9.25,-8.66
2,12,2014,3,-8.46,-10.795,-7.45,-7.725,-11.365,-9.805,-11.56,-13.515,-11.38,-12.715,-10.58,-10.92,-9.29,-1.02,-5.61,-6.815,-7.005,-2.15,0.905,0.59,6.16,6.12,-1.11,-0.55,8.205,3.945,9.445,9.115,-0.78,-11.005,-9.25
2,13,2014,4,-2.27,-8.46,-10.795,-7.45,-7.725,-11.365,-9.805,-11.56,-13.515,-11.38,-12.715,-10.58,-10.92,-9.29,-1.02,-5.61,-6.815,-7.005,-2.15,0.905,0.59,6.16,6.12,-1.11,-0.55,8.205,3.945,9.445,9.115,-0.78,-11.005
2,14,2014,5,5.105,-2.27,-8.46,-10.795,-7.45,-7.725,-11.365,-9.805,-11.56,-13.515,-11.38,-12.715,-10.58,-10.92,-9.29,-1.02,-5.61,-6.815,-7.005,-2.15,0.905,0.59,6.16,6.12,-1.11,-0.55,8.205,3.945,9.445,9.115,-0.78
2,15,2014,6,-1.655,5.105,-2.27,-8.46,-10.795,-7.45,-7.725,-11.365,-9.805,-11.56,-13.515,-11.38,-12.715,-10.58,-10.92,-9.29,-1.02,-5.61,-6.815,-7.005,-2.15,0.905,0.59,6.16,6.12,-1.11,-0.55,8.205,3.945,9.445,9.115
2,16,2014,7,1.475,-1.655,5.105,-2.27,-8.46,-10.795,-7.45,-7.725,-11.365,-9.805,-11.56,-13.515,-11.38,-12.715,-10.58,-10.92,-9.29,-1.02,-5.61,-6.815,-7.005,-2.15,0.905,0.59,6.16,6.12,-1.11,-0.55,8.205,3.945,9.445
2,17,2014,1,-3.945,1.475,-1.655,5.105,-2.27,-8.46,-10.795,-7.45,-7.725,-11.365,-9.805,-11.56,-13.515,-11.38,-12.715,-10.58,-10.92,-9.29,-1.02,-5.61,-6.815,-7.005,-2.15,0.905,0.59,6.16,6.12,-1.11,-0.55,8.205,3.945
2,18,2014,2,-6.235,-3.945,1.475,-1.655,5.105,-2.27,-8.46,-10.795,-7.45,-7.725,-11.365,-9.805,-11.56,-13.515,-11.38,-12.715,-10.58,-10.92,-9.29,-1.02,-5.61,-6.815,-7.005,-2.15,0.905,0.59,6.16,6.12,-1.11,-0.55,8.205
2,19,2014,3,-8.105,-6.235,-3.945,1.475,-1.655,5.105,-2.27,-8.46,-10.795,-7.45,-7.725,-11.365,-9.805,-11.56,-13.515,-11.38,-12.715,-10.58,-10.92,-9.29,-1.02,-5.61,-6.815,-7.005,-2.15,0.905,0.59,6.16,6.12,-1.11,-0.55
2,20,2014,4,-10.13,-8.105,-6.235,-3.945,1.475,-1.655,5.105,-2.27,-8.46,-10.795,-7.45,-7.725,-11.365,-9.805,-11.56,-13.515,-11.38,-12.715,-10.58,-10.92,-9.29,-1.02,-5.61,-6.815,-7.005,-2.15,0.905,0.59,6.16,6.12,-1.11
2,21,2014,5,-13.015,-10.13,-8.105,-6.235,-3.945,1.475,-1.655,5.105,-2.27,-8.46,-10.795,-7.45,-7.725,-11.365,-9.805,-11.56,-13.515,-11.38,-12.715,-10.58,-10.92,-9.29,-1.02,-5.61,-6.815,-7.005,-2.15,0.905,0.59,6.16,6.12
2,22,2014,6,-12.235,-13.015,-10.13,-8.105,-6.235,-3.945,1.475,-1.655,5.105,-2.27,-8.46,-10.795,-7.45,-7.725,-11.365,-9.805,-11.56,-13.515,-11.38,-12.715,-10.58,-10.92,-9.29,-1.02,-5.61,-6.815,-7.005,-2.15,0.905,0.59,6.16
2,23,2014,7,-11.57,-12.235,-13.015,-10.13,-8.105,-6.235,-3.945,1.475,-1.655,5.105,-2.27,-8.46,-10.795,-7.45,-7.725,-11.365,-9.805,-11.56,-13.515,-11.38,-12.715,-10.58,-10.92,-9.29,-1.02,-5.61,-6.815,-7.005,-2.15,0.905,0.59
2,24,2014,1,-11.54,-11.57,-12.235,-13.015,-10.13,-8.105,-6.235,-3.945,1.475,-1.655,5.105,-2.27,-8.46,-10.795,-7.45,-7.725,-11.365,-9.805,-11.56,-13.515,-11.38,-12.715,-10.58,-10.92,-9.29,-1.02,-5.61,-6.815,-7.005,-2.15,0.905
2,25,2014,2,-11.59,-11.54,-11.57,-12.235,-13.015,-10.13,-8.105,-6.235,-3.945,1.475,-1.655,5.105,-2.27,-8.46,-10.795,-7.45,-7.725,-11.365,-9.805,-11.56,-13.515,-11.38,-12.715,-10.58,-10.92,-9.29,-1.02,-5.61,-6.815,-7.005,-2.15
2,26,2014,3,-9.895,-11.59,-11.54,-11.57,-12.235,-13.015,-10.13,-8.105,-6.235,-3.945,1.475,-1.655,5.105,-2.27,-8.46,-10.795,-7.45,-7.725,-11.365,-9.805,-11.56,-13.515,-11.38,-12.715,-10.58,-10.92,-9.29,-1.02,-5.61,-6.815,-7.005
2,27,2014,4,-6.91,-9.895,-11.59,-11.54,-11.57,-12.235,-13.015,-10.13,-8.105,-6.235,-3.945,1.475,-1.655,5.105,-2.27,-8.46,-10.795,-7.45,-7.725,-11.365,-9.805,-11.56,-13.515,-11.38,-12.715,-10.58,-10.92,-9.29,-1.02,-5.61,-6.815
2,28,2014,5,-4.52,-6.91,-9.895,-11.59,-11.54,-11.57,-12.235,-13.015,-10.13,-8.105,-6.235,-3.945,1.475,-1.655,5.105,-2.27,-8.46,-10.795,-7.45,-7.725,-11.365,-9.805,-11.56,-13.515,-11.38,-12.715,-10.58,-10.92,-9.29,-1.02,-5.61
3,1,2014,6,-4.16,-4.52,-6.91,-9.895,-11.59,-11.54,-11.57,-12.235,-13.015,-10.13,-8.105,-6.235,-3.945,1.475,-1.655,5.105,-2.27,-8.46,-10.795,-7.45,-7.725,-11.365,-9.805,-11.56,-13.515,-11.38,-12.715,-10.58,-10.92,-9.29,-1.02
3,2,2014,7,-7.335,-4.16,-4.52,-6.91,-9.895,-11.59,-11.54,-11.57,-12.235,-13.015,-10.13,-8.105,-6.235,-3.945,1.475,-1.655,5.105,-2.27,-8.46,-10.795,-7.45,-7.725,-11.365,-9.805,-11.56,-13.515,-11.38,-12.715,-10.58,-10.92,-9.29
3,3,2014,1,-8.24,-7.335,-4.16,-4.52,-6.91,-9.895,-11.59,-11.54,-11.57,-12.235,-13.015,-10.13,-8.105,-6.235,-3.945,1.475,-1.655,5.105,-2.27,-8.46,-10.795,-7.45,-7.725,-11.365,-9.805,-11.56,-13.515,-11.38,-12.715,-10.58,-10.92
3,4,2014,2,-7.35,-8.24,-7.335,-4.16,-4.52,-6.91,-9.895,-11.59,-11.54,-11.57,-12.235,-13.015,-10.13,-8.105,-6.235,-3.945,1.475,-1.655,5.105,-2.27,-8.46,-10.795,-7.45,-7.725,-11.365,-9.805,-11.56,-13.515,-11.38,-12.715,-10.58
3,5,2014,3,-11.485,-7.35,-8.24,-7.335,-4.16,-4.52,-6.91,-9.895,-11.59,-11.54,-11.57,-12.235,-13.015,-10.13,-8.105,-6.235,-3.945,1.475,-1.655,5.105,-2.27,-8.46,-10.795,-7.45,-7.725,-11.365,-9.805,-11.56,-13.515,-11.38,-12.715
3,6,2014,4,-9.455,-11.485,-7.35,-8.24,-7.335,-4.16,-4.52,-6.91,-9.895,-11.59,-11.54,-11.57,-12.235,-13.015,-10.13,-8.105,-6.235,-3.945,1.475,-1.655,5.105,-2.27,-8.46,-10.795,-7.45,-7.725,-11.365,-9.805,-11.56,-13.515,-11.38
3,7,2014,5,-5.13,-9.455,-11.485,-7.35,-8.24,-7.335,-4.16,-4.52,-6.91,-9.895,-11.59,-11.54,-11.57,-12.235,-13.015,-10.13,-8.105,-6.235,-3.945,1.475,-1.655,5.105,-2.27,-8.46,-10.795,-7.45,-7.725,-11.365,-9.805,-11.56,-13.515
3,8,2014,6,1.01,-5.13,-9.455,-11.485,-7.35,-8.24,-7.335,-4.16,-4.52,-6.91,-9.895,-11.59,-11.54,-11.57,-12.235,-13.015,-10.13,-8.105,-6.235,-3.945,1.475,-1.655,5.105,-2.27,-8.46,-10.795,-7.45,-7.725,-11.365,-9.805,-11.56
3,9,2014,7,-4.52,1.01,-5.13,-9.455,-11.485,-7.35,-8.24,-7.335,-4.16,-4.52,-6.91,-9.895,-11.59,-11.54,-11.57,-12.235,-13.015,-10.13,-8.105,-6.235,-3.945,1.475,-1.655,5.105,-2.27,-8.46,-10.795,-7.45,-7.725,-11.365,-9.805
3,10,2014,1,-7.55,-4.52,1.01,-5.13,-9.455,-11.485,-7.35,-8.24,-7.335,-4.16,-4.52,-6.91,-9.895,-11.59,-11.54,-11.57,-12.235,-13.015,-10.13,-8.105,-6.235,-3.945,1.475,-1.655,5.105,-2.27,-8.46,-10.795,-7.45,-7.725,-11.365
3,11,2014,2,-6.8,-7.55,-4.52,1.01,-5.13,-9.455,-11.485,-7.35,-8.24,-7.335,-4.16,-4.52,-6.91,-9.895,-11.59,-11.54,-11.57,-12.235,-13.015,-10.13,-8.105,-6.235,-3.945,1.475,-1.655,5.105,-2.27,-8.46,-10.795,-7.45,-7.725
3,12,2014,3,-12.775,-6.8,-7.55,-4.52,1.01,-5.13,-9.455,-11.485,-7.35,-8.24,-7.335,-4.16,-4.52,-6.91,-9.895,-11.59,-11.54,-11.57,-12.235,-13.015,-10.13,-8.105,-6.235,-3.945,1.475,-1.655,5.105,-2.27,-8.46,-10.795,-7.45
3,13,2014,4,-4.745,-12.775,-6.8,-7.55,-4.52,1.01,-5.13,-9.455,-11.485,-7.35,-8.24,-7.335,-4.16,-4.52,-6.91,-9.895,-11.59,-11.54,-11.57,-12.235,-13.015,-10.13,-8.105,-6.235,-3.945,1.475,-1.655,5.105,-2.27,-8.46,-10.795
3,14,2014,5,-2.46,-4.745,-12.775,-6.8,-7.55,-4.52,1.01,-5.13,-9.455,-11.485,-7.35,-8.24,-7.335,-4.16,-4.52,-6.91,-9.895,-11.59,-11.54,-11.57,-12.235,-13.015,-10.13,-8.105,-6.235,-3.945,1.475,-1.655,5.105,-2.27,-8.46
3,15,2014,6,-7.04,-2.46,-4.745,-12.775,-6.8,-7.55,-4.52,1.01,-5.13,-9.455,-11.485,-7.35,-8.24,-7.335,-4.16,-4.52,-6.91,-9.895,-11.59,-11.54,-11.57,-12.235,-13.015,-10.13,-8.105,-6.235,-3.945,1.475,-1.655,5.105,-2.27
3,16,2014,7,-10.115,-7.04,-2.46,-4.745,-12.775,-6.8,-7.55,-4.52,1.01,-5.13,-9.455,-11.485,-7.35,-8.24,-7.335,-4.16,-4.52,-6.91,-9.895,-11.59,-11.54,-11.57,-12.235,-13.015,-10.13,-8.105,-6.235,-3.945,1.475,-1.655,5.105
3,17,2014,1,-13.69,-10.115,-7.04,-2.46,-4.745,-12.775,-6.8,-7.55,-4.52,1.01,-5.13,-9.455,-11.485,-7.35,-8.24,-7.335,-4.16,-4.52,-6.91,-9.895,-11.59,-11.54,-11.57,-12.235,-13.015,-10.13,-8.105,-6.235,-3.945,1.475,-1.655
3,18,2014,2,-9.265,-13.69,-10.115,-7.04,-2.46,-4.745,-12.775,-6.8,-7.55,-4.52,1.01,-5.13,-9.455,-11.485,-7.35,-8.24,-7.335,-4.16,-4.52,-6.91,-9.895,-11.59,-11.54,-11.57,-12.235,-13.015,-10.13,-8.105,-6.235,-3.945,1.475
3,19,2014,3,-8.635,-9.265,-13.69,-10.115,-7.04,-2.46,-4.745,-12.775,-6.8,-7.55,-4.52,1.01,-5.13,-9.455,-11.485,-7.35,-8.24,-7.335,-4.16,-4.52,-6.91,-9.895,-11.59,-11.54,-11.57,-12.235,-13.015,-10.13,-8.105,-6.235,-3.945
3,20,2014,4,-10.185,-8.635,-9.265,-13.69,-10.115,-7.04,-2.46,-4.745,-12.775,-6.8,-7.55,-4.52,1.01,-5.13,-9.455,-11.485,-7.35,-8.24,-7.335,-4.16,-4.52,-6.91,-9.895,-11.59,-11.54,-11.57,-12.235,-13.015,-10.13,-8.105,-6.235
3,21,2014,5,-6.1,-10.185,-8.635,-9.265,-13.69,-10.115,-7.04,-2.46,-4.745,-12.775,-6.8,-7.55,-4.52,1.01,-5.13,-9.455,-11.485,-7.35,-8.24,-7.335,-4.16,-4.52,-6.91,-9.895,-11.59,-11.54,-11.57,-12.235,-13.015,-10.13,-8.105
3,22,2014,6,-12.2,-6.1,-10.185,-8.635,-9.265,-13.69,-10.115,-7.04,-2.46,-4.745,-12.775,-6.8,-7.55,-4.52,1.01,-5.13,-9.455,-11.485,-7.35,-8.24,-7.335,-4.16,-4.52,-6.91,-9.895,-11.59,-11.54,-11.57,-12.235,-13.015,-10.13
3,23,2014,7,-13.625,-12.2,-6.1,-10.185,-8.635,-9.265,-13.69,-10.115,-7.04,-2.46,-4.745,-12.775,-6.8,-7.55,-4.52,1.01,-5.13,-9.455,-11.485,-7.35,-8.24,-7.335,-4.16,-4.52,-6.91,-9.895,-11.59,-11.54,-11.57,-12.235,-13.015
3,24,2014,1,-8.935,-13.625,-12.2,-6.1,-10.185,-8.635,-9.265,-13.69,-10.115,-7.04,-2.46,-4.745,-12.775,-6.8,-7.55,-4.52,1.01,-5.13,-9.455,-11.485,-7.35,-8.24,-7.335,-4.16,-4.52,-6.91,-9.895,-11.59,-11.54,-11.57,-12.235
3,25,2014,2,-9.135,-8.935,-13.625,-12.2,-6.1,-10.185,-8.635,-9.265,-13.69,-10.115,-7.04,-2.46,-4.745,-12.775,-6.8,-7.55,-4.52,1.01,-5.13,-9.455,-11.485,-7.35,-8.24,-7.335,-4.16,-4.52,-6.91,-9.895,-11.59,-11.54,-11.57
3,26,2014,3,1.725,-9.135,-8.935,-13.625,-12.2,-6.1,-10.185,-8.635,-9.265,-13.69,-10.115,-7.04,-2.46,-4.745,-12.775,-6.8,-7.55,-4.52,1.01,-5.13,-9.455,-11.485,-7.35,-8.24,-7.335,-4.16,-4.52,-6.91,-9.895,-11.59,-11.54
3,27,2014,4,-4.375,1.725,-9.135,-8.935,-13.625,-12.2,-6.1,-10.185,-8.635,-9.265,-13.69,-10.115,-7.04,-2.46,-4.745,-12.775,-6.8,-7.55,-4.52,1.01,-5.13,-9.455,-11.485,-7.35,-8.24,-7.335,-4.16,-4.52,-6.91,-9.895,-11.59
3,28,2014,5,-9.99,-4.375,1.725,-9.135,-8.935,-13.625,-12.2,-6.1,-10.185,-8.635,-9.265,-13.69,-10.115,-7.04,-2.46,-4.745,-12.775,-6.8,-7.55,-4.52,1.01,-5.13,-9.455,-11.485,-7.35,-8.24,-7.335,-4.16,-4.52,-6.91,-9.895
3,29,2014,6,-10.765,-9.99,-4.375,1.725,-9.135,-8.935,-13.625,-12.2,-6.1,-10.185,-8.635,-9.265,-13.69,-10.115,-7.04,-2.46,-4.745,-12.775,-6.8,-7.55,-4.52,1.01,-5.13,-9.455,-11.485,-7.35,-8.24,-7.335,-4.16,-4.52,-6.91
3,30,2014,7,-8.06,-10.765,-9.99,-4.375,1.725,-9.135,-8.935,-13.625,-12.2,-6.1,-10.185,-8.635,-9.265,-13.69,-10.115,-7.04,-2.46,-4.745,-12.775,-6.8,-7.55,-4.52,1.01,-5.13,-9.455,-11.485,-7.35,-8.24,-7.335,-4.16,-4.52
3,31,2014,1,-4.075,-8.06,-10.765,-9.99,-4.375,1.725,-9.135,-8.935,-13.625,-12.2,-6.1,-10.185,-8.635,-9.265,-13.69,-10.115,-7.04,-2.46,-4.745,-12.775,-6.8,-7.55,-4.52,1.01,-5.13,-9.455,-11.485,-7.35,-8.24,-7.335,-4.16
4,1,2014,2,-6.75,-4.075,-8.06,-10.765,-9.99,-4.375,1.725,-9.135,-8.935,-13.625,-12.2,-6.1,-10.185,-8.635,-9.265,-13.69,-10.115,-7.04,-2.46,-4.745,-12.775,-6.8,-7.55,-4.52,1.01,-5.13,-9.455,-11.485,-7.35,-8.24,-7.335
4,2,2014,3,-7.105,-6.75,-4.075,-8.06,-10.765,-9.99,-4.375,1.725,-9.135,-8.935,-13.625,-12.2,-6.1,-10.185,-8.635,-9.265,-13.69,-10.115,-7.04,-2.46,-4.745,-12.775,-6.8,-7.55,-4.52,1.01,-5.13,-9.455,-11.485,-7.35,-8.24
4,3,2014,4,-9.29,-7.105,-6.75,-4.075,-8.06,-10.765,-9.99,-4.375,1.725,-9.135,-8.935,-13.625,-12.2,-6.1,-10.185,-8.635,-9.265,-13.69,-10.115,-7.04,-2.46,-4.745,-12.775,-6.8,-7.55,-4.52,1.01,-5.13,-9.455,-11.485,-7.35
4,4,2014,5,-11.36,-9.29,-7.105,-6.75,-4.075,-8.06,-10.765,-9.99,-4.375,1.725,-9.135,-8.935,-13.625,-12.2,-6.1,-10.185,-8.635,-9.265,-13.69,-10.115,-7.04,-2.46,-4.745,-12.775,-6.8,-7.55,-4.52,1.01,-5.13,-9.455,-11.485
4,5,2014,6,-11.45,-11.36,-9.29,-7.105,-6.75,-4.075,-8.06,-10.765,-9.99,-4.375,1.725,-9.135,-8.935,-13.625,-12.2,-6.1,-10.185,-8.635,-9.265,-13.69,-10.115,-7.04,-2.46,-4.745,-12.775,-6.8,-7.55,-4.52,1.01,-5.13,-9.455
4,6,2014,7,-11.185,-11.45,-11.36,-9.29,-7.105,-6.75,-4.075,-8.06,-10.765,-9.99,-4.375,1.725,-9.135,-8.935,-13.625,-12.2,-6.1,-10.185,-8.635,-9.265,-13.69,-10.115,-7.04,-2.46,-4.745,-12.775,-6.8,-7.55,-4.52,1.01,-5.13
4,7,2014,1,-13.855,-11.185,-11.45,-11.36,-9.29,-7.105,-6.75,-4.075,-8.06,-10.765,-9.99,-4.375,1.725,-9.135,-8.935,-13.625,-12.2,-6.1,-10.185,-8.635,-9.265,-13.69,-10.115,-7.04,-2.46,-4.745,-12.775,-6.8,-7.55,-4.52,1.01
4,8,2014,2,-12.16,-13.855,-11.185,-11.45,-11.36,-9.29,-7.105,-6.75,-4.075,-8.06,-10.765,-9.99,-4.375,1.725,-9.135,-8.935,-13.625,-12.2,-6.1,-10.185,-8.635,-9.265,-13.69,-10.115,-7.04,-2.46,-4.745,-12.775,-6.8,-7.55,-4.52
4,9,2014,3,-7.075,-12.16,-13.855,-11.185,-11.45,-11.36,-9.29,-7.105,-6.75,-4.075,-8.06,-10.765,-9.99,-4.375,1.725,-9.135,-8.935,-13.625,-12.2,-6.1,-10.185,-8.635,-9.265,-13.69,-10.115,-7.04,-2.46,-4.745,-12.775,-6.8,-7.55
4,10,2014,4,-6.955,-7.075,-12.16,-13.855,-11.185,-11.45,-11.36,-9.29,-7.105,-6.75,-4.075,-8.06,-10.765,-9.99,-4.375,1.725,-9.135,-8.935,-13.625,-12.2,-6.1,-10.185,-8.635,-9.265,-13.69,-10.115,-7.04,-2.46,-4.745,-12.775,-6.8
4,11,2014,5,-9.25,-6.955,-7.075,-12.16,-13.855,-11.185,-11.45,-11.36,-9.29,-7.105,-6.75,-4.075,-8.06,-10.765,-9.99,-4.375,1.725,-9.135,-8.935,-13.625,-12.2,-6.1,-10.185,-8.635,-9.265,-13.69,-10.115,-7.04,-2.46,-4.745,-12.775
4,12,2014,6,-10.99,-9.25,-6.955,-7.075,-12.16,-13.855,-11.185,-11.45,-11.36,-9.29,-7.105,-6.75,-4.075,-8.06,-10.765,-9.99,-4.375,1.725,-9.135,-8.935,-13.625,-12.2,-6.1,-10.185,-8.635,-9.265,-13.69,-10.115,-7.04,-2.46,-4.745
4,13,2014,7,-11.75,-10.99,-9.25,-6.955,-7.075,-12.16,-13.855,-11.185,-11.45,-11.36,-9.29,-7.105,-6.75,-4.075,-8.06,-10.765,-9.99,-4.375,1.725,-9.135,-8.935,-13.625,-12.2,-6.1,-10.185,-8.635,-9.265,-13.69,-10.115,-7.04,-2.46
4,14,2014,1,-13.65,-11.75,-10.99,-9.25,-6.955,-7.075,-12.16,-13.855,-11.185,-11.45,-11.36,-9.29,-7.105,-6.75,-4.075,-8.06,-10.765,-9.99,-4.375,1.725,-9.135,-8.935,-13.625,-12.2,-6.1,-10.185,-8.635,-9.265,-13.69,-10.115,-7.04
4,15,2014,2,-15.075,-13.65,-11.75,-10.99,-9.25,-6.955,-7.075,-12.16,-13.855,-11.185,-11.45,-11.36,-9.29,-7.105,-6.75,-4.075,-8.06,-10.765,-9.99,-4.375,1.725,-9.135,-8.935,-13.625,-12.2,-6.1,-10.185,-8.635,-9.265,-13.69,-10.115
4,16,2014,3,-11.24,-15.075,-13.65,-11.75,-10.99,-9.25,-6.955,-7.075,-12.16,-13.855,-11.185,-11.45,-11.36,-9.29,-7.105,-6.75,-4.075,-8.06,-10.765,-9.99,-4.375,1.725,-9.135,-8.935,-13.625,-12.2,-6.1,-10.185,-8.635,-9.265,-13.69
4,17,2014,4,-12.54,-11.24,-15.075,-13.65,-11.75,-10.99,-9.25,-6.955,-7.075,-12.16,-13.855,-11.185,-11.45,-11.36,-9.29,-7.105,-6.75,-4.075,-8.06,-10.765,-9.99,-4.375,1.725,-9.135,-8.935,-13.625,-12.2,-6.1,-10.185,-8.635,-9.265
4,18,2014,5,-13.26,-12.54,-11.24,-15.075,-13.65,-11.75,-10.99,-9.25,-6.955,-7.075,-12.16,-13.855,-11.185,-11.45,-11.36,-9.29,-7.105,-6.75,-4.075,-8.06,-10.765,-9.99,-4.375,1.725,-9.135,-8.935,-13.625,-12.2,-6.1,-10.185,-8.635
4,19,2014,6,-12.575,-13.26,-12.54,-11.24,-15.075,-13.65,-11.75,-10.99,-9.25,-6.955,-7.075,-12.16,-13.855,-11.185,-11.45,-11.36,-9.29,-7.105,-6.75,-4.075,-8.06,-10.765,-9.99,-4.375,1.725,-9.135,-8.935,-13.625,-12.2,-6.1,-10.185
4,20,2014,7,-6.57,-12.575,-13.26,-12.54,-11.24,-15.075,-13.65,-11.75,-10.99,-9.25,-6.955,-7.075,-12.16,-13.855,-11.185,-11.45,-11.36,-9.29,-7.105,-6.75,-4.075,-8.06,-10.765,-9.99,-4.375,1.725,-9.135,-8.935,-13.625,-12.2,-6.1
4,21,2014,1,-7.25,-6.57,-12.575,-13.26,-12.54,-11.24,-15.075,-13.65,-11.75,-10.99,-9.25,-6.955,-7.075,-12.16,-13.855,-11.185,-11.45,-11.36,-9.29,-7.105,-6.75,-4.075,-8.06,-10.765,-9.99,-4.375,1.725,-9.135,-8.935,-13.625,-12.2
4,22,2014,2,-8.525,-7.25,-6.57,-12.575,-13.26,-12.54,-11.24,-15.075,-13.65,-11.75,-10.99,-9.25,-6.955,-7.075,-12.16,-13.855,-11.185,-11.45,-11.36,-9.29,-7.105,-6.75,-4.075,-8.06,-10.765,-9.99,-4.375,1.725,-9.135,-8.935,-13.625
4,23,2014,3,-9.065,-8.525,-7.25,-6.57,-12.575,-13.26,-12.54,-11.24,-15.075,-13.65,-11.75,-10.99,-9.25,-6.955,-7.075,-12.16,-13.855,-11.185,-11.45,-11.36,-9.29,-7.105,-6.75,-4.075,-8.06,-10.765,-9.99,-4.375,1.725,-9.135,-8.935
4,24,2014,4,-10.295,-9.065,-8.525,-7.25,-6.57,-12.575,-13.26,-12.54,-11.24,-15.075,-13.65,-11.75,-10.99,-9.25,-6.955,-7.075,-12.16,-13.855,-11.185,-11.45,-11.36,-9.29,-7.105,-6.75,-4.075,-8.06,-10.765,-9.99,-4.375,1.725,-9.135
4,25,2014,5,-12.965,-10.295,-9.065,-8.525,-7.25,-6.57,-12.575,-13.26,-12.54,-11.24,-15.075,-13.65,-11.75,-10.99,-9.25,-6.955,-7.075,-12.16,-13.855,-11.185,-11.45,-11.36,-9.29,-7.105,-6.75,-4.075,-8.06,-10.765,-9.99,-4.375,1.725
4,26,2014,6,-12.785,-12.965,-10.295,-9.065,-8.525,-7.25,-6.57,-12.575,-13.26,-12.54,-11.24,-15.075,-13.65,-11.75,-10.99,-9.25,-6.955,-7.075,-12.16,-13.855,-11.185,-11.45,-11.36,-9.29,-7.105,-6.75,-4.075,-8.06,-10.765,-9.99,-4.375
4,27,2014,7,-14.935,-12.785,-12.965,-10.295,-9.065,-8.525,-7.25,-6.57,-12.575,-13.26,-12.54,-11.24,-15.075,-13.65,-11.75,-10.99,-9.25,-6.955,-7.075,-12.16,-13.855,-11.185,-11.45,-11.36,-9.29,-7.105,-6.75,-4.075,-8.06,-10.765,-9.99
4,28,2014,1,-16.505,-14.935,-12.785,-12.965,-10.295,-9.065,-8.525,-7.25,-6.57,-12.575,-13.26,-12.54,-11.24,-15.075,-13.65,-11.75,-10.99,-9.25,-6.955,-7.075,-12.16,-13.855,-11.185,-11.45,-11.36,-9.29,-7.105,-6.75,-4.075,-8.06,-10.765
4,29,2014,2,-16.74,-16.505,-14.935,-12.785,-12.965,-10.295,-9.065,-8.525,-7.25,-6.57,-12.575,-13.26,-12.54,-11.24,-15.075,-13.65,-11.75,-10.99,-9.25,-6.955,-7.075,-12.16,-13.855,-11.185,-11.45,-11.36,-9.29,-7.105,-6.75,-4.075,-8.06
4,30,2014,3,-17.35,-16.74,-16.505,-14.935,-12.785,-12.965,-10.295,-9.065,-8.525,-7.25,-6.57,-12.575,-13.26,-12.54,-11.24,-15.075,-13.65,-11.75,-10.99,-9.25,-6.955,-7.075,-12.16,-13.855,-11.185,-11.45,-11.36,-9.29,-7.105,-6.75,-4.075
5,1,2014,4,-17.03,-17.35,-16.74,-16.505,-14.935,-12.785,-12.965,-10.295,-9.065,-8.525,-7.25,-6.57,-12.575,-13.26,-12.54,-11.24,-15.075,-13.65,-11.75,-10.99,-9.25,-6.955,-7.075,-12.16,-13.855,-11.185,-11.45,-11.36,-9.29,-7.105,-6.75
5,2,2014,5,-16.875,-17.03,-17.35,-16.74,-16.505,-14.935,-12.785,-12.965,-10.295,-9.065,-8.525,-7.25,-6.57,-12.575,-13.26,-12.54,-11.24,-15.075,-13.65,-11.75,-10.99,-9.25,-6.955,-7.075,-12.16,-13.855,-11.185,-11.45,-11.36,-9.29,-7.105
5,3,2014,6,-15.655,-16.875,-17.03,-17.35,-16.74,-16.505,-14.935,-12.785,-12.965,-10.295,-9.065,-8.525,-7.25,-6.57,-12.575,-13.26,-12.54,-11.24,-15.075,-13.65,-11.75,-10.99,-9.25,-6.955,-7.075,-12.16,-13.855,-11.185,-11.45,-11.36,-9.29
5,4,2014,7,-11.05,-15.655,-16.875,-17.03,-17.35,-16.74,-16.505,-14.935,-12.785,-12.965,-10.295,-9.065,-8.525,-7.25,-6.57,-12.575,-13.26,-12.54,-11.24,-15.075,-13.65,-11.75,-10.99,-9.25,-6.955,-7.075,-12.16,-13.855,-11.185,-11.45,-11.36
5,5,2014,1,-11.35,-11.05,-15.655,-16.875,-17.03,-17.35,-16.74,-16.505,-14.935,-12.785,-12.965,-10.295,-9.065,-8.525,-7.25,-6.57,-12.575,-13.26,-12.54,-11.24,-15.075,-13.65,-11.75,-10.99,-9.25,-6.955,-7.075,-12.16,-13.855,-11.185,-11.45
5,6,2014,2,-12.7,-11.35,-11.05,-15.655,-16.875,-17.03,-17.35,-16.74,-16.505,-14.935,-12.785,-12.965,-10.295,-9.065,-8.525,-7.25,-6.57,-12.575,-13.26,-12.54,-11.24,-15.075,-13.65,-11.75,-10.99,-9.25,-6.955,-7.075,-12.16,-13.855,-11.185
5,7,2014,3,-15.12,-12.7,-11.35,-11.05,-15.655,-16.875,-17.03,-17.35,-16.74,-16.505,-14.935,-12.785,-12.965,-10.295,-9.065,-8.525,-7.25,-6.57,-12.575,-13.26,-12.54,-11.24,-15.075,-13.65,-11.75,-10.99,-9.25,-6.955,-7.075,-12.16,-13.855
5,8,2014,4,-15.765,-15.12,-12.7,-11.35,-11.05,-15.655,-16.875,-17.03,-17.35,-16.74,-16.505,-14.935,-12.785,-12.965,-10.295,-9.065,-8.525,-7.25,-6.57,-12.575,-13.26,-12.54,-11.24,-15.075,-13.65,-11.75,-10.99,-9.25,-6.955,-7.075,-12.16
5,9,2014,5,-15.915,-15.765,-15.12,-12.7,-11.35,-11.05,-15.655,-16.875,-17.03,-17.35,-16.74,-16.505,-14.935,-12.785,-12.965,-10.295,-9.065,-8.525,-7.25,-6.57,-12.575,-13.26,-12.54,-11.24,-15.075,-13.65,-11.75,-10.99,-9.25,-6.955,-7.075
5,10,2014,6,-15.77,-15.915,-15.765,-15.12,-12.7,-11.35,-11.05,-15.655,-16.875,-17.03,-17.35,-16.74,-16.505,-14.935,-12.785,-12.965,-10.295,-9.065,-8.525,-7.25,-6.57,-12.575,-13.26,-12.54,-11.24,-15.075,-13.65,-11.75,-10.99,-9.25,-6.955
5,11,2014,7,-17.01,-15.77,-15.915,-15.765,-15.12,-12.7,-11.35,-11.05,-15.655,-16.875,-17.03,-17.35,-16.74,-16.505,-14.935,-12.785,-12.965,-10.295,-9.065,-8.525,-7.25,-6.57,-12.575,-13.26,-12.54,-11.24,-15.075,-13.65,-11.75,-10.99,-9.25
5,12,2014,1,-15.95,-17.01,-15.77,-15.915,-15.765,-15.12,-12.7,-11.35,-11.05,-15.655,-16.875,-17.03,-17.35,-16.74,-16.505,-14.935,-12.785,-12.965,-10.295,-9.065,-8.525,-7.25,-6.57,-12.575,-13.26,-12.54,-11.24,-15.075,-13.65,-11.75,-10.99
5,13,2014,2,-15.28,-15.95,-17.01,-15.77,-15.915,-15.765,-15.12,-12.7,-11.35,-11.05,-15.655,-16.875,-17.03,-17.35,-16.74,-16.505,-14.935,-12.785,-12.965,-10.295,-9.065,-8.525,-7.25,-6.57,-12.575,-13.26,-12.54,-11.24,-15.075,-13.65,-11.75
5,14,2014,3,-16.225,-15.28,-15.95,-17.01,-15.77,-15.915,-15.765,-15.12,-12.7,-11.35,-11.05,-15.655,-16.875,-17.03,-17.35,-16.74,-16.505,-14.935,-12.785,-12.965,-10.295,-9.065,-8.525,-7.25,-6.57,-12.575,-13.26,-12.54,-11.24,-15.075,-13.65
5,15,2014,4,-13.105,-16.225,-15.28,-15.95,-17.01,-15.77,-15.915,-15.765,-15.12,-12.7,-11.35,-11.05,-15.655,-16.875,-17.03,-17.35,-16.74,-16.505,-14.935,-12.785,-12.965,-10.295,-9.065,-8.525,-7.25,-6.57,-12.575,-13.26,-12.54,-11.24,-15.075
5,16,2014,5,-9.74,-13.105,-16.225,-15.28,-15.95,-17.01,-15.77,-15.915,-15.765,-15.12,-12.7,-11.35,-11.05,-15.655,-16.875,-17.03,-17.35,-16.74,-16.505,-14.935,-12.785,-12.965,-10.295,-9.065,-8.525,-7.25,-6.57,-12.575,-13.26,-12.54,-11.24
5,17,2014,6,-10.32,-9.74,-13.105,-16.225,-15.28,-15.95,-17.01,-15.77,-15.915,-15.765,-15.12,-12.7,-11.35,-11.05,-15.655,-16.875,-17.03,-17.35,-16.74,-16.505,-14.935,-12.785,-12.965,-10.295,-9.065,-8.525,-7.25,-6.57,-12.575,-13.26,-12.54
5,18,2014,7,-12.4,-10.32,-9.74,-13.105,-16.225,-15.28,-15.95,-17.01,-15.77,-15.915,-15.765,-15.12,-12.7,-11.35,-11.05,-15.655,-16.875,-17.03,-17.35,-16.74,-16.505,-14.935,-12.785,-12.965,-10.295,-9.065,-8.525,-7.25,-6.57,-12.575,-13.26
5,19,2014,1,-13.335,-12.4,-10.32,-9.74,-13.105,-16.225,-15.28,-15.95,-17.01,-15.77,-15.915,-15.765,-15.12,-12.7,-11.35,-11.05,-15.655,-16.875,-17.03,-17.35,-16.74,-16.505,-14.935,-12.785,-12.965,-10.295,-9.065,-8.525,-7.25,-6.57,-12.575
5,20,2014,2,-13.42,-13.335,-12.4,-10.32,-9.74,-13.105,-16.225,-15.28,-15.95,-17.01,-15.77,-15.915,-15.765,-15.12,-12.7,-11.35,-11.05,-15.655,-16.875,-17.03,-17.35,-16.74,-16.505,-14.935,-12.785,-12.965,-10.295,-9.065,-8.525,-7.25,-6.57
5,21,2014,3,-12.67,-13.42,-13.335,-12.4,-10.32,-9.74,-13.105,-16.225,-15.28,-15.95,-17.01,-15.77,-15.915,-15.765,-15.12,-12.7,-11.35,-11.05,-15.655,-16.875,-17.03,-17.35,-16.74,-16.505,-14.935,-12.785,-12.965,-10.295,-9.065,-8.525,-7.25
5,22,2014,4,-13.105,-12.67,-13.42,-13.335,-12.4,-10.32,-9.74,-13.105,-16.225,-15.28,-15.95,-17.01,-15.77,-15.915,-15.765,-15.12,-12.7,-11.35,-11.05,-15.655,-16.875,-17.03,-17.35,-16.74,-16.505,-14.935,-12.785,-12.965,-10.295,-9.065,-8.525
5,23,2014,5,-14.085,-13.105,-12.67,-13.42,-13.335,-12.4,-10.32,-9.74,-13.105,-16.225,-15.28,-15.95,-17.01,-15.77,-15.915,-15.765,-15.12,-12.7,-11.35,-11.05,-15.655,-16.875,-17.03,-17.35,-16.74,-16.505,-14.935,-12.785,-12.965,-10.295,-9.065
5,24,2014,6,-15.37,-14.085,-13.105,-12.67,-13.42,-13.335,-12.4,-10.32,-9.74,-13.105,-16.225,-15.28,-15.95,-17.01,-15.77,-15.915,-15.765,-15.12,-12.7,-11.35,-11.05,-15.655,-16.875,-17.03,-17.35,-16.74,-16.505,-14.935,-12.785,-12.965,-10.295
5,25,2014,7,-16.745,-15.37,-14.085,-13.105,-12.67,-13.42,-13.335,-12.4,-10.32,-9.74,-13.105,-16.225,-15.28,-15.95,-17.01,-15.77,-15.915,-15.765,-15.12,-12.7,-11.35,-11.05,-15.655,-16.875,-17.03,-17.35,-16.74,-16.505,-14.935,-12.785,-12.965
5,26,2014,1,-16.25,-16.745,-15.37,-14.085,-13.105,-12.67,-13.42,-13.335,-12.4,-10.32,-9.74,-13.105,-16.225,-15.28,-15.95,-17.01,-15.77,-15.915,-15.765,-15.12,-12.7,-11.35,-11.05,-15.655,-16.875,-17.03,-17.35,-16.74,-16.505,-14.935,-12.785
5,27,2014,2,-16.13,-16.25,-16.745,-15.37,-14.085,-13.105,-12.67,-13.42,-13.335,-12.4,-10.32,-9.74,-13.105,-16.225,-15.28,-15.95,-17.01,-15.77,-15.915,-15.765,-15.12,-12.7,-11.35,-11.05,-15.655,-16.875,-17.03,-17.35,-16.74,-16.505,-14.935
5,28,2014,3,-16.58,-16.13,-16.25,-16.745,-15.37,-14.085,-13.105,-12.67,-13.42,-13.335,-12.4,-10.32,-9.74,-13.105,-16.225,-15.28,-15.95,-17.01,-15.77,-15.915,-15.765,-15.12,-12.7,-11.35,-11.05,-15.655,-16.875,-17.03,-17.35,-16.74,-16.505
5,29,2014,4,-14.775,-16.58,-16.13,-16.25,-16.745,-15.37,-14.085,-13.105,-12.67,-13.42,-13.335,-12.4,-10.32,-9.74,-13.105,-16.225,-15.28,-15.95,-17.01,-15.77,-15.915,-15.765,-15.12,-12.7,-11.35,-11.05,-15.655,-16.875,-17.03,-17.35,-16.74
5,30,2014,5,-15.03,-14.775,-16.58,-16.13,-16.25,-16.745,-15.37,-14.085,-13.105,-12.67,-13.42,-13.335,-12.4,-10.32,-9.74,-13.105,-16.225,-15.28,-15.95,-17.01,-15.77,-15.915,-15.765,-15.12,-12.7,-11.35,-11.05,-15.655,-16.875,-17.03,-17.35
5,31,2014,6,-16.59,-15.03,-14.775,-16.58,-16.13,-16.25,-16.745,-15.37,-14.085,-13.105,-12.67,-13.42,-13.335,-12.4,-10.32,-9.74,-13.105,-16.225,-15.28,-15.95,-17.01,-15.77,-15.915,-15.765,-15.12,-12.7,-11.35,-11.05,-15.655,-16.875,-17.03
6,1,2014,7,-16.435,-16.59,-15.03,-14.775,-16.58,-16.13,-16.25,-16.745,-15.37,-14.085,-13.105,-12.67,-13.42,-13.335,-12.4,-10.32,-9.74,-13.105,-16.225,-15.28,-15.95,-17.01,-15.77,-15.915,-15.765,-15.12,-12.7,-11.35,-11.05,-15.655,-16.875
6,2,2014,1,-12.915,-16.435,-16.59,-15.03,-14.775,-16.58,-16.13,-16.25,-16.745,-15.37,-14.085,-13.105,-12.67,-13.42,-13.335,-12.4,-10.32,-9.74,-13.105,-16.225,-15.28,-15.95,-17.01,-15.77,-15.915,-15.765,-15.12,-12.7,-11.35,-11.05,-15.655
6,3,2014,2,-14.025,-12.915,-16.435,-16.59,-15.03,-14.775,-16.58,-16.13,-16.25,-16.745,-15.37,-14.085,-13.105,-12.67,-13.42,-13.335,-12.4,-10.32,-9.74,-13.105,-16.225,-15.28,-15.95,-17.01,-15.77,-15.915,-15.765,-15.12,-12.7,-11.35,-11.05
6,4,2014,3,-12.81,-14.025,-12.915,-16.435,-16.59,-15.03,-14.775,-16.58,-16.13,-16.25,-16.745,-15.37,-14.085,-13.105,-12.67,-13.42,-13.335,-12.4,-10.32,-9.74,-13.105,-16.225,-15.28,-15.95,-17.01,-15.77,-15.915,-15.765,-15.12,-12.7,-11.35
6,5,2014,4,-13.97,-12.81,-14.025,-12.915,-16.435,-16.59,-15.03,-14.775,-16.58,-16.13,-16.25,-16.745,-15.37,-14.085,-13.105,-12.67,-13.42,-13.335,-12.4,-10.32,-9.74,-13.105,-16.225,-15.28,-15.95,-17.01,-15.77,-15.915,-15.765,-15.12,-12.7
6,6,2014,5,-16.55,-13.97,-12.81,-14.025,-12.915,-16.435,-16.59,-15.03,-14.775,-16.58,-16.13,-16.25,-16.745,-15.37,-14.085,-13.105,-12.67,-13.42,-13.335,-12.4,-10.32,-9.74,-13.105,-16.225,-15.28,-15.95,-17.01,-15.77,-15.915,-15.765,-15.12
6,7,2014,6,-17.52,-16.55,-13.97,-12.81,-14.025,-12.915,-16.435,-16.59,-15.03,-14.775,-16.58,-16.13,-16.25,-16.745,-15.37,-14.085,-13.105,-12.67,-13.42,-13.335,-12.4,-10.32,-9.74,-13.105,-16.225,-15.28,-15.95,-17.01,-15.77,-15.915,-15.765
6,8,2014,7,-15.785,-17.52,-16.55,-13.97,-12.81,-14.025,-12.915,-16.435,-16.59,-15.03,-14.775,-16.58,-16.13,-16.25,-16.745,-15.37,-14.085,-13.105,-12.67,-13.42,-13.335,-12.4,-10.32,-9.74,-13.105,-16.225,-15.28,-15.95,-17.01,-15.77,-15.915
6,9,2014,1,-15.39,-15.785,-17.52,-16.55,-13.97,-12.81,-14.025,-12.915,-16.435,-16.59,-15.03,-14.775,-16.58,-16.13,-16.25,-16.745,-15.37,-14.085,-13.105,-12.67,-13.42,-13.335,-12.4,-10.32,-9.74,-13.105,-16.225,-15.28,-15.95,-17.01,-15.77
6,10,2014,2,-14.28,-15.39,-15.785,-17.52,-16.55,-13.97,-12.81,-14.025,-12.915,-16.435,-16.59,-15.03,-14.775,-16.58,-16.13,-16.25,-16.745,-15.37,-14.085,-13.105,-12.67,-13.42,-13.335,-12.4,-10.32,-9.74,-13.105,-16.225,-15.28,-15.95,-17.01
6,11,2014,3,-15.635,-14.28,-15.39,-15.785,-17.52,-16.55,-13.97,-12.81,-14.025,-12.915,-16.435,-16.59,-15.03,-14.775,-16.58,-16.13,-16.25,-16.745,-15.37,-14.085,-13.105,-12.67,-13.42,-13.335,-12.4,-10.32,-9.74,-13.105,-16.225,-15.28,-15.95
6,12,2014,4,-14.265,-15.635,-14.28,-15.39,-15.785,-17.52,-16.55,-13.97,-12.81,-14.025,-12.915,-16.435,-16.59,-15.03,-14.775,-16.58,-16.13,-16.25,-16.745,-15.37,-14.085,-13.105,-12.67,-13.42,-13.335,-12.4,-10.32,-9.74,-13.105,-16.225,-15.28
6,13,2014,5,-14.22,-14.265,-15.635,-14.28,-15.39,-15.785,-17.52,-16.55,-13.97,-12.81,-14.025,-12.915,-16.435,-16.59,-15.03,-14.775,-16.58,-16.13,-16.25,-16.745,-15.37,-14.085,-13.105,-12.67,-13.42,-13.335,-12.4,-10.32,-9.74,-13.105,-16.225
6,14,2014,6,-15.535,-14.22,-14.265,-15.635,-14.28,-15.39,-15.785,-17.52,-16.55,-13.97,-12.81,-14.025,-12.915,-16.435,-16.59,-15.03,-14.775,-16.58,-16.13,-16.25,-16.745,-15.37,-14.085,-13.105,-12.67,-13.42,-13.335,-12.4,-10.32,-9.74,-13.105
6,15,2014,7,-16.61,-15.535,-14.22,-14.265,-15.635,-14.28,-15.39,-15.785,-17.52,-16.55,-13.97,-12.81,-14.025,-12.915,-16.435,-16.59,-15.03,-14.775,-16.58,-16.13,-16.25,-16.745,-15.37,-14.085,-13.105,-12.67,-13.42,-13.335,-12.4,-10.32,-9.74
6,16,2014,1,-16.855,-16.61,-15.535,-14.22,-14.265,-15.635,-14.28,-15.39,-15.785,-17.52,-16.55,-13.97,-12.81,-14.025,-12.915,-16.435,-16.59,-15.03,-14.775,-16.58,-16.13,-16.25,-16.745,-15.37,-14.085,-13.105,-12.67,-13.42,-13.335,-12.4,-10.32
6,17,2014,2,-13.385,-16.855,-16.61,-15.535,-14.22,-14.265,-15.635,-14.28,-15.39,-15.785,-17.52,-16.55,-13.97,-12.81,-14.025,-12.915,-16.435,-16.59,-15.03,-14.775,-16.58,-16.13,-16.25,-16.745,-15.37,-14.085,-13.105,-12.67,-13.42,-13.335,-12.4
6,18,2014,3,-14.29,-13.385,-16.855,-16.61,-15.535,-14.22,-14.265,-15.635,-14.28,-15.39,-15.785,-17.52,-16.55,-13.97,-12.81,-14.025,-12.915,-16.435,-16.59,-15.03,-14.775,-16.58,-16.13,-16.25,-16.745,-15.37,-14.085,-13.105,-12.67,-13.42,-13.335
6,19,2014,4,-14.12,-14.29,-13.385,-16.855,-16.61,-15.535,-14.22,-14.265,-15.635,-14.28,-15.39,-15.785,-17.52,-16.55,-13.97,-12.81,-14.025,-12.915,-16.435,-16.59,-15.03,-14.775,-16.58,-16.13,-16.25,-16.745,-15.37,-14.085,-13.105,-12.67,-13.42
6,20,2014,5,-14.355,-14.12,-14.29,-13.385,-16.855,-16.61,-15.535,-14.22,-14.265,-15.635,-14.28,-15.39,-15.785,-17.52,-16.55,-13.97,-12.81,-14.025,-12.915,-16.435,-16.59,-15.03,-14.775,-16.58,-16.13,-16.25,-16.745,-15.37,-14.085,-13.105,-12.67
6,21,2014,6,-15.68,-14.355,-14.12,-14.29,-13.385,-16.855,-16.61,-15.535,-14.22,-14.265,-15.635,-14.28,-15.39,-15.785,-17.52,-16.55,-13.97,-12.81,-14.025,-12.915,-16.435,-16.59,-15.03,-14.775,-16.58,-16.13,-16.25,-16.745,-15.37,-14.085,-13.105
6,22,2014,7,-16.17,-15.68,-14.355,-14.12,-14.29,-13.385,-16.855,-16.61,-15.535,-14.22,-14.265,-15.635,-14.28,-15.39,-15.785,-17.52,-16.55,-13.97,-12.81,-14.025,-12.915,-16.435,-16.59,-15.03,-14.775,-16.58,-16.13,-16.25,-16.745,-15.37,-14.085
6,23,2014,1,-16.855,-16.17,-15.68,-14.355,-14.12,-14.29,-13.385,-16.855,-16.61,-15.535,-14.22,-14.265,-15.635,-14.28,-15.39,-15.785,-17.52,-16.55,-13.97,-12.81,-14.025,-12.915,-16.435,-16.59,-15.03,-14.775,-16.58,-16.13,-16.25,-16.745,-15.37
6,24,2014,2,-17.935,-16.855,-16.17,-15.68,-14.355,-14.12,-14.29,-13.385,-16.855,-16.61,-15.535,-14.22,-14.265,-15.635,-14.28,-15.39,-15.785,-17.52,-16.55,-13.97,-12.81,-14.025,-12.915,-16.435,-16.59,-15.03,-14.775,-16.58,-16.13,-16.25,-16.745
6,25,2014,3,-18.715,-17.935,-16.855,-16.17,-15.68,-14.355,-14.12,-14.29,-13.385,-16.855,-16.61,-15.535,-14.22,-14.265,-15.635,-14.28,-15.39,-15.785,-17.52,-16.55,-13.97,-12.81,-14.025,-12.915,-16.435,-16.59,-15.03,-14.775,-16.58,-16.13,-16.25
6,26,2014,4,-16.565,-18.715,-17.935,-16.855,-16.17,-15.68,-14.355,-14.12,-14.29,-13.385,-16.855,-16.61,-15.535,-14.22,-14.265,-15.635,-14.28,-15.39,-15.785,-17.52,-16.55,-13.97,-12.81,-14.025,-12.915,-16.435,-16.59,-15.03,-14.775,-16.58,-16.13
6,27,2014,5,-18.55,-16.565,-18.715,-17.935,-16.855,-16.17,-15.68,-14.355,-14.12,-14.29,-13.385,-16.855,-16.61,-15.535,-14.22,-14.265,-15.635,-14.28,-15.39,-15.785,-17.52,-16.55,-13.97,-12.81,-14.025,-12.915,-16.435,-16.59,-15.03,-14.775,-16.58
6,28,2014,6,-18.385,-18.55,-16.565,-18.715,-17.935,-16.855,-16.17,-15.68,-14.355,-14.12,-14.29,-13.385,-16.855,-16.61,-15.535,-14.22,-14.265,-15.635,-14.28,-15.39,-15.785,-17.52,-16.55,-13.97,-12.81,-14.025,-12.915,-16.435,-16.59,-15.03,-14.775
6,29,2014,7,-18.205,-18.385,-18.55,-16.565,-18.715,-17.935,-16.855,-16.17,-15.68,-14.355,-14.12,-14.29,-13.385,-16.855,-16.61,-15.535,-14.22,-14.265,-15.635,-14.28,-15.39,-15.785,-17.52,-16.55,-13.97,-12.81,-14.025,-12.915,-16.435,-16.59,-15.03
6,30,2014,1,-17.705,-18.205,-18.385,-18.55,-16.565,-18.715,-17.935,-16.855,-16.17,-15.68,-14.355,-14.12,-14.29,-13.385,-16.855,-16.61,-15.535,-14.22,-14.265,-15.635,-14.28,-15.39,-15.785,-17.52,-16.55,-13.97,-12.81,-14.025,-12.915,-16.435,-16.59
7,1,2014,2,-17.82,-17.705,-18.205,-18.385,-18.55,-16.565,-18.715,-17.935,-16.855,-16.17,-15.68,-14.355,-14.12,-14.29,-13.385,-16.855,-16.61,-15.535,-14.22,-14.265,-15.635,-14.28,-15.39,-15.785,-17.52,-16.55,-13.97,-12.81,-14.025,-12.915,-16.435
7,2,2014,3,-17.12,-17.82,-17.705,-18.205,-18.385,-18.55,-16.565,-18.715,-17.935,-16.855,-16.17,-15.68,-14.355,-14.12,-14.29,-13.385,-16.855,-16.61,-15.535,-14.22,-14.265,-15.635,-14.28,-15.39,-15.785,-17.52,-16.55,-13.97,-12.81,-14.025,-12.915
7,3,2014,4,-19.425,-17.12,-17.82,-17.705,-18.205,-18.385,-18.55,-16.565,-18.715,-17.935,-16.855,-16.17,-15.68,-14.355,-14.12,-14.29,-13.385,-16.855,-16.61,-15.535,-14.22,-14.265,-15.635,-14.28,-15.39,-15.785,-17.52,-16.55,-13.97,-12.81,-14.025
7,4,2014,5,-19.215,-19.425,-17.12,-17.82,-17.705,-18.205,-18.385,-18.55,-16.565,-18.715,-17.935,-16.855,-16.17,-15.68,-14.355,-14.12,-14.29,-13.385,-16.855,-16.61,-15.535,-14.22,-14.265,-15.635,-14.28,-15.39,-15.785,-17.52,-16.55,-13.97,-12.81
7,5,2014,6,-17.56,-19.215,-19.425,-17.12,-17.82,-17.705,-18.205,-18.385,-18.55,-16.565,-18.715,-17.935,-16.855,-16.17,-15.68,-14.355,-14.12,-14.29,-13.385,-16.855,-16.61,-15.535,-14.22,-14.265,-15.635,-14.28,-15.39,-15.785,-17.52,-16.55,-13.97
7,6,2014,7,-16.435,-17.56,-19.215,-19.425,-17.12,-17.82,-17.705,-18.205,-18.385,-18.55,-16.565,-18.715,-17.935,-16.855,-16.17,-15.68,-14.355,-14.12,-14.29,-13.385,-16.855,-16.61,-15.535,-14.22,-14.265,-15.635,-14.28,-15.39,-15.785,-17.52,-16.55
7,7,2014,1,-18.52,-16.435,-17.56,-19.215,-19.425,-17.12,-17.82,-17.705,-18.205,-18.385,-18.55,-16.565,-18.715,-17.935,-16.855,-16.17,-15.68,-14.355,-14.12,-14.29,-13.385,-16.855,-16.61,-15.535,-14.22,-14.265,-15.635,-14.28,-15.39,-15.785,-17.52
7,8,2014,2,-16.97,-18.52,-16.435,-17.56,-19.215,-19.425,-17.12,-17.82,-17.705,-18.205,-18.385,-18.55,-16.565,-18.715,-17.935,-16.855,-16.17,-15.68,-14.355,-14.12,-14.29,-13.385,-16.855,-16.61,-15.535,-14.22,-14.265,-15.635,-14.28,-15.39,-15.785
7,9,2014,3,-16.62,-16.97,-18.52,-16.435,-17.56,-19.215,-19.425,-17.12,-17.82,-17.705,-18.205,-18.385,-18.55,-16.565,-18.715,-17.935,-16.855,-16.17,-15.68,-14.355,-14.12,-14.29,-13.385,-16.855,-16.61,-15.535,-14.22,-14.265,-15.635,-14.28,-15.39
7,10,2014,4,-16.585,-16.62,-16.97,-18.52,-16.435,-17.56,-19.215,-19.425,-17.12,-17.82,-17.705,-18.205,-18.385,-18.55,-16.565,-18.715,-17.935,-16.855,-16.17,-15.68,-14.355,-14.12,-14.29,-13.385,-16.855,-16.61,-15.535,-14.22,-14.265,-15.635,-14.28
7,11,2014,5,-18.07,-16.585,-16.62,-16.97,-18.52,-16.435,-17.56,-19.215,-19.425,-17.12,-17.82,-17.705,-18.205,-18.385,-18.55,-16.565,-18.715,-17.935,-16.855,-16.17,-15.68,-14.355,-14.12,-14.29,-13.385,-16.855,-16.61,-15.535,-14.22,-14.265,-15.635
7,12,2014,6,-18.145,-18.07,-16.585,-16.62,-16.97,-18.52,-16.435,-17.56,-19.215,-19.425,-17.12,-17.82,-17.705,-18.205,-18.385,-18.55,-16.565,-18.715,-17.935,-16.855,-16.17,-15.68,-14.355,-14.12,-14.29,-13.385,-16.855,-16.61,-15.535,-14.22,-14.265
7,13,2014,7,-18.725,-18.145,-18.07,-16.585,-16.62,-16.97,-18.52,-16.435,-17.56,-19.215,-19.425,-17.12,-17.82,-17.705,-18.205,-18.385,-18.55,-16.565,-18.715,-17.935,-16.855,-16.17,-15.68,-14.355,-14.12,-14.29,-13.385,-16.855,-16.61,-15.535,-14.22
7,14,2014,1,-18.695,-18.725,-18.145,-18.07,-16.585,-16.62,-16.97,-18.52,-16.435,-17.56,-19.215,-19.425,-17.12,-17.82,-17.705,-18.205,-18.385,-18.55,-16.565,-18.715,-17.935,-16.855,-16.17,-15.68,-14.355,-14.12,-14.29,-13.385,-16.855,-16.61,-15.535
7,15,2014,2,-17.0,-18.695,-18.725,-18.145,-18.07,-16.585,-16.62,-16.97,-18.52,-16.435,-17.56,-19.215,-19.425,-17.12,-17.82,-17.705,-18.205,-18.385,-18.55,-16.565,-18.715,-17.935,-16.855,-16.17,-15.68,-14.355,-14.12,-14.29,-13.385,-16.855,-16.61
7,16,2014,3,-17.645,-17.0,-18.695,-18.725,-18.145,-18.07,-16.585,-16.62,-16.97,-18.52,-16.435,-17.56,-19.215,-19.425,-17.12,-17.82,-17.705,-18.205,-18.385,-18.55,-16.565,-18.715,-17.935,-16.855,-16.17,-15.68,-14.355,-14.12,-14.29,-13.385,-16.855
7,17,2014,4,-16.875,-17.645,-17.0,-18.695,-18.725,-18.145,-18.07,-16.585,-16.62,-16.97,-18.52,-16.435,-17.56,-19.215,-19.425,-17.12,-17.82,-17.705,-18.205,-18.385,-18.55,-16.565,-18.715,-17.935,-16.855,-16.17,-15.68,-14.355,-14.12,-14.29,-13.385
7,18,2014,5,-19.545,-16.875,-17.645,-17.0,-18.695,-18.725,-18.145,-18.07,-16.585,-16.62,-16.97,-18.52,-16.435,-17.56,-19.215,-19.425,-17.12,-17.82,-17.705,-18.205,-18.385,-18.55,-16.565,-18.715,-17.935,-16.855,-16.17,-15.68,-14.355,-14.12,-14.29
7,19,2014,6,-18.685,-19.545,-16.875,-17.645,-17.0,-18.695,-18.725,-18.145,-18.07,-16.585,-16.62,-16.97,-18.52,-16.435,-17.56,-19.215,-19.425,-17.12,-17.82,-17.705,-18.205,-18.385,-18.55,-16.565,-18.715,-17.935,-16.855,-16.17,-15.68,-14.355,-14.12
7,20,2014,7,-19.74,-18.685,-19.545,-16.875,-17.645,-17.0,-18.695,-18.725,-18.145,-18.07,-16.585,-16.62,-16.97,-18.52,-16.435,-17.56,-19.215,-19.425,-17.12,-17.82,-17.705,-18.205,-18.385,-18.55,-16.565,-18.715,-17.935,-16.855,-16.17,-15.68,-14.355
7,21,2014,1,-17.9,-19.74,-18.685,-19.545,-16.875,-17.645,-17.0,-18.695,-18.725,-18.145,-18.07,-16.585,-16.62,-16.97,-18.52,-16.435,-17.56,-19.215,-19.425,-17.12,-17.82,-17.705,-18.205,-18.385,-18.55,-16.565,-18.715,-17.935,-16.855,-16.17,-15.68
7,22,2014,2,-18.035,-17.9,-19.74,-18.685,-19.545,-16.875,-17.645,-17.0,-18.695,-18.725,-18.145,-18.07,-16.585,-16.62,-16.97,-18.52,-16.435,-17.56,-19.215,-19.425,-17.12,-17.82,-17.705,-18.205,-18.385,-18.55,-16.565,-18.715,-17.935,-16.855,-16.17
7,23,2014,3,-18.785,-18.035,-17.9,-19.74,-18.685,-19.545,-16.875,-17.645,-17.0,-18.695,-18.725,-18.145,-18.07,-16.585,-16.62,-16.97,-18.52,-16.435,-17.56,-19.215,-19.425,-17.12,-17.82,-17.705,-18.205,-18.385,-18.55,-16.565,-18.715,-17.935,-16.855
7,24,2014,4,-19.27,-18.785,-18.035,-17.9,-19.74,-18.685,-19.545,-16.875,-17.645,-17.0,-18.695,-18.725,-18.145,-18.07,-16.585,-16.62,-16.97,-18.52,-16.435,-17.56,-19.215,-19.425,-17.12,-17.82,-17.705,-18.205,-18.385,-18.55,-16.565,-18.715,-17.935
7,25,2014,5,-19.025,-19.27,-18.785,-18.035,-17.9,-19.74,-18.685,-19.545,-16.875,-17.645,-17.0,-18.695,-18.725,-18.145,-18.07,-16.585,-16.62,-16.97,-18.52,-16.435,-17.56,-19.215,-19.425,-17.12,-17.82,-17.705,-18.205,-18.385,-18.55,-16.565,-18.715
7,26,2014,6,-18.045,-19.025,-19.27,-18.785,-18.035,-17.9,-19.74,-18.685,-19.545,-16.875,-17.645,-17.0,-18.695,-18.725,-18.145,-18.07,-16.585,-16.62,-16.97,-18.52,-16.435,-17.56,-19.215,-19.425,-17.12,-17.82,-17.705,-18.205,-18.385,-18.55,-16.565
7,27,2014,7,-19.705,-18.045,-19.025,-19.27,-18.785,-18.035,-17.9,-19.74,-18.685,-19.545,-16.875,-17.645,-17.0,-18.695,-18.725,-18.145,-18.07,-16.585,-16.62,-16.97,-18.52,-16.435,-17.56,-19.215,-19.425,-17.12,-17.82,-17.705,-18.205,-18.385,-18.55
7,28,2014,1,-21.66,-19.705,-18.045,-19.025,-19.27,-18.785,-18.035,-17.9,-19.74,-18.685,-19.545,-16.875,-17.645,-17.0,-18.695,-18.725,-18.145,-18.07,-16.585,-16.62,-16.97,-18.52,-16.435,-17.56,-19.215,-19.425,-17.12,-17.82,-17.705,-18.205,-18.385
7,29,2014,2,-20.43,-21.66,-19.705,-18.045,-19.025,-19.27,-18.785,-18.035,-17.9,-19.74,-18.685,-19.545,-16.875,-17.645,-17.0,-18.695,-18.725,-18.145,-18.07,-16.585,-16.62,-16.97,-18.52,-16.435,-17.56,-19.215,-19.425,-17.12,-17.82,-17.705,-18.205
7,30,2014,3,-18.8,-20.43,-21.66,-19.705,-18.045,-19.025,-19.27,-18.785,-18.035,-17.9,-19.74,-18.685,-19.545,-16.875,-17.645,-17.0,-18.695,-18.725,-18.145,-18.07,-16.585,-16.62,-16.97,-18.52,-16.435,-17.56,-19.215,-19.425,-17.12,-17.82,-17.705
7,31,2014,4,-18.545,-18.8,-20.43,-21.66,-19.705,-18.045,-19.025,-19.27,-18.785,-18.035,-17.9,-19.74,-18.685,-19.545,-16.875,-17.645,-17.0,-18.695,-18.725,-18.145,-18.07,-16.585,-16.62,-16.97,-18.52,-16.435,-17.56,-19.215,-19.425,-17.12,-17.82
8,1,2014,5,-19.435,-18.545,-18.8,-20.43,-21.66,-19.705,-18.045,-19.025,-19.27,-18.785,-18.035,-17.9,-19.74,-18.685,-19.545,-16.875,-17.645,-17.0,-18.695,-18.725,-18.145,-18.07,-16.585,-16.62,-16.97,-18.52,-16.435,-17.56,-19.215,-19.425,-17.12
8,2,2014,6,-18.8,-19.435,-18.545,-18.8,-20.43,-21.66,-19.705,-18.045,-19.025,-19.27,-18.785,-18.035,-17.9,-19.74,-18.685,-19.545,-16.875,-17.645,-17.0,-18.695,-18.725,-18.145,-18.07,-16.585,-16.62,-16.97,-18.52,-16.435,-17.56,-19.215,-19.425
8,3,2014,7,-16.395,-18.8,-19.435,-18.545,-18.8,-20.43,-21.66,-19.705,-18.045,-19.025,-19.27,-18.785,-18.035,-17.9,-19.74,-18.685,-19.545,-16.875,-17.645,-17.0,-18.695,-18.725,-18.145,-18.07,-16.585,-16.62,-16.97,-18.52,-16.435,-17.56,-19.215
8,4,2014,1,-15.085,-16.395,-18.8,-19.435,-18.545,-18.8,-20.43,-21.66,-19.705,-18.045,-19.025,-19.27,-18.785,-18.035,-17.9,-19.74,-18.685,-19.545,-16.875,-17.645,-17.0,-18.695,-18.725,-18.145,-18.07,-16.585,-16.62,-16.97,-18.52,-16.435,-17.56
8,5,2014,2,-17.44,-15.085,-16.395,-18.8,-19.435,-18.545,-18.8,-20.43,-21.66,-19.705,-18.045,-19.025,-19.27,-18.785,-18.035,-17.9,-19.74,-18.685,-19.545,-16.875,-17.645,-17.0,-18.695,-18.725,-18.145,-18.07,-16.585,-16.62,-16.97,-18.52,-16.435
8,6,2014,3,-18.535,-17.44,-15.085,-16.395,-18.8,-19.435,-18.545,-18.8,-20.43,-21.66,-19.705,-18.045,-19.025,-19.27,-18.785,-18.035,-17.9,-19.74,-18.685,-19.545,-16.875,-17.645,-17.0,-18.695,-18.725,-18.145,-18.07,-16.585,-16.62,-16.97,-18.52
8,7,2014,4,-18.61,-18.535,-17.44,-15.085,-16.395,-18.8,-19.435,-18.545,-18.8,-20.43,-21.66,-19.705,-18.045,-19.025,-19.27,-18.785,-18.035,-17.9,-19.74,-18.685,-19.545,-16.875,-17.645,-17.0,-18.695,-18.725,-18.145,-18.07,-16.585,-16.62,-16.97
8,8,2014,5,-17.895,-18.61,-18.535,-17.44,-15.085,-16.395,-18.8,-19.435,-18.545,-18.8,-20.43,-21.66,-19.705,-18.045,-19.025,-19.27,-18.785,-18.035,-17.9,-19.74,-18.685,-19.545,-16.875,-17.645,-17.0,-18.695,-18.725,-18.145,-18.07,-16.585,-16.62
8,9,2014,6,-20.535,-17.895,-18.61,-18.535,-17.44,-15.085,-16.395,-18.8,-19.435,-18.545,-18.8,-20.43,-21.66,-19.705,-18.045,-19.025,-19.27,-18.785,-18.035,-17.9,-19.74,-18.685,-19.545,-16.875,-17.645,-17.0,-18.695,-18.725,-18.145,-18.07,-16.585
8,10,2014,7,-20.14,-20.535,-17.895,-18.61,-18.535,-17.44,-15.085,-16.395,-18.8,-19.435,-18.545,-18.8,-20.43,-21.66,-19.705,-18.045,-19.025,-19.27,-18.785,-18.035,-17.9,-19.74,-18.685,-19.545,-16.875,-17.645,-17.0,-18.695,-18.725,-18.145,-18.07
8,11,2014,1,-19.11,-20.14,-20.535,-17.895,-18.61,-18.535,-17.44,-15.085,-16.395,-18.8,-19.435,-18.545,-18.8,-20.43,-21.66,-19.705,-18.045,-19.025,-19.27,-18.785,-18.035,-17.9,-19.74,-18.685,-19.545,-16.875,-17.645,-17.0,-18.695,-18.725,-18.145
8,12,2014,2,-19.19,-19.11,-20.14,-20.535,-17.895,-18.61,-18.535,-17.44,-15.085,-16.395,-18.8,-19.435,-18.545,-18.8,-20.43,-21.66,-19.705,-18.045,-19.025,-19.27,-18.785,-18.035,-17.9,-19.74,-18.685,-19.545,-16.875,-17.645,-17.0,-18.695,-18.725
8,13,2014,3,-19.99,-19.19,-19.11,-20.14,-20.535,-17.895,-18.61,-18.535,-17.44,-15.085,-16.395,-18.8,-19.435,-18.545,-18.8,-20.43,-21.66,-19.705,-18.045,-19.025,-19.27,-18.785,-18.035,-17.9,-19.74,-18.685,-19.545,-16.875,-17.645,-17.0,-18.695
8,14,2014,4,-20.78,-19.99,-19.19,-19.11,-20.14,-20.535,-17.895,-18.61,-18.535,-17.44,-15.085,-16.395,-18.8,-19.435,-18.545,-18.8,-20.43,-21.66,-19.705,-18.045,-19.025,-19.27,-18.785,-18.035,-17.9,-19.74,-18.685,-19.545,-16.875,-17.645,-17.0
8,15,2014,5,-17.21,-20.78,-19.99,-19.19,-19.11,-20.14,-20.535,-17.895,-18.61,-18.535,-17.44,-15.085,-16.395,-18.8,-19.435,-18.545,-18.8,-20.43,-21.66,-19.705,-18.045,-19.025,-19.27,-18.785,-18.035,-17.9,-19.74,-18.685,-19.545,-16.875,-17.645
8,16,2014,6,-19.33,-17.21,-20.78,-19.99,-19.19,-19.11,-20.14,-20.535,-17.895,-18.61,-18.535,-17.44,-15.085,-16.395,-18.8,-19.435,-18.545,-18.8,-20.43,-21.66,-19.705,-18.045,-19.025,-19.27,-18.785,-18.035,-17.9,-19.74,-18.685,-19.545,-16.875
8,17,2014,7,-20.02,-19.33,-17.21,-20.78,-19.99,-19.19,-19.11,-20.14,-20.535,-17.895,-18.61,-18.535,-17.44,-15.085,-16.395,-18.8,-19.435,-18.545,-18.8,-20.43,-21.66,-19.705,-18.045,-19.025,-19.27,-18.785,-18.035,-17.9,-19.74,-18.685,-19.545
8,18,2014,1,-20.645,-20.02,-19.33,-17.21,-20.78,-19.99,-19.19,-19.11,-20.14,-20.535,-17.895,-18.61,-18.535,-17.44,-15.085,-16.395,-18.8,-19.435,-18.545,-18.8,-20.43,-21.66,-19.705,-18.045,-19.025,-19.27,-18.785,-18.035,-17.9,-19.74,-18.685
8,19,2014,2,-20.955,-20.645,-20.02,-19.33,-17.21,-20.78,-19.99,-19.19,-19.11,-20.14,-20.535,-17.895,-18.61,-18.535,-17.44,-15.085,-16.395,-18.8,-19.435,-18.545,-18.8,-20.43,-21.66,-19.705,-18.045,-19.025,-19.27,-18.785,-18.035,-17.9,-19.74
8,20,2014,3,-20.775,-20.955,-20.645,-20.02,-19.33,-17.21,-20.78,-19.99,-19.19,-19.11,-20.14,-20.535,-17.895,-18.61,-18.535,-17.44,-15.085,-16.395,-18.8,-19.435,-18.545,-18.8,-20.43,-21.66,-19.705,-18.045,-19.025,-19.27,-18.785,-18.035,-17.9
8,21,2014,4,-21.02,-20.775,-20.955,-20.645,-20.02,-19.33,-17.21,-20.78,-19.99,-19.19,-19.11,-20.14,-20.535,-17.895,-18.61,-18.535,-17.44,-15.085,-16.395,-18.8,-19.435,-18.545,-18.8,-20.43,-21.66,-19.705,-18.045,-19.025,-19.27,-18.785,-18.035
8,22,2014,5,-20.425,-21.02,-20.775,-20.955,-20.645,-20.02,-19.33,-17.21,-20.78,-19.99,-19.19,-19.11,-20.14,-20.535,-17.895,-18.61,-18.535,-17.44,-15.085,-16.395,-18.8,-19.435,-18.545,-18.8,-20.43,-21.66,-19.705,-18.045,-19.025,-19.27,-18.785
8,23,2014,6,-20.04,-20.425,-21.02,-20.775,-20.955,-20.645,-20.02,-19.33,-17.21,-20.78,-19.99,-19.19,-19.11,-20.14,-20.535,-17.895,-18.61,-18.535,-17.44,-15.085,-16.395,-18.8,-19.435,-18.545,-18.8,-20.43,-21.66,-19.705,-18.045,-19.025,-19.27
8,24,2014,7,-20.265,-20.04,-20.425,-21.02,-20.775,-20.955,-20.645,-20.02,-19.33,-17.21,-20.78,-19.99,-19.19,-19.11,-20.14,-20.535,-17.895,-18.61,-18.535,-17.44,-15.085,-16.395,-18.8,-19.435,-18.545,-18.8,-20.43,-21.66,-19.705,-18.045,-19.025
8,25,2014,1,-19.69,-20.265,-20.04,-20.425,-21.02,-20.775,-20.955,-20.645,-20.02,-19.33,-17.21,-20.78,-19.99,-19.19,-19.11,-20.14,-20.535,-17.895,-18.61,-18.535,-17.44,-15.085,-16.395,-18.8,-19.435,-18.545,-18.8,-20.43,-21.66,-19.705,-18.045
8,26,2014,2,-19.76,-19.69,-20.265,-20.04,-20.425,-21.02,-20.775,-20.955,-20.645,-20.02,-19.33,-17.21,-20.78,-19.99,-19.19,-19.11,-20.14,-20.535,-17.895,-18.61,-18.535,-17.44,-15.085,-16.395,-18.8,-19.435,-18.545,-18.8,-20.43,-21.66,-19.705
8,27,2014,3,-19.01,-19.76,-19.69,-20.265,-20.04,-20.425,-21.02,-20.775,-20.955,-20.645,-20.02,-19.33,-17.21,-20.78,-19.99,-19.19,-19.11,-20.14,-20.535,-17.895,-18.61,-18.535,-17.44,-15.085,-16.395,-18.8,-19.435,-18.545,-18.8,-20.43,-21.66
8,28,2014,4,-19.865,-19.01,-19.76,-19.69,-20.265,-20.04,-20.425,-21.02,-20.775,-20.955,-20.645,-20.02,-19.33,-17.21,-20.78,-19.99,-19.19,-19.11,-20.14,-20.535,-17.895,-18.61,-18.535,-17.44,-15.085,-16.395,-18.8,-19.435,-18.545,-18.8,-20.43
8,29,2014,5,-21.275,-19.865,-19.01,-19.76,-19.69,-20.265,-20.04,-20.425,-21.02,-20.775,-20.955,-20.645,-20.02,-19.33,-17.21,-20.78,-19.99,-19.19,-19.11,-20.14,-20.535,-17.895,-18.61,-18.535,-17.44,-15.085,-16.395,-18.8,-19.435,-18.545,-18.8
8,30,2014,6,-21.59,-21.275,-19.865,-19.01,-19.76,-19.69,-20.265,-20.04,-20.425,-21.02,-20.775,-20.955,-20.645,-20.02,-19.33,-17.21,-20.78,-19.99,-19.19,-19.11,-20.14,-20.535,-17.895,-18.61,-18.535,-17.44,-15.085,-16.395,-18.8,-19.435,-18.545
8,31,2014,7,-20.535,-21.59,-21.275,-19.865,-19.01,-19.76,-19.69,-20.265,-20.04,-20.425,-21.02,-20.775,-20.955,-20.645,-20.02,-19.33,-17.21,-20.78,-19.99,-19.19,-19.11,-20.14,-20.535,-17.895,-18.61,-18.535,-17.44,-15.085,-16.395,-18.8,-19.435
9,1,2014,1,-20.675,-20.535,-21.59,-21.275,-19.865,-19.01,-19.76,-19.69,-20.265,-20.04,-20.425,-21.02,-20.775,-20.955,-20.645,-20.02,-19.33,-17.21,-20.78,-19.99,-19.19,-19.11,-20.14,-20.535,-17.895,-18.61,-18.535,-17.44,-15.085,-16.395,-18.8
9,2,2014,2,-18.11,-20.675,-20.535,-21.59,-21.275,-19.865,-19.01,-19.76,-19.69,-20.265,-20.04,-20.425,-21.02,-20.775,-20.955,-20.645,-20.02,-19.33,-17.21,-20.78,-19.99,-19.19,-19.11,-20.14,-20.535,-17.895,-18.61,-18.535,-17.44,-15.085,-16.395
9,3,2014,3,-16.965,-18.11,-20.675,-20.535,-21.59,-21.275,-19.865,-19.01,-19.76,-19.69,-20.265,-20.04,-20.425,-21.02,-20.775,-20.955,-20.645,-20.02,-19.33,-17.21,-20.78,-19.99,-19.19,-19.11,-20.14,-20.535,-17.895,-18.61,-18.535,-17.44,-15.085
9,4,2014,4,-17.62,-16.965,-18.11,-20.675,-20.535,-21.59,-21.275,-19.865,-19.01,-19.76,-19.69,-20.265,-20.04,-20.425,-21.02,-20.775,-20.955,-20.645,-20.02,-19.33,-17.21,-20.78,-19.99,-19.19,-19.11,-20.14,-20.535,-17.895,-18.61,-18.535,-17.44
9,5,2014,5,-19.75,-17.62,-16.965,-18.11,-20.675,-20.535,-21.59,-21.275,-19.865,-19.01,-19.76,-19.69,-20.265,-20.04,-20.425,-21.02,-20.775,-20.955,-20.645,-20.02,-19.33,-17.21,-20.78,-19.99,-19.19,-19.11,-20.14,-20.535,-17.895,-18.61,-18.535
9,6,2014,6,-18.595,-19.75,-17.62,-16.965,-18.11,-20.675,-20.535,-21.59,-21.275,-19.865,-19.01,-19.76,-19.69,-20.265,-20.04,-20.425,-21.02,-20.775,-20.955,-20.645,-20.02,-19.33,-17.21,-20.78,-19.99,-19.19,-19.11,-20.14,-20.535,-17.895,-18.61
9,7,2014,7,-18.5,-18.595,-19.75,-17.62,-16.965,-18.11,-20.675,-20.535,-21.59,-21.275,-19.865,-19.01,-19.76,-19.69,-20.265,-20.04,-20.425,-21.02,-20.775,-20.955,-20.645,-20.02,-19.33,-17.21,-20.78,-19.99,-19.19,-19.11,-20.14,-20.535,-17.895
9,8,2014,1,-18.08,-18.5,-18.595,-19.75,-17.62,-16.965,-18.11,-20.675,-20.535,-21.59,-21.275,-19.865,-19.01,-19.76,-19.69,-20.265,-20.04,-20.425,-21.02,-20.775,-20.955,-20.645,-20.02,-19.33,-17.21,-20.78,-19.99,-19.19,-19.11,-20.14,-20.535
9,9,2014,2,-17.56,-18.08,-18.5,-18.595,-19.75,-17.62,-16.965,-18.11,-20.675,-20.535,-21.59,-21.275,-19.865,-19.01,-19.76,-19.69,-20.265,-20.04,-20.425,-21.02,-20.775,-20.955,-20.645,-20.02,-19.33,-17.21,-20.78,-19.99,-19.19,-19.11,-20.14
9,10,2014,3,-16.78,-17.56,-18.08,-18.5,-18.595,-19.75,-17.62,-16.965,-18.11,-20.675,-20.535,-21.59,-21.275,-19.865,-19.01,-19.76,-19.69,-20.265,-20.04,-20.425,-21.02,-20.775,-20.955,-20.645,-20.02,-19.33,-17.21,-20.78,-19.99,-19.19,-19.11
9,11,2014,4,-15.715,-16.78,-17.56,-18.08,-18.5,-18.595,-19.75,-17.62,-16.965,-18.11,-20.675,-20.535,-21.59,-21.275,-19.865,-19.01,-19.76,-19.69,-20.265,-20.04,-20.425,-21.02,-20.775,-20.955,-20.645,-20.02,-19.33,-17.21,-20.78,-19.99,-19.19
9,12,2014,5,-14.3,-15.715,-16.78,-17.56,-18.08,-18.5,-18.595,-19.75,-17.62,-16.965,-18.11,-20.675,-20.535,-21.59,-21.275,-19.865,-19.01,-19.76,-19.69,-20.265,-20.04,-20.425,-21.02,-20.775,-20.955,-20.645,-20.02,-19.33,-17.21,-20.78,-19.99
9,13,2014,6,-15.005,-14.3,-15.715,-16.78,-17.56,-18.08,-18.5,-18.595,-19.75,-17.62,-16.965,-18.11,-20.675,-20.535,-21.59,-21.275,-19.865,-19.01,-19.76,-19.69,-20.265,-20.04,-20.425,-21.02,-20.775,-20.955,-20.645,-20.02,-19.33,-17.21,-20.78
9,14,2014,7,-15.995,-15.005,-14.3,-15.715,-16.78,-17.56,-18.08,-18.5,-18.595,-19.75,-17.62,-16.965,-18.11,-20.675,-20.535,-21.59,-21.275,-19.865,-19.01,-19.76,-19.69,-20.265,-20.04,-20.425,-21.02,-20.775,-20.955,-20.645,-20.02,-19.33,-17.21
9,15,2014,1,-18.97,-15.995,-15.005,-14.3,-15.715,-16.78,-17.56,-18.08,-18.5,-18.595,-19.75,-17.62,-16.965,-18.11,-20.675,-20.535,-21.59,-21.275,-19.865,-19.01,-19.76,-19.69,-20.265,-20.04,-20.425,-21.02,-20.775,-20.955,-20.645,-20.02,-19.33
9,16,2014,2,-18.495,-18.97,-15.995,-15.005,-14.3,-15.715,-16.78,-17.56,-18.08,-18.5,-18.595,-19.75,-17.62,-16.965,-18.11,-20.675,-20.535,-21.59,-21.275,-19.865,-19.01,-19.76,-19.69,-20.265,-20.04,-20.425,-21.02,-20.775,-20.955,-20.645,-20.02
9,17,2014,3,-18.265,-18.495,-18.97,-15.995,-15.005,-14.3,-15.715,-16.78,-17.56,-18.08,-18.5,-18.595,-19.75,-17.62,-16.965,-18.11,-20.675,-20.535,-21.59,-21.275,-19.865,-19.01,-19.76,-19.69,-20.265,-20.04,-20.425,-21.02,-20.775,-20.955,-20.645
9,18,2014,4,-17.2,-18.265,-18.495,-18.97,-15.995,-15.005,-14.3,-15.715,-16.78,-17.56,-18.08,-18.5,-18.595,-19.75,-17.62,-16.965,-18.11,-20.675,-20.535,-21.59,-21.275,-19.865,-19.01,-19.76,-19.69,-20.265,-20.04,-20.425,-21.02,-20.775,-20.955
9,19,2014,5,-15.53,-17.2,-18.265,-18.495,-18.97,-15.995,-15.005,-14.3,-15.715,-16.78,-17.56,-18.08,-18.5,-18.595,-19.75,-17.62,-16.965,-18.11,-20.675,-20.535,-21.59,-21.275,-19.865,-19.01,-19.76,-19.69,-20.265,-20.04,-20.425,-21.02,-20.775
9,20,2014,6,-15.79,-15.53,-17.2,-18.265,-18.495,-18.97,-15.995,-15.005,-14.3,-15.715,-16.78,-17.56,-18.08,-18.5,-18.595,-19.75,-17.62,-16.965,-18.11,-20.675,-20.535,-21.59,-21.275,-19.865,-19.01,-19.76,-19.69,-20.265,-20.04,-20.425,-21.02
9,21,2014,7,-15.53,-15.79,-15.53,-17.2,-18.265,-18.495,-18.97,-15.995,-15.005,-14.3,-15.715,-16.78,-17.56,-18.08,-18.5,-18.595,-19.75,-17.62,-16.965,-18.11,-20.675,-20.535,-21.59,-21.275,-19.865,-19.01,-19.76,-19.69,-20.265,-20.04,-20.425
9,22,2014,1,-16.865,-15.53,-15.79,-15.53,-17.2,-18.265,-18.495,-18.97,-15.995,-15.005,-14.3,-15.715,-16.78,-17.56,-18.08,-18.5,-18.595,-19.75,-17.62,-16.965,-18.11,-20.675,-20.535,-21.59,-21.275,-19.865,-19.01,-19.76,-19.69,-20.265,-20.04
9,23,2014,2,-12.41,-16.865,-15.53,-15.79,-15.53,-17.2,-18.265,-18.495,-18.97,-15.995,-15.005,-14.3,-15.715,-16.78,-17.56,-18.08,-18.5,-18.595,-19.75,-17.62,-16.965,-18.11,-20.675,-20.535,-21.59,-21.275,-19.865,-19.01,-19.76,-19.69,-20.265
9,24,2014,3,-15.76,-12.41,-16.865,-15.53,-15.79,-15.53,-17.2,-18.265,-18.495,-18.97,-15.995,-15.005,-14.3,-15.715,-16.78,-17.56,-18.08,-18.5,-18.595,-19.75,-17.62,-16.965,-18.11,-20.675,-20.535,-21.59,-21.275,-19.865,-19.01,-19.76,-19.69
9,25,2014,4,-15.695,-15.76,-12.41,-16.865,-15.53,-15.79,-15.53,-17.2,-18.265,-18.495,-18.97,-15.995,-15.005,-14.3,-15.715,-16.78,-17.56,-18.08,-18.5,-18.595,-19.75,-17.62,-16.965,-18.11,-20.675,-20.535,-21.59,-21.275,-19.865,-19.01,-19.76
9,26,2014,5,-17.77,-15.695,-15.76,-12.41,-16.865,-15.53,-15.79,-15.53,-17.2,-18.265,-18.495,-18.97,-15.995,-15.005,-14.3,-15.715,-16.78,-17.56,-18.08,-18.5,-18.595,-19.75,-17.62,-16.965,-18.11,-20.675,-20.535,-21.59,-21.275,-19.865,-19.01
9,27,2014,6,-18.825,-17.77,-15.695,-15.76,-12.41,-16.865,-15.53,-15.79,-15.53,-17.2,-18.265,-18.495,-18.97,-15.995,-15.005,-14.3,-15.715,-16.78,-17.56,-18.08,-18.5,-18.595,-19.75,-17.62,-16.965,-18.11,-20.675,-20.535,-21.59,-21.275,-19.865
9,28,2014,7,-18.565,-18.825,-17.77,-15.695,-15.76,-12.41,-16.865,-15.53,-15.79,-15.53,-17.2,-18.265,-18.495,-18.97,-15.995,-15.005,-14.3,-15.715,-16.78,-17.56,-18.08,-18.5,-18.595,-19.75,-17.62,-16.965,-18.11,-20.675,-20.535,-21.59,-21.275
9,29,2014,1,-17.18,-18.565,-18.825,-17.77,-15.695,-15.76,-12.41,-16.865,-15.53,-15.79,-15.53,-17.2,-18.265,-18.495,-18.97,-15.995,-15.005,-14.3,-15.715,-16.78,-17.56,-18.08,-18.5,-18.595,-19.75,-17.62,-16.965,-18.11,-20.675,-20.535,-21.59
9,30,2014,2,-17.545,-17.18,-18.565,-18.825,-17.77,-15.695,-15.76,-12.41,-16.865,-15.53,-15.79,-15.53,-17.2,-18.265,-18.495,-18.97,-15.995,-15.005,-14.3,-15.715,-16.78,-17.56,-18.08,-18.5,-18.595,-19.75,-17.62,-16.965,-18.11,-20.675,-20.535
10,1,2014,3,-19.715,-17.545,-17.18,-18.565,-18.825,-17.77,-15.695,-15.76,-12.41,-16.865,-15.53,-15.79,-15.53,-17.2,-18.265,-18.495,-18.97,-15.995,-15.005,-14.3,-15.715,-16.78,-17.56,-18.08,-18.5,-18.595,-19.75,-17.62,-16.965,-18.11,-20.675
10,2,2014,4,-19.375,-19.715,-17.545,-17.18,-18.565,-18.825,-17.77,-15.695,-15.76,-12.41,-16.865,-15.53,-15.79,-15.53,-17.2,-18.265,-18.495,-18.97,-15.995,-15.005,-14.3,-15.715,-16.78,-17.56,-18.08,-18.5,-18.595,-19.75,-17.62,-16.965,-18.11
10,3,2014,5,-18.63,-19.375,-19.715,-17.545,-17.18,-18.565,-18.825,-17.77,-15.695,-15.76,-12.41,-16.865,-15.53,-15.79,-15.53,-17.2,-18.265,-18.495,-18.97,-15.995,-15.005,-14.3,-15.715,-16.78,-17.56,-18.08,-18.5,-18.595,-19.75,-17.62,-16.965
10,4,2014,6,-18.04,-18.63,-19.375,-19.715,-17.545,-17.18,-18.565,-18.825,-17.77,-15.695,-15.76,-12.41,-16.865,-15.53,-15.79,-15.53,-17.2,-18.265,-18.495,-18.97,-15.995,-15.005,-14.3,-15.715,-16.78,-17.56,-18.08,-18.5,-18.595,-19.75,-17.62
10,5,2014,7,-12.27,-18.04,-18.63,-19.375,-19.715,-17.545,-17.18,-18.565,-18.825,-17.77,-15.695,-15.76,-12.41,-16.865,-15.53,-15.79,-15.53,-17.2,-18.265,-18.495,-18.97,-15.995,-15.005,-14.3,-15.715,-16.78,-17.56,-18.08,-18.5,-18.595,-19.75
10,6,2014,1,-13.675,-12.27,-18.04,-18.63,-19.375,-19.715,-17.545,-17.18,-18.565,-18.825,-17.77,-15.695,-15.76,-12.41,-16.865,-15.53,-15.79,-15.53,-17.2,-18.265,-18.495,-18.97,-15.995,-15.005,-14.3,-15.715,-16.78,-17.56,-18.08,-18.5,-18.595
10,7,2014,2,-14.565,-13.675,-12.27,-18.04,-18.63,-19.375,-19.715,-17.545,-17.18,-18.565,-18.825,-17.77,-15.695,-15.76,-12.41,-16.865,-15.53,-15.79,-15.53,-17.2,-18.265,-18.495,-18.97,-15.995,-15.005,-14.3,-15.715,-16.78,-17.56,-18.08,-18.5
10,8,2014,3,-15.99,-14.565,-13.675,-12.27,-18.04,-18.63,-19.375,-19.715,-17.545,-17.18,-18.565,-18.825,-17.77,-15.695,-15.76,-12.41,-16.865,-15.53,-15.79,-15.53,-17.2,-18.265,-18.495,-18.97,-15.995,-15.005,-14.3,-15.715,-16.78,-17.56,-18.08
10,9,2014,4,-17.49,-15.99,-14.565,-13.675,-12.27,-18.04,-18.63,-19.375,-19.715,-17.545,-17.18,-18.565,-18.825,-17.77,-15.695,-15.76,-12.41,-16.865,-15.53,-15.79,-15.53,-17.2,-18.265,-18.495,-18.97,-15.995,-15.005,-14.3,-15.715,-16.78,-17.56
10,10,2014,5,-17.195,-17.49,-15.99,-14.565,-13.675,-12.27,-18.04,-18.63,-19.375,-19.715,-17.545,-17.18,-18.565,-18.825,-17.77,-15.695,-15.76,-12.41,-16.865,-15.53,-15.79,-15.53,-17.2,-18.265,-18.495,-18.97,-15.995,-15.005,-14.3,-15.715,-16.78
10,11,2014,6,-17.57,-17.195,-17.49,-15.99,-14.565,-13.675,-12.27,-18.04,-18.63,-19.375,-19.715,-17.545,-17.18,-18.565,-18.825,-17.77,-15.695,-15.76,-12.41,-16.865,-15.53,-15.79,-15.53,-17.2,-18.265,-18.495,-18.97,-15.995,-15.005,-14.3,-15.715
10,12,2014,7,-17.42,-17.57,-17.195,-17.49,-15.99,-14.565,-13.675,-12.27,-18.04,-18.63,-19.375,-19.715,-17.545,-17.18,-18.565,-18.825,-17.77,-15.695,-15.76,-12.41,-16.865,-15.53,-15.79,-15.53,-17.2,-18.265,-18.495,-18.97,-15.995,-15.005,-14.3
10,13,2014,1,-17.01,-17.42,-17.57,-17.195,-17.49,-15.99,-14.565,-13.675,-12.27,-18.04,-18.63,-19.375,-19.715,-17.545,-17.18,-18.565,-18.825,-17.77,-15.695,-15.76,-12.41,-16.865,-15.53,-15.79,-15.53,-17.2,-18.265,-18.495,-18.97,-15.995,-15.005
10,14,2014,2,-18.075,-17.01,-17.42,-17.57,-17.195,-17.49,-15.99,-14.565,-13.675,-12.27,-18.04,-18.63,-19.375,-19.715,-17.545,-17.18,-18.565,-18.825,-17.77,-15.695,-15.76,-12.41,-16.865,-15.53,-15.79,-15.53,-17.2,-18.265,-18.495,-18.97,-15.995
10,15,2014,3,-16.9,-18.075,-17.01,-17.42,-17.57,-17.195,-17.49,-15.99,-14.565,-13.675,-12.27,-18.04,-18.63,-19.375,-19.715,-17.545,-17.18,-18.565,-18.825,-17.77,-15.695,-15.76,-12.41,-16.865,-15.53,-15.79,-15.53,-17.2,-18.265,-18.495,-18.97
10,16,2014,4,-12.58,-16.9,-18.075,-17.01,-17.42,-17.57,-17.195,-17.49,-15.99,-14.565,-13.675,-12.27,-18.04,-18.63,-19.375,-19.715,-17.545,-17.18,-18.565,-18.825,-17.77,-15.695,-15.76,-12.41,-16.865,-15.53,-15.79,-15.53,-17.2,-18.265,-18.495
10,17,2014,5,-10.415,-12.58,-16.9,-18.075,-17.01,-17.42,-17.57,-17.195,-17.49,-15.99,-14.565,-13.675,-12.27,-18.04,-18.63,-19.375,-19.715,-17.545,-17.18,-18.565,-18.825,-17.77,-15.695,-15.76,-12.41,-16.865,-15.53,-15.79,-15.53,-17.2,-18.265
10,18,2014,6,-11.975,-10.415,-12.58,-16.9,-18.075,-17.01,-17.42,-17.57,-17.195,-17.49,-15.99,-14.565,-13.675,-12.27,-18.04,-18.63,-19.375,-19.715,-17.545,-17.18,-18.565,-18.825,-17.77,-15.695,-15.76,-12.41,-16.865,-15.53,-15.79,-15.53,-17.2
10,19,2014,7,-12.465,-11.975,-10.415,-12.58,-16.9,-18.075,-17.01,-17.42,-17.57,-17.195,-17.49,-15.99,-14.565,-13.675,-12.27,-18.04,-18.63,-19.375,-19.715,-17.545,-17.18,-18.565,-18.825,-17.77,-15.695,-15.76,-12.41,-16.865,-15.53,-15.79,-15.53
10,20,2014,1,-13.875,-12.465,-11.975,-10.415,-12.58,-16.9,-18.075,-17.01,-17.42,-17.57,-17.195,-17.49,-15.99,-14.565,-13.675,-12.27,-18.04,-18.63,-19.375,-19.715,-17.545,-17.18,-18.565,-18.825,-17.77,-15.695,-15.76,-12.41,-16.865,-15.53,-15.79
10,21,2014,2,-12.89,-13.875,-12.465,-11.975,-10.415,-12.58,-16.9,-18.075,-17.01,-17.42,-17.57,-17.195,-17.49,-15.99,-14.565,-13.675,-12.27,-18.04,-18.63,-19.375,-19.715,-17.545,-17.18,-18.565,-18.825,-17.77,-15.695,-15.76,-12.41,-16.865,-15.53
10,22,2014,3,-13.585,-12.89,-13.875,-12.465,-11.975,-10.415,-12.58,-16.9,-18.075,-17.01,-17.42,-17.57,-17.195,-17.49,-15.99,-14.565,-13.675,-12.27,-18.04,-18.63,-19.375,-19.715,-17.545,-17.18,-18.565,-18.825,-17.77,-15.695,-15.76,-12.41,-16.865
10,23,2014,4,-11.345,-13.585,-12.89,-13.875,-12.465,-11.975,-10.415,-12.58,-16.9,-18.075,-17.01,-17.42,-17.57,-17.195,-17.49,-15.99,-14.565,-13.675,-12.27,-18.04,-18.63,-19.375,-19.715,-17.545,-17.18,-18.565,-18.825,-17.77,-15.695,-15.76,-12.41
10,24,2014,5,-11.795,-11.345,-13.585,-12.89,-13.875,-12.465,-11.975,-10.415,-12.58,-16.9,-18.075,-17.01,-17.42,-17.57,-17.195,-17.49,-15.99,-14.565,-13.675,-12.27,-18.04,-18.63,-19.375,-19.715,-17.545,-17.18,-18.565,-18.825,-17.77,-15.695,-15.76
10,25,2014,6,-10.825,-11.795,-11.345,-13.585,-12.89,-13.875,-12.465,-11.975,-10.415,-12.58,-16.9,-18.075,-17.01,-17.42,-17.57,-17.195,-17.49,-15.99,-14.565,-13.675,-12.27,-18.04,-18.63,-19.375,-19.715,-17.545,-17.18,-18.565,-18.825,-17.77,-15.695
10,26,2014,7,-10.18,-10.78,-11.76,-11.545,-13.57,-12.845,-13.835,-12.445,-11.975,-10.415,-12.58,-16.9,-18.075,-17.01,-18.555,-17.57,-17.195,-17.49,-15.99,-14.565,-13.675,-12.27,-18.04,-18.63,-19.375,-19.715,-17.545,-17.18,-18.565,-18.825,-17.77
