10,25,2013,5,21.68,26.865,29.0,31.3,29.795,26.525,24.205,19.44,16.65,17.6,14.075,17.325,16.1,10.745,-1.365,-0.39,-2.435,1.475,10.18,16.795,11.12,7.43,6.115,4.765,0.605,-4.46,3.46,3.2,-10.645,-4.71,2.23
10,26,2013,6,20.71,21.68,26.865,29.0,31.3,29.795,26.525,24.205,19.44,16.65,17.6,14.075,17.325,16.1,10.745,-1.365,-0.39,-2.435,1.475,10.18,16.795,11.12,7.43,6.115,4.765,0.605,-4.46,3.46,3.2,-10.645,-4.71
10,27,2013,7,20.57,20.71,21.68,26.865,29.0,31.3,29.795,26.525,24.205,19.44,16.65,17.6,14.075,17.325,16.1,10.745,-1.365,-0.39,-2.435,1.475,10.18,16.795,11.12,7.43,6.115,4.765,0.605,-4.46,3.46,3.2,-10.645
10,28,2013,1,27.48,20.57,20.71,21.68,26.865,29.0,31.3,29.795,26.525,24.205,19.44,16.65,17.6,14.075,17.325,16.1,10.745,-1.365,-0.39,-2.435,1.475,10.18,16.795,11.12,7.43,6.115,4.765,0.605,-4.46,3.46,3.2
10,29,2013,2,28.975,27.48,20.57,20.71,21.68,26.865,29.0,31.3,29.795,26.525,24.205,19.44,16.65,17.6,14.075,17.325,16.1,10.745,-1.365,-0.39,-2.435,1.475,10.18,16.795,11.12,7.43,6.115,4.765,0.605,-4.46,3.46
10,30,2013,3,20.585,28.975,27.48,20.57,20.71,21.68,26.865,29.0,31.3,29.795,26.525,24.205,19.44,16.65,17.6,14.075,17.325,16.1,10.745,-1.365,-0.39,-2.435,1.475,10.18,16.795,11.12,7.43,6.115,4.765,0.605,-4.46
10,31,2013,4,19.555,20.585,28.975,27.48,20.57,20.71,21.68,26.865,29.0,31.3,29.795,26.525,24.205,19.44,16.65,17.6,14.075,17.325,16.1,10.745,-1.365,-0.39,-2.435,1.475,10.18,16.795,11.12,7.43,6.115,4.765,0.605
11,1,2013,5,18.765,19.555,20.585,28.975,27.48,20.57,20.71,21.68,26.865,29.0,31.3,29.795,26.525,24.205,19.44,16.65,17.6,14.075,17.325,16.1,10.745,-1.365,-0.39,-2.435,1.475,10.18,16.795,11.12,7.43,6.115,4.765
11,2,2013,6,22.48,18.765,19.555,20.585,28.975,27.48,20.57,20.71,21.68,26.865,29.0,31.3,29.795,26.525,24.205,19.44,16.65,17.6,14.075,17.325,16.1,10.745,-1.365,-0.39,-2.435,1.475,10.18,16.795,11.12,7.43,6.115
11,3,2013,7,20.15,22.48,18.765,19.555,20.585,28.975,27.48,20.57,20.71,21.68,26.865,29.0,31.3,29.795,26.525,24.205,19.44,16.65,17.6,14.075,17.325,16.1,10.745,-1.365,-0.39,-2.435,1.475,10.18,16.795,11.12,7.43
11,4,2013,1,22.725,20.15,22.48,18.765,19.555,20.585,28.975,27.48,20.57,20.71,21.68,26.865,29.0,31.3,29.795,26.525,24.205,19.44,16.65,17.6,14.075,17.325,16.1,10.745,-1.365,-0.39,-2.435,1.475,10.18,16.795,11.12
11,5,2013,2,27.725,22.725,20.15,22.48,18.765,19.555,20.585,28.975,27.48,20.57,20.71,21.68,26.865,29.0,31.3,29.795,26.525,24.205,19.44,16.65,17.6,14.075,17.325,16.1,10.745,-1.365,-0.39,-2.435,1.475,10.18,16.795
11,6,2013,3,29.615,27.725,22.725,20.15,22.48,18.765,19.555,20.585,28.975,27.48,20.57,20.71,21.68,26.865,29.0,31.3,29.795,26.525,24.205,19.44,16.65,17.6,14.075,17.325,16.1,10.745,-1.365,-0.39,-2.435,1.475,10.18
11,7,2013,4,33.565,29.615,27.725,22.725,20.15,22.48,18.765,19.555,20.585,28.975,27.48,20.57,20.71,21.68,26.865,29.0,31.3,29.795,26.525,24.205,19.44,16.65,17.6,14.075,17.325,16.1,10.745,-1.365,-0.39,-2.435,1.475
11,8,2013,5,30.565,33.565,29.615,27.725,22.725,20.15,22.48,18.765,19.555,20.585,28.975,27.48,20.57,20.71,21.68,26.865,29.0,31.3,29.795,26.525,24.205,19.44,16.65,17.6,14.075,17.325,16.1,10.745,-1.365,-0.39,-2.435
11,9,2013,6,23.53,30.565,33.565,29.615,27.725,22.725,20.15,22.48,18.765,19.555,20.585,28.975,27.48,20.57,20.71,21.68,26.865,29.0,31.3,29.795,26.525,24.205,19.44,16.65,17.6,14.075,17.325,16.1,10.745,-1.365,-0.39
11,10,2013,7,27.395,23.53,30.565,33.565,29.615,27.725,22.725,20.15,22.48,18.765,19.555,20.585,28.975,27.48,20.57,20.71,21.68,26.865,29.0,31.3,29.795,26.525,24.205,19.44,16.65,17.6,14.075,17.325,16.1,10.745,-1.365
11,11,2013,1,37.42,27.395,23.53,30.565,33.565,29.615,27.725,22.725,20.15,22.48,18.765,19.555,20.585,28.975,27.48,20.57,20.71,21.68,26.865,29.0,31.3,29.795,26.525,24.205,19.44,16.65,17.6,14.075,17.325,16.1,10.745
11,12,2013,2,44.46,37.42,27.395,23.53,30.565,33.565,29.615,27.725,22.725,20.15,22.48,18.765,19.555,20.585,28.975,27.48,20.57,20.71,21.68,26.865,29.0,31.3,29.795,26.525,24.205,19.44,16.65,17.6,14.075,17.325,16.1
11,13,2013,3,28.24,44.46,37.42,27.395,23.53,30.565,33.565,29.615,27.725,22.725,20.15,22.48,18.765,19.555,20.585,28.975,27.48,20.57,20.71,21.68,26.865,29.0,31.3,29.795,26.525,24.205,19.44,16.65,17.6,14.075,17.325
11,14,2013,4,21.765,28.24,44.46,37.42,27.395,23.53,30.565,33.565,29.615,27.725,22.725,20.15,22.48,18.765,19.555,20.585,28.975,27.48,20.57,20.71,21.68,26.865,29.0,31.3,29.795,26.525,24.205,19.44,16.65,17.6,14.075
11,15,2013,5,22.295,21.765,28.24,44.46,37.42,27.395,23.53,30.565,33.565,29.615,27.725,22.725,20.15,22.48,18.765,19.555,20.585,28.975,27.48,20.57,20.71,21.68,26.865,29.0,31.3,29.795,26.525,24.205,19.44,16.65,17.6
11,16,2013,6,18.595,22.295,21.765,28.24,44.46,37.42,27.395,23.53,30.565,33.565,29.615,27.725,22.725,20.15,22.48,18.765,19.555,20.585,28.975,27.48,20.57,20.71,21.68,26.865,29.0,31.3,29.795,26.525,24.205,19.44,16.65
11,17,2013,7,25.735,18.595,22.295,21.765,28.24,44.46,37.42,27.395,23.53,30.565,33.565,29.615,27.725,22.725,20.15,22.48,18.765,19.555,20.585,28.975,27.48,20.57,20.71,21.68,26.865,29.0,31.3,29.795,26.525,24.205,19.44
11,18,2013,1,34.935,25.735,18.595,22.295,21.765,28.24,44.46,37.42,27.395,23.53,30.565,33.565,29.615,27.725,22.725,20.15,22.48,18.765,19.555,20.585,28.975,27.48,20.57,20.71,21.68,26.865,29.0,31.3,29.795,26.525,24.205
11,19,2013,2,30.98,34.935,25.735,18.595,22.295,21.765,28.24,44.46,37.42,27.395,23.53,30.565,33.565,29.615,27.725,22.725,20.15,22.48,18.765,19.555,20.585,28.975,27.48,20.57,20.71,21.68,26.865,29.0,31.3,29.795,26.525
11,20,2013,3,23.655,30.98,34.935,25.735,18.595,22.295,21.765,28.24,44.46,37.42,27.395,23.53,30.565,33.565,29.615,27.725,22.725,20.15,22.48,18.765,19.555,20.585,28.975,27.48,20.57,20.71,21.68,26.865,29.0,31.3,29.795
11,21,2013,4,32.865,23.655,30.98,34.935,25.735,18.595,22.295,21.765,28.24,44.46,37.42,27.395,23.53,30.565,33.565,29.615,27.725,22.725,20.15,22.48,18.765,19.555,20.585,28.975,27.48,20.57,20.71,21.68,26.865,29.0,31.3
11,22,2013,5,40.95,32.865,23.655,30.98,34.935,25.735,18.595,22.295,21.765,28.24,44.46,37.42,27.395,23.53,30.565,33.565,29.615,27.725,22.725,20.15,22.48,18.765,19.555,20.585,28.975,27.48,20.57,20.71,21.68,26.865,29.0
11,23,2013,6,51.755,40.95,32.865,23.655,30.98,34.935,25.735,18.595,22.295,21.765,28.24,44.46,37.42,27.395,23.53,30.565,33.565,29.615,27.725,22.725,20.15,22.48,18.765,19.555,20.585,28.975,27.48,20.57,20.71,21.68,26.865
11,24,2013,7,45.295,51.755,40.95,32.865,23.655,30.98,34.935,25.735,18.595,22.295,21.765,28.24,44.46,37.42,27.395,23.53,30.565,33.565,29.615,27.725,22.725,20.15,22.48,18.765,19.555,20.585,28.975,27.48,20.57,20.71,21.68
11,25,2013,1,30.925,45.295,51.755,40.95,32.865,23.655,30.98,34.935,25.735,18.595,22.295,21.765,28.24,44.46,37.42,27.395,23.53,30.565,33.565,29.615,27.725,22.725,20.15,22.48,18.765,19.555,20.585,28.975,27.48,20.57,20.71
11,26,2013,2,42.26,30.925,45.295,51.755,40.95,32.865,23.655,30.98,34.935,25.735,18.595,22.295,21.765,28.24,44.46,37.42,27.395,23.53,30.565,33.565,29.615,27.725,22.725,20.15,22.48,18.765,19.555,20.585,28.975,27.48,20.57
11,27,2013,3,48.01,42.26,30.925,45.295,51.755,40.95,32.865,23.655,30.98,34.935,25.735,18.595,22.295,21.765,28.24,44.46,37.42,27.395,23.53,30.565,33.565,29.615,27.725,22.725,20.15,22.48,18.765,19.555,20.585,28.975,27.48
11,28,2013,4,43.97,48.01,42.26,30.925,45.295,51.755,40.95,32.865,23.655,30.98,34.935,25.735,18.595,22.295,21.765,28.24,44.46,37.42,27.395,23.53,30.565,33.565,29.615,27.725,22.725,20.15,22.48,18.765,19.555,20.585,28.975
11,29,2013,5,42.79,43.97,48.01,42.26,30.925,45.295,51.755,40.95,32.865,23.655,30.98,34.935,25.735,18.595,22.295,21.765,28.24,44.46,37.42,27.395,23.53,30.565,33.565,29.615,27.725,22.725,20.15,22.48,18.765,19.555,20.585
11,30,2013,6,33.5,42.79,43.97,48.01,42.26,30.925,45.295,51.755,40.95,32.865,23.655,30.98,34.935,25.735,18.595,22.295,21.765,28.24,44.46,37.42,27.395,23.53,30.565,33.565,29.615,27.725,22.725,20.15,22.48,18.765,19.555
12,1,2013,7,37.79,33.5,42.79,43.97,48.01,42.26,30.925,45.295,51.755,40.95,32.865,23.655,30.98,34.935,25.735,18.595,22.295,21.765,28.24,44.46,37.42,27.395,23.53,30.565,33.565,29.615,27.725,22.725,20.15,22.48,18.765
12,2,2013,1,32.73,37.79,33.5,42.79,43.97,48.01,42.26,30.925,45.295,51.755,40.95,32.865,23.655,30.98,34.935,25.735,18.595,22.295,21.765,28.24,44.46,37.42,27.395,23.53,30.565,33.565,29.615,27.725,22.725,20.15,22.48
12,3,2013,2,30.645,32.73,37.79,33.5,42.79,43.97,48.01,42.26,30.925,45.295,51.755,40.95,32.865,23.655,30.98,34.935,25.735,18.595,22.295,21.765,28.24,44.46,37.42,27.395,23.53,30.565,33.565,29.615,27.725,22.725,20.15
12,4,2013,3,39.865,30.645,32.73,37.79,33.5,42.79,43.97,48.01,42.26,30.925,45.295,51.755,40.95,32.865,23.655,30.98,34.935,25.735,18.595,22.295,21.765,28.24,44.46,37.42,27.395,23.53,30.565,33.565,29.615,27.725,22.725
12,5,2013,4,57.175,39.865,30.645,32.73,37.79,33.5,42.79,43.97,48.01,42.26,30.925,45.295,51.755,40.95,32.865,23.655,30.98,34.935,25.735,18.595,22.295,21.765,28.24,44.46,37.42,27.395,23.53,30.565,33.565,29.615,27.725
12,6,2013,5,66.165,57.175,39.865,30.645,32.73,37.79,33.5,42.79,43.97,48.01,42.26,30.925,45.295,51.755,40.95,32.865,23.655,30.98,34.935,25.735,18.595,22.295,21.765,28.24,44.46,37.42,27.395,23.53,30.565,33.565,29.615
12,7,2013,6,69.435,66.165,57.175,39.865,30.645,32.73,37.79,33.5,42.79,43.97,48.01,42.26,30.925,45.295,51.755,40.95,32.865,23.655,30.98,34.935,25.735,18.595,22.295,21.765,28.24,44.46,37.42,27.395,23.53,30.565,33.565
12,8,2013,7,60.185,69.435,66.165,57.175,39.865,30.645,32.73,37.79,33.5,42.79,43.97,48.01,42.26,30.925,45.295,51.755,40.95,32.865,23.655,30.98,34.935,25.735,18.595,22.295,21.765,28.24,44.46,37.42,27.395,23.53,30.565
12,9,2013,1,60.895,60.185,69.435,66.165,57.175,39.865,30.645,32.73,37.79,33.5,42.79,43.97,48.01,42.26,30.925,45.295,51.755,40.95,32.865,23.655,30.98,34.935,25.735,18.595,22.295,21.765,28.24,44.46,37.42,27.395,23.53
12,10,2013,2,58.21,60.895,60.185,69.435,66.165,57.175,39.865,30.645,32.73,37.79,33.5,42.79,43.97,48.01,42.26,30.925,45.295,51.755,40.95,32.865,23.655,30.98,34.935,25.735,18.595,22.295,21.765,28.24,44.46,37.42,27.395
12,11,2013,3,65.9,58.21,60.895,60.185,69.435,66.165,57.175,39.865,30.645,32.73,37.79,33.5,42.79,43.97,48.01,42.26,30.925,45.295,51.755,40.95,32.865,23.655,30.98,34.935,25.735,18.595,22.295,21.765,28.24,44.46,37.42
12,12,2013,4,55.1,65.9,58.21,60.895,60.185,69.435,66.165,57.175,39.865,30.645,32.73,37.79,33.5,42.79,43.97,48.01,42.26,30.925,45.295,51.755,40.95,32.865,23.655,30.98,34.935,25.735,18.595,22.295,21.765,28.24,44.46
12,13,2013,5,50.685,55.1,65.9,58.21,60.895,60.185,69.435,66.165,57.175,39.865,30.645,32.73,37.79,33.5,42.79,43.97,48.01,42.26,30.925,45.295,51.755,40.95,32.865,23.655,30.98,34.935,25.735,18.595,22.295,21.765,28.24
12,14,2013,6,56.4,50.685,55.1,65.9,58.21,60.895,60.185,69.435,66.165,57.175,39.865,30.645,32.73,37.79,33.5,42.79,43.97,48.01,42.26,30.925,45.295,51.755,40.95,32.865,23.655,30.98,34.935,25.735,18.595,22.295,21.765
12,15,2013,7,63.435,56.4,50.685,55.1,65.9,58.21,60.895,60.185,69.435,66.165,57.175,39.865,30.645,32.73,37.79,33.5,42.79,43.97,48.01,42.26,30.925,45.295,51.755,40.95,32.865,23.655,30.98,34.935,25.735,18.595,22.295
12,16,2013,1,55.53,63.435,56.4,50.685,55.1,65.9,58.21,60.895,60.185,69.435,66.165,57.175,39.865,30.645,32.73,37.79,33.5,42.79,43.97,48.01,42.26,30.925,45.295,51.755,40.95,32.865,23.655,30.98,34.935,25.735,18.595
12,17,2013,2,44.42,55.53,63.435,56.4,50.685,55.1,65.9,58.21,60.895,60.185,69.435,66.165,57.175,39.865,30.645,32.73,37.79,33.5,42.79,43.97,48.01,42.26,30.925,45.295,51.755,40.95,32.865,23.655,30.98,34.935,25.735
12,18,2013,3,43.625,44.42,55.53,63.435,56.4,50.685,55.1,65.9,58.21,60.895,60.185,69.435,66.165,57.175,39.865,30.645,32.73,37.79,33.5,42.79,43.97,48.01,42.26,30.925,45.295,51.755,40.95,32.865,23.655,30.98,34.935
12,19,2013,4,42.555,43.625,44.42,55.53,63.435,56.4,50.685,55.1,65.9,58.21,60.895,60.185,69.435,66.165,57.175,39.865,30.645,32.73,37.79,33.5,42.79,43.97,48.01,42.26,30.925,45.295,51.755,40.95,32.865,23.655,30.98
12,20,2013,5,47.96,42.555,43.625,44.42,55.53,63.435,56.4,50.685,55.1,65.9,58.21,60.895,60.185,69.435,66.165,57.175,39.865,30.645,32.73,37.79,33.5,42.79,43.97,48.01,42.26,30.925,45.295,51.755,40.95,32.865,23.655
12,21,2013,6,44.865,47.96,42.555,43.625,44.42,55.53,63.435,56.4,50.685,55.1,65.9,58.21,60.895,60.185,69.435,66.165,57.175,39.865,30.645,32.73,37.79,33.5,42.79,43.97,48.01,42.26,30.925,45.295,51.755,40.95,32.865
12,22,2013,7,50.965,44.865,47.96,42.555,43.625,44.42,55.53,63.435,56.4,50.685,55.1,65.9,58.21,60.895,60.185,69.435,66.165,57.175,39.865,30.645,32.73,37.79,33.5,42.79,43.97,48.01,42.26,30.925,45.295,51.755,40.95
12,23,2013,1,63.155,50.965,44.865,47.96,42.555,43.625,44.42,55.53,63.435,56.4,50.685,55.1,65.9,58.21,60.895,60.185,69.435,66.165,57.175,39.865,30.645,32.73,37.79,33.5,42.79,43.97,48.01,42.26,30.925,45.295,51.755
12,24,2013,2,65.45,63.155,50.965,44.865,47.96,42.555,43.625,44.42,55.53,63.435,56.4,50.685,55.1,65.9,58.21,60.895,60.185,69.435,66.165,57.175,39.865,30.645,32.73,37.79,33.5,42.79,43.97,48.01,42.26,30.925,45.295
12,25,2013,3,47.48,65.45,63.155,50.965,44.865,47.96,42.555,43.625,44.42,55.53,63.435,56.4,50.685,55.1,65.9,58.21,60.895,60.185,69.435,66.165,57.175,39.865,30.645,32.73,37.79,33.5,42.79,43.97,48.01,42.26,30.925
12,26,2013,4,45.595,47.48,65.45,63.155,50.965,44.865,47.96,42.555,43.625,44.42,55.53,63.435,56.4,50.685,55.1,65.9,58.21,60.895,60.185,69.435,66.165,57.175,39.865,30.645,32.73,37.79,33.5,42.79,43.97,48.01,42.26
12,27,2013,5,39.34,45.595,47.48,65.45,63.155,50.965,44.865,47.96,42.555,43.625,44.42,55.53,63.435,56.4,50.685,55.1,65.9,58.21,60.895,60.185,69.435,66.165,57.175,39.865,30.645,32.73,37.79,33.5,42.79,43.97,48.01
12,28,2013,6,32.155,39.34,45.595,47.48,65.45,63.155,50.965,44.865,47.96,42.555,43.625,44.42,55.53,63.435,56.4,50.685,55.1,65.9,58.21,60.895,60.185,69.435,66.165,57.175,39.865,30.645,32.73,37.79,33.5,42.79,43.97
12,29,2013,7,60.02,32.155,39.34,45.595,47.48,65.45,63.155,50.965,44.865,47.96,42.555,43.625,44.42,55.53,63.435,56.4,50.685,55.1,65.9,58.21,60.895,60.185,69.435,66.165,57.175,39.865,30.645,32.73,37.79,33.5,42.79
12,30,2013,1,70.09,60.02,32.155,39.34,45.595,47.48,65.45,63.155,50.965,44.865,47.96,42.555,43.625,44.42,55.53,63.435,56.4,50.685,55.1,65.9,58.21,60.895,60.185,69.435,66.165,57.175,39.865,30.645,32.73,37.79,33.5
12,31,2013,2,70.1,70.09,60.02,32.155,39.34,45.595,47.48,65.45,63.155,50.965,44.865,47.96,42.555,43.625,44.42,55.53,63.435,56.4,50.685,55.1,65.9,58.21,60.895,60.185,69.435,66.165,57.175,39.865,30.645,32.73,37.79
1,1,2014,3,68.23,70.1,70.09,60.02,32.155,39.34,45.595,47.48,65.45,63.155,50.965,44.865,47.96,42.555,43.625,44.42,55.53,63.435,56.4,50.685,55.1,65.9,58.21,60.895,60.185,69.435,66.165,57.175,39.865,30.645,32.73
1,2,2014,4,68.81,68.23,70.1,70.09,60.02,32.155,39.34,45.595,47.48,65.45,63.155,50.965,44.865,47.96,42.555,43.625,44.42,55.53,63.435,56.4,50.685,55.1,65.9,58.21,60.895,60.185,69.435,66.165,57.175,39.865,30.645
1,3,2014,5,55.665,68.81,68.23,70.1,70.09,60.02,32.155,39.34,45.595,47.48,65.45,63.155,50.965,44.865,47.96,42.555,43.625,44.42,55.53,63.435,56.4,50.685,55.1,65.9,58.21,60.895,60.185,69.435,66.165,57.175,39.865
1,4,2014,6,48.12,55.665,68.81,68.23,70.1,70.09,60.02,32.155,39.34,45.595,47.48,65.45,63.155,50.965,44.865,47.96,42.555,43.625,44.42,55.53,63.435,56.4,50.685,55.1,65.9,58.21,60.895,60.185,69.435,66.165,57.175
1,5,2014,7,74.95,48.12,55.665,68.81,68.23,70.1,70.09,60.02,32.155,39.34,45.595,47.48,65.45,63.155,50.965,44.865,47.96,42.555,43.625,44.42,55.53,63.435,56.4,50.685,55.1,65.9,58.21,60.895,60.185,69.435,66.165
1,6,2014,1,81.555,74.95,48.12,55.665,68.81,68.23,70.1,70.09,60.02,32.155,39.34,45.595,47.48,65.45,63.155,50.965,44.865,47.96,42.555,43.625,44.42,55.53,63.435,56.4,50.685,55.1,65.9,58.21,60.895,60.185,69.435
1,7,2014,2,70.325,81.555,74.95,48.12,55.665,68.81,68.23,70.1,70.09,60.02,32.155,39.34,45.595,47.48,65.45,63.155,50.965,44.865,47.96,42.555,43.625,44.42,55.53,63.435,56.4,50.685,55.1,65.9,58.21,60.895,60.185
1,8,2014,3,68.37,70.325,81.555,74.95,48.12,55.665,68.81,68.23,70.1,70.09,60.02,32.155,39.34,45.595,47.48,65.45,63.155,50.965,44.865,47.96,42.555,43.625,44.42,55.53,63.435,56.4,50.685,55.1,65.9,58.21,60.895
1,9,2014,4,60.42,68.37,70.325,81.555,74.95,48.12,55.665,68.81,68.23,70.1,70.09,60.02,32.155,39.34,45.595,47.48,65.45,63.155,50.965,44.865,47.96,42.555,43.625,44.42,55.53,63.435,56.4,50.685,55.1,65.9,58.21
1,10,2014,5,41.545,60.42,68.37,70.325,81.555,74.95,48.12,55.665,68.81,68.23,70.1,70.09,60.02,32.155,39.34,45.595,47.48,65.45,63.155,50.965,44.865,47.96,42.555,43.625,44.42,55.53,63.435,56.4,50.685,55.1,65.9
1,11,2014,6,38.125,41.545,60.42,68.37,70.325,81.555,74.95,48.12,55.665,68.81,68.23,70.1,70.09,60.02,32.155,39.34,45.595,47.48,65.45,63.155,50.965,44.865,47.96,42.555,43.625,44.42,55.53,63.435,56.4,50.685,55.1
1,12,2014,7,33.605,38.125,41.545,60.42,68.37,70.325,81.555,74.95,48.12,55.665,68.81,68.23,70.1,70.09,60.02,32.155,39.34,45.595,47.48,65.45,63.155,50.965,44.865,47.96,42.555,43.625,44.42,55.53,63.435,56.4,50.685
1,13,2014,1,35.075,33.605,38.125,41.545,60.42,68.37,70.325,81.555,74.95,48.12,55.665,68.81,68.23,70.1,70.09,60.02,32.155,39.34,45.595,47.48,65.45,63.155,50.965,44.865,47.96,42.555,43.625,44.42,55.53,63.435,56.4
1,14,2014,2,46.39,35.075,33.605,38.125,41.545,60.42,68.37,70.325,81.555,74.95,48.12,55.665,68.81,68.23,70.1,70.09,60.02,32.155,39.34,45.595,47.48,65.45,63.155,50.965,44.865,47.96,42.555,43.625,44.42,55.53,63.435
1,15,2014,3,52.555,46.39,35.075,33.605,38.125,41.545,60.42,68.37,70.325,81.555,74.95,48.12,55.665,68.81,68.23,70.1,70.09,60.02,32.155,39.34,45.595,47.48,65.45,63.155,50.965,44.865,47.96,42.555,43.625,44.42,55.53
1,16,2014,4,43.43,52.555,46.39,35.075,33.605,38.125,41.545,60.42,68.37,70.325,81.555,74.95,48.12,55.665,68.81,68.23,70.1,70.09,60.02,32.155,39.34,45.595,47.48,65.45,63.155,50.965,44.865,47.96,42.555,43.625,44.42
1,17,2014,5,58.035,43.43,52.555,46.39,35.075,33.605,38.125,41.545,60.42,68.37,70.325,81.555,74.95,48.12,55.665,68.81,68.23,70.1,70.09,60.02,32.155,39.34,45.595,47.48,65.45,63.155,50.965,44.865,47.96,42.555,43.625
1,18,2014,6,49.635,58.035,43.43,52.555,46.39,35.075,33.605,38.125,41.545,60.42,68.37,70.325,81.555,74.95,48.12,55.665,68.81,68.23,70.1,70.09,60.02,32.155,39.34,45.595,47.48,65.45,63.155,50.965,44.865,47.96,42.555
1,19,2014,7,36.87,49.635,58.035,43.43,52.555,46.39,35.075,33.605,38.125,41.545,60.42,68.37,70.325,81.555,74.95,48.12,55.665,68.81,68.23,70.1,70.09,60.02,32.155,39.34,45.595,47.48,65.45,63.155,50.965,44.865,47.96
1,20,2014,1,50.375,36.87,49.635,58.035,43.43,52.555,46.39,35.075,33.605,38.125,41.545,60.42,68.37,70.325,81.555,74.95,48.12,55.665,68.81,68.23,70.1,70.09,60.02,32.155,39.34,45.595,47.48,65.45,63.155,50.965,44.865
1,21,2014,2,68.775,50.375,36.87,49.635,58.035,43.43,52.555,46.39,35.075,33.605,38.125,41.545,60.42,68.37,70.325,81.555,74.95,48.12,55.665,68.81,68.23,70.1,70.09,60.02,32.155,39.34,45.595,47.48,65.45,63.155,50.965
1,22,2014,3,63.985,68.775,50.375,36.87,49.635,58.035,43.43,52.555,46.39,35.075,33.605,38.125,41.545,60.42,68.37,70.325,81.555,74.95,48.12,55.665,68.81,68.23,70.1,70.09,60.02,32.155,39.34,45.595,47.48,65.45,63.155
1,23,2014,4,73.525,63.985,68.775,50.375,36.87,49.635,58.035,43.43,52.555,46.39,35.075,33.605,38.125,41.545,60.42,68.37,70.325,81.555,74.95,48.12,55.665,68.81,68.23,70.1,70.09,60.02,32.155,39.34,45.595,47.48,65.45
1,24,2014,5,47.225,73.525,63.985,68.775,50.375,36.87,49.635,58.035,43.43,52.555,46.39,35.075,33.605,38.125,41.545,60.42,68.37,70.325,81.555,74.95,48.12,55.665,68.81,68.23,70.1,70.09,60.02,32.155,39.34,45.595,47.48
1,25,2014,6,51.475,47.225,73.525,63.985,68.775,50.375,36.87,49.635,58.035,43.43,52.555,46.39,35.075,33.605,38.125,41.545,60.42,68.37,70.325,81.555,74.95,48.12,55.665,68.81,68.23,70.1,70.09,60.02,32.155,39.34,45.595
1,26,2014,7,58.775,51.475,47.225,73.525,63.985,68.775,50.375,36.87,49.635,58.035,43.43,52.555,46.39,35.075,33.605,38.125,41.545,60.42,68.37,70.325,81.555,74.95,48.12,55.665,68.81,68.23,70.1,70.09,60.02,32.155,39.34
1,27,2014,1,75.805,58.775,51.475,47.225,73.525,63.985,68.775,50.375,36.87,49.635,58.035,43.43,52.555,46.39,35.075,33.605,38.125,41.545,60.42,68.37,70.325,81.555,74.95,48.12,55.665,68.81,68.23,70.1,70.09,60.02,32.155
1,28,2014,2,72.095,75.805,58.775,51.475,47.225,73.525,63.985,68.775,50.375,36.87,49.635,58.035,43.43,52.555,46.39,35.075,33.605,38.125,41.545,60.42,68.37,70.325,81.555,74.95,48.12,55.665,68.81,68.23,70.1,70.09,60.02
1,29,2014,3,52.92,72.095,75.805,58.775,51.475,47.225,73.525,63.985,68.775,50.375,36.87,49.635,58.035,43.43,52.555,46.39,35.075,33.605,38.125,41.545,60.42,68.37,70.325,81.555,74.95,48.12,55.665,68.81,68.23,70.1,70.09
1,30,2014,4,52.76,52.92,72.095,75.805,58.775,51.475,47.225,73.525,63.985,68.775,50.375,36.87,49.635,58.035,43.43,52.555,46.39,35.075,33.605,38.125,41.545,60.42,68.37,70.325,81.555,74.95,48.12,55.665,68.81,68.23,70.1
1,31,2014,5,65.11,52.76,52.92,72.095,75.805,58.775,51.475,47.225,73.525,63.985,68.775,50.375,36.87,49.635,58.035,43.43,52.555,46.39,35.075,33.605,38.125,41.545,60.42,68.37,70.325,81.555,74.95,48.12,55.665,68.81,68.23
2,1,2014,6,54.055,65.11,52.76,52.92,72.095,75.805,58.775,51.475,47.225,73.525,63.985,68.775,50.375,36.87,49.635,58.035,43.43,52.555,46.39,35.075,33.605,38.125,41.545,60.42,68.37,70.325,81.555,74.95,48.12,55.665,68.81
2,2,2014,7,63.265,54.055,65.11,52.76,52.92,72.095,75.805,58.775,51.475,47.225,73.525,63.985,68.775,50.375,36.87,49.635,58.035,43.43,52.555,46.39,35.075,33.605,38.125,41.545,60.42,68.37,70.325,81.555,74.95,48.12,55.665
2,3,2014,1,58.47,63.265,54.055,65.11,52.76,52.92,72.095,75.805,58.775,51.475,47.225,73.525,63.985,68.775,50.375,36.87,49.635,58.035,43.43,52.555,46.39,35.075,33.605,38.125,41.545,60.42,68.37,70.325,81.555,74.95,48.12
2,4,2014,2,61.085,58.47,63.265,54.055,65.11,52.76,52.92,72.095,75.805,58.775,51.475,47.225,73.525,63.985,68.775,50.375,36.87,49.635,58.035,43.43,52.555,46.39,35.075,33.605,38.125,41.545,60.42,68.37,70.325,81.555,74.95
2,5,2014,3,64.76,61.085,58.47,63.265,54.055,65.11,52.76,52.92,72.095,75.805,58.775,51.475,47.225,73.525,63.985,68.775,50.375,36.87,49.635,58.035,43.43,52.555,46.39,35.075,33.605,38.125,41.545,60.42,68.37,70.325,81.555
2,6,2014,4,67.685,64.76,61.085,58.47,63.265,54.055,65.11,52.76,52.92,72.095,75.805,58.775,51.475,47.225,73.525,63.985,68.775,50.375,36.87,49.635,58.035,43.43,52.555,46.39,35.075,33.605,38.125,41.545,60.42,68.37,70.325
2,7,2014,5,60.58,67.685,64.76,61.085,58.47,63.265,54.055,65.11,52.76,52.92,72.095,75.805,58.775,51.475,47.225,73.525,63.985,68.775,50.375,36.87,49.635,58.035,43.43,52.555,46.39,35.075,33.605,38.125,41.545,60.42,68.37
2,8,2014,6,59.65,60.58,67.685,64.76,61.085,58.47,63.265,54.055,65.11,52.76,52.92,72.095,75.805,58.775,51.475,47.225,73.525,63.985,68.775,50.375,36.87,49.635,58.035,43.43,52.555,46.39,35.075,33.605,38.125,41.545,60.42
2,9,2014,7,63.02,59.65,60.58,67.685,64.76,61.085,58.47,63.265,54.055,65.11,52.76,52.92,72.095,75.805,58.775,51.475,47.225,73.525,63.985,68.775,50.375,36.87,49.635,58.035,43.43,52.555,46.39,35.075,33.605,38.125,41.545
2,10,2014,1,67.06,63.02,59.65,60.58,67.685,64.76,61.085,58.47,63.265,54.055,65.11,52.76,52.92,72.095,75.805,58.775,51.475,47.225,73.525,63.985,68.775,50.375,36.87,49.635,58.035,43.43,52.555,46.39,35.075,33.605,38.125
2,11,2014,2,64.61,67.06,63.02,59.65,60.58,67.685,64.76,61.085,58.47,63.265,54.055,65.11,52.76,52.92,72.095,75.805,58.775,51.475,47.225,73.525,63.985,68.775,50.375,36.87,49.635,58.035,43.43,52.555,46.39,35.075,33.605
2,12,2014,3,46.415,64.61,67.06,63.02,59.65,60.58,67.685,64.76,61.085,58.47,63.265,54.055,65.11,52.76,52.92,72.095,75.805,58.775,51.475,47.225,73.525,63.985,68.775,50.375,36.87,49.635,58.035,43.43,52.555,46.39,35.075
2,13,2014,4,46.95,46.415,64.61,67.06,63.02,59.65,60.58,67.685,64.76,61.085,58.47,63.265,54.055,65.11,52.76,52.92,72.095,75.805,58.775,51.475,47.225,73.525,63.985,68.775,50.375,36.87,49.635,58.035,43.43,52.555,46.39
2,14,2014,5,56.76,46.95,46.415,64.61,67.06,63.02,59.65,60.58,67.685,64.76,61.085,58.47,63.265,54.055,65.11,52.76,52.92,72.095,75.805,58.775,51.475,47.225,73.525,63.985,68.775,50.375,36.87,49.635,58.035,43.43,52.555
2,15,2014,6,55.355,56.76,46.95,46.415,64.61,67.06,63.02,59.65,60.58,67.685,64.76,61.085,58.47,63.265,54.055,65.11,52.76,52.92,72.095,75.805,58.775,51.475,47.225,73.525,63.985,68.775,50.375,36.87,49.635,58.035,43.43
2,16,2014,7,51.1,55.355,56.76,46.95,46.415,64.61,67.06,63.02,59.65,60.58,67.685,64.76,61.085,58.47,63.265,54.055,65.11,52.76,52.92,72.095,75.805,58.775,51.475,47.225,73.525,63.985,68.775,50.375,36.87,49.635,58.035
2,17,2014,1,42.625,51.1,55.355,56.76,46.95,46.415,64.61,67.06,63.02,59.65,60.58,67.685,64.76,61.085,58.47,63.265,54.055,65.11,52.76,52.92,72.095,75.805,58.775,51.475,47.225,73.525,63.985,68.775,50.375,36.87,49.635
2,18,2014,2,35.645,42.625,51.1,55.355,56.76,46.95,46.415,64.61,67.06,63.02,59.65,60.58,67.685,64.76,61.085,58.47,63.265,54.055,65.11,52.76,52.92,72.095,75.805,58.775,51.475,47.225,73.525,63.985,68.775,50.375,36.87
2,19,2014,3,35.545,35.645,42.625,51.1,55.355,56.76,46.95,46.415,64.61,67.06,63.02,59.65,60.58,67.685,64.76,61.085,58.47,63.265,54.055,65.11,52.76,52.92,72.095,75.805,58.775,51.475,47.225,73.525,63.985,68.775,50.375
2,20,2014,4,37.175,35.545,35.645,42.625,51.1,55.355,56.76,46.95,46.415,64.61,67.06,63.02,59.65,60.58,67.685,64.76,61.085,58.47,63.265,54.055,65.11,52.76,52.92,72.095,75.805,58.775,51.475,47.225,73.525,63.985,68.775
2,21,2014,5,53.465,37.175,35.545,35.645,42.625,51.1,55.355,56.76,46.95,46.415,64.61,67.06,63.02,59.65,60.58,67.685,64.76,61.085,58.47,63.265,54.055,65.11,52.76,52.92,72.095,75.805,58.775,51.475,47.225,73.525,63.985
2,22,2014,6,54.915,53.465,37.175,35.545,35.645,42.625,51.1,55.355,56.76,46.95,46.415,64.61,67.06,63.02,59.65,60.58,67.685,64.76,61.085,58.47,63.265,54.055,65.11,52.76,52.92,72.095,75.805,58.775,51.475,47.225,73.525
2,23,2014,7,55.47,54.915,53.465,37.175,35.545,35.645,42.625,51.1,55.355,56.76,46.95,46.415,64.61,67.06,63.02,59.65,60.58,67.685,64.76,61.085,58.47,63.265,54.055,65.11,52.76,52.92,72.095,75.805,58.775,51.475,47.225
2,24,2014,1,58.975,55.47,54.915,53.465,37.175,35.545,35.645,42.625,51.1,55.355,56.76,46.95,46.415,64.61,67.06,63.02,59.65,60.58,67.685,64.76,61.085,58.47,63.265,54.055,65.11,52.76,52.92,72.095,75.805,58.775,51.475
2,25,2014,2,64.875,58.975,55.47,54.915,53.465,37.175,35.545,35.645,42.625,51.1,55.355,56.76,46.95,46.415,64.61,67.06,63.02,59.65,60.58,67.685,64.76,61.085,58.47,63.265,54.055,65.11,52.76,52.92,72.095,75.805,58.775
2,26,2014,3,59.595,64.875,58.975,55.47,54.915,53.465,37.175,35.545,35.645,42.625,51.1,55.355,56.76,46.95,46.415,64.61,67.06,63.02,59.65,60.58,67.685,64.76,61.085,58.47,63.265,54.055,65.11,52.76,52.92,72.095,75.805
2,27,2014,4,71.865,59.595,64.875,58.975,55.47,54.915,53.465,37.175,35.545,35.645,42.625,51.1,55.355,56.76,46.95,46.415,64.61,67.06,63.02,59.65,60.58,67.685,64.76,61.085,58.47,63.265,54.055,65.11,52.76,52.92,72.095
2,28,2014,5,61.26,71.865,59.595,64.875,58.975,55.47,54.915,53.465,37.175,35.545,35.645,42.625,51.1,55.355,56.76,46.95,46.415,64.61,67.06,63.02,59.65,60.58,67.685,64.76,61.085,58.47,63.265,54.055,65.11,52.76,52.92
3,1,2014,6,63.08,61.26,71.865,59.595,64.875,58.975,55.47,54.915,53.465,37.175,35.545,35.645,42.625,51.1,55.355,56.76,46.95,46.415,64.61,67.06,63.02,59.65,60.58,67.685,64.76,61.085,58.47,63.265,54.055,65.11,52.76
3,2,2014,7,70.485,63.08,61.26,71.865,59.595,64.875,58.975,55.47,54.915,53.465,37.175,35.545,35.645,42.625,51.1,55.355,56.76,46.95,46.415,64.61,67.06,63.02,59.65,60.58,67.685,64.76,61.085,58.47,63.265,54.055,65.11
3,3,2014,1,65.385,70.485,63.08,61.26,71.865,59.595,64.875,58.975,55.47,54.915,53.465,37.175,35.545,35.645,42.625,51.1,55.355,56.76,46.95,46.415,64.61,67.06,63.02,59.65,60.58,67.685,64.76,61.085,58.47,63.265,54.055
3,4,2014,2,51.53,65.385,70.485,63.08,61.26,71.865,59.595,64.875,58.975,55.47,54.915,53.465,37.175,35.545,35.645,42.625,51.1,55.355,56.76,46.95,46.415,64.61,67.06,63.02,59.65,60.58,67.685,64.76,61.085,58.47,63.265
3,5,2014,3,47.215,51.53,65.385,70.485,63.08,61.26,71.865,59.595,64.875,58.975,55.47,54.915,53.465,37.175,35.545,35.645,42.625,51.1,55.355,56.76,46.95,46.415,64.61,67.06,63.02,59.65,60.58,67.685,64.76,61.085,58.47
3,6,2014,4,45.07,47.215,51.53,65.385,70.485,63.08,61.26,71.865,59.595,64.875,58.975,55.47,54.915,53.465,37.175,35.545,35.645,42.625,51.1,55.355,56.76,46.95,46.415,64.61,67.06,63.02,59.65,60.58,67.685,64.76,61.085
3,7,2014,5,36.215,45.07,47.215,51.53,65.385,70.485,63.08,61.26,71.865,59.595,64.875,58.975,55.47,54.915,53.465,37.175,35.545,35.645,42.625,51.1,55.355,56.76,46.95,46.415,64.61,67.06,63.02,59.65,60.58,67.685,64.76
3,8,2014,6,43.175,36.215,45.07,47.215,51.53,65.385,70.485,63.08,61.26,71.865,59.595,64.875,58.975,55.47,54.915,53.465,37.175,35.545,35.645,42.625,51.1,55.355,56.76,46.95,46.415,64.61,67.06,63.02,59.65,60.58,67.685
3,9,2014,7,34.395,43.175,36.215,45.07,47.215,51.53,65.385,70.485,63.08,61.26,71.865,59.595,64.875,58.975,55.47,54.915,53.465,37.175,35.545,35.645,42.625,51.1,55.355,56.76,46.95,46.415,64.61,67.06,63.02,59.65,60.58
3,10,2014,1,23.25,34.395,43.175,36.215,45.07,47.215,51.53,65.385,70.485,63.08,61.26,71.865,59.595,64.875,58.975,55.47,54.915,53.465,37.175,35.545,35.645,42.625,51.1,55.355,56.76,46.95,46.415,64.61,67.06,63.02,59.65
3,11,2014,2,27.45,23.25,34.395,43.175,36.215,45.07,47.215,51.53,65.385,70.485,63.08,61.26,71.865,59.595,64.875,58.975,55.47,54.915,53.465,37.175,35.545,35.645,42.625,51.1,55.355,56.76,46.95,46.415,64.61,67.06,63.02
3,12,2014,3,40.105,27.45,23.25,34.395,43.175,36.215,45.07,47.215,51.53,65.385,70.485,63.08,61.26,71.865,59.595,64.875,58.975,55.47,54.915,53.465,37.175,35.545,35.645,42.625,51.1,55.355,56.76,46.95,46.415,64.61,67.06
3,13,2014,4,30.805,40.105,27.45,23.25,34.395,43.175,36.215,45.07,47.215,51.53,65.385,70.485,63.08,61.26,71.865,59.595,64.875,58.975,55.47,54.915,53.465,37.175,35.545,35.645,42.625,51.1,55.355,56.76,46.95,46.415,64.61
3,14,2014,5,29.19,30.805,40.105,27.45,23.25,34.395,43.175,36.215,45.07,47.215,51.53,65.385,70.485,63.08,61.26,71.865,59.595,64.875,58.975,55.47,54.915,53.465,37.175,35.545,35.645,42.625,51.1,55.355,56.76,46.95,46.415
3,15,2014,6,39.59,29.19,30.805,40.105,27.45,23.25,34.395,43.175,36.215,45.07,47.215,51.53,65.385,70.485,63.08,61.26,71.865,59.595,64.875,58.975,55.47,54.915,53.465,37.175,35.545,35.645,42.625,51.1,55.355,56.76,46.95
3,16,2014,7,46.76,39.59,29.19,30.805,40.105,27.45,23.25,34.395,43.175,36.215,45.07,47.215,51.53,65.385,70.485,63.08,61.26,71.865,59.595,64.875,58.975,55.47,54.915,53.465,37.175,35.545,35.645,42.625,51.1,55.355,56.76
3,17,2014,1,35.715,46.76,39.59,29.19,30.805,40.105,27.45,23.25,34.395,43.175,36.215,45.07,47.215,51.53,65.385,70.485,63.08,61.26,71.865,59.595,64.875,58.975,55.47,54.915,53.465,37.175,35.545,35.645,42.625,51.1,55.355
3,18,2014,2,32.26,35.715,46.76,39.59,29.19,30.805,40.105,27.45,23.25,34.395,43.175,36.215,45.07,47.215,51.53,65.385,70.485,63.08,61.26,71.865,59.595,64.875,58.975,55.47,54.915,53.465,37.175,35.545,35.645,42.625,51.1
3,19,2014,3,33.07,32.26,35.715,46.76,39.59,29.19,30.805,40.105,27.45,23.25,34.395,43.175,36.215,45.07,47.215,51.53,65.385,70.485,63.08,61.26,71.865,59.595,64.875,58.975,55.47,54.915,53.465,37.175,35.545,35.645,42.625
3,20,2014,4,32.52,33.07,32.26,35.715,46.76,39.59,29.19,30.805,40.105,27.45,23.25,34.395,43.175,36.215,45.07,47.215,51.53,65.385,70.485,63.08,61.26,71.865,59.595,64.875,58.975,55.47,54.915,53.465,37.175,35.545,35.645
3,21,2014,5,28.655,32.52,33.07,32.26,35.715,46.76,39.59,29.19,30.805,40.105,27.45,23.25,34.395,43.175,36.215,45.07,47.215,51.53,65.385,70.485,63.08,61.26,71.865,59.595,64.875,58.975,55.47,54.915,53.465,37.175,35.545
3,22,2014,6,48.26,28.655,32.52,33.07,32.26,35.715,46.76,39.59,29.19,30.805,40.105,27.45,23.25,34.395,43.175,36.215,45.07,47.215,51.53,65.385,70.485,63.08,61.26,71.865,59.595,64.875,58.975,55.47,54.915,53.465,37.175
3,23,2014,7,47.845,48.26,28.655,32.52,33.07,32.26,35.715,46.76,39.59,29.19,30.805,40.105,27.45,23.25,34.395,43.175,36.215,45.07,47.215,51.53,65.385,70.485,63.08,61.26,71.865,59.595,64.875,58.975,55.47,54.915,53.465
3,24,2014,1,42.49,47.845,48.26,28.655,32.52,33.07,32.26,35.715,46.76,39.59,29.19,30.805,40.105,27.45,23.25,34.395,43.175,36.215,45.07,47.215,51.53,65.385,70.485,63.08,61.26,71.865,59.595,64.875,58.975,55.47,54.915
3,25,2014,2,47.74,42.49,47.845,48.26,28.655,32.52,33.07,32.26,35.715,46.76,39.59,29.19,30.805,40.105,27.45,23.25,34.395,43.175,36.215,45.07,47.215,51.53,65.385,70.485,63.08,61.26,71.865,59.595,64.875,58.975,55.47
3,26,2014,3,38.8,47.74,42.49,47.845,48.26,28.655,32.52,33.07,32.26,35.715,46.76,39.59,29.19,30.805,40.105,27.45,23.25,34.395,43.175,36.215,45.07,47.215,51.53,65.385,70.485,63.08,61.26,71.865,59.595,64.875,58.975
3,27,2014,4,28.77,38.8,47.74,42.49,47.845,48.26,28.655,32.52,33.07,32.26,35.715,46.76,39.59,29.19,30.805,40.105,27.45,23.25,34.395,43.175,36.215,45.07,47.215,51.53,65.385,70.485,63.08,61.26,71.865,59.595,64.875
3,28,2014,5,32.505,28.77,38.8,47.74,42.49,47.845,48.26,28.655,32.52,33.07,32.26,35.715,46.76,39.59,29.19,30.805,40.105,27.45,23.25,34.395,43.175,36.215,45.07,47.215,51.53,65.385,70.485,63.08,61.26,71.865,59.595
3,29,2014,6,33.115,32.505,28.77,38.8,47.74,42.49,47.845,48.26,28.655,32.52,33.07,32.26,35.715,46.76,39.59,29.19,30.805,40.105,27.45,23.25,34.395,43.175,36.215,45.07,47.215,51.53,65.385,70.485,63.08,61.26,71.865
3,30,2014,7,17.815,33.115,32.505,28.77,38.8,47.74,42.49,47.845,48.26,28.655,32.52,33.07,32.26,35.715,46.76,39.59,29.19,30.805,40.105,27.45,23.25,34.395,43.175,36.215,45.07,47.215,51.53,65.385,70.485,63.08,61.26
3,31,2014,1,19.305,17.815,33.115,32.505,28.77,38.8,47.74,42.49,47.845,48.26,28.655,32.52,33.07,32.26,35.715,46.76,39.59,29.19,30.805,40.105,27.45,23.25,34.395,43.175,36.215,45.07,47.215,51.53,65.385,70.485,63.08
4,1,2014,2,36.17,19.305,17.815,33.115,32.505,28.77,38.8,47.74,42.49,47.845,48.26,28.655,32.52,33.07,32.26,35.715,46.76,39.59,29.19,30.805,40.105,27.45,23.25,34.395,43.175,36.215,45.07,47.215,51.53,65.385,70.485
4,2,2014,3,33.755,36.17,19.305,17.815,33.115,32.505,28.77,38.8,47.74,42.49,47.845,48.26,28.655,32.52,33.07,32.26,35.715,46.76,39.59,29.19,30.805,40.105,27.45,23.25,34.395,43.175,36.215,45.07,47.215,51.53,65.385
4,3,2014,4,30.595,33.755,36.17,19.305,17.815,33.115,32.505,28.77,38.8,47.74,42.49,47.845,48.26,28.655,32.52,33.07,32.26,35.715,46.76,39.59,29.19,30.805,40.105,27.45,23.25,34.395,43.175,36.215,45.07,47.215,51.53
4,4,2014,5,31.34,30.595,33.755,36.17,19.305,17.815,33.115,32.505,28.77,38.8,47.74,42.49,47.845,48.26,28.655,32.52,33.07,32.26,35.715,46.76,39.59,29.19,30.805,40.105,27.45,23.25,34.395,43.175,36.215,45.07,47.215
4,5,2014,6,28.36,31.34,30.595,33.755,36.17,19.305,17.815,33.115,32.505,28.77,38.8,47.74,42.49,47.845,48.26,28.655,32.52,33.07,32.26,35.715,46.76,39.59,29.19,30.805,40.105,27.45,23.25,34.395,43.175,36.215,45.07
4,6,2014,7,13.835,28.36,31.34,30.595,33.755,36.17,19.305,17.815,33.115,32.505,28.77,38.8,47.74,42.49,47.845,48.26,28.655,32.52,33.07,32.26,35.715,46.76,39.59,29.19,30.805,40.105,27.45,23.25,34.395,43.175,36.215
4,7,2014,1,16.265,13.835,28.36,31.34,30.595,33.755,36.17,19.305,17.815,33.115,32.505,28.77,38.8,47.74,42.49,47.845,48.26,28.655,32.52,33.07,32.26,35.715,46.76,39.59,29.19,30.805,40.105,27.45,23.25,34.395,43.175
4,8,2014,2,21.495,16.265,13.835,28.36,31.34,30.595,33.755,36.17,19.305,17.815,33.115,32.505,28.77,38.8,47.74,42.49,47.845,48.26,28.655,32.52,33.07,32.26,35.715,46.76,39.59,29.19,30.805,40.105,27.45,23.25,34.395
4,9,2014,3,13.05,21.495,16.265,13.835,28.36,31.34,30.595,33.755,36.17,19.305,17.815,33.115,32.505,28.77,38.8,47.74,42.49,47.845,48.26,28.655,32.52,33.07,32.26,35.715,46.76,39.59,29.19,30.805,40.105,27.45,23.25
4,10,2014,4,9.61,13.05,21.495,16.265,13.835,28.36,31.34,30.595,33.755,36.17,19.305,17.815,33.115,32.505,28.77,38.8,47.74,42.49,47.845,48.26,28.655,32.52,33.07,32.26,35.715,46.76,39.59,29.19,30.805,40.105,27.45
4,11,2014,5,11.66,9.61,13.05,21.495,16.265,13.835,28.36,31.34,30.595,33.755,36.17,19.305,17.815,33.115,32.505,28.77,38.8,47.74,42.49,47.845,48.26,28.655,32.52,33.07,32.26,35.715,46.76,39.59,29.19,30.805,40.105
4,12,2014,6,15.15,11.66,9.61,13.05,21.495,16.265,13.835,28.36,31.34,30.595,33.755,36.17,19.305,17.815,33.115,32.505,28.77,38.8,47.74,42.49,47.845,48.26,28.655,32.52,33.07,32.26,35.715,46.76,39.59,29.19,30.805
4,13,2014,7,24.235,15.15,11.66,9.61,13.05,21.495,16.265,13.835,28.36,31.34,30.595,33.755,36.17,19.305,17.815,33.115,32.505,28.77,38.8,47.74,42.49,47.845,48.26,28.655,32.52,33.07,32.26,35.715,46.76,39.59,29.19
4,14,2014,1,32.47,24.235,15.15,11.66,9.61,13.05,21.495,16.265,13.835,28.36,31.34,30.595,33.755,36.17,19.305,17.815,33.115,32.505,28.77,38.8,47.74,42.49,47.845,48.26,28.655,32.52,33.07,32.26,35.715,46.76,39.59
4,15,2014,2,37.13,32.47,24.235,15.15,11.66,9.61,13.05,21.495,16.265,13.835,28.36,31.34,30.595,33.755,36.17,19.305,17.815,33.115,32.505,28.77,38.8,47.74,42.49,47.845,48.26,28.655,32.52,33.07,32.26,35.715,46.76
4,16,2014,3,30.985,37.13,32.47,24.235,15.15,11.66,9.61,13.05,21.495,16.265,13.835,28.36,31.34,30.595,33.755,36.17,19.305,17.815,33.115,32.505,28.77,38.8,47.74,42.49,47.845,48.26,28.655,32.52,33.07,32.26,35.715
4,17,2014,4,29.405,30.985,37.13,32.47,24.235,15.15,11.66,9.61,13.05,21.495,16.265,13.835,28.36,31.34,30.595,33.755,36.17,19.305,17.815,33.115,32.505,28.77,38.8,47.74,42.49,47.845,48.26,28.655,32.52,33.07,32.26
4,18,2014,5,26.885,29.405,30.985,37.13,32.47,24.235,15.15,11.66,9.61,13.05,21.495,16.265,13.835,28.36,31.34,30.595,33.755,36.17,19.305,17.815,33.115,32.505,28.77,38.8,47.74,42.49,47.845,48.26,28.655,32.52,33.07
4,19,2014,6,10.245,26.885,29.405,30.985,37.13,32.47,24.235,15.15,11.66,9.61,13.05,21.495,16.265,13.835,28.36,31.34,30.595,33.755,36.17,19.305,17.815,33.115,32.505,28.77,38.8,47.74,42.49,47.845,48.26,28.655,32.52
4,20,2014,7,4.76,10.245,26.885,29.405,30.985,37.13,32.47,24.235,15.15,11.66,9.61,13.05,21.495,16.265,13.835,28.36,31.34,30.595,33.755,36.17,19.305,17.815,33.115,32.505,28.77,38.8,47.74,42.49,47.845,48.26,28.655
4,21,2014,1,6.805,4.76,10.245,26.885,29.405,30.985,37.13,32.47,24.235,15.15,11.66,9.61,13.05,21.495,16.265,13.835,28.36,31.34,30.595,33.755,36.17,19.305,17.815,33.115,32.505,28.77,38.8,47.74,42.49,47.845,48.26
4,22,2014,2,17.33,6.805,4.76,10.245,26.885,29.405,30.985,37.13,32.47,24.235,15.15,11.66,9.61,13.05,21.495,16.265,13.835,28.36,31.34,30.595,33.755,36.17,19.305,17.815,33.115,32.505,28.77,38.8,47.74,42.49,47.845
4,23,2014,3,20.19,17.33,6.805,4.76,10.245,26.885,29.405,30.985,37.13,32.47,24.235,15.15,11.66,9.61,13.05,21.495,16.265,13.835,28.36,31.34,30.595,33.755,36.17,19.305,17.815,33.115,32.505,28.77,38.8,47.74,42.49
4,24,2014,4,21.92,20.19,17.33,6.805,4.76,10.245,26.885,29.405,30.985,37.13,32.47,24.235,15.15,11.66,9.61,13.05,21.495,16.265,13.835,28.36,31.34,30.595,33.755,36.17,19.305,17.815,33.115,32.505,28.77,38.8,47.74
4,25,2014,5,16.675,21.92,20.19,17.33,6.805,4.76,10.245,26.885,29.405,30.985,37.13,32.47,24.235,15.15,11.66,9.61,13.05,21.495,16.265,13.835,28.36,31.34,30.595,33.755,36.17,19.305,17.815,33.115,32.505,28.77,38.8
4,26,2014,6,19.395,16.675,21.92,20.19,17.33,6.805,4.76,10.245,26.885,29.405,30.985,37.13,32.47,24.235,15.15,11.66,9.61,13.05,21.495,16.265,13.835,28.36,31.34,30.595,33.755,36.17,19.305,17.815,33.115,32.505,28.77
4,27,2014,7,22.295,19.395,16.675,21.92,20.19,17.33,6.805,4.76,10.245,26.885,29.405,30.985,37.13,32.47,24.235,15.15,11.66,9.61,13.05,21.495,16.265,13.835,28.36,31.34,30.595,33.755,36.17,19.305,17.815,33.115,32.505
4,28,2014,1,21.42,22.295,19.395,16.675,21.92,20.19,17.33,6.805,4.76,10.245,26.885,29.405,30.985,37.13,32.47,24.235,15.15,11.66,9.61,13.05,21.495,16.265,13.835,28.36,31.34,30.595,33.755,36.17,19.305,17.815,33.115
4,29,2014,2,25.42,21.42,22.295,19.395,16.675,21.92,20.19,17.33,6.805,4.76,10.245,26.885,29.405,30.985,37.13,32.47,24.235,15.15,11.66,9.61,13.05,21.495,16.265,13.835,28.36,31.34,30.595,33.755,36.17,19.305,17.815
4,30,2014,3,24.725,25.42,21.42,22.295,19.395,16.675,21.92,20.19,17.33,6.805,4.76,10.245,26.885,29.405,30.985,37.13,32.47,24.235,15.15,11.66,9.61,13.05,21.495,16.265,13.835,28.36,31.34,30.595,33.755,36.17,19.305
5,1,2014,4,21.28,24.725,25.42,21.42,22.295,19.395,16.675,21.92,20.19,17.33,6.805,4.76,10.245,26.885,29.405,30.985,37.13,32.47,24.235,15.15,11.66,9.61,13.05,21.495,16.265,13.835,28.36,31.34,30.595,33.755,36.17
5,2,2014,5,14.075,21.28,24.725,25.42,21.42,22.295,19.395,16.675,21.92,20.19,17.33,6.805,4.76,10.245,26.885,29.405,30.985,37.13,32.47,24.235,15.15,11.66,9.61,13.05,21.495,16.265,13.835,28.36,31.34,30.595,33.755
5,3,2014,6,13.585,14.075,21.28,24.725,25.42,21.42,22.295,19.395,16.675,21.92,20.19,17.33,6.805,4.76,10.245,26.885,29.405,30.985,37.13,32.47,24.235,15.15,11.66,9.61,13.05,21.495,16.265,13.835,28.36,31.34,30.595
5,4,2014,7,17.69,13.585,14.075,21.28,24.725,25.42,21.42,22.295,19.395,16.675,21.92,20.19,17.33,6.805,4.76,10.245,26.885,29.405,30.985,37.13,32.47,24.235,15.15,11.66,9.61,13.05,21.495,16.265,13.835,28.36,31.34
5,5,2014,1,7.625,17.69,13.585,14.075,21.28,24.725,25.42,21.42,22.295,19.395,16.675,21.92,20.19,17.33,6.805,4.76,10.245,26.885,29.405,30.985,37.13,32.47,24.235,15.15,11.66,9.61,13.05,21.495,16.265,13.835,28.36
5,6,2014,2,8.55,7.625,17.69,13.585,14.075,21.28,24.725,25.42,21.42,22.295,19.395,16.675,21.92,20.19,17.33,6.805,4.76,10.245,26.885,29.405,30.985,37.13,32.47,24.235,15.15,11.66,9.61,13.05,21.495,16.265,13.835
5,7,2014,3,6.555,8.55,7.625,17.69,13.585,14.075,21.28,24.725,25.42,21.42,22.295,19.395,16.675,21.92,20.19,17.33,6.805,4.76,10.245,26.885,29.405,30.985,37.13,32.47,24.235,15.15,11.66,9.61,13.05,21.495,16.265
5,8,2014,4,4.48,6.555,8.55,7.625,17.69,13.585,14.075,21.28,24.725,25.42,21.42,22.295,19.395,16.675,21.92,20.19,17.33,6.805,4.76,10.245,26.885,29.405,30.985,37.13,32.47,24.235,15.15,11.66,9.61,13.05,21.495
5,9,2014,5,10.955,4.48,6.555,8.55,7.625,17.69,13.585,14.075,21.28,24.725,25.42,21.42,22.295,19.395,16.675,21.92,20.19,17.33,6.805,4.76,10.245,26.885,29.405,30.985,37.13,32.47,24.235,15.15,11.66,9.61,13.05
5,10,2014,6,10.36,10.955,4.48,6.555,8.55,7.625,17.69,13.585,14.075,21.28,24.725,25.42,21.42,22.295,19.395,16.675,21.92,20.19,17.33,6.805,4.76,10.245,26.885,29.405,30.985,37.13,32.47,24.235,15.15,11.66,9.61
5,11,2014,7,6.1,10.36,10.955,4.48,6.555,8.55,7.625,17.69,13.585,14.075,21.28,24.725,25.42,21.42,22.295,19.395,16.675,21.92,20.19,17.33,6.805,4.76,10.245,26.885,29.405,30.985,37.13,32.47,24.235,15.15,11.66
5,12,2014,1,9.78,6.1,10.36,10.955,4.48,6.555,8.55,7.625,17.69,13.585,14.075,21.28,24.725,25.42,21.42,22.295,19.395,16.675,21.92,20.19,17.33,6.805,4.76,10.245,26.885,29.405,30.985,37.13,32.47,24.235,15.15
5,13,2014,2,15.865,9.78,6.1,10.36,10.955,4.48,6.555,8.55,7.625,17.69,13.585,14.075,21.28,24.725,25.42,21.42,22.295,19.395,16.675,21.92,20.19,17.33,6.805,4.76,10.245,26.885,29.405,30.985,37.13,32.47,24.235
5,14,2014,3,15.605,15.865,9.78,6.1,10.36,10.955,4.48,6.555,8.55,7.625,17.69,13.585,14.075,21.28,24.725,25.42,21.42,22.295,19.395,16.675,21.92,20.19,17.33,6.805,4.76,10.245,26.885,29.405,30.985,37.13,32.47
5,15,2014,4,20.08,15.605,15.865,9.78,6.1,10.36,10.955,4.48,6.555,8.55,7.625,17.69,13.585,14.075,21.28,24.725,25.42,21.42,22.295,19.395,16.675,21.92,20.19,17.33,6.805,4.76,10.245,26.885,29.405,30.985,37.13
5,16,2014,5,17.375,20.08,15.605,15.865,9.78,6.1,10.36,10.955,4.48,6.555,8.55,7.625,17.69,13.585,14.075,21.28,24.725,25.42,21.42,22.295,19.395,16.675,21.92,20.19,17.33,6.805,4.76,10.245,26.885,29.405,30.985
5,17,2014,6,10.485,17.375,20.08,15.605,15.865,9.78,6.1,10.36,10.955,4.48,6.555,8.55,7.625,17.69,13.585,14.075,21.28,24.725,25.42,21.42,22.295,19.395,16.675,21.92,20.19,17.33,6.805,4.76,10.245,26.885,29.405
5,18,2014,7,3.27,10.485,17.375,20.08,15.605,15.865,9.78,6.1,10.36,10.955,4.48,6.555,8.55,7.625,17.69,13.585,14.075,21.28,24.725,25.42,21.42,22.295,19.395,16.675,21.92,20.19,17.33,6.805,4.76,10.245,26.885
5,19,2014,1,8.005,3.27,10.485,17.375,20.08,15.605,15.865,9.78,6.1,10.36,10.955,4.48,6.555,8.55,7.625,17.69,13.585,14.075,21.28,24.725,25.42,21.42,22.295,19.395,16.675,21.92,20.19,17.33,6.805,4.76,10.245
5,20,2014,2,0.67,8.005,3.27,10.485,17.375,20.08,15.605,15.865,9.78,6.1,10.36,10.955,4.48,6.555,8.55,7.625,17.69,13.585,14.075,21.28,24.725,25.42,21.42,22.295,19.395,16.675,21.92,20.19,17.33,6.805,4.76
5,21,2014,3,5.61,0.67,8.005,3.27,10.485,17.375,20.08,15.605,15.865,9.78,6.1,10.36,10.955,4.48,6.555,8.55,7.625,17.69,13.585,14.075,21.28,24.725,25.42,21.42,22.295,19.395,16.675,21.92,20.19,17.33,6.805
5,22,2014,4,5.945,5.61,0.67,8.005,3.27,10.485,17.375,20.08,15.605,15.865,9.78,6.1,10.36,10.955,4.48,6.555,8.55,7.625,17.69,13.585,14.075,21.28,24.725,25.42,21.42,22.295,19.395,16.675,21.92,20.19,17.33
5,23,2014,5,2.55,5.945,5.61,0.67,8.005,3.27,10.485,17.375,20.08,15.605,15.865,9.78,6.1,10.36,10.955,4.48,6.555,8.55,7.625,17.69,13.585,14.075,21.28,24.725,25.42,21.42,22.295,19.395,16.675,21.92,20.19
5,24,2014,6,-3.92,2.55,5.945,5.61,0.67,8.005,3.27,10.485,17.375,20.08,15.605,15.865,9.78,6.1,10.36,10.955,4.48,6.555,8.55,7.625,17.69,13.585,14.075,21.28,24.725,25.42,21.42,22.295,19.395,16.675,21.92
5,25,2014,7,-3.365,-3.92,2.55,5.945,5.61,0.67,8.005,3.27,10.485,17.375,20.08,15.605,15.865,9.78,6.1,10.36,10.955,4.48,6.555,8.55,7.625,17.69,13.585,14.075,21.28,24.725,25.42,21.42,22.295,19.395,16.675
5,26,2014,1,-9.145,-3.365,-3.92,2.55,5.945,5.61,0.67,8.005,3.27,10.485,17.375,20.08,15.605,15.865,9.78,6.1,10.36,10.955,4.48,6.555,8.55,7.625,17.69,13.585,14.075,21.28,24.725,25.42,21.42,22.295,19.395
5,27,2014,2,-1.94,-9.145,-3.365,-3.92,2.55,5.945,5.61,0.67,8.005,3.27,10.485,17.375,20.08,15.605,15.865,9.78,6.1,10.36,10.955,4.48,6.555,8.55,7.625,17.69,13.585,14.075,21.28,24.725,25.42,21.42,22.295
5,28,2014,3,-3.965,-1.94,-9.145,-3.365,-3.92,2.55,5.945,5.61,0.67,8.005,3.27,10.485,17.375,20.08,15.605,15.865,9.78,6.1,10.36,10.955,4.48,6.555,8.55,7.625,17.69,13.585,14.075,21.28,24.725,25.42,21.42
5,29,2014,4,-4.715,-3.965,-1.94,-9.145,-3.365,-3.92,2.55,5.945,5.61,0.67,8.005,3.27,10.485,17.375,20.08,15.605,15.865,9.78,6.1,10.36,10.955,4.48,6.555,8.55,7.625,17.69,13.585,14.075,21.28,24.725,25.42
5,30,2014,5,-9.995,-4.715,-3.965,-1.94,-9.145,-3.365,-3.92,2.55,5.945,5.61,0.67,8.005,3.27,10.485,17.375,20.08,15.605,15.865,9.78,6.1,10.36,10.955,4.48,6.555,8.55,7.625,17.69,13.585,14.075,21.28,24.725
5,31,2014,6,-11.825,-9.995,-4.715,-3.965,-1.94,-9.145,-3.365,-3.92,2.55,5.945,5.61,0.67,8.005,3.27,10.485,17.375,20.08,15.605,15.865,9.78,6.1,10.36,10.955,4.48,6.555,8.55,7.625,17.69,13.585,14.075,21.28
6,1,2014,7,-4.64,-11.825,-9.995,-4.715,-3.965,-1.94,-9.145,-3.365,-3.92,2.55,5.945,5.61,0.67,8.005,3.27,10.485,17.375,20.08,15.605,15.865,9.78,6.1,10.36,10.955,4.48,6.555,8.55,7.625,17.69,13.585,14.075
6,2,2014,1,-6.6,-4.64,-11.825,-9.995,-4.715,-3.965,-1.94,-9.145,-3.365,-3.92,2.55,5.945,5.61,0.67,8.005,3.27,10.485,17.375,20.08,15.605,15.865,9.78,6.1,10.36,10.955,4.48,6.555,8.55,7.625,17.69,13.585
6,3,2014,2,-0.85,-6.6,-4.64,-11.825,-9.995,-4.715,-3.965,-1.94,-9.145,-3.365,-3.92,2.55,5.945,5.61,0.67,8.005,3.27,10.485,17.375,20.08,15.605,15.865,9.78,6.1,10.36,10.955,4.48,6.555,8.55,7.625,17.69
6,4,2014,3,-4.825,-0.85,-6.6,-4.64,-11.825,-9.995,-4.715,-3.965,-1.94,-9.145,-3.365,-3.92,2.55,5.945,5.61,0.67,8.005,3.27,10.485,17.375,20.08,15.605,15.865,9.78,6.1,10.36,10.955,4.48,6.555,8.55,7.625
6,5,2014,4,-5.55,-4.825,-0.85,-6.6,-4.64,-11.825,-9.995,-4.715,-3.965,-1.94,-9.145,-3.365,-3.92,2.55,5.945,5.61,0.67,8.005,3.27,10.485,17.375,20.08,15.605,15.865,9.78,6.1,10.36,10.955,4.48,6.555,8.55
6,6,2014,5,-6.27,-5.55,-4.825,-0.85,-6.6,-4.64,-11.825,-9.995,-4.715,-3.965,-1.94,-9.145,-3.365,-3.92,2.55,5.945,5.61,0.67,8.005,3.27,10.485,17.375,20.08,15.605,15.865,9.78,6.1,10.36,10.955,4.48,6.555
6,7,2014,6,4.625,-6.27,-5.55,-4.825,-0.85,-6.6,-4.64,-11.825,-9.995,-4.715,-3.965,-1.94,-9.145,-3.365,-3.92,2.55,5.945,5.61,0.67,8.005,3.27,10.485,17.375,20.08,15.605,15.865,9.78,6.1,10.36,10.955,4.48
6,8,2014,7,5.455,4.625,-6.27,-5.55,-4.825,-0.85,-6.6,-4.64,-11.825,-9.995,-4.715,-3.965,-1.94,-9.145,-3.365,-3.92,2.55,5.945,5.61,0.67,8.005,3.27,10.485,17.375,20.08,15.605,15.865,9.78,6.1,10.36,10.955
6,9,2014,1,0.11,5.455,4.625,-6.27,-5.55,-4.825,-0.85,-6.6,-4.64,-11.825,-9.995,-4.715,-3.965,-1.94,-9.145,-3.365,-3.92,2.55,5.945,5.61,0.67,8.005,3.27,10.485,17.375,20.08,15.605,15.865,9.78,6.1,10.36
6,10,2014,2,-0.78,0.11,5.455,4.625,-6.27,-5.55,-4.825,-0.85,-6.6,-4.64,-11.825,-9.995,-4.715,-3.965,-1.94,-9.145,-3.365,-3.92,2.55,5.945,5.61,0.67,8.005,3.27,10.485,17.375,20.08,15.605,15.865,9.78,6.1
6,11,2014,3,-5.185,-0.78,0.11,5.455,4.625,-6.27,-5.55,-4.825,-0.85,-6.6,-4.64,-11.825,-9.995,-4.715,-3.965,-1.94,-9.145,-3.365,-3.92,2.55,5.945,5.61,0.67,8.005,3.27,10.485,17.375,20.08,15.605,15.865,9.78
6,12,2014,4,3.835,-5.185,-0.78,0.11,5.455,4.625,-6.27,-5.55,-4.825,-0.85,-6.6,-4.64,-11.825,-9.995,-4.715,-3.965,-1.94,-9.145,-3.365,-3.92,2.55,5.945,5.61,0.67,8.005,3.27,10.485,17.375,20.08,15.605,15.865
6,13,2014,5,2.42,3.835,-5.185,-0.78,0.11,5.455,4.625,-6.27,-5.55,-4.825,-0.85,-6.6,-4.64,-11.825,-9.995,-4.715,-3.965,-1.94,-9.145,-3.365,-3.92,2.55,5.945,5.61,0.67,8.005,3.27,10.485,17.375,20.08,15.605
6,14,2014,6,2.1,2.42,3.835,-5.185,-0.78,0.11,5.455,4.625,-6.27,-5.55,-4.825,-0.85,-6.6,-4.64,-11.825,-9.995,-4.715,-3.965,-1.94,-9.145,-3.365,-3.92,2.55,5.945,5.61,0.67,8.005,3.27,10.485,17.375,20.08
6,15,2014,7,-1.71,2.1,2.42,3.835,-5.185,-0.78,0.11,5.455,4.625,-6.27,-5.55,-4.825,-0.85,-6.6,-4.64,-11.825,-9.995,-4.715,-3.965,-1.94,-9.145,-3.365,-3.92,2.55,5.945,5.61,0.67,8.005,3.27,10.485,17.375
6,16,2014,1,-8.315,-1.71,2.1,2.42,3.835,-5.185,-0.78,0.11,5.455,4.625,-6.27,-5.55,-4.825,-0.85,-6.6,-4.64,-11.825,-9.995,-4.715,-3.965,-1.94,-9.145,-3.365,-3.92,2.55,5.945,5.61,0.67,8.005,3.27,10.485
6,17,2014,2,-6.88,-8.315,-1.71,2.1,2.42,3.835,-5.185,-0.78,0.11,5.455,4.625,-6.27,-5.55,-4.825,-0.85,-6.6,-4.64,-11.825,-9.995,-4.715,-3.965,-1.94,-9.145,-3.365,-3.92,2.55,5.945,5.61,0.67,8.005,3.27
6,18,2014,3,-9.93,-6.88,-8.315,-1.71,2.1,2.42,3.835,-5.185,-0.78,0.11,5.455,4.625,-6.27,-5.55,-4.825,-0.85,-6.6,-4.64,-11.825,-9.995,-4.715,-3.965,-1.94,-9.145,-3.365,-3.92,2.55,5.945,5.61,0.67,8.005
6,19,2014,4,-4.94,-9.93,-6.88,-8.315,-1.71,2.1,2.42,3.835,-5.185,-0.78,0.11,5.455,4.625,-6.27,-5.55,-4.825,-0.85,-6.6,-4.64,-11.825,-9.995,-4.715,-3.965,-1.94,-9.145,-3.365,-3.92,2.55,5.945,5.61,0.67
6,20,2014,5,-10.68,-4.94,-9.93,-6.88,-8.315,-1.71,2.1,2.42,3.835,-5.185,-0.78,0.11,5.455,4.625,-6.27,-5.55,-4.825,-0.85,-6.6,-4.64,-11.825,-9.995,-4.715,-3.965,-1.94,-9.145,-3.365,-3.92,2.55,5.945,5.61
6,21,2014,6,-9.24,-10.68,-4.94,-9.93,-6.88,-8.315,-1.71,2.1,2.42,3.835,-5.185,-0.78,0.11,5.455,4.625,-6.27,-5.55,-4.825,-0.85,-6.6,-4.64,-11.825,-9.995,-4.715,-3.965,-1.94,-9.145,-3.365,-3.92,2.55,5.945
6,22,2014,7,-5.395,-9.24,-10.68,-4.94,-9.93,-6.88,-8.315,-1.71,2.1,2.42,3.835,-5.185,-0.78,0.11,5.455,4.625,-6.27,-5.55,-4.825,-0.85,-6.6,-4.64,-11.825,-9.995,-4.715,-3.965,-1.94,-9.145,-3.365,-3.92,2.55
6,23,2014,1,-8.045,-5.395,-9.24,-10.68,-4.94,-9.93,-6.88,-8.315,-1.71,2.1,2.42,3.835,-5.185,-0.78,0.11,5.455,4.625,-6.27,-5.55,-4.825,-0.85,-6.6,-4.64,-11.825,-9.995,-4.715,-3.965,-1.94,-9.145,-3.365,-3.92
6,24,2014,2,-8.315,-8.045,-5.395,-9.24,-10.68,-4.94,-9.93,-6.88,-8.315,-1.71,2.1,2.42,3.835,-5.185,-0.78,0.11,5.455,4.625,-6.27,-5.55,-4.825,-0.85,-6.6,-4.64,-11.825,-9.995,-4.715,-3.965,-1.94,-9.145,-3.365
6,25,2014,3,2.295,-8.315,-8.045,-5.395,-9.24,-10.68,-4.94,-9.93,-6.88,-8.315,-1.71,2.1,2.42,3.835,-5.185,-0.78,0.11,5.455,4.625,-6.27,-5.55,-4.825,-0.85,-6.6,-4.64,-11.825,-9.995,-4.715,-3.965,-1.94,-9.145
6,26,2014,4,-3.785,2.295,-8.315,-8.045,-5.395,-9.24,-10.68,-4.94,-9.93,-6.88,-8.315,-1.71,2.1,2.42,3.835,-5.185,-0.78,0.11,5.455,4.625,-6.27,-5.55,-4.825,-0.85,-6.6,-4.64,-11.825,-9.995,-4.715,-3.965,-1.94
6,27,2014,5,-10.265,-3.785,2.295,-8.315,-8.045,-5.395,-9.24,-10.68,-4.94,-9.93,-6.88,-8.315,-1.71,2.1,2.42,3.835,-5.185,-0.78,0.11,5.455,4.625,-6.27,-5.55,-4.825,-0.85,-6.6,-4.64,-11.825,-9.995,-4.715,-3.965
6,28,2014,6,-10.905,-10.265,-3.785,2.295,-8.315,-8.045,-5.395,-9.24,-10.68,-4.94,-9.93,-6.88,-8.315,-1.71,2.1,2.42,3.835,-5.185,-0.78,0.11,5.455,4.625,-6.27,-5.55,-4.825,-0.85,-6.6,-4.64,-11.825,-9.995,-4.715
6,29,2014,7,-9.705,-10.905,-10.265,-3.785,2.295,-8.315,-8.045,-5.395,-9.24,-10.68,-4.94,-9.93,-6.88,-8.315,-1.71,2.1,2.42,3.835,-5.185,-0.78,0.11,5.455,4.625,-6.27,-5.55,-4.825,-0.85,-6.6,-4.64,-11.825,-9.995
6,30,2014,1,-8.945,-9.705,-10.905,-10.265,-3.785,2.295,-8.315,-8.045,-5.395,-9.24,-10.68,-4.94,-9.93,-6.88,-8.315,-1.71,2.1,2.42,3.835,-5.185,-0.78,0.11,5.455,4.625,-6.27,-5.55,-4.825,-0.85,-6.6,-4.64,-11.825
7,1,2014,2,-0.935,-8.945,-9.705,-10.905,-10.265,-3.785,2.295,-8.315,-8.045,-5.395,-9.24,-10.68,-4.94,-9.93,-6.88,-8.315,-1.71,2.1,2.42,3.835,-5.185,-0.78,0.11,5.455,4.625,-6.27,-5.55,-4.825,-0.85,-6.6,-4.64
7,2,2014,3,0.24,-0.935,-8.945,-9.705,-10.905,-10.265,-3.785,2.295,-8.315,-8.045,-5.395,-9.24,-10.68,-4.94,-9.93,-6.88,-8.315,-1.71,2.1,2.42,3.835,-5.185,-0.78,0.11,5.455,4.625,-6.27,-5.55,-4.825,-0.85,-6.6
7,3,2014,4,-1.85,0.24,-0.935,-8.945,-9.705,-10.905,-10.265,-3.785,2.295,-8.315,-8.045,-5.395,-9.24,-10.68,-4.94,-9.93,-6.88,-8.315,-1.71,2.1,2.42,3.835,-5.185,-0.78,0.11,5.455,4.625,-6.27,-5.55,-4.825,-0.85
7,4,2014,5,-2.095,-1.85,0.24,-0.935,-8.945,-9.705,-10.905,-10.265,-3.785,2.295,-8.315,-8.045,-5.395,-9.24,-10.68,-4.94,-9.93,-6.88,-8.315,-1.71,2.1,2.42,3.835,-5.185,-0.78,0.11,5.455,4.625,-6.27,-5.55,-4.825
7,5,2014,6,-9.885,-2.095,-1.85,0.24,-0.935,-8.945,-9.705,-10.905,-10.265,-3.785,2.295,-8.315,-8.045,-5.395,-9.24,-10.68,-4.94,-9.93,-6.88,-8.315,-1.71,2.1,2.42,3.835,-5.185,-0.78,0.11,5.455,4.625,-6.27,-5.55
7,6,2014,7,-14.545,-9.885,-2.095,-1.85,0.24,-0.935,-8.945,-9.705,-10.905,-10.265,-3.785,2.295,-8.315,-8.045,-5.395,-9.24,-10.68,-4.94,-9.93,-6.88,-8.315,-1.71,2.1,2.42,3.835,-5.185,-0.78,0.11,5.455,4.625,-6.27
7,7,2014,1,-9.945,-14.545,-9.885,-2.095,-1.85,0.24,-0.935,-8.945,-9.705,-10.905,-10.265,-3.785,2.295,-8.315,-8.045,-5.395,-9.24,-10.68,-4.94,-9.93,-6.88,-8.315,-1.71,2.1,2.42,3.835,-5.185,-0.78,0.11,5.455,4.625
7,8,2014,2,-4.58,-9.945,-14.545,-9.885,-2.095,-1.85,0.24,-0.935,-8.945,-9.705,-10.905,-10.265,-3.785,2.295,-8.315,-8.045,-5.395,-9.24,-10.68,-4.94,-9.93,-6.88,-8.315,-1.71,2.1,2.42,3.835,-5.185,-0.78,0.11,5.455
7,9,2014,3,-2.91,-4.58,-9.945,-14.545,-9.885,-2.095,-1.85,0.24,-0.935,-8.945,-9.705,-10.905,-10.265,-3.785,2.295,-8.315,-8.045,-5.395,-9.24,-10.68,-4.94,-9.93,-6.88,-8.315,-1.71,2.1,2.42,3.835,-5.185,-0.78,0.11
7,10,2014,4,-7.015,-2.91,-4.58,-9.945,-14.545,-9.885,-2.095,-1.85,0.24,-0.935,-8.945,-9.705,-10.905,-10.265,-3.785,2.295,-8.315,-8.045,-5.395,-9.24,-10.68,-4.94,-9.93,-6.88,-8.315,-1.71,2.1,2.42,3.835,-5.185,-0.78
7,11,2014,5,-7.985,-7.015,-2.91,-4.58,-9.945,-14.545,-9.885,-2.095,-1.85,0.24,-0.935,-8.945,-9.705,-10.905,-10.265,-3.785,2.295,-8.315,-8.045,-5.395,-9.24,-10.68,-4.94,-9.93,-6.88,-8.315,-1.71,2.1,2.42,3.835,-5.185
7,12,2014,6,-7.57,-7.985,-7.015,-2.91,-4.58,-9.945,-14.545,-9.885,-2.095,-1.85,0.24,-0.935,-8.945,-9.705,-10.905,-10.265,-3.785,2.295,-8.315,-8.045,-5.395,-9.24,-10.68,-4.94,-9.93,-6.88,-8.315,-1.71,2.1,2.42,3.835
7,13,2014,7,-4.24,-7.57,-7.985,-7.015,-2.91,-4.58,-9.945,-14.545,-9.885,-2.095,-1.85,0.24,-0.935,-8.945,-9.705,-10.905,-10.265,-3.785,2.295,-8.315,-8.045,-5.395,-9.24,-10.68,-4.94,-9.93,-6.88,-8.315,-1.71,2.1,2.42
7,14,2014,1,4.355,-4.24,-7.57,-7.985,-7.015,-2.91,-4.58,-9.945,-14.545,-9.885,-2.095,-1.85,0.24,-0.935,-8.945,-9.705,-10.905,-10.265,-3.785,2.295,-8.315,-8.045,-5.395,-9.24,-10.68,-4.94,-9.93,-6.88,-8.315,-1.71,2.1
7,15,2014,2,1.675,4.355,-4.24,-7.57,-7.985,-7.015,-2.91,-4.58,-9.945,-14.545,-9.885,-2.095,-1.85,0.24,-0.935,-8.945,-9.705,-10.905,-10.265,-3.785,2.295,-8.315,-8.045,-5.395,-9.24,-10.68,-4.94,-9.93,-6.88,-8.315,-1.71
7,16,2014,3,0.53,1.675,4.355,-4.24,-7.57,-7.985,-7.015,-2.91,-4.58,-9.945,-14.545,-9.885,-2.095,-1.85,0.24,-0.935,-8.945,-9.705,-10.905,-10.265,-3.785,2.295,-8.315,-8.045,-5.395,-9.24,-10.68,-4.94,-9.93,-6.88,-8.315
7,17,2014,4,-3.165,0.53,1.675,4.355,-4.24,-7.57,-7.985,-7.015,-2.91,-4.58,-9.945,-14.545,-9.885,-2.095,-1.85,0.24,-0.935,-8.945,-9.705,-10.905,-10.265,-3.785,2.295,-8.315,-8.045,-5.395,-9.24,-10.68,-4.94,-9.93,-6.88
7,18,2014,5,-4.35,-3.165,0.53,1.675,4.355,-4.24,-7.57,-7.985,-7.015,-2.91,-4.58,-9.945,-14.545,-9.885,-2.095,-1.85,0.24,-0.935,-8.945,-9.705,-10.905,-10.265,-3.785,2.295,-8.315,-8.045,-5.395,-9.24,-10.68,-4.94,-9.93
7,19,2014,6,-8.0,-4.35,-3.165,0.53,1.675,4.355,-4.24,-7.57,-7.985,-7.015,-2.91,-4.58,-9.945,-14.545,-9.885,-2.095,-1.85,0.24,-0.935,-8.945,-9.705,-10.905,-10.265,-3.785,2.295,-8.315,-8.045,-5.395,-9.24,-10.68,-4.94
7,20,2014,7,-13.01,-8.0,-4.35,-3.165,0.53,1.675,4.355,-4.24,-7.57,-7.985,-7.015,-2.91,-4.58,-9.945,-14.545,-9.885,-2.095,-1.85,0.24,-0.935,-8.945,-9.705,-10.905,-10.265,-3.785,2.295,-8.315,-8.045,-5.395,-9.24,-10.68
7,21,2014,1,-17.47,-13.01,-8.0,-4.35,-3.165,0.53,1.675,4.355,-4.24,-7.57,-7.985,-7.015,-2.91,-4.58,-9.945,-14.545,-9.885,-2.095,-1.85,0.24,-0.935,-8.945,-9.705,-10.905,-10.265,-3.785,2.295,-8.315,-8.045,-5.395,-9.24
7,22,2014,2,-12.835,-17.47,-13.01,-8.0,-4.35,-3.165,0.53,1.675,4.355,-4.24,-7.57,-7.985,-7.015,-2.91,-4.58,-9.945,-14.545,-9.885,-2.095,-1.85,0.24,-0.935,-8.945,-9.705,-10.905,-10.265,-3.785,2.295,-8.315,-8.045,-5.395
7,23,2014,3,-6.505,-12.835,-17.47,-13.01,-8.0,-4.35,-3.165,0.53,1.675,4.355,-4.24,-7.57,-7.985,-7.015,-2.91,-4.58,-9.945,-14.545,-9.885,-2.095,-1.85,0.24,-0.935,-8.945,-9.705,-10.905,-10.265,-3.785,2.295,-8.315,-8.045
7,24,2014,4,-5.835,-6.505,-12.835,-17.47,-13.01,-8.0,-4.35,-3.165,0.53,1.675,4.355,-4.24,-7.57,-7.985,-7.015,-2.91,-4.58,-9.945,-14.545,-9.885,-2.095,-1.85,0.24,-0.935,-8.945,-9.705,-10.905,-10.265,-3.785,2.295,-8.315
7,25,2014,5,-7.425,-5.835,-6.505,-12.835,-17.47,-13.01,-8.0,-4.35,-3.165,0.53,1.675,4.355,-4.24,-7.57,-7.985,-7.015,-2.91,-4.58,-9.945,-14.545,-9.885,-2.095,-1.85,0.24,-0.935,-8.945,-9.705,-10.905,-10.265,-3.785,2.295
7,26,2014,6,-13.045,-7.425,-5.835,-6.505,-12.835,-17.47,-13.01,-8.0,-4.35,-3.165,0.53,1.675,4.355,-4.24,-7.57,-7.985,-7.015,-2.91,-4.58,-9.945,-14.545,-9.885,-2.095,-1.85,0.24,-0.935,-8.945,-9.705,-10.905,-10.265,-3.785
7,27,2014,7,-5.5,-13.045,-7.425,-5.835,-6.505,-12.835,-17.47,-13.01,-8.0,-4.35,-3.165,0.53,1.675,4.355,-4.24,-7.57,-7.985,-7.015,-2.91,-4.58,-9.945,-14.545,-9.885,-2.095,-1.85,0.24,-0.935,-8.945,-9.705,-10.905,-10.265
7,28,2014,1,-4.93,-5.5,-13.045,-7.425,-5.835,-6.505,-12.835,-17.47,-13.01,-8.0,-4.35,-3.165,0.53,1.675,4.355,-4.24,-7.57,-7.985,-7.015,-2.91,-4.58,-9.945,-14.545,-9.885,-2.095,-1.85,0.24,-0.935,-8.945,-9.705,-10.905
7,29,2014,2,-4.38,-4.93,-5.5,-13.045,-7.425,-5.835,-6.505,-12.835,-17.47,-13.01,-8.0,-4.35,-3.165,0.53,1.675,4.355,-4.24,-7.57,-7.985,-7.015,-2.91,-4.58,-9.945,-14.545,-9.885,-2.095,-1.85,0.24,-0.935,-8.945,-9.705
7,30,2014,3,-5.255,-4.38,-4.93,-5.5,-13.045,-7.425,-5.835,-6.505,-12.835,-17.47,-13.01,-8.0,-4.35,-3.165,0.53,1.675,4.355,-4.24,-7.57,-7.985,-7.015,-2.91,-4.58,-9.945,-14.545,-9.885,-2.095,-1.85,0.24,-0.935,-8.945
7,31,2014,4,-7.09,-5.255,-4.38,-4.93,-5.5,-13.045,-7.425,-5.835,-6.505,-12.835,-17.47,-13.01,-8.0,-4.35,-3.165,0.53,1.675,4.355,-4.24,-7.57,-7.985,-7.015,-2.91,-4.58,-9.945,-14.545,-9.885,-2.095,-1.85,0.24,-0.935
8,1,2014,5,-9.055,-7.09,-5.255,-4.38,-4.93,-5.5,-13.045,-7.425,-5.835,-6.505,-12.835,-17.47,-13.01,-8.0,-4.35,-3.165,0.53,1.675,4.355,-4.24,-7.57,-7.985,-7.015,-2.91,-4.58,-9.945,-14.545,-9.885,-2.095,-1.85,0.24
8,2,2014,6,-9.925,-9.055,-7.09,-5.255,-4.38,-4.93,-5.5,-13.045,-7.425,-5.835,-6.505,-12.835,-17.47,-13.01,-8.0,-4.35,-3.165,0.53,1.675,4.355,-4.24,-7.57,-7.985,-7.015,-2.91,-4.58,-9.945,-14.545,-9.885,-2.095,-1.85
8,3,2014,7,-10.505,-9.925,-9.055,-7.09,-5.255,-4.38,-4.93,-5.5,-13.045,-7.425,-5.835,-6.505,-12.835,-17.47,-13.01,-8.0,-4.35,-3.165,0.53,1.675,4.355,-4.24,-7.57,-7.985,-7.015,-2.91,-4.58,-9.945,-14.545,-9.885,-2.095
8,4,2014,1,-8.93,-10.505,-9.925,-9.055,-7.09,-5.255,-4.38,-4.93,-5.5,-13.045,-7.425,-5.835,-6.505,-12.835,-17.47,-13.01,-8.0,-4.35,-3.165,0.53,1.675,4.355,-4.24,-7.57,-7.985,-7.015,-2.91,-4.58,-9.945,-14.545,-9.885
8,5,2014,2,-5.685,-8.93,-10.505,-9.925,-9.055,-7.09,-5.255,-4.38,-4.93,-5.5,-13.045,-7.425,-5.835,-6.505,-12.835,-17.47,-13.01,-8.0,-4.35,-3.165,0.53,1.675,4.355,-4.24,-7.57,-7.985,-7.015,-2.91,-4.58,-9.945,-14.545
8,6,2014,3,-6.735,-5.685,-8.93,-10.505,-9.925,-9.055,-7.09,-5.255,-4.38,-4.93,-5.5,-13.045,-7.425,-5.835,-6.505,-12.835,-17.47,-13.01,-8.0,-4.35,-3.165,0.53,1.675,4.355,-4.24,-7.57,-7.985,-7.015,-2.91,-4.58,-9.945
8,7,2014,4,-7.67,-6.735,-5.685,-8.93,-10.505,-9.925,-9.055,-7.09,-5.255,-4.38,-4.93,-5.5,-13.045,-7.425,-5.835,-6.505,-12.835,-17.47,-13.01,-8.0,-4.35,-3.165,0.53,1.675,4.355,-4.24,-7.57,-7.985,-7.015,-2.91,-4.58
8,8,2014,5,-9.595,-7.67,-6.735,-5.685,-8.93,-10.505,-9.925,-9.055,-7.09,-5.255,-4.38,-4.93,-5.5,-13.045,-7.425,-5.835,-6.505,-12.835,-17.47,-13.01,-8.0,-4.35,-3.165,0.53,1.675,4.355,-4.24,-7.57,-7.985,-7.015,-2.91
8,9,2014,6,-7.7,-9.595,-7.67,-6.735,-5.685,-8.93,-10.505,-9.925,-9.055,-7.09,-5.255,-4.38,-4.93,-5.5,-13.045,-7.425,-5.835,-6.505,-12.835,-17.47,-13.01,-8.0,-4.35,-3.165,0.53,1.675,4.355,-4.24,-7.57,-7.985,-7.015
8,10,2014,7,-10.125,-7.7,-9.595,-7.67,-6.735,-5.685,-8.93,-10.505,-9.925,-9.055,-7.09,-5.255,-4.38,-4.93,-5.5,-13.045,-7.425,-5.835,-6.505,-12.835,-17.47,-13.01,-8.0,-4.35,-3.165,0.53,1.675,4.355,-4.24,-7.57,-7.985
8,11,2014,1,-5.53,-10.125,-7.7,-9.595,-7.67,-6.735,-5.685,-8.93,-10.505,-9.925,-9.055,-7.09,-5.255,-4.38,-4.93,-5.5,-13.045,-7.425,-5.835,-6.505,-12.835,-17.47,-13.01,-8.0,-4.35,-3.165,0.53,1.675,4.355,-4.24,-7.57
8,12,2014,2,-3.39,-5.53,-10.125,-7.7,-9.595,-7.67,-6.735,-5.685,-8.93,-10.505,-9.925,-9.055,-7.09,-5.255,-4.38,-4.93,-5.5,-13.045,-7.425,-5.835,-6.505,-12.835,-17.47,-13.01,-8.0,-4.35,-3.165,0.53,1.675,4.355,-4.24
8,13,2014,3,-7.61,-3.39,-5.53,-10.125,-7.7,-9.595,-7.67,-6.735,-5.685,-8.93,-10.505,-9.925,-9.055,-7.09,-5.255,-4.38,-4.93,-5.5,-13.045,-7.425,-5.835,-6.505,-12.835,-17.47,-13.01,-8.0,-4.35,-3.165,0.53,1.675,4.355
8,14,2014,4,-4.855,-7.61,-3.39,-5.53,-10.125,-7.7,-9.595,-7.67,-6.735,-5.685,-8.93,-10.505,-9.925,-9.055,-7.09,-5.255,-4.38,-4.93,-5.5,-13.045,-7.425,-5.835,-6.505,-12.835,-17.47,-13.01,-8.0,-4.35,-3.165,0.53,1.675
8,15,2014,5,-9.255,-4.855,-7.61,-3.39,-5.53,-10.125,-7.7,-9.595,-7.67,-6.735,-5.685,-8.93,-10.505,-9.925,-9.055,-7.09,-5.255,-4.38,-4.93,-5.5,-13.045,-7.425,-5.835,-6.505,-12.835,-17.47,-13.01,-8.0,-4.35,-3.165,0.53
8,16,2014,6,-11.345,-9.255,-4.855,-7.61,-3.39,-5.53,-10.125,-7.7,-9.595,-7.67,-6.735,-5.685,-8.93,-10.505,-9.925,-9.055,-7.09,-5.255,-4.38,-4.93,-5.5,-13.045,-7.425,-5.835,-6.505,-12.835,-17.47,-13.01,-8.0,-4.35,-3.165
8,17,2014,7,-8.475,-11.345,-9.255,-4.855,-7.61,-3.39,-5.53,-10.125,-7.7,-9.595,-7.67,-6.735,-5.685,-8.93,-10.505,-9.925,-9.055,-7.09,-5.255,-4.38,-4.93,-5.5,-13.045,-7.425,-5.835,-6.505,-12.835,-17.47,-13.01,-8.0,-4.35
8,18,2014,1,-12.19,-8.475,-11.345,-9.255,-4.855,-7.61,-3.39,-5.53,-10.125,-7.7,-9.595,-7.67,-6.735,-5.685,-8.93,-10.505,-9.925,-9.055,-7.09,-5.255,-4.38,-4.93,-5.5,-13.045,-7.425,-5.835,-6.505,-12.835,-17.47,-13.01,-8.0
8,19,2014,2,-7.24,-12.19,-8.475,-11.345,-9.255,-4.855,-7.61,-3.39,-5.53,-10.125,-7.7,-9.595,-7.67,-6.735,-5.685,-8.93,-10.505,-9.925,-9.055,-7.09,-5.255,-4.38,-4.93,-5.5,-13.045,-7.425,-5.835,-6.505,-12.835,-17.47,-13.01
8,20,2014,3,-8.31,-7.24,-12.19,-8.475,-11.345,-9.255,-4.855,-7.61,-3.39,-5.53,-10.125,-7.7,-9.595,-7.67,-6.735,-5.685,-8.93,-10.505,-9.925,-9.055,-7.09,-5.255,-4.38,-4.93,-5.5,-13.045,-7.425,-5.835,-6.505,-12.835,-17.47
8,21,2014,4,-10.885,-8.31,-7.24,-12.19,-8.475,-11.345,-9.255,-4.855,-7.61,-3.39,-5.53,-10.125,-7.7,-9.595,-7.67,-6.735,-5.685,-8.93,-10.505,-9.925,-9.055,-7.09,-5.255,-4.38,-4.93,-5.5,-13.045,-7.425,-5.835,-6.505,-12.835
8,22,2014,5,-8.735,-10.885,-8.31,-7.24,-12.19,-8.475,-11.345,-9.255,-4.855,-7.61,-3.39,-5.53,-10.125,-7.7,-9.595,-7.67,-6.735,-5.685,-8.93,-10.505,-9.925,-9.055,-7.09,-5.255,-4.38,-4.93,-5.5,-13.045,-7.425,-5.835,-6.505
8,23,2014,6,-8.24,-8.735,-10.885,-8.31,-7.24,-12.19,-8.475,-11.345,-9.255,-4.855,-7.61,-3.39,-5.53,-10.125,-7.7,-9.595,-7.67,-6.735,-5.685,-8.93,-10.505,-9.925,-9.055,-7.09,-5.255,-4.38,-4.93,-5.5,-13.045,-7.425,-5.835
8,24,2014,7,-14.895,-8.24,-8.735,-10.885,-8.31,-7.24,-12.19,-8.475,-11.345,-9.255,-4.855,-7.61,-3.39,-5.53,-10.125,-7.7,-9.595,-7.67,-6.735,-5.685,-8.93,-10.505,-9.925,-9.055,-7.09,-5.255,-4.38,-4.93,-5.5,-13.045,-7.425
8,25,2014,1,-6.565,-14.895,-8.24,-8.735,-10.885,-8.31,-7.24,-12.19,-8.475,-11.345,-9.255,-4.855,-7.61,-3.39,-5.53,-10.125,-7.7,-9.595,-7.67,-6.735,-5.685,-8.93,-10.505,-9.925,-9.055,-7.09,-5.255,-4.38,-4.93,-5.5,-13.045
8,26,2014,2,-0.095,-6.565,-14.895,-8.24,-8.735,-10.885,-8.31,-7.24,-12.19,-8.475,-11.345,-9.255,-4.855,-7.61,-3.39,-5.53,-10.125,-7.7,-9.595,-7.67,-6.735,-5.685,-8.93,-10.505,-9.925,-9.055,-7.09,-5.255,-4.38,-4.93,-5.5
8,27,2014,3,-2.43,-0.095,-6.565,-14.895,-8.24,-8.735,-10.885,-8.31,-7.24,-12.19,-8.475,-11.345,-9.255,-4.855,-7.61,-3.39,-5.53,-10.125,-7.7,-9.595,-7.67,-6.735,-5.685,-8.93,-10.505,-9.925,-9.055,-7.09,-5.255,-4.38,-4.93
8,28,2014,4,-2.215,-2.43,-0.095,-6.565,-14.895,-8.24,-8.735,-10.885,-8.31,-7.24,-12.19,-8.475,-11.345,-9.255,-4.855,-7.61,-3.39,-5.53,-10.125,-7.7,-9.595,-7.67,-6.735,-5.685,-8.93,-10.505,-9.925,-9.055,-7.09,-5.255,-4.38
8,29,2014,5,-6.295,-2.215,-2.43,-0.095,-6.565,-14.895,-8.24,-8.735,-10.885,-8.31,-7.24,-12.19,-8.475,-11.345,-9.255,-4.855,-7.61,-3.39,-5.53,-10.125,-7.7,-9.595,-7.67,-6.735,-5.685,-8.93,-10.505,-9.925,-9.055,-7.09,-5.255
8,30,2014,6,-6.075,-6.295,-2.215,-2.43,-0.095,-6.565,-14.895,-8.24,-8.735,-10.885,-8.31,-7.24,-12.19,-8.475,-11.345,-9.255,-4.855,-7.61,-3.39,-5.53,-10.125,-7.7,-9.595,-7.67,-6.735,-5.685,-8.93,-10.505,-9.925,-9.055,-7.09
8,31,2014,7,-8.965,-6.075,-6.295,-2.215,-2.43,-0.095,-6.565,-14.895,-8.24,-8.735,-10.885,-8.31,-7.24,-12.19,-8.475,-11.345,-9.255,-4.855,-7.61,-3.39,-5.53,-10.125,-7.7,-9.595,-7.67,-6.735,-5.685,-8.93,-10.505,-9.925,-9.055
9,1,2014,1,-5.595,-8.965,-6.075,-6.295,-2.215,-2.43,-0.095,-6.565,-14.895,-8.24,-8.735,-10.885,-8.31,-7.24,-12.19,-8.475,-11.345,-9.255,-4.855,-7.61,-3.39,-5.53,-10.125,-7.7,-9.595,-7.67,-6.735,-5.685,-8.93,-10.505,-9.925
9,2,2014,2,-4.92,-5.595,-8.965,-6.075,-6.295,-2.215,-2.43,-0.095,-6.565,-14.895,-8.24,-8.735,-10.885,-8.31,-7.24,-12.19,-8.475,-11.345,-9.255,-4.855,-7.61,-3.39,-5.53,-10.125,-7.7,-9.595,-7.67,-6.735,-5.685,-8.93,-10.505
9,3,2014,3,-3.86,-4.92,-5.595,-8.965,-6.075,-6.295,-2.215,-2.43,-0.095,-6.565,-14.895,-8.24,-8.735,-10.885,-8.31,-7.24,-12.19,-8.475,-11.345,-9.255,-4.855,-7.61,-3.39,-5.53,-10.125,-7.7,-9.595,-7.67,-6.735,-5.685,-8.93
9,4,2014,4,-10.71,-3.86,-4.92,-5.595,-8.965,-6.075,-6.295,-2.215,-2.43,-0.095,-6.565,-14.895,-8.24,-8.735,-10.885,-8.31,-7.24,-12.19,-8.475,-11.345,-9.255,-4.855,-7.61,-3.39,-5.53,-10.125,-7.7,-9.595,-7.67,-6.735,-5.685
9,5,2014,5,2.69,-10.71,-3.86,-4.92,-5.595,-8.965,-6.075,-6.295,-2.215,-2.43,-0.095,-6.565,-14.895,-8.24,-8.735,-10.885,-8.31,-7.24,-12.19,-8.475,-11.345,-9.255,-4.855,-7.61,-3.39,-5.53,-10.125,-7.7,-9.595,-7.67,-6.735
9,6,2014,6,0.225,2.69,-10.71,-3.86,-4.92,-5.595,-8.965,-6.075,-6.295,-2.215,-2.43,-0.095,-6.565,-14.895,-8.24,-8.735,-10.885,-8.31,-7.24,-12.19,-8.475,-11.345,-9.255,-4.855,-7.61,-3.39,-5.53,-10.125,-7.7,-9.595,-7.67
9,7,2014,7,-0.95,0.225,2.69,-10.71,-3.86,-4.92,-5.595,-8.965,-6.075,-6.295,-2.215,-2.43,-0.095,-6.565,-14.895,-8.24,-8.735,-10.885,-8.31,-7.24,-12.19,-8.475,-11.345,-9.255,-4.855,-7.61,-3.39,-5.53,-10.125,-7.7,-9.595
9,8,2014,1,-2.43,-0.95,0.225,2.69,-10.71,-3.86,-4.92,-5.595,-8.965,-6.075,-6.295,-2.215,-2.43,-0.095,-6.565,-14.895,-8.24,-8.735,-10.885,-8.31,-7.24,-12.19,-8.475,-11.345,-9.255,-4.855,-7.61,-3.39,-5.53,-10.125,-7.7
9,9,2014,2,-3.16,-2.43,-0.95,0.225,2.69,-10.71,-3.86,-4.92,-5.595,-8.965,-6.075,-6.295,-2.215,-2.43,-0.095,-6.565,-14.895,-8.24,-8.735,-10.885,-8.31,-7.24,-12.19,-8.475,-11.345,-9.255,-4.855,-7.61,-3.39,-5.53,-10.125
9,10,2014,3,7.325,-3.16,-2.43,-0.95,0.225,2.69,-10.71,-3.86,-4.92,-5.595,-8.965,-6.075,-6.295,-2.215,-2.43,-0.095,-6.565,-14.895,-8.24,-8.735,-10.885,-8.31,-7.24,-12.19,-8.475,-11.345,-9.255,-4.855,-7.61,-3.39,-5.53
9,11,2014,4,15.3,7.325,-3.16,-2.43,-0.95,0.225,2.69,-10.71,-3.86,-4.92,-5.595,-8.965,-6.075,-6.295,-2.215,-2.43,-0.095,-6.565,-14.895,-8.24,-8.735,-10.885,-8.31,-7.24,-12.19,-8.475,-11.345,-9.255,-4.855,-7.61,-3.39
9,12,2014,5,15.48,15.3,7.325,-3.16,-2.43,-0.95,0.225,2.69,-10.71,-3.86,-4.92,-5.595,-8.965,-6.075,-6.295,-2.215,-2.43,-0.095,-6.565,-14.895,-8.24,-8.735,-10.885,-8.31,-7.24,-12.19,-8.475,-11.345,-9.255,-4.855,-7.61
9,13,2014,6,16.035,15.48,15.3,7.325,-3.16,-2.43,-0.95,0.225,2.69,-10.71,-3.86,-4.92,-5.595,-8.965,-6.075,-6.295,-2.215,-2.43,-0.095,-6.565,-14.895,-8.24,-8.735,-10.885,-8.31,-7.24,-12.19,-8.475,-11.345,-9.255,-4.855
9,14,2014,7,7.165,16.035,15.48,15.3,7.325,-3.16,-2.43,-0.95,0.225,2.69,-10.71,-3.86,-4.92,-5.595,-8.965,-6.075,-6.295,-2.215,-2.43,-0.095,-6.565,-14.895,-8.24,-8.735,-10.885,-8.31,-7.24,-12.19,-8.475,-11.345,-9.255
9,15,2014,1,10.71,7.165,16.035,15.48,15.3,7.325,-3.16,-2.43,-0.95,0.225,2.69,-10.71,-3.86,-4.92,-5.595,-8.965,-6.075,-6.295,-2.215,-2.43,-0.095,-6.565,-14.895,-8.24,-8.735,-10.885,-8.31,-7.24,-12.19,-8.475,-11.345
9,16,2014,2,10.525,10.71,7.165,16.035,15.48,15.3,7.325,-3.16,-2.43,-0.95,0.225,2.69,-10.71,-3.86,-4.92,-5.595,-8.965,-6.075,-6.295,-2.215,-2.43,-0.095,-6.565,-14.895,-8.24,-8.735,-10.885,-8.31,-7.24,-12.19,-8.475
9,17,2014,3,0.075,10.525,10.71,7.165,16.035,15.48,15.3,7.325,-3.16,-2.43,-0.95,0.225,2.69,-10.71,-3.86,-4.92,-5.595,-8.965,-6.075,-6.295,-2.215,-2.43,-0.095,-6.565,-14.895,-8.24,-8.735,-10.885,-8.31,-7.24,-12.19
9,18,2014,4,4.475,0.075,10.525,10.71,7.165,16.035,15.48,15.3,7.325,-3.16,-2.43,-0.95,0.225,2.69,-10.71,-3.86,-4.92,-5.595,-8.965,-6.075,-6.295,-2.215,-2.43,-0.095,-6.565,-14.895,-8.24,-8.735,-10.885,-8.31,-7.24
9,19,2014,5,-2.665,4.475,0.075,10.525,10.71,7.165,16.035,15.48,15.3,7.325,-3.16,-2.43,-0.95,0.225,2.69,-10.71,-3.86,-4.92,-5.595,-8.965,-6.075,-6.295,-2.215,-2.43,-0.095,-6.565,-14.895,-8.24,-8.735,-10.885,-8.31
9,20,2014,6,-2.14,-2.665,4.475,0.075,10.525,10.71,7.165,16.035,15.48,15.3,7.325,-3.16,-2.43,-0.95,0.225,2.69,-10.71,-3.86,-4.92,-5.595,-8.965,-6.075,-6.295,-2.215,-2.43,-0.095,-6.565,-14.895,-8.24,-8.735,-10.885
9,21,2014,7,4.805,-2.14,-2.665,4.475,0.075,10.525,10.71,7.165,16.035,15.48,15.3,7.325,-3.16,-2.43,-0.95,0.225,2.69,-10.71,-3.86,-4.92,-5.595,-8.965,-6.075,-6.295,-2.215,-2.43,-0.095,-6.565,-14.895,-8.24,-8.735
9,22,2014,1,5.775,4.805,-2.14,-2.665,4.475,0.075,10.525,10.71,7.165,16.035,15.48,15.3,7.325,-3.16,-2.43,-0.95,0.225,2.69,-10.71,-3.86,-4.92,-5.595,-8.965,-6.075,-6.295,-2.215,-2.43,-0.095,-6.565,-14.895,-8.24
9,23,2014,2,3.34,5.775,4.805,-2.14,-2.665,4.475,0.075,10.525,10.71,7.165,16.035,15.48,15.3,7.325,-3.16,-2.43,-0.95,0.225,2.69,-10.71,-3.86,-4.92,-5.595,-8.965,-6.075,-6.295,-2.215,-2.43,-0.095,-6.565,-14.895
9,24,2014,3,3.075,3.34,5.775,4.805,-2.14,-2.665,4.475,0.075,10.525,10.71,7.165,16.035,15.48,15.3,7.325,-3.16,-2.43,-0.95,0.225,2.69,-10.71,-3.86,-4.92,-5.595,-8.965,-6.075,-6.295,-2.215,-2.43,-0.095,-6.565
9,25,2014,4,-3.13,3.075,3.34,5.775,4.805,-2.14,-2.665,4.475,0.075,10.525,10.71,7.165,16.035,15.48,15.3,7.325,-3.16,-2.43,-0.95,0.225,2.69,-10.71,-3.86,-4.92,-5.595,-8.965,-6.075,-6.295,-2.215,-2.43,-0.095
9,26,2014,5,-4.05,-3.13,3.075,3.34,5.775,4.805,-2.14,-2.665,4.475,0.075,10.525,10.71,7.165,16.035,15.48,15.3,7.325,-3.16,-2.43,-0.95,0.225,2.69,-10.71,-3.86,-4.92,-5.595,-8.965,-6.075,-6.295,-2.215,-2.43
9,27,2014,6,-7.165,-4.05,-3.13,3.075,3.34,5.775,4.805,-2.14,-2.665,4.475,0.075,10.525,10.71,7.165,16.035,15.48,15.3,7.325,-3.16,-2.43,-0.95,0.225,2.69,-10.71,-3.86,-4.92,-5.595,-8.965,-6.075,-6.295,-2.215
9,28,2014,7,-5.64,-7.165,-4.05,-3.13,3.075,3.34,5.775,4.805,-2.14,-2.665,4.475,0.075,10.525,10.71,7.165,16.035,15.48,15.3,7.325,-3.16,-2.43,-0.95,0.225,2.69,-10.71,-3.86,-4.92,-5.595,-8.965,-6.075,-6.295
9,29,2014,1,9.09,-5.64,-7.165,-4.05,-3.13,3.075,3.34,5.775,4.805,-2.14,-2.665,4.475,0.075,10.525,10.71,7.165,16.035,15.48,15.3,7.325,-3.16,-2.43,-0.95,0.225,2.69,-10.71,-3.86,-4.92,-5.595,-8.965,-6.075
9,30,2014,2,14.725,9.09,-5.64,-7.165,-4.05,-3.13,3.075,3.34,5.775,4.805,-2.14,-2.665,4.475,0.075,10.525,10.71,7.165,16.035,15.48,15.3,7.325,-3.16,-2.43,-0.95,0.225,2.69,-10.71,-3.86,-4.92,-5.595,-8.965
10,1,2014,3,10.485,14.725,9.09,-5.64,-7.165,-4.05,-3.13,3.075,3.34,5.775,4.805,-2.14,-2.665,4.475,0.075,10.525,10.71,7.165,16.035,15.48,15.3,7.325,-3.16,-2.43,-0.95,0.225,2.69,-10.71,-3.86,-4.92,-5.595
10,2,2014,4,9.4,10.485,14.725,9.09,-5.64,-7.165,-4.05,-3.13,3.075,3.34,5.775,4.805,-2.14,-2.665,4.475,0.075,10.525,10.71,7.165,16.035,15.48,15.3,7.325,-3.16,-2.43,-0.95,0.225,2.69,-10.71,-3.86,-4.92
10,3,2014,5,20.14,9.4,10.485,14.725,9.09,-5.64,-7.165,-4.05,-3.13,3.075,3.34,5.775,4.805,-2.14,-2.665,4.475,0.075,10.525,10.71,7.165,16.035,15.48,15.3,7.325,-3.16,-2.43,-0.95,0.225,2.69,-10.71,-3.86
10,4,2014,6,20.865,20.14,9.4,10.485,14.725,9.09,-5.64,-7.165,-4.05,-3.13,3.075,3.34,5.775,4.805,-2.14,-2.665,4.475,0.075,10.525,10.71,7.165,16.035,15.48,15.3,7.325,-3.16,-2.43,-0.95,0.225,2.69,-10.71
10,5,2014,7,23.06,20.865,20.14,9.4,10.485,14.725,9.09,-5.64,-7.165,-4.05,-3.13,3.075,3.34,5.775,4.805,-2.14,-2.665,4.475,0.075,10.525,10.71,7.165,16.035,15.48,15.3,7.325,-3.16,-2.43,-0.95,0.225,2.69
10,6,2014,1,15.785,23.06,20.865,20.14,9.4,10.485,14.725,9.09,-5.64,-7.165,-4.05,-3.13,3.075,3.34,5.775,4.805,-2.14,-2.665,4.475,0.075,10.525,10.71,7.165,16.035,15.48,15.3,7.325,-3.16,-2.43,-0.95,0.225
10,7,2014,2,12.27,15.785,23.06,20.865,20.14,9.4,10.485,14.725,9.09,-5.64,-7.165,-4.05,-3.13,3.075,3.34,5.775,4.805,-2.14,-2.665,4.475,0.075,10.525,10.71,7.165,16.035,15.48,15.3,7.325,-3.16,-2.43,-0.95
10,8,2014,3,15.295,12.27,15.785,23.06,20.865,20.14,9.4,10.485,14.725,9.09,-5.64,-7.165,-4.05,-3.13,3.075,3.34,5.775,4.805,-2.14,-2.665,4.475,0.075,10.525,10.71,7.165,16.035,15.48,15.3,7.325,-3.16,-2.43
10,9,2014,4,20.815,15.295,12.27,15.785,23.06,20.865,20.14,9.4,10.485,14.725,9.09,-5.64,-7.165,-4.05,-3.13,3.075,3.34,5.775,4.805,-2.14,-2.665,4.475,0.075,10.525,10.71,7.165,16.035,15.48,15.3,7.325,-3.16
10,10,2014,5,22.15,20.815,15.295,12.27,15.785,23.06,20.865,20.14,9.4,10.485,14.725,9.09,-5.64,-7.165,-4.05,-3.13,3.075,3.34,5.775,4.805,-2.14,-2.665,4.475,0.075,10.525,10.71,7.165,16.035,15.48,15.3,7.325
10,11,2014,6,20.58,22.15,20.815,15.295,12.27,15.785,23.06,20.865,20.14,9.4,10.485,14.725,9.09,-5.64,-7.165,-4.05,-3.13,3.075,3.34,5.775,4.805,-2.14,-2.665,4.475,0.075,10.525,10.71,7.165,16.035,15.48,15.3
10,12,2014,7,14.12,20.58,22.15,20.815,15.295,12.27,15.785,23.06,20.865,20.14,9.4,10.485,14.725,9.09,-5.64,-7.165,-4.05,-3.13,3.075,3.34,5.775,4.805,-2.14,-2.665,4.475,0.075,10.525,10.71,7.165,16.035,15.48
10,13,2014,1,11.75,14.12,20.58,22.15,20.815,15.295,12.27,15.785,23.06,20.865,20.14,9.4,10.485,14.725,9.09,-5.64,-7.165,-4.05,-3.13,3.075,3.34,5.775,4.805,-2.14,-2.665,4.475,0.075,10.525,10.71,7.165,16.035
10,14,2014,2,9.35,11.75,14.12,20.58,22.15,20.815,15.295,12.27,15.785,23.06,20.865,20.14,9.4,10.485,14.725,9.09,-5.64,-7.165,-4.05,-3.13,3.075,3.34,5.775,4.805,-2.14,-2.665,4.475,0.075,10.525,10.71,7.165
10,15,2014,3,13.78,9.35,11.75,14.12,20.58,22.15,20.815,15.295,12.27,15.785,23.06,20.865,20.14,9.4,10.485,14.725,9.09,-5.64,-7.165,-4.05,-3.13,3.075,3.34,5.775,4.805,-2.14,-2.665,4.475,0.075,10.525,10.71
10,16,2014,4,10.18,13.78,9.35,11.75,14.12,20.58,22.15,20.815,15.295,12.27,15.785,23.06,20.865,20.14,9.4,10.485,14.725,9.09,-5.64,-7.165,-4.05,-3.13,3.075,3.34,5.775,4.805,-2.14,-2.665,4.475,0.075,10.525
10,17,2014,5,12.01,10.18,13.78,9.35,11.75,14.12,20.58,22.15,20.815,15.295,12.27,15.785,23.06,20.865,20.14,9.4,10.485,14.725,9.09,-5.64,-7.165,-4.05,-3.13,3.075,3.34,5.775,4.805,-2.14,-2.665,4.475,0.075
10,18,2014,6,18.575,12.01,10.18,13.78,9.35,11.75,14.12,20.58,22.15,20.815,15.295,12.27,15.785,23.06,20.865,20.14,9.4,10.485,14.725,9.09,-5.64,-7.165,-4.05,-3.13,3.075,3.34,5.775,4.805,-2.14,-2.665,4.475
10,19,2014,7,12.125,18.575,12.01,10.18,13.78,9.35,11.75,14.12,20.58,22.15,20.815,15.295,12.27,15.785,23.06,20.865,20.14,9.4,10.485,14.725,9.09,-5.64,-7.165,-4.05,-3.13,3.075,3.34,5.775,4.805,-2.14,-2.665
10,20,2014,1,11.195,12.125,18.575,12.01,10.18,13.78,9.35,11.75,14.12,20.58,22.15,20.815,15.295,12.27,15.785,23.06,20.865,20.14,9.4,10.485,14.725,9.09,-5.64,-7.165,-4.05,-3.13,3.075,3.34,5.775,4.805,-2.14
10,21,2014,2,17.8,11.195,12.125,18.575,12.01,10.18,13.78,9.35,11.75,14.12,20.58,22.15,20.815,15.295,12.27,15.785,23.06,20.865,20.14,9.4,10.485,14.725,9.09,-5.64,-7.165,-4.05,-3.13,3.075,3.34,5.775,4.805
10,22,2014,3,15.275,17.8,11.195,12.125,18.575,12.01,10.18,13.78,9.35,11.75,14.12,20.58,22.15,20.815,15.295,12.27,15.785,23.06,20.865,20.14,9.4,10.485,14.725,9.09,-5.64,-7.165,-4.05,-3.13,3.075,3.34,5.775
10,23,2014,4,5.42,15.275,17.8,11.195,12.125,18.575,12.01,10.18,13.78,9.35,11.75,14.12,20.58,22.15,20.815,15.295,12.27,15.785,23.06,20.865,20.14,9.4,10.485,14.725,9.09,-5.64,-7.165,-4.05,-3.13,3.075,3.34
10,24,2014,5,8.105,5.42,15.275,17.8,11.195,12.125,18.575,12.01,10.18,13.78,9.35,11.75,14.12,20.58,22.15,20.815,15.295,12.27,15.785,23.06,20.865,20.14,9.4,10.485,14.725,9.09,-5.64,-7.165,-4.05,-3.13,3.075
10,25,2014,6,10.205,8.105,5.42,15.275,17.8,11.195,12.125,18.575,12.01,10.18,13.78,9.35,11.75,14.12,20.58,22.15,20.815,15.295,12.27,15.785,23.06,20.865,20.14,9.4,10.485,14.725,9.09,-5.64,-7.165,-4.05,-3.13
10,26,2014,7,16.05,11.065,7.735,6.14,15.27,17.78,11.205,12.59,18.575,12.01,10.18,13.78,9.35,11.75,13.355,20.58,22.15,20.815,15.295,12.27,15.785,23.06,20.865,20.14,9.4,10.485,14.725,9.09,-5.64,-7.165,-4.05
