10,25,2013,5,18.035,17.145,14.125,5.83,7.075,8.1,7.215,2.545,-0.49,2.715,3.945,5.485,3.95,-1.675,0.46,5.25,5.9,3.705,-3.41,-2.04,-3.87,-8.25,-5.42,-7.47,-3.95,0.75,0.48,-0.8,2.45,1.475,2.2
10,26,2013,6,17.105,18.035,17.145,14.125,5.83,7.075,8.1,7.215,2.545,-0.49,2.715,3.945,5.485,3.95,-1.675,0.46,5.25,5.9,3.705,-3.41,-2.04,-3.87,-8.25,-5.42,-7.47,-3.95,0.75,0.48,-0.8,2.45,1.475
10,27,2013,7,12.22,17.105,18.035,17.145,14.125,5.83,7.075,8.1,7.215,2.545,-0.49,2.715,3.945,5.485,3.95,-1.675,0.46,5.25,5.9,3.705,-3.41,-2.04,-3.87,-8.25,-5.42,-7.47,-3.95,0.75,0.48,-0.8,2.45
10,28,2013,1,13.025,12.22,17.105,18.035,17.145,14.125,5.83,7.075,8.1,7.215,2.545,-0.49,2.715,3.945,5.485,3.95,-1.675,0.46,5.25,5.9,3.705,-3.41,-2.04,-3.87,-8.25,-5.42,-7.47,-3.95,0.75,0.48,-0.8
10,29,2013,2,13.63,13.025,12.22,17.105,18.035,17.145,14.125,5.83,7.075,8.1,7.215,2.545,-0.49,2.715,3.945,5.485,3.95,-1.675,0.46,5.25,5.9,3.705,-3.41,-2.04,-3.87,-8.25,-5.42,-7.47,-3.95,0.75,0.48
10,30,2013,3,11.68,13.63,13.025,12.22,17.105,18.035,17.145,14.125,5.83,7.075,8.1,7.215,2.545,-0.49,2.715,3.945,5.485,3.95,-1.675,0.46,5.25,5.9,3.705,-3.41,-2.04,-3.87,-8.25,-5.42,-7.47,-3.95,0.75
10,31,2013,4,4.69,11.68,13.63,13.025,12.22,17.105,18.035,17.145,14.125,5.83,7.075,8.1,7.215,2.545,-0.49,2.715,3.945,5.485,3.95,-1.675,0.46,5.25,5.9,3.705,-3.41,-2.04,-3.87,-8.25,-5.42,-7.47,-3.95
11,1,2013,5,0.19,4.69,11.68,13.63,13.025,12.22,17.105,18.035,17.145,14.125,5.83,7.075,8.1,7.215,2.545,-0.49,2.715,3.945,5.485,3.95,-1.675,0.46,5.25,5.9,3.705,-3.41,-2.04,-3.87,-8.25,-5.42,-7.47
11,2,2013,6,4.905,0.19,4.69,11.68,13.63,13.025,12.22,17.105,18.035,17.145,14.125,5.83,7.075,8.1,7.215,2.545,-0.49,2.715,3.945,5.485,3.95,-1.675,0.46,5.25,5.9,3.705,-3.41,-2.04,-3.87,-8.25,-5.42
11,3,2013,7,17.965,4.905,0.19,4.69,11.68,13.63,13.025,12.22,17.105,18.035,17.145,14.125,5.83,7.075,8.1,7.215,2.545,-0.49,2.715,3.945,5.485,3.95,-1.675,0.46,5.25,5.9,3.705,-3.41,-2.04,-3.87,-8.25
11,4,2013,1,24.085,17.965,4.905,0.19,4.69,11.68,13.63,13.025,12.22,17.105,18.035,17.145,14.125,5.83,7.075,8.1,7.215,2.545,-0.49,2.715,3.945,5.485,3.95,-1.675,0.46,5.25,5.9,3.705,-3.41,-2.04,-3.87
11,5,2013,2,17.095,24.085,17.965,4.905,0.19,4.69,11.68,13.63,13.025,12.22,17.105,18.035,17.145,14.125,5.83,7.075,8.1,7.215,2.545,-0.49,2.715,3.945,5.485,3.95,-1.675,0.46,5.25,5.9,3.705,-3.41,-2.04
11,6,2013,3,10.85,17.095,24.085,17.965,4.905,0.19,4.69,11.68,13.63,13.025,12.22,17.105,18.035,17.145,14.125,5.83,7.075,8.1,7.215,2.545,-0.49,2.715,3.945,5.485,3.95,-1.675,0.46,5.25,5.9,3.705,-3.41
11,7,2013,4,11.29,10.85,17.095,24.085,17.965,4.905,0.19,4.69,11.68,13.63,13.025,12.22,17.105,18.035,17.145,14.125,5.83,7.075,8.1,7.215,2.545,-0.49,2.715,3.945,5.485,3.95,-1.675,0.46,5.25,5.9,3.705
11,8,2013,5,20.1,11.29,10.85,17.095,24.085,17.965,4.905,0.19,4.69,11.68,13.63,13.025,12.22,17.105,18.035,17.145,14.125,5.83,7.075,8.1,7.215,2.545,-0.49,2.715,3.945,5.485,3.95,-1.675,0.46,5.25,5.9
11,9,2013,6,21.115,20.1,11.29,10.85,17.095,24.085,17.965,4.905,0.19,4.69,11.68,13.63,13.025,12.22,17.105,18.035,17.145,14.125,5.83,7.075,8.1,7.215,2.545,-0.49,2.715,3.945,5.485,3.95,-1.675,0.46,5.25
11,10,2013,7,14.37,21.115,20.1,11.29,10.85,17.095,24.085,17.965,4.905,0.19,4.69,11.68,13.63,13.025,12.22,17.105,18.035,17.145,14.125,5.83,7.075,8.1,7.215,2.545,-0.49,2.715,3.945,5.485,3.95,-1.675,0.46
11,11,2013,1,16.995,14.37,21.115,20.1,11.29,10.85,17.095,24.085,17.965,4.905,0.19,4.69,11.68,13.63,13.025,12.22,17.105,18.035,17.145,14.125,5.83,7.075,8.1,7.215,2.545,-0.49,2.715,3.945,5.485,3.95,-1.675
11,12,2013,2,23.035,16.995,14.37,21.115,20.1,11.29,10.85,17.095,24.085,17.965,4.905,0.19,4.69,11.68,13.63,13.025,12.22,17.105,18.035,17.145,14.125,5.83,7.075,8.1,7.215,2.545,-0.49,2.715,3.945,5.485,3.95
11,13,2013,3,30.6,23.035,16.995,14.37,21.115,20.1,11.29,10.85,17.095,24.085,17.965,4.905,0.19,4.69,11.68,13.63,13.025,12.22,17.105,18.035,17.145,14.125,5.83,7.075,8.1,7.215,2.545,-0.49,2.715,3.945,5.485
11,14,2013,4,21.7,30.6,23.035,16.995,14.37,21.115,20.1,11.29,10.85,17.095,24.085,17.965,4.905,0.19,4.69,11.68,13.63,13.025,12.22,17.105,18.035,17.145,14.125,5.83,7.075,8.1,7.215,2.545,-0.49,2.715,3.945
11,15,2013,5,16.58,21.7,30.6,23.035,16.995,14.37,21.115,20.1,11.29,10.85,17.095,24.085,17.965,4.905,0.19,4.69,11.68,13.63,13.025,12.22,17.105,18.035,17.145,14.125,5.83,7.075,8.1,7.215,2.545,-0.49,2.715
11,16,2013,6,12.75,16.58,21.7,30.6,23.035,16.995,14.37,21.115,20.1,11.29,10.85,17.095,24.085,17.965,4.905,0.19,4.69,11.68,13.63,13.025,12.22,17.105,18.035,17.145,14.125,5.83,7.075,8.1,7.215,2.545,-0.49
11,17,2013,7,10.5,12.75,16.58,21.7,30.6,23.035,16.995,14.37,21.115,20.1,11.29,10.85,17.095,24.085,17.965,4.905,0.19,4.69,11.68,13.63,13.025,12.22,17.105,18.035,17.145,14.125,5.83,7.075,8.1,7.215,2.545
11,18,2013,1,7.015,10.5,12.75,16.58,21.7,30.6,23.035,16.995,14.37,21.115,20.1,11.29,10.85,17.095,24.085,17.965,4.905,0.19,4.69,11.68,13.63,13.025,12.22,17.105,18.035,17.145,14.125,5.83,7.075,8.1,7.215
11,19,2013,2,20.415,7.015,10.5,12.75,16.58,21.7,30.6,23.035,16.995,14.37,21.115,20.1,11.29,10.85,17.095,24.085,17.965,4.905,0.19,4.69,11.68,13.63,13.025,12.22,17.105,18.035,17.145,14.125,5.83,7.075,8.1
11,20,2013,3,26.165,20.415,7.015,10.5,12.75,16.58,21.7,30.6,23.035,16.995,14.37,21.115,20.1,11.29,10.85,17.095,24.085,17.965,4.905,0.19,4.69,11.68,13.63,13.025,12.22,17.105,18.035,17.145,14.125,5.83,7.075
11,21,2013,4,21.65,26.165,20.415,7.015,10.5,12.75,16.58,21.7,30.6,23.035,16.995,14.37,21.115,20.1,11.29,10.85,17.095,24.085,17.965,4.905,0.19,4.69,11.68,13.63,13.025,12.22,17.105,18.035,17.145,14.125,5.83
11,22,2013,5,12.545,21.65,26.165,20.415,7.015,10.5,12.75,16.58,21.7,30.6,23.035,16.995,14.37,21.115,20.1,11.29,10.85,17.095,24.085,17.965,4.905,0.19,4.69,11.68,13.63,13.025,12.22,17.105,18.035,17.145,14.125
11,23,2013,6,21.455,12.545,21.65,26.165,20.415,7.015,10.5,12.75,16.58,21.7,30.6,23.035,16.995,14.37,21.115,20.1,11.29,10.85,17.095,24.085,17.965,4.905,0.19,4.69,11.68,13.63,13.025,12.22,17.105,18.035,17.145
11,24,2013,7,37.475,21.455,12.545,21.65,26.165,20.415,7.015,10.5,12.75,16.58,21.7,30.6,23.035,16.995,14.37,21.115,20.1,11.29,10.85,17.095,24.085,17.965,4.905,0.19,4.69,11.68,13.63,13.025,12.22,17.105,18.035
11,25,2013,1,35.675,37.475,21.455,12.545,21.65,26.165,20.415,7.015,10.5,12.75,16.58,21.7,30.6,23.035,16.995,14.37,21.115,20.1,11.29,10.85,17.095,24.085,17.965,4.905,0.19,4.69,11.68,13.63,13.025,12.22,17.105
11,26,2013,2,23.49,35.675,37.475,21.455,12.545,21.65,26.165,20.415,7.015,10.5,12.75,16.58,21.7,30.6,23.035,16.995,14.37,21.115,20.1,11.29,10.85,17.095,24.085,17.965,4.905,0.19,4.69,11.68,13.63,13.025,12.22
11,27,2013,3,16.585,23.49,35.675,37.475,21.455,12.545,21.65,26.165,20.415,7.015,10.5,12.75,16.58,21.7,30.6,23.035,16.995,14.37,21.115,20.1,11.29,10.85,17.095,24.085,17.965,4.905,0.19,4.69,11.68,13.63,13.025
11,28,2013,4,32.315,16.585,23.49,35.675,37.475,21.455,12.545,21.65,26.165,20.415,7.015,10.5,12.75,16.58,21.7,30.6,23.035,16.995,14.37,21.115,20.1,11.29,10.85,17.095,24.085,17.965,4.905,0.19,4.69,11.68,13.63
11,29,2013,5,30.52,32.315,16.585,23.49,35.675,37.475,21.455,12.545,21.65,26.165,20.415,7.015,10.5,12.75,16.58,21.7,30.6,23.035,16.995,14.37,21.115,20.1,11.29,10.85,17.095,24.085,17.965,4.905,0.19,4.69,11.68
11,30,2013,6,32.395,30.52,32.315,16.585,23.49,35.675,37.475,21.455,12.545,21.65,26.165,20.415,7.015,10.5,12.75,16.58,21.7,30.6,23.035,16.995,14.37,21.115,20.1,11.29,10.85,17.095,24.085,17.965,4.905,0.19,4.69
12,1,2013,7,22.65,32.395,30.52,32.315,16.585,23.49,35.675,37.475,21.455,12.545,21.65,26.165,20.415,7.015,10.5,12.75,16.58,21.7,30.6,23.035,16.995,14.37,21.115,20.1,11.29,10.85,17.095,24.085,17.965,4.905,0.19
12,2,2013,1,20.25,22.65,32.395,30.52,32.315,16.585,23.49,35.675,37.475,21.455,12.545,21.65,26.165,20.415,7.015,10.5,12.75,16.58,21.7,30.6,23.035,16.995,14.37,21.115,20.1,11.29,10.85,17.095,24.085,17.965,4.905
12,3,2013,2,18.35,20.25,22.65,32.395,30.52,32.315,16.585,23.49,35.675,37.475,21.455,12.545,21.65,26.165,20.415,7.015,10.5,12.75,16.58,21.7,30.6,23.035,16.995,14.37,21.115,20.1,11.29,10.85,17.095,24.085,17.965
12,4,2013,3,19.84,18.35,20.25,22.65,32.395,30.52,32.315,16.585,23.49,35.675,37.475,21.455,12.545,21.65,26.165,20.415,7.015,10.5,12.75,16.58,21.7,30.6,23.035,16.995,14.37,21.115,20.1,11.29,10.85,17.095,24.085
12,5,2013,4,12.205,19.84,18.35,20.25,22.65,32.395,30.52,32.315,16.585,23.49,35.675,37.475,21.455,12.545,21.65,26.165,20.415,7.015,10.5,12.75,16.58,21.7,30.6,23.035,16.995,14.37,21.115,20.1,11.29,10.85,17.095
12,6,2013,5,16.175,12.205,19.84,18.35,20.25,22.65,32.395,30.52,32.315,16.585,23.49,35.675,37.475,21.455,12.545,21.65,26.165,20.415,7.015,10.5,12.75,16.58,21.7,30.6,23.035,16.995,14.37,21.115,20.1,11.29,10.85
12,7,2013,6,28.06,16.175,12.205,19.84,18.35,20.25,22.65,32.395,30.52,32.315,16.585,23.49,35.675,37.475,21.455,12.545,21.65,26.165,20.415,7.015,10.5,12.75,16.58,21.7,30.6,23.035,16.995,14.37,21.115,20.1,11.29
12,8,2013,7,33.995,28.06,16.175,12.205,19.84,18.35,20.25,22.65,32.395,30.52,32.315,16.585,23.49,35.675,37.475,21.455,12.545,21.65,26.165,20.415,7.015,10.5,12.75,16.58,21.7,30.6,23.035,16.995,14.37,21.115,20.1
12,9,2013,1,29.825,33.995,28.06,16.175,12.205,19.84,18.35,20.25,22.65,32.395,30.52,32.315,16.585,23.49,35.675,37.475,21.455,12.545,21.65,26.165,20.415,7.015,10.5,12.75,16.58,21.7,30.6,23.035,16.995,14.37,21.115
12,10,2013,2,31.25,29.825,33.995,28.06,16.175,12.205,19.84,18.35,20.25,22.65,32.395,30.52,32.315,16.585,23.49,35.675,37.475,21.455,12.545,21.65,26.165,20.415,7.015,10.5,12.75,16.58,21.7,30.6,23.035,16.995,14.37
12,11,2013,3,34.895,31.25,29.825,33.995,28.06,16.175,12.205,19.84,18.35,20.25,22.65,32.395,30.52,32.315,16.585,23.49,35.675,37.475,21.455,12.545,21.65,26.165,20.415,7.015,10.5,12.75,16.58,21.7,30.6,23.035,16.995
12,12,2013,4,38.93,34.895,31.25,29.825,33.995,28.06,16.175,12.205,19.84,18.35,20.25,22.65,32.395,30.52,32.315,16.585,23.49,35.675,37.475,21.455,12.545,21.65,26.165,20.415,7.015,10.5,12.75,16.58,21.7,30.6,23.035
12,13,2013,5,36.105,38.93,34.895,31.25,29.825,33.995,28.06,16.175,12.205,19.84,18.35,20.25,22.65,32.395,30.52,32.315,16.585,23.49,35.675,37.475,21.455,12.545,21.65,26.165,20.415,7.015,10.5,12.75,16.58,21.7,30.6
12,14,2013,6,36.395,36.105,38.93,34.895,31.25,29.825,33.995,28.06,16.175,12.205,19.84,18.35,20.25,22.65,32.395,30.52,32.315,16.585,23.49,35.675,37.475,21.455,12.545,21.65,26.165,20.415,7.015,10.5,12.75,16.58,21.7
12,15,2013,7,29.745,36.395,36.105,38.93,34.895,31.25,29.825,33.995,28.06,16.175,12.205,19.84,18.35,20.25,22.65,32.395,30.52,32.315,16.585,23.49,35.675,37.475,21.455,12.545,21.65,26.165,20.415,7.015,10.5,12.75,16.58
12,16,2013,1,35.275,29.745,36.395,36.105,38.93,34.895,31.25,29.825,33.995,28.06,16.175,12.205,19.84,18.35,20.25,22.65,32.395,30.52,32.315,16.585,23.49,35.675,37.475,21.455,12.545,21.65,26.165,20.415,7.015,10.5,12.75
12,17,2013,2,36.585,35.275,29.745,36.395,36.105,38.93,34.895,31.25,29.825,33.995,28.06,16.175,12.205,19.84,18.35,20.25,22.65,32.395,30.52,32.315,16.585,23.49,35.675,37.475,21.455,12.545,21.65,26.165,20.415,7.015,10.5
12,18,2013,3,34.675,36.585,35.275,29.745,36.395,36.105,38.93,34.895,31.25,29.825,33.995,28.06,16.175,12.205,19.84,18.35,20.25,22.65,32.395,30.52,32.315,16.585,23.49,35.675,37.475,21.455,12.545,21.65,26.165,20.415,7.015
12,19,2013,4,28.12,34.675,36.585,35.275,29.745,36.395,36.105,38.93,34.895,31.25,29.825,33.995,28.06,16.175,12.205,19.84,18.35,20.25,22.65,32.395,30.52,32.315,16.585,23.49,35.675,37.475,21.455,12.545,21.65,26.165,20.415
12,20,2013,5,19.635,28.12,34.675,36.585,35.275,29.745,36.395,36.105,38.93,34.895,31.25,29.825,33.995,28.06,16.175,12.205,19.84,18.35,20.25,22.65,32.395,30.52,32.315,16.585,23.49,35.675,37.475,21.455,12.545,21.65,26.165
12,21,2013,6,11.005,19.635,28.12,34.675,36.585,35.275,29.745,36.395,36.105,38.93,34.895,31.25,29.825,33.995,28.06,16.175,12.205,19.84,18.35,20.25,22.65,32.395,30.52,32.315,16.585,23.49,35.675,37.475,21.455,12.545,21.65
12,22,2013,7,3.225,11.005,19.635,28.12,34.675,36.585,35.275,29.745,36.395,36.105,38.93,34.895,31.25,29.825,33.995,28.06,16.175,12.205,19.84,18.35,20.25,22.65,32.395,30.52,32.315,16.585,23.49,35.675,37.475,21.455,12.545
12,23,2013,1,12.52,3.225,11.005,19.635,28.12,34.675,36.585,35.275,29.745,36.395,36.105,38.93,34.895,31.25,29.825,33.995,28.06,16.175,12.205,19.84,18.35,20.25,22.65,32.395,30.52,32.315,16.585,23.49,35.675,37.475,21.455
12,24,2013,2,29.895,12.52,3.225,11.005,19.635,28.12,34.675,36.585,35.275,29.745,36.395,36.105,38.93,34.895,31.25,29.825,33.995,28.06,16.175,12.205,19.84,18.35,20.25,22.65,32.395,30.52,32.315,16.585,23.49,35.675,37.475
12,25,2013,3,40.04,29.895,12.52,3.225,11.005,19.635,28.12,34.675,36.585,35.275,29.745,36.395,36.105,38.93,34.895,31.25,29.825,33.995,28.06,16.175,12.205,19.84,18.35,20.25,22.65,32.395,30.52,32.315,16.585,23.49,35.675
12,26,2013,4,32.245,40.04,29.895,12.52,3.225,11.005,19.635,28.12,34.675,36.585,35.275,29.745,36.395,36.105,38.93,34.895,31.25,29.825,33.995,28.06,16.175,12.205,19.84,18.35,20.25,22.65,32.395,30.52,32.315,16.585,23.49
12,27,2013,5,29.315,32.245,40.04,29.895,12.52,3.225,11.005,19.635,28.12,34.675,36.585,35.275,29.745,36.395,36.105,38.93,34.895,31.25,29.825,33.995,28.06,16.175,12.205,19.84,18.35,20.25,22.65,32.395,30.52,32.315,16.585
12,28,2013,6,21.685,29.315,32.245,40.04,29.895,12.52,3.225,11.005,19.635,28.12,34.675,36.585,35.275,29.745,36.395,36.105,38.93,34.895,31.25,29.825,33.995,28.06,16.175,12.205,19.84,18.35,20.25,22.65,32.395,30.52,32.315
12,29,2013,7,21.49,21.685,29.315,32.245,40.04,29.895,12.52,3.225,11.005,19.635,28.12,34.675,36.585,35.275,29.745,36.395,36.105,38.93,34.895,31.25,29.825,33.995,28.06,16.175,12.205,19.84,18.35,20.25,22.65,32.395,30.52
12,30,2013,1,30.92,21.49,21.685,29.315,32.245,40.04,29.895,12.52,3.225,11.005,19.635,28.12,34.675,36.585,35.275,29.745,36.395,36.105,38.93,34.895,31.25,29.825,33.995,28.06,16.175,12.205,19.84,18.35,20.25,22.65,32.395
12,31,2013,2,38.145,30.92,21.49,21.685,29.315,32.245,40.04,29.895,12.52,3.225,11.005,19.635,28.12,34.675,36.585,35.275,29.745,36.395,36.105,38.93,34.895,31.25,29.825,33.995,28.06,16.175,12.205,19.84,18.35,20.25,22.65
1,1,2014,3,35.855,38.145,30.92,21.49,21.685,29.315,32.245,40.04,29.895,12.52,3.225,11.005,19.635,28.12,34.675,36.585,35.275,29.745,36.395,36.105,38.93,34.895,31.25,29.825,33.995,28.06,16.175,12.205,19.84,18.35,20.25
1,2,2014,4,38.34,35.855,38.145,30.92,21.49,21.685,29.315,32.245,40.04,29.895,12.52,3.225,11.005,19.635,28.12,34.675,36.585,35.275,29.745,36.395,36.105,38.93,34.895,31.25,29.825,33.995,28.06,16.175,12.205,19.84,18.35
1,3,2014,5,50.035,38.34,35.855,38.145,30.92,21.49,21.685,29.315,32.245,40.04,29.895,12.52,3.225,11.005,19.635,28.12,34.675,36.585,35.275,29.745,36.395,36.105,38.93,34.895,31.25,29.825,33.995,28.06,16.175,12.205,19.84
1,4,2014,6,45.97,50.035,38.34,35.855,38.145,30.92,21.49,21.685,29.315,32.245,40.04,29.895,12.52,3.225,11.005,19.635,28.12,34.675,36.585,35.275,29.745,36.395,36.105,38.93,34.895,31.25,29.825,33.995,28.06,16.175,12.205
1,5,2014,7,29.375,45.97,50.035,38.34,35.855,38.145,30.92,21.49,21.685,29.315,32.245,40.04,29.895,12.52,3.225,11.005,19.635,28.12,34.675,36.585,35.275,29.745,36.395,36.105,38.93,34.895,31.25,29.825,33.995,28.06,16.175
1,6,2014,1,25.63,29.375,45.97,50.035,38.34,35.855,38.145,30.92,21.49,21.685,29.315,32.245,40.04,29.895,12.52,3.225,11.005,19.635,28.12,34.675,36.585,35.275,29.745,36.395,36.105,38.93,34.895,31.25,29.825,33.995,28.06
1,7,2014,2,52.84,25.63,29.375,45.97,50.035,38.34,35.855,38.145,30.92,21.49,21.685,29.315,32.245,40.04,29.895,12.52,3.225,11.005,19.635,28.12,34.675,36.585,35.275,29.745,36.395,36.105,38.93,34.895,31.25,29.825,33.995
1,8,2014,3,49.175,52.84,25.63,29.375,45.97,50.035,38.34,35.855,38.145,30.92,21.49,21.685,29.315,32.245,40.04,29.895,12.52,3.225,11.005,19.635,28.12,34.675,36.585,35.275,29.745,36.395,36.105,38.93,34.895,31.25,29.825
1,9,2014,4,37.96,49.175,52.84,25.63,29.375,45.97,50.035,38.34,35.855,38.145,30.92,21.49,21.685,29.315,32.245,40.04,29.895,12.52,3.225,11.005,19.635,28.12,34.675,36.585,35.275,29.745,36.395,36.105,38.93,34.895,31.25
1,10,2014,5,32.745,37.96,49.175,52.84,25.63,29.375,45.97,50.035,38.34,35.855,38.145,30.92,21.49,21.685,29.315,32.245,40.04,29.895,12.52,3.225,11.005,19.635,28.12,34.675,36.585,35.275,29.745,36.395,36.105,38.93,34.895
1,11,2014,6,20.065,32.745,37.96,49.175,52.84,25.63,29.375,45.97,50.035,38.34,35.855,38.145,30.92,21.49,21.685,29.315,32.245,40.04,29.895,12.52,3.225,11.005,19.635,28.12,34.675,36.585,35.275,29.745,36.395,36.105,38.93
1,12,2014,7,19.965,20.065,32.745,37.96,49.175,52.84,25.63,29.375,45.97,50.035,38.34,35.855,38.145,30.92,21.49,21.685,29.315,32.245,40.04,29.895,12.52,3.225,11.005,19.635,28.12,34.675,36.585,35.275,29.745,36.395,36.105
1,13,2014,1,23.425,19.965,20.065,32.745,37.96,49.175,52.84,25.63,29.375,45.97,50.035,38.34,35.855,38.145,30.92,21.49,21.685,29.315,32.245,40.04,29.895,12.52,3.225,11.005,19.635,28.12,34.675,36.585,35.275,29.745,36.395
1,14,2014,2,18.91,23.425,19.965,20.065,32.745,37.96,49.175,52.84,25.63,29.375,45.97,50.035,38.34,35.855,38.145,30.92,21.49,21.685,29.315,32.245,40.04,29.895,12.52,3.225,11.005,19.635,28.12,34.675,36.585,35.275,29.745
1,15,2014,3,27.65,18.91,23.425,19.965,20.065,32.745,37.96,49.175,52.84,25.63,29.375,45.97,50.035,38.34,35.855,38.145,30.92,21.49,21.685,29.315,32.245,40.04,29.895,12.52,3.225,11.005,19.635,28.12,34.675,36.585,35.275
1,16,2014,4,25.795,27.65,18.91,23.425,19.965,20.065,32.745,37.96,49.175,52.84,25.63,29.375,45.97,50.035,38.34,35.855,38.145,30.92,21.49,21.685,29.315,32.245,40.04,29.895,12.52,3.225,11.005,19.635,28.12,34.675,36.585
1,17,2014,5,27.355,25.795,27.65,18.91,23.425,19.965,20.065,32.745,37.96,49.175,52.84,25.63,29.375,45.97,50.035,38.34,35.855,38.145,30.92,21.49,21.685,29.315,32.245,40.04,29.895,12.52,3.225,11.005,19.635,28.12,34.675
1,18,2014,6,29.465,27.355,25.795,27.65,18.91,23.425,19.965,20.065,32.745,37.96,49.175,52.84,25.63,29.375,45.97,50.035,38.34,35.855,38.145,30.92,21.49,21.685,29.315,32.245,40.04,29.895,12.52,3.225,11.005,19.635,28.12
1,19,2014,7,34.535,29.465,27.355,25.795,27.65,18.91,23.425,19.965,20.065,32.745,37.96,49.175,52.84,25.63,29.375,45.97,50.035,38.34,35.855,38.145,30.92,21.49,21.685,29.315,32.245,40.04,29.895,12.52,3.225,11.005,19.635
1,20,2014,1,25.72,34.535,29.465,27.355,25.795,27.65,18.91,23.425,19.965,20.065,32.745,37.96,49.175,52.84,25.63,29.375,45.97,50.035,38.34,35.855,38.145,30.92,21.49,21.685,29.315,32.245,40.04,29.895,12.52,3.225,11.005
1,21,2014,2,43.255,25.72,34.535,29.465,27.355,25.795,27.65,18.91,23.425,19.965,20.065,32.745,37.96,49.175,52.84,25.63,29.375,45.97,50.035,38.34,35.855,38.145,30.92,21.49,21.685,29.315,32.245,40.04,29.895,12.52,3.225
1,22,2014,3,52.84,43.255,25.72,34.535,29.465,27.355,25.795,27.65,18.91,23.425,19.965,20.065,32.745,37.96,49.175,52.84,25.63,29.375,45.97,50.035,38.34,35.855,38.145,30.92,21.49,21.685,29.315,32.245,40.04,29.895,12.52
1,23,2014,4,50.675,52.84,43.255,25.72,34.535,29.465,27.355,25.795,27.65,18.91,23.425,19.965,20.065,32.745,37.96,49.175,52.84,25.63,29.375,45.97,50.035,38.34,35.855,38.145,30.92,21.49,21.685,29.315,32.245,40.04,29.895
1,24,2014,5,49.7,50.675,52.84,43.255,25.72,34.535,29.465,27.355,25.795,27.65,18.91,23.425,19.965,20.065,32.745,37.96,49.175,52.84,25.63,29.375,45.97,50.035,38.34,35.855,38.145,30.92,21.49,21.685,29.315,32.245,40.04
1,25,2014,6,41.7,49.7,50.675,52.84,43.255,25.72,34.535,29.465,27.355,25.795,27.65,18.91,23.425,19.965,20.065,32.745,37.96,49.175,52.84,25.63,29.375,45.97,50.035,38.34,35.855,38.145,30.92,21.49,21.685,29.315,32.245
1,26,2014,7,40.96,41.7,49.7,50.675,52.84,43.255,25.72,34.535,29.465,27.355,25.795,27.65,18.91,23.425,19.965,20.065,32.745,37.96,49.175,52.84,25.63,29.375,45.97,50.035,38.34,35.855,38.145,30.92,21.49,21.685,29.315
1,27,2014,1,32.915,40.96,41.7,49.7,50.675,52.84,43.255,25.72,34.535,29.465,27.355,25.795,27.65,18.91,23.425,19.965,20.065,32.745,37.96,49.175,52.84,25.63,29.375,45.97,50.035,38.34,35.855,38.145,30.92,21.49,21.685
1,28,2014,2,48.04,32.915,40.96,41.7,49.7,50.675,52.84,43.255,25.72,34.535,29.465,27.355,25.795,27.65,18.91,23.425,19.965,20.065,32.745,37.96,49.175,52.84,25.63,29.375,45.97,50.035,38.34,35.855,38.145,30.92,21.49
1,29,2014,3,46.665,48.04,32.915,40.96,41.7,49.7,50.675,52.84,43.255,25.72,34.535,29.465,27.355,25.795,27.65,18.91,23.425,19.965,20.065,32.745,37.96,49.175,52.84,25.63,29.375,45.97,50.035,38.34,35.855,38.145,30.92
1,30,2014,4,43.67,46.665,48.04,32.915,40.96,41.7,49.7,50.675,52.84,43.255,25.72,34.535,29.465,27.355,25.795,27.65,18.91,23.425,19.965,20.065,32.745,37.96,49.175,52.84,25.63,29.375,45.97,50.035,38.34,35.855,38.145
1,31,2014,5,33.625,43.67,46.665,48.04,32.915,40.96,41.7,49.7,50.675,52.84,43.255,25.72,34.535,29.465,27.355,25.795,27.65,18.91,23.425,19.965,20.065,32.745,37.96,49.175,52.84,25.63,29.375,45.97,50.035,38.34,35.855
2,1,2014,6,27.095,33.625,43.67,46.665,48.04,32.915,40.96,41.7,49.7,50.675,52.84,43.255,25.72,34.535,29.465,27.355,25.795,27.65,18.91,23.425,19.965,20.065,32.745,37.96,49.175,52.84,25.63,29.375,45.97,50.035,38.34
2,2,2014,7,21.695,27.095,33.625,43.67,46.665,48.04,32.915,40.96,41.7,49.7,50.675,52.84,43.255,25.72,34.535,29.465,27.355,25.795,27.65,18.91,23.425,19.965,20.065,32.745,37.96,49.175,52.84,25.63,29.375,45.97,50.035
2,3,2014,1,29.185,21.695,27.095,33.625,43.67,46.665,48.04,32.915,40.96,41.7,49.7,50.675,52.84,43.255,25.72,34.535,29.465,27.355,25.795,27.65,18.91,23.425,19.965,20.065,32.745,37.96,49.175,52.84,25.63,29.375,45.97
2,4,2014,2,36.62,29.185,21.695,27.095,33.625,43.67,46.665,48.04,32.915,40.96,41.7,49.7,50.675,52.84,43.255,25.72,34.535,29.465,27.355,25.795,27.65,18.91,23.425,19.965,20.065,32.745,37.96,49.175,52.84,25.63,29.375
2,5,2014,3,33.12,36.62,29.185,21.695,27.095,33.625,43.67,46.665,48.04,32.915,40.96,41.7,49.7,50.675,52.84,43.255,25.72,34.535,29.465,27.355,25.795,27.65,18.91,23.425,19.965,20.065,32.745,37.96,49.175,52.84,25.63
2,6,2014,4,38.485,33.12,36.62,29.185,21.695,27.095,33.625,43.67,46.665,48.04,32.915,40.96,41.7,49.7,50.675,52.84,43.255,25.72,34.535,29.465,27.355,25.795,27.65,18.91,23.425,19.965,20.065,32.745,37.96,49.175,52.84
2,7,2014,5,37.365,38.485,33.12,36.62,29.185,21.695,27.095,33.625,43.67,46.665,48.04,32.915,40.96,41.7,49.7,50.675,52.84,43.255,25.72,34.535,29.465,27.355,25.795,27.65,18.91,23.425,19.965,20.065,32.745,37.96,49.175
2,8,2014,6,40.09,37.365,38.485,33.12,36.62,29.185,21.695,27.095,33.625,43.67,46.665,48.04,32.915,40.96,41.7,49.7,50.675,52.84,43.255,25.72,34.535,29.465,27.355,25.795,27.65,18.91,23.425,19.965,20.065,32.745,37.96
2,9,2014,7,39.83,40.09,37.365,38.485,33.12,36.62,29.185,21.695,27.095,33.625,43.67,46.665,48.04,32.915,40.96,41.7,49.7,50.675,52.84,43.255,25.72,34.535,29.465,27.355,25.795,27.65,18.91,23.425,19.965,20.065,32.745
2,10,2014,1,40.055,39.83,40.09,37.365,38.485,33.12,36.62,29.185,21.695,27.095,33.625,43.67,46.665,48.04,32.915,40.96,41.7,49.7,50.675,52.84,43.255,25.72,34.535,29.465,27.355,25.795,27.65,18.91,23.425,19.965,20.065
2,11,2014,2,43.555,40.055,39.83,40.09,37.365,38.485,33.12,36.62,29.185,21.695,27.095,33.625,43.67,46.665,48.04,32.915,40.96,41.7,49.7,50.675,52.84,43.255,25.72,34.535,29.465,27.355,25.795,27.65,18.91,23.425,19.965
2,12,2014,3,44.895,43.555,40.055,39.83,40.09,37.365,38.485,33.12,36.62,29.185,21.695,27.095,33.625,43.67,46.665,48.04,32.915,40.96,41.7,49.7,50.675,52.84,43.255,25.72,34.535,29.465,27.355,25.795,27.65,18.91,23.425
2,13,2014,4,34.005,44.895,43.555,40.055,39.83,40.09,37.365,38.485,33.12,36.62,29.185,21.695,27.095,33.625,43.67,46.665,48.04,32.915,40.96,41.7,49.7,50.675,52.84,43.255,25.72,34.535,29.465,27.355,25.795,27.65,18.91
2,14,2014,5,29.85,34.005,44.895,43.555,40.055,39.83,40.09,37.365,38.485,33.12,36.62,29.185,21.695,27.095,33.625,43.67,46.665,48.04,32.915,40.96,41.7,49.7,50.675,52.84,43.255,25.72,34.535,29.465,27.355,25.795,27.65
2,15,2014,6,32.185,29.85,34.005,44.895,43.555,40.055,39.83,40.09,37.365,38.485,33.12,36.62,29.185,21.695,27.095,33.625,43.67,46.665,48.04,32.915,40.96,41.7,49.7,50.675,52.84,43.255,25.72,34.535,29.465,27.355,25.795
2,16,2014,7,39.96,32.185,29.85,34.005,44.895,43.555,40.055,39.83,40.09,37.365,38.485,33.12,36.62,29.185,21.695,27.095,33.625,43.67,46.665,48.04,32.915,40.96,41.7,49.7,50.675,52.84,43.255,25.72,34.535,29.465,27.355
2,17,2014,1,39.365,39.96,32.185,29.85,34.005,44.895,43.555,40.055,39.83,40.09,37.365,38.485,33.12,36.62,29.185,21.695,27.095,33.625,43.67,46.665,48.04,32.915,40.96,41.7,49.7,50.675,52.84,43.255,25.72,34.535,29.465
2,18,2014,2,31.085,39.365,39.96,32.185,29.85,34.005,44.895,43.555,40.055,39.83,40.09,37.365,38.485,33.12,36.62,29.185,21.695,27.095,33.625,43.67,46.665,48.04,32.915,40.96,41.7,49.7,50.675,52.84,43.255,25.72,34.535
2,19,2014,3,27.005,31.085,39.365,39.96,32.185,29.85,34.005,44.895,43.555,40.055,39.83,40.09,37.365,38.485,33.12,36.62,29.185,21.695,27.095,33.625,43.67,46.665,48.04,32.915,40.96,41.7,49.7,50.675,52.84,43.255,25.72
2,20,2014,4,23.39,27.005,31.085,39.365,39.96,32.185,29.85,34.005,44.895,43.555,40.055,39.83,40.09,37.365,38.485,33.12,36.62,29.185,21.695,27.095,33.625,43.67,46.665,48.04,32.915,40.96,41.7,49.7,50.675,52.84,43.255
2,21,2014,5,22.975,23.39,27.005,31.085,39.365,39.96,32.185,29.85,34.005,44.895,43.555,40.055,39.83,40.09,37.365,38.485,33.12,36.62,29.185,21.695,27.095,33.625,43.67,46.665,48.04,32.915,40.96,41.7,49.7,50.675,52.84
2,22,2014,6,20.8,22.975,23.39,27.005,31.085,39.365,39.96,32.185,29.85,34.005,44.895,43.555,40.055,39.83,40.09,37.365,38.485,33.12,36.62,29.185,21.695,27.095,33.625,43.67,46.665,48.04,32.915,40.96,41.7,49.7,50.675
2,23,2014,7,17.275,20.8,22.975,23.39,27.005,31.085,39.365,39.96,32.185,29.85,34.005,44.895,43.555,40.055,39.83,40.09,37.365,38.485,33.12,36.62,29.185,21.695,27.095,33.625,43.67,46.665,48.04,32.915,40.96,41.7,49.7
2,24,2014,1,30.27,17.275,20.8,22.975,23.39,27.005,31.085,39.365,39.96,32.185,29.85,34.005,44.895,43.555,40.055,39.83,40.09,37.365,38.485,33.12,36.62,29.185,21.695,27.095,33.625,43.67,46.665,48.04,32.915,40.96,41.7
2,25,2014,2,36.52,30.27,17.275,20.8,22.975,23.39,27.005,31.085,39.365,39.96,32.185,29.85,34.005,44.895,43.555,40.055,39.83,40.09,37.365,38.485,33.12,36.62,29.185,21.695,27.095,33.625,43.67,46.665,48.04,32.915,40.96
2,26,2014,3,39.13,36.52,30.27,17.275,20.8,22.975,23.39,27.005,31.085,39.365,39.96,32.185,29.85,34.005,44.895,43.555,40.055,39.83,40.09,37.365,38.485,33.12,36.62,29.185,21.695,27.095,33.625,43.67,46.665,48.04,32.915
2,27,2014,4,42.24,39.13,36.52,30.27,17.275,20.8,22.975,23.39,27.005,31.085,39.365,39.96,32.185,29.85,34.005,44.895,43.555,40.055,39.83,40.09,37.365,38.485,33.12,36.62,29.185,21.695,27.095,33.625,43.67,46.665,48.04
2,28,2014,5,48.15,42.24,39.13,36.52,30.27,17.275,20.8,22.975,23.39,27.005,31.085,39.365,39.96,32.185,29.85,34.005,44.895,43.555,40.055,39.83,40.09,37.365,38.485,33.12,36.62,29.185,21.695,27.095,33.625,43.67,46.665
3,1,2014,6,35.985,48.15,42.24,39.13,36.52,30.27,17.275,20.8,22.975,23.39,27.005,31.085,39.365,39.96,32.185,29.85,34.005,44.895,43.555,40.055,39.83,40.09,37.365,38.485,33.12,36.62,29.185,21.695,27.095,33.625,43.67
3,2,2014,7,28.13,35.985,48.15,42.24,39.13,36.52,30.27,17.275,20.8,22.975,23.39,27.005,31.085,39.365,39.96,32.185,29.85,34.005,44.895,43.555,40.055,39.83,40.09,37.365,38.485,33.12,36.62,29.185,21.695,27.095,33.625
3,3,2014,1,38.85,28.13,35.985,48.15,42.24,39.13,36.52,30.27,17.275,20.8,22.975,23.39,27.005,31.085,39.365,39.96,32.185,29.85,34.005,44.895,43.555,40.055,39.83,40.09,37.365,38.485,33.12,36.62,29.185,21.695,27.095
3,4,2014,2,44.53,38.85,28.13,35.985,48.15,42.24,39.13,36.52,30.27,17.275,20.8,22.975,23.39,27.005,31.085,39.365,39.96,32.185,29.85,34.005,44.895,43.555,40.055,39.83,40.09,37.365,38.485,33.12,36.62,29.185,21.695
3,5,2014,3,32.79,44.53,38.85,28.13,35.985,48.15,42.24,39.13,36.52,30.27,17.275,20.8,22.975,23.39,27.005,31.085,39.365,39.96,32.185,29.85,34.005,44.895,43.555,40.055,39.83,40.09,37.365,38.485,33.12,36.62,29.185
3,6,2014,4,41.32,32.79,44.53,38.85,28.13,35.985,48.15,42.24,39.13,36.52,30.27,17.275,20.8,22.975,23.39,27.005,31.085,39.365,39.96,32.185,29.85,34.005,44.895,43.555,40.055,39.83,40.09,37.365,38.485,33.12,36.62
3,7,2014,5,33.155,41.32,32.79,44.53,38.85,28.13,35.985,48.15,42.24,39.13,36.52,30.27,17.275,20.8,22.975,23.39,27.005,31.085,39.365,39.96,32.185,29.85,34.005,44.895,43.555,40.055,39.83,40.09,37.365,38.485,33.12
3,8,2014,6,19.67,33.155,41.32,32.79,44.53,38.85,28.13,35.985,48.15,42.24,39.13,36.52,30.27,17.275,20.8,22.975,23.39,27.005,31.085,39.365,39.96,32.185,29.85,34.005,44.895,43.555,40.055,39.83,40.09,37.365,38.485
3,9,2014,7,24.505,19.67,33.155,41.32,32.79,44.53,38.85,28.13,35.985,48.15,42.24,39.13,36.52,30.27,17.275,20.8,22.975,23.39,27.005,31.085,39.365,39.96,32.185,29.85,34.005,44.895,43.555,40.055,39.83,40.09,37.365
3,10,2014,1,22.235,24.505,19.67,33.155,41.32,32.79,44.53,38.85,28.13,35.985,48.15,42.24,39.13,36.52,30.27,17.275,20.8,22.975,23.39,27.005,31.085,39.365,39.96,32.185,29.85,34.005,44.895,43.555,40.055,39.83,40.09
3,11,2014,2,12.83,22.235,24.505,19.67,33.155,41.32,32.79,44.53,38.85,28.13,35.985,48.15,42.24,39.13,36.52,30.27,17.275,20.8,22.975,23.39,27.005,31.085,39.365,39.96,32.185,29.85,34.005,44.895,43.555,40.055,39.83
3,12,2014,3,17.01,12.83,22.235,24.505,19.67,33.155,41.32,32.79,44.53,38.85,28.13,35.985,48.15,42.24,39.13,36.52,30.27,17.275,20.8,22.975,23.39,27.005,31.085,39.365,39.96,32.185,29.85,34.005,44.895,43.555,40.055
3,13,2014,4,38.125,17.01,12.83,22.235,24.505,19.67,33.155,41.32,32.79,44.53,38.85,28.13,35.985,48.15,42.24,39.13,36.52,30.27,17.275,20.8,22.975,23.39,27.005,31.085,39.365,39.96,32.185,29.85,34.005,44.895,43.555
3,14,2014,5,32.03,38.125,17.01,12.83,22.235,24.505,19.67,33.155,41.32,32.79,44.53,38.85,28.13,35.985,48.15,42.24,39.13,36.52,30.27,17.275,20.8,22.975,23.39,27.005,31.085,39.365,39.96,32.185,29.85,34.005,44.895
3,15,2014,6,17.08,32.03,38.125,17.01,12.83,22.235,24.505,19.67,33.155,41.32,32.79,44.53,38.85,28.13,35.985,48.15,42.24,39.13,36.52,30.27,17.275,20.8,22.975,23.39,27.005,31.085,39.365,39.96,32.185,29.85,34.005
3,16,2014,7,26.98,17.08,32.03,38.125,17.01,12.83,22.235,24.505,19.67,33.155,41.32,32.79,44.53,38.85,28.13,35.985,48.15,42.24,39.13,36.52,30.27,17.275,20.8,22.975,23.39,27.005,31.085,39.365,39.96,32.185,29.85
3,17,2014,1,36.33,26.98,17.08,32.03,38.125,17.01,12.83,22.235,24.505,19.67,33.155,41.32,32.79,44.53,38.85,28.13,35.985,48.15,42.24,39.13,36.52,30.27,17.275,20.8,22.975,23.39,27.005,31.085,39.365,39.96,32.185
3,18,2014,2,30.615,36.33,26.98,17.08,32.03,38.125,17.01,12.83,22.235,24.505,19.67,33.155,41.32,32.79,44.53,38.85,28.13,35.985,48.15,42.24,39.13,36.52,30.27,17.275,20.8,22.975,23.39,27.005,31.085,39.365,39.96
3,19,2014,3,26.095,30.615,36.33,26.98,17.08,32.03,38.125,17.01,12.83,22.235,24.505,19.67,33.155,41.32,32.79,44.53,38.85,28.13,35.985,48.15,42.24,39.13,36.52,30.27,17.275,20.8,22.975,23.39,27.005,31.085,39.365
3,20,2014,4,19.95,26.095,30.615,36.33,26.98,17.08,32.03,38.125,17.01,12.83,22.235,24.505,19.67,33.155,41.32,32.79,44.53,38.85,28.13,35.985,48.15,42.24,39.13,36.52,30.27,17.275,20.8,22.975,23.39,27.005,31.085
3,21,2014,5,20.45,19.95,26.095,30.615,36.33,26.98,17.08,32.03,38.125,17.01,12.83,22.235,24.505,19.67,33.155,41.32,32.79,44.53,38.85,28.13,35.985,48.15,42.24,39.13,36.52,30.27,17.275,20.8,22.975,23.39,27.005
3,22,2014,6,13.38,20.45,19.95,26.095,30.615,36.33,26.98,17.08,32.03,38.125,17.01,12.83,22.235,24.505,19.67,33.155,41.32,32.79,44.53,38.85,28.13,35.985,48.15,42.24,39.13,36.52,30.27,17.275,20.8,22.975,23.39
3,23,2014,7,27.94,13.38,20.45,19.95,26.095,30.615,36.33,26.98,17.08,32.03,38.125,17.01,12.83,22.235,24.505,19.67,33.155,41.32,32.79,44.53,38.85,28.13,35.985,48.15,42.24,39.13,36.52,30.27,17.275,20.8,22.975
3,24,2014,1,37.545,27.94,13.38,20.45,19.95,26.095,30.615,36.33,26.98,17.08,32.03,38.125,17.01,12.83,22.235,24.505,19.67,33.155,41.32,32.79,44.53,38.85,28.13,35.985,48.15,42.24,39.13,36.52,30.27,17.275,20.8
3,25,2014,2,33.09,37.545,27.94,13.38,20.45,19.95,26.095,30.615,36.33,26.98,17.08,32.03,38.125,17.01,12.83,22.235,24.505,19.67,33.155,41.32,32.79,44.53,38.85,28.13,35.985,48.15,42.24,39.13,36.52,30.27,17.275
3,26,2014,3,34.985,33.09,37.545,27.94,13.38,20.45,19.95,26.095,30.615,36.33,26.98,17.08,32.03,38.125,17.01,12.83,22.235,24.505,19.67,33.155,41.32,32.79,44.53,38.85,28.13,35.985,48.15,42.24,39.13,36.52,30.27
3,27,2014,4,33.345,34.985,33.09,37.545,27.94,13.38,20.45,19.95,26.095,30.615,36.33,26.98,17.08,32.03,38.125,17.01,12.83,22.235,24.505,19.67,33.155,41.32,32.79,44.53,38.85,28.13,35.985,48.15,42.24,39.13,36.52
3,28,2014,5,16.63,33.345,34.985,33.09,37.545,27.94,13.38,20.45,19.95,26.095,30.615,36.33,26.98,17.08,32.03,38.125,17.01,12.83,22.235,24.505,19.67,33.155,41.32,32.79,44.53,38.85,28.13,35.985,48.15,42.24,39.13
3,29,2014,6,14.465,16.63,33.345,34.985,33.09,37.545,27.94,13.38,20.45,19.95,26.095,30.615,36.33,26.98,17.08,32.03,38.125,17.01,12.83,22.235,24.505,19.67,33.155,41.32,32.79,44.53,38.85,28.13,35.985,48.15,42.24
3,30,2014,7,20.51,14.465,16.63,33.345,34.985,33.09,37.545,27.94,13.38,20.45,19.95,26.095,30.615,36.33,26.98,17.08,32.03,38.125,17.01,12.83,22.235,24.505,19.67,33.155,41.32,32.79,44.53,38.85,28.13,35.985,48.15
3,31,2014,1,19.69,20.51,14.465,16.63,33.345,34.985,33.09,37.545,27.94,13.38,20.45,19.95,26.095,30.615,36.33,26.98,17.08,32.03,38.125,17.01,12.83,22.235,24.505,19.67,33.155,41.32,32.79,44.53,38.85,28.13,35.985
4,1,2014,2,18.215,19.69,20.51,14.465,16.63,33.345,34.985,33.09,37.545,27.94,13.38,20.45,19.95,26.095,30.615,36.33,26.98,17.08,32.03,38.125,17.01,12.83,22.235,24.505,19.67,33.155,41.32,32.79,44.53,38.85,28.13
4,2,2014,3,18.515,18.215,19.69,20.51,14.465,16.63,33.345,34.985,33.09,37.545,27.94,13.38,20.45,19.95,26.095,30.615,36.33,26.98,17.08,32.03,38.125,17.01,12.83,22.235,24.505,19.67,33.155,41.32,32.79,44.53,38.85
4,3,2014,4,14.965,18.515,18.215,19.69,20.51,14.465,16.63,33.345,34.985,33.09,37.545,27.94,13.38,20.45,19.95,26.095,30.615,36.33,26.98,17.08,32.03,38.125,17.01,12.83,22.235,24.505,19.67,33.155,41.32,32.79,44.53
4,4,2014,5,21.425,14.965,18.515,18.215,19.69,20.51,14.465,16.63,33.345,34.985,33.09,37.545,27.94,13.38,20.45,19.95,26.095,30.615,36.33,26.98,17.08,32.03,38.125,17.01,12.83,22.235,24.505,19.67,33.155,41.32,32.79
4,5,2014,6,18.885,21.425,14.965,18.515,18.215,19.69,20.51,14.465,16.63,33.345,34.985,33.09,37.545,27.94,13.38,20.45,19.95,26.095,30.615,36.33,26.98,17.08,32.03,38.125,17.01,12.83,22.235,24.505,19.67,33.155,41.32
4,6,2014,7,18.05,18.885,21.425,14.965,18.515,18.215,19.69,20.51,14.465,16.63,33.345,34.985,33.09,37.545,27.94,13.38,20.45,19.95,26.095,30.615,36.33,26.98,17.08,32.03,38.125,17.01,12.83,22.235,24.505,19.67,33.155
4,7,2014,1,19.995,18.05,18.885,21.425,14.965,18.515,18.215,19.69,20.51,14.465,16.63,33.345,34.985,33.09,37.545,27.94,13.38,20.45,19.95,26.095,30.615,36.33,26.98,17.08,32.03,38.125,17.01,12.83,22.235,24.505,19.67
4,8,2014,2,11.01,19.995,18.05,18.885,21.425,14.965,18.515,18.215,19.69,20.51,14.465,16.63,33.345,34.985,33.09,37.545,27.94,13.38,20.45,19.95,26.095,30.615,36.33,26.98,17.08,32.03,38.125,17.01,12.83,22.235,24.505
4,9,2014,3,12.335,11.01,19.995,18.05,18.885,21.425,14.965,18.515,18.215,19.69,20.51,14.465,16.63,33.345,34.985,33.09,37.545,27.94,13.38,20.45,19.95,26.095,30.615,36.33,26.98,17.08,32.03,38.125,17.01,12.83,22.235
4,10,2014,4,16.965,12.335,11.01,19.995,18.05,18.885,21.425,14.965,18.515,18.215,19.69,20.51,14.465,16.63,33.345,34.985,33.09,37.545,27.94,13.38,20.45,19.95,26.095,30.615,36.33,26.98,17.08,32.03,38.125,17.01,12.83
4,11,2014,5,3.19,16.965,12.335,11.01,19.995,18.05,18.885,21.425,14.965,18.515,18.215,19.69,20.51,14.465,16.63,33.345,34.985,33.09,37.545,27.94,13.38,20.45,19.95,26.095,30.615,36.33,26.98,17.08,32.03,38.125,17.01
4,12,2014,6,6.585,3.19,16.965,12.335,11.01,19.995,18.05,18.885,21.425,14.965,18.515,18.215,19.69,20.51,14.465,16.63,33.345,34.985,33.09,37.545,27.94,13.38,20.45,19.95,26.095,30.615,36.33,26.98,17.08,32.03,38.125
4,13,2014,7,2.11,6.585,3.19,16.965,12.335,11.01,19.995,18.05,18.885,21.425,14.965,18.515,18.215,19.69,20.51,14.465,16.63,33.345,34.985,33.09,37.545,27.94,13.38,20.45,19.95,26.095,30.615,36.33,26.98,17.08,32.03
4,14,2014,1,0.225,2.11,6.585,3.19,16.965,12.335,11.01,19.995,18.05,18.885,21.425,14.965,18.515,18.215,19.69,20.51,14.465,16.63,33.345,34.985,33.09,37.545,27.94,13.38,20.45,19.95,26.095,30.615,36.33,26.98,17.08
4,15,2014,2,16.27,0.225,2.11,6.585,3.19,16.965,12.335,11.01,19.995,18.05,18.885,21.425,14.965,18.515,18.215,19.69,20.51,14.465,16.63,33.345,34.985,33.09,37.545,27.94,13.38,20.45,19.95,26.095,30.615,36.33,26.98
4,16,2014,3,25.62,16.27,0.225,2.11,6.585,3.19,16.965,12.335,11.01,19.995,18.05,18.885,21.425,14.965,18.515,18.215,19.69,20.51,14.465,16.63,33.345,34.985,33.09,37.545,27.94,13.38,20.45,19.95,26.095,30.615,36.33
4,17,2014,4,24.695,25.62,16.27,0.225,2.11,6.585,3.19,16.965,12.335,11.01,19.995,18.05,18.885,21.425,14.965,18.515,18.215,19.69,20.51,14.465,16.63,33.345,34.985,33.09,37.545,27.94,13.38,20.45,19.95,26.095,30.615
4,18,2014,5,24.89,24.695,25.62,16.27,0.225,2.11,6.585,3.19,16.965,12.335,11.01,19.995,18.05,18.885,21.425,14.965,18.515,18.215,19.69,20.51,14.465,16.63,33.345,34.985,33.09,37.545,27.94,13.38,20.45,19.95,26.095
4,19,2014,6,11.835,24.89,24.695,25.62,16.27,0.225,2.11,6.585,3.19,16.965,12.335,11.01,19.995,18.05,18.885,21.425,14.965,18.515,18.215,19.69,20.51,14.465,16.63,33.345,34.985,33.09,37.545,27.94,13.38,20.45,19.95
4,20,2014,7,14.45,11.835,24.89,24.695,25.62,16.27,0.225,2.11,6.585,3.19,16.965,12.335,11.01,19.995,18.05,18.885,21.425,14.965,18.515,18.215,19.69,20.51,14.465,16.63,33.345,34.985,33.09,37.545,27.94,13.38,20.45
4,21,2014,1,14.85,14.45,11.835,24.89,24.695,25.62,16.27,0.225,2.11,6.585,3.19,16.965,12.335,11.01,19.995,18.05,18.885,21.425,14.965,18.515,18.215,19.69,20.51,14.465,16.63,33.345,34.985,33.09,37.545,27.94,13.38
4,22,2014,2,7.45,14.85,14.45,11.835,24.89,24.695,25.62,16.27,0.225,2.11,6.585,3.19,16.965,12.335,11.01,19.995,18.05,18.885,21.425,14.965,18.515,18.215,19.69,20.51,14.465,16.63,33.345,34.985,33.09,37.545,27.94
4,23,2014,3,11.715,7.45,14.85,14.45,11.835,24.89,24.695,25.62,16.27,0.225,2.11,6.585,3.19,16.965,12.335,11.01,19.995,18.05,18.885,21.425,14.965,18.515,18.215,19.69,20.51,14.465,16.63,33.345,34.985,33.09,37.545
4,24,2014,4,13.555,11.715,7.45,14.85,14.45,11.835,24.89,24.695,25.62,16.27,0.225,2.11,6.585,3.19,16.965,12.335,11.01,19.995,18.05,18.885,21.425,14.965,18.515,18.215,19.69,20.51,14.465,16.63,33.345,34.985,33.09
4,25,2014,5,14.285,13.555,11.715,7.45,14.85,14.45,11.835,24.89,24.695,25.62,16.27,0.225,2.11,6.585,3.19,16.965,12.335,11.01,19.995,18.05,18.885,21.425,14.965,18.515,18.215,19.69,20.51,14.465,16.63,33.345,34.985
4,26,2014,6,10.45,14.285,13.555,11.715,7.45,14.85,14.45,11.835,24.89,24.695,25.62,16.27,0.225,2.11,6.585,3.19,16.965,12.335,11.01,19.995,18.05,18.885,21.425,14.965,18.515,18.215,19.69,20.51,14.465,16.63,33.345
4,27,2014,7,13.415,10.45,14.285,13.555,11.715,7.45,14.85,14.45,11.835,24.89,24.695,25.62,16.27,0.225,2.11,6.585,3.19,16.965,12.335,11.01,19.995,18.05,18.885,21.425,14.965,18.515,18.215,19.69,20.51,14.465,16.63
4,28,2014,1,11.005,13.415,10.45,14.285,13.555,11.715,7.45,14.85,14.45,11.835,24.89,24.695,25.62,16.27,0.225,2.11,6.585,3.19,16.965,12.335,11.01,19.995,18.05,18.885,21.425,14.965,18.515,18.215,19.69,20.51,14.465
4,29,2014,2,16.75,11.005,13.415,10.45,14.285,13.555,11.715,7.45,14.85,14.45,11.835,24.89,24.695,25.62,16.27,0.225,2.11,6.585,3.19,16.965,12.335,11.01,19.995,18.05,18.885,21.425,14.965,18.515,18.215,19.69,20.51
4,30,2014,3,17.395,16.75,11.005,13.415,10.45,14.285,13.555,11.715,7.45,14.85,14.45,11.835,24.89,24.695,25.62,16.27,0.225,2.11,6.585,3.19,16.965,12.335,11.01,19.995,18.05,18.885,21.425,14.965,18.515,18.215,19.69
5,1,2014,4,0.72,17.395,16.75,11.005,13.415,10.45,14.285,13.555,11.715,7.45,14.85,14.45,11.835,24.89,24.695,25.62,16.27,0.225,2.11,6.585,3.19,16.965,12.335,11.01,19.995,18.05,18.885,21.425,14.965,18.515,18.215
5,2,2014,5,4.57,0.72,17.395,16.75,11.005,13.415,10.45,14.285,13.555,11.715,7.45,14.85,14.45,11.835,24.89,24.695,25.62,16.27,0.225,2.11,6.585,3.19,16.965,12.335,11.01,19.995,18.05,18.885,21.425,14.965,18.515
5,3,2014,6,6.275,4.57,0.72,17.395,16.75,11.005,13.415,10.45,14.285,13.555,11.715,7.45,14.85,14.45,11.835,24.89,24.695,25.62,16.27,0.225,2.11,6.585,3.19,16.965,12.335,11.01,19.995,18.05,18.885,21.425,14.965
5,4,2014,7,7.145,6.275,4.57,0.72,17.395,16.75,11.005,13.415,10.45,14.285,13.555,11.715,7.45,14.85,14.45,11.835,24.89,24.695,25.62,16.27,0.225,2.11,6.585,3.19,16.965,12.335,11.01,19.995,18.05,18.885,21.425
5,5,2014,1,6.84,7.145,6.275,4.57,0.72,17.395,16.75,11.005,13.415,10.45,14.285,13.555,11.715,7.45,14.85,14.45,11.835,24.89,24.695,25.62,16.27,0.225,2.11,6.585,3.19,16.965,12.335,11.01,19.995,18.05,18.885
5,6,2014,2,5.45,6.84,7.145,6.275,4.57,0.72,17.395,16.75,11.005,13.415,10.45,14.285,13.555,11.715,7.45,14.85,14.45,11.835,24.89,24.695,25.62,16.27,0.225,2.11,6.585,3.19,16.965,12.335,11.01,19.995,18.05
5,7,2014,3,8.125,5.45,6.84,7.145,6.275,4.57,0.72,17.395,16.75,11.005,13.415,10.45,14.285,13.555,11.715,7.45,14.85,14.45,11.835,24.89,24.695,25.62,16.27,0.225,2.11,6.585,3.19,16.965,12.335,11.01,19.995
5,8,2014,4,10.68,8.125,5.45,6.84,7.145,6.275,4.57,0.72,17.395,16.75,11.005,13.415,10.45,14.285,13.555,11.715,7.45,14.85,14.45,11.835,24.89,24.695,25.62,16.27,0.225,2.11,6.585,3.19,16.965,12.335,11.01
5,9,2014,5,7.0,10.68,8.125,5.45,6.84,7.145,6.275,4.57,0.72,17.395,16.75,11.005,13.415,10.45,14.285,13.555,11.715,7.45,14.85,14.45,11.835,24.89,24.695,25.62,16.27,0.225,2.11,6.585,3.19,16.965,12.335
5,10,2014,6,-1.27,7.0,10.68,8.125,5.45,6.84,7.145,6.275,4.57,0.72,17.395,16.75,11.005,13.415,10.45,14.285,13.555,11.715,7.45,14.85,14.45,11.835,24.89,24.695,25.62,16.27,0.225,2.11,6.585,3.19,16.965
5,11,2014,7,-5.805,-1.27,7.0,10.68,8.125,5.45,6.84,7.145,6.275,4.57,0.72,17.395,16.75,11.005,13.415,10.45,14.285,13.555,11.715,7.45,14.85,14.45,11.835,24.89,24.695,25.62,16.27,0.225,2.11,6.585,3.19
5,12,2014,1,-5.035,-5.805,-1.27,7.0,10.68,8.125,5.45,6.84,7.145,6.275,4.57,0.72,17.395,16.75,11.005,13.415,10.45,14.285,13.555,11.715,7.45,14.85,14.45,11.835,24.89,24.695,25.62,16.27,0.225,2.11,6.585
5,13,2014,2,2.645,-5.035,-5.805,-1.27,7.0,10.68,8.125,5.45,6.84,7.145,6.275,4.57,0.72,17.395,16.75,11.005,13.415,10.45,14.285,13.555,11.715,7.45,14.85,14.45,11.835,24.89,24.695,25.62,16.27,0.225,2.11
5,14,2014,3,8.86,2.645,-5.035,-5.805,-1.27,7.0,10.68,8.125,5.45,6.84,7.145,6.275,4.57,0.72,17.395,16.75,11.005,13.415,10.45,14.285,13.555,11.715,7.45,14.85,14.45,11.835,24.89,24.695,25.62,16.27,0.225
5,15,2014,4,1.315,8.86,2.645,-5.035,-5.805,-1.27,7.0,10.68,8.125,5.45,6.84,7.145,6.275,4.57,0.72,17.395,16.75,11.005,13.415,10.45,14.285,13.555,11.715,7.45,14.85,14.45,11.835,24.89,24.695,25.62,16.27
5,16,2014,5,0.21,1.315,8.86,2.645,-5.035,-5.805,-1.27,7.0,10.68,8.125,5.45,6.84,7.145,6.275,4.57,0.72,17.395,16.75,11.005,13.415,10.45,14.285,13.555,11.715,7.45,14.85,14.45,11.835,24.89,24.695,25.62
5,17,2014,6,5.025,0.21,1.315,8.86,2.645,-5.035,-5.805,-1.27,7.0,10.68,8.125,5.45,6.84,7.145,6.275,4.57,0.72,17.395,16.75,11.005,13.415,10.45,14.285,13.555,11.715,7.45,14.85,14.45,11.835,24.89,24.695
5,18,2014,7,5.875,5.025,0.21,1.315,8.86,2.645,-5.035,-5.805,-1.27,7.0,10.68,8.125,5.45,6.84,7.145,6.275,4.57,0.72,17.395,16.75,11.005,13.415,10.45,14.285,13.555,11.715,7.45,14.85,14.45,11.835,24.89
5,19,2014,1,3.715,5.875,5.025,0.21,1.315,8.86,2.645,-5.035,-5.805,-1.27,7.0,10.68,8.125,5.45,6.84,7.145,6.275,4.57,0.72,17.395,16.75,11.005,13.415,10.45,14.285,13.555,11.715,7.45,14.85,14.45,11.835
5,20,2014,2,-1.24,3.715,5.875,5.025,0.21,1.315,8.86,2.645,-5.035,-5.805,-1.27,7.0,10.68,8.125,5.45,6.84,7.145,6.275,4.57,0.72,17.395,16.75,11.005,13.415,10.45,14.285,13.555,11.715,7.45,14.85,14.45
5,21,2014,3,-2.12,-1.24,3.715,5.875,5.025,0.21,1.315,8.86,2.645,-5.035,-5.805,-1.27,7.0,10.68,8.125,5.45,6.84,7.145,6.275,4.57,0.72,17.395,16.75,11.005,13.415,10.45,14.285,13.555,11.715,7.45,14.85
5,22,2014,4,3.38,-2.12,-1.24,3.715,5.875,5.025,0.21,1.315,8.86,2.645,-5.035,-5.805,-1.27,7.0,10.68,8.125,5.45,6.84,7.145,6.275,4.57,0.72,17.395,16.75,11.005,13.415,10.45,14.285,13.555,11.715,7.45
5,23,2014,5,2.71,3.38,-2.12,-1.24,3.715,5.875,5.025,0.21,1.315,8.86,2.645,-5.035,-5.805,-1.27,7.0,10.68,8.125,5.45,6.84,7.145,6.275,4.57,0.72,17.395,16.75,11.005,13.415,10.45,14.285,13.555,11.715
5,24,2014,6,2.79,2.71,3.38,-2.12,-1.24,3.715,5.875,5.025,0.21,1.315,8.86,2.645,-5.035,-5.805,-1.27,7.0,10.68,8.125,5.45,6.84,7.145,6.275,4.57,0.72,17.395,16.75,11.005,13.415,10.45,14.285,13.555
5,25,2014,7,0.1,2.79,2.71,3.38,-2.12,-1.24,3.715,5.875,5.025,0.21,1.315,8.86,2.645,-5.035,-5.805,-1.27,7.0,10.68,8.125,5.45,6.84,7.145,6.275,4.57,0.72,17.395,16.75,11.005,13.415,10.45,14.285
5,26,2014,1,-7.79,0.1,2.79,2.71,3.38,-2.12,-1.24,3.715,5.875,5.025,0.21,1.315,8.86,2.645,-5.035,-5.805,-1.27,7.0,10.68,8.125,5.45,6.84,7.145,6.275,4.57,0.72,17.395,16.75,11.005,13.415,10.45
5,27,2014,2,-11.68,-7.79,0.1,2.79,2.71,3.38,-2.12,-1.24,3.715,5.875,5.025,0.21,1.315,8.86,2.645,-5.035,-5.805,-1.27,7.0,10.68,8.125,5.45,6.84,7.145,6.275,4.57,0.72,17.395,16.75,11.005,13.415
5,28,2014,3,2.43,-11.68,-7.79,0.1,2.79,2.71,3.38,-2.12,-1.24,3.715,5.875,5.025,0.21,1.315,8.86,2.645,-5.035,-5.805,-1.27,7.0,10.68,8.125,5.45,6.84,7.145,6.275,4.57,0.72,17.395,16.75,11.005
5,29,2014,4,9.395,2.43,-11.68,-7.79,0.1,2.79,2.71,3.38,-2.12,-1.24,3.715,5.875,5.025,0.21,1.315,8.86,2.645,-5.035,-5.805,-1.27,7.0,10.68,8.125,5.45,6.84,7.145,6.275,4.57,0.72,17.395,16.75
5,30,2014,5,1.62,9.395,2.43,-11.68,-7.79,0.1,2.79,2.71,3.38,-2.12,-1.24,3.715,5.875,5.025,0.21,1.315,8.86,2.645,-5.035,-5.805,-1.27,7.0,10.68,8.125,5.45,6.84,7.145,6.275,4.57,0.72,17.395
5,31,2014,6,0.98,1.62,9.395,2.43,-11.68,-7.79,0.1,2.79,2.71,3.38,-2.12,-1.24,3.715,5.875,5.025,0.21,1.315,8.86,2.645,-5.035,-5.805,-1.27,7.0,10.68,8.125,5.45,6.84,7.145,6.275,4.57,0.72
6,1,2014,7,0.715,0.98,1.62,9.395,2.43,-11.68,-7.79,0.1,2.79,2.71,3.38,-2.12,-1.24,3.715,5.875,5.025,0.21,1.315,8.86,2.645,-5.035,-5.805,-1.27,7.0,10.68,8.125,5.45,6.84,7.145,6.275,4.57
6,2,2014,1,-3.845,0.715,0.98,1.62,9.395,2.43,-11.68,-7.79,0.1,2.79,2.71,3.38,-2.12,-1.24,3.715,5.875,5.025,0.21,1.315,8.86,2.645,-5.035,-5.805,-1.27,7.0,10.68,8.125,5.45,6.84,7.145,6.275
6,3,2014,2,-8.12,-3.845,0.715,0.98,1.62,9.395,2.43,-11.68,-7.79,0.1,2.79,2.71,3.38,-2.12,-1.24,3.715,5.875,5.025,0.21,1.315,8.86,2.645,-5.035,-5.805,-1.27,7.0,10.68,8.125,5.45,6.84,7.145
6,4,2014,3,-4.97,-8.12,-3.845,0.715,0.98,1.62,9.395,2.43,-11.68,-7.79,0.1,2.79,2.71,3.38,-2.12,-1.24,3.715,5.875,5.025,0.21,1.315,8.86,2.645,-5.035,-5.805,-1.27,7.0,10.68,8.125,5.45,6.84
6,5,2014,4,-4.795,-4.97,-8.12,-3.845,0.715,0.98,1.62,9.395,2.43,-11.68,-7.79,0.1,2.79,2.71,3.38,-2.12,-1.24,3.715,5.875,5.025,0.21,1.315,8.86,2.645,-5.035,-5.805,-1.27,7.0,10.68,8.125,5.45
6,6,2014,5,-2.96,-4.795,-4.97,-8.12,-3.845,0.715,0.98,1.62,9.395,2.43,-11.68,-7.79,0.1,2.79,2.71,3.38,-2.12,-1.24,3.715,5.875,5.025,0.21,1.315,8.86,2.645,-5.035,-5.805,-1.27,7.0,10.68,8.125
6,7,2014,6,-5.36,-2.96,-4.795,-4.97,-8.12,-3.845,0.715,0.98,1.62,9.395,2.43,-11.68,-7.79,0.1,2.79,2.71,3.38,-2.12,-1.24,3.715,5.875,5.025,0.21,1.315,8.86,2.645,-5.035,-5.805,-1.27,7.0,10.68
6,8,2014,7,-9.01,-5.36,-2.96,-4.795,-4.97,-8.12,-3.845,0.715,0.98,1.62,9.395,2.43,-11.68,-7.79,0.1,2.79,2.71,3.38,-2.12,-1.24,3.715,5.875,5.025,0.21,1.315,8.86,2.645,-5.035,-5.805,-1.27,7.0
6,9,2014,1,-2.185,-9.01,-5.36,-2.96,-4.795,-4.97,-8.12,-3.845,0.715,0.98,1.62,9.395,2.43,-11.68,-7.79,0.1,2.79,2.71,3.38,-2.12,-1.24,3.715,5.875,5.025,0.21,1.315,8.86,2.645,-5.035,-5.805,-1.27
6,10,2014,2,-6.22,-2.185,-9.01,-5.36,-2.96,-4.795,-4.97,-8.12,-3.845,0.715,0.98,1.62,9.395,2.43,-11.68,-7.79,0.1,2.79,2.71,3.38,-2.12,-1.24,3.715,5.875,5.025,0.21,1.315,8.86,2.645,-5.035,-5.805
6,11,2014,3,-1.27,-6.22,-2.185,-9.01,-5.36,-2.96,-4.795,-4.97,-8.12,-3.845,0.715,0.98,1.62,9.395,2.43,-11.68,-7.79,0.1,2.79,2.71,3.38,-2.12,-1.24,3.715,5.875,5.025,0.21,1.315,8.86,2.645,-5.035
6,12,2014,4,-1.585,-1.27,-6.22,-2.185,-9.01,-5.36,-2.96,-4.795,-4.97,-8.12,-3.845,0.715,0.98,1.62,9.395,2.43,-11.68,-7.79,0.1,2.79,2.71,3.38,-2.12,-1.24,3.715,5.875,5.025,0.21,1.315,8.86,2.645
6,13,2014,5,-5.425,-1.585,-1.27,-6.22,-2.185,-9.01,-5.36,-2.96,-4.795,-4.97,-8.12,-3.845,0.715,0.98,1.62,9.395,2.43,-11.68,-7.79,0.1,2.79,2.71,3.38,-2.12,-1.24,3.715,5.875,5.025,0.21,1.315,8.86
6,14,2014,6,-2.095,-5.425,-1.585,-1.27,-6.22,-2.185,-9.01,-5.36,-2.96,-4.795,-4.97,-8.12,-3.845,0.715,0.98,1.62,9.395,2.43,-11.68,-7.79,0.1,2.79,2.71,3.38,-2.12,-1.24,3.715,5.875,5.025,0.21,1.315
6,15,2014,7,-4.83,-2.095,-5.425,-1.585,-1.27,-6.22,-2.185,-9.01,-5.36,-2.96,-4.795,-4.97,-8.12,-3.845,0.715,0.98,1.62,9.395,2.43,-11.68,-7.79,0.1,2.79,2.71,3.38,-2.12,-1.24,3.715,5.875,5.025,0.21
6,16,2014,1,-5.615,-4.83,-2.095,-5.425,-1.585,-1.27,-6.22,-2.185,-9.01,-5.36,-2.96,-4.795,-4.97,-8.12,-3.845,0.715,0.98,1.62,9.395,2.43,-11.68,-7.79,0.1,2.79,2.71,3.38,-2.12,-1.24,3.715,5.875,5.025
6,17,2014,2,-12.38,-5.615,-4.83,-2.095,-5.425,-1.585,-1.27,-6.22,-2.185,-9.01,-5.36,-2.96,-4.795,-4.97,-8.12,-3.845,0.715,0.98,1.62,9.395,2.43,-11.68,-7.79,0.1,2.79,2.71,3.38,-2.12,-1.24,3.715,5.875
6,18,2014,3,-18.36,-12.38,-5.615,-4.83,-2.095,-5.425,-1.585,-1.27,-6.22,-2.185,-9.01,-5.36,-2.96,-4.795,-4.97,-8.12,-3.845,0.715,0.98,1.62,9.395,2.43,-11.68,-7.79,0.1,2.79,2.71,3.38,-2.12,-1.24,3.715
6,19,2014,4,-10.42,-18.36,-12.38,-5.615,-4.83,-2.095,-5.425,-1.585,-1.27,-6.22,-2.185,-9.01,-5.36,-2.96,-4.795,-4.97,-8.12,-3.845,0.715,0.98,1.62,9.395,2.43,-11.68,-7.79,0.1,2.79,2.71,3.38,-2.12,-1.24
6,20,2014,5,-7.735,-10.42,-18.36,-12.38,-5.615,-4.83,-2.095,-5.425,-1.585,-1.27,-6.22,-2.185,-9.01,-5.36,-2.96,-4.795,-4.97,-8.12,-3.845,0.715,0.98,1.62,9.395,2.43,-11.68,-7.79,0.1,2.79,2.71,3.38,-2.12
6,21,2014,6,-3.545,-7.735,-10.42,-18.36,-12.38,-5.615,-4.83,-2.095,-5.425,-1.585,-1.27,-6.22,-2.185,-9.01,-5.36,-2.96,-4.795,-4.97,-8.12,-3.845,0.715,0.98,1.62,9.395,2.43,-11.68,-7.79,0.1,2.79,2.71,3.38
6,22,2014,7,-5.425,-3.545,-7.735,-10.42,-18.36,-12.38,-5.615,-4.83,-2.095,-5.425,-1.585,-1.27,-6.22,-2.185,-9.01,-5.36,-2.96,-4.795,-4.97,-8.12,-3.845,0.715,0.98,1.62,9.395,2.43,-11.68,-7.79,0.1,2.79,2.71
6,23,2014,1,-6.87,-5.425,-3.545,-7.735,-10.42,-18.36,-12.38,-5.615,-4.83,-2.095,-5.425,-1.585,-1.27,-6.22,-2.185,-9.01,-5.36,-2.96,-4.795,-4.97,-8.12,-3.845,0.715,0.98,1.62,9.395,2.43,-11.68,-7.79,0.1,2.79
6,24,2014,2,-7.01,-6.87,-5.425,-3.545,-7.735,-10.42,-18.36,-12.38,-5.615,-4.83,-2.095,-5.425,-1.585,-1.27,-6.22,-2.185,-9.01,-5.36,-2.96,-4.795,-4.97,-8.12,-3.845,0.715,0.98,1.62,9.395,2.43,-11.68,-7.79,0.1
6,25,2014,3,-9.705,-7.01,-6.87,-5.425,-3.545,-7.735,-10.42,-18.36,-12.38,-5.615,-4.83,-2.095,-5.425,-1.585,-1.27,-6.22,-2.185,-9.01,-5.36,-2.96,-4.795,-4.97,-8.12,-3.845,0.715,0.98,1.62,9.395,2.43,-11.68,-7.79
6,26,2014,4,-12.67,-9.705,-7.01,-6.87,-5.425,-3.545,-7.735,-10.42,-18.36,-12.38,-5.615,-4.83,-2.095,-5.425,-1.585,-1.27,-6.22,-2.185,-9.01,-5.36,-2.96,-4.795,-4.97,-8.12,-3.845,0.715,0.98,1.62,9.395,2.43,-11.68
6,27,2014,5,-8.685,-12.67,-9.705,-7.01,-6.87,-5.425,-3.545,-7.735,-10.42,-18.36,-12.38,-5.615,-4.83,-2.095,-5.425,-1.585,-1.27,-6.22,-2.185,-9.01,-5.36,-2.96,-4.795,-4.97,-8.12,-3.845,0.715,0.98,1.62,9.395,2.43
6,28,2014,6,-12.075,-8.685,-12.67,-9.705,-7.01,-6.87,-5.425,-3.545,-7.735,-10.42,-18.36,-12.38,-5.615,-4.83,-2.095,-5.425,-1.585,-1.27,-6.22,-2.185,-9.01,-5.36,-2.96,-4.795,-4.97,-8.12,-3.845,0.715,0.98,1.62,9.395
6,29,2014,7,-8.055,-12.075,-8.685,-12.67,-9.705,-7.01,-6.87,-5.425,-3.545,-7.735,-10.42,-18.36,-12.38,-5.615,-4.83,-2.095,-5.425,-1.585,-1.27,-6.22,-2.185,-9.01,-5.36,-2.96,-4.795,-4.97,-8.12,-3.845,0.715,0.98,1.62
6,30,2014,1,-8.885,-8.055,-12.075,-8.685,-12.67,-9.705,-7.01,-6.87,-5.425,-3.545,-7.735,-10.42,-18.36,-12.38,-5.615,-4.83,-2.095,-5.425,-1.585,-1.27,-6.22,-2.185,-9.01,-5.36,-2.96,-4.795,-4.97,-8.12,-3.845,0.715,0.98
7,1,2014,2,-13.275,-8.885,-8.055,-12.075,-8.685,-12.67,-9.705,-7.01,-6.87,-5.425,-3.545,-7.735,-10.42,-18.36,-12.38,-5.615,-4.83,-2.095,-5.425,-1.585,-1.27,-6.22,-2.185,-9.01,-5.36,-2.96,-4.795,-4.97,-8.12,-3.845,0.715
7,2,2014,3,-14.19,-13.275,-8.885,-8.055,-12.075,-8.685,-12.67,-9.705,-7.01,-6.87,-5.425,-3.545,-7.735,-10.42,-18.36,-12.38,-5.615,-4.83,-2.095,-5.425,-1.585,-1.27,-6.22,-2.185,-9.01,-5.36,-2.96,-4.795,-4.97,-8.12,-3.845
7,3,2014,4,-11.825,-14.19,-13.275,-8.885,-8.055,-12.075,-8.685,-12.67,-9.705,-7.01,-6.87,-5.425,-3.545,-7.735,-10.42,-18.36,-12.38,-5.615,-4.83,-2.095,-5.425,-1.585,-1.27,-6.22,-2.185,-9.01,-5.36,-2.96,-4.795,-4.97,-8.12
7,4,2014,5,-5.51,-11.825,-14.19,-13.275,-8.885,-8.055,-12.075,-8.685,-12.67,-9.705,-7.01,-6.87,-5.425,-3.545,-7.735,-10.42,-18.36,-12.38,-5.615,-4.83,-2.095,-5.425,-1.585,-1.27,-6.22,-2.185,-9.01,-5.36,-2.96,-4.795,-4.97
7,5,2014,6,-7.78,-5.51,-11.825,-14.19,-13.275,-8.885,-8.055,-12.075,-8.685,-12.67,-9.705,-7.01,-6.87,-5.425,-3.545,-7.735,-10.42,-18.36,-12.38,-5.615,-4.83,-2.095,-5.425,-1.585,-1.27,-6.22,-2.185,-9.01,-5.36,-2.96,-4.795
7,6,2014,7,-10.125,-7.78,-5.51,-11.825,-14.19,-13.275,-8.885,-8.055,-12.075,-8.685,-12.67,-9.705,-7.01,-6.87,-5.425,-3.545,-7.735,-10.42,-18.36,-12.38,-5.615,-4.83,-2.095,-5.425,-1.585,-1.27,-6.22,-2.185,-9.01,-5.36,-2.96
7,7,2014,1,-14.23,-10.125,-7.78,-5.51,-11.825,-14.19,-13.275,-8.885,-8.055,-12.075,-8.685,-12.67,-9.705,-7.01,-6.87,-5.425,-3.545,-7.735,-10.42,-18.36,-12.38,-5.615,-4.83,-2.095,-5.425,-1.585,-1.27,-6.22,-2.185,-9.01,-5.36
7,8,2014,2,-16.805,-14.23,-10.125,-7.78,-5.51,-11.825,-14.19,-13.275,-8.885,-8.055,-12.075,-8.685,-12.67,-9.705,-7.01,-6.87,-5.425,-3.545,-7.735,-10.42,-18.36,-12.38,-5.615,-4.83,-2.095,-5.425,-1.585,-1.27,-6.22,-2.185,-9.01
7,9,2014,3,-12.49,-16.805,-14.23,-10.125,-7.78,-5.51,-11.825,-14.19,-13.275,-8.885,-8.055,-12.075,-8.685,-12.67,-9.705,-7.01,-6.87,-5.425,-3.545,-7.735,-10.42,-18.36,-12.38,-5.615,-4.83,-2.095,-5.425,-1.585,-1.27,-6.22,-2.185
7,10,2014,4,-10.915,-12.49,-16.805,-14.23,-10.125,-7.78,-5.51,-11.825,-14.19,-13.275,-8.885,-8.055,-12.075,-8.685,-12.67,-9.705,-7.01,-6.87,-5.425,-3.545,-7.735,-10.42,-18.36,-12.38,-5.615,-4.83,-2.095,-5.425,-1.585,-1.27,-6.22
7,11,2014,5,-10.395,-10.915,-12.49,-16.805,-14.23,-10.125,-7.78,-5.51,-11.825,-14.19,-13.275,-8.885,-8.055,-12.075,-8.685,-12.67,-9.705,-7.01,-6.87,-5.425,-3.545,-7.735,-10.42,-18.36,-12.38,-5.615,-4.83,-2.095,-5.425,-1.585,-1.27
7,12,2014,6,-11.74,-10.395,-10.915,-12.49,-16.805,-14.23,-10.125,-7.78,-5.51,-11.825,-14.19,-13.275,-8.885,-8.055,-12.075,-8.685,-12.67,-9.705,-7.01,-6.87,-5.425,-3.545,-7.735,-10.42,-18.36,-12.38,-5.615,-4.83,-2.095,-5.425,-1.585
7,13,2014,7,-11.18,-11.74,-10.395,-10.915,-12.49,-16.805,-14.23,-10.125,-7.78,-5.51,-11.825,-14.19,-13.275,-8.885,-8.055,-12.075,-8.685,-12.67,-9.705,-7.01,-6.87,-5.425,-3.545,-7.735,-10.42,-18.36,-12.38,-5.615,-4.83,-2.095,-5.425
7,14,2014,1,-10.94,-11.18,-11.74,-10.395,-10.915,-12.49,-16.805,-14.23,-10.125,-7.78,-5.51,-11.825,-14.19,-13.275,-8.885,-8.055,-12.075,-8.685,-12.67,-9.705,-7.01,-6.87,-5.425,-3.545,-7.735,-10.42,-18.36,-12.38,-5.615,-4.83,-2.095
7,15,2014,2,-11.925,-10.94,-11.18,-11.74,-10.395,-10.915,-12.49,-16.805,-14.23,-10.125,-7.78,-5.51,-11.825,-14.19,-13.275,-8.885,-8.055,-12.075,-8.685,-12.67,-9.705,-7.01,-6.87,-5.425,-3.545,-7.735,-10.42,-18.36,-12.38,-5.615,-4.83
7,16,2014,3,-9.57,-11.925,-10.94,-11.18,-11.74,-10.395,-10.915,-12.49,-16.805,-14.23,-10.125,-7.78,-5.51,-11.825,-14.19,-13.275,-8.885,-8.055,-12.075,-8.685,-12.67,-9.705,-7.01,-6.87,-5.425,-3.545,-7.735,-10.42,-18.36,-12.38,-5.615
7,17,2014,4,-8.89,-9.57,-11.925,-10.94,-11.18,-11.74,-10.395,-10.915,-12.49,-16.805,-14.23,-10.125,-7.78,-5.51,-11.825,-14.19,-13.275,-8.885,-8.055,-12.075,-8.685,-12.67,-9.705,-7.01,-6.87,-5.425,-3.545,-7.735,-10.42,-18.36,-12.38
7,18,2014,5,-8.92,-8.89,-9.57,-11.925,-10.94,-11.18,-11.74,-10.395,-10.915,-12.49,-16.805,-14.23,-10.125,-7.78,-5.51,-11.825,-14.19,-13.275,-8.885,-8.055,-12.075,-8.685,-12.67,-9.705,-7.01,-6.87,-5.425,-3.545,-7.735,-10.42,-18.36
7,19,2014,6,-8.42,-8.92,-8.89,-9.57,-11.925,-10.94,-11.18,-11.74,-10.395,-10.915,-12.49,-16.805,-14.23,-10.125,-7.78,-5.51,-11.825,-14.19,-13.275,-8.885,-8.055,-12.075,-8.685,-12.67,-9.705,-7.01,-6.87,-5.425,-3.545,-7.735,-10.42
7,20,2014,7,-7.645,-8.42,-8.92,-8.89,-9.57,-11.925,-10.94,-11.18,-11.74,-10.395,-10.915,-12.49,-16.805,-14.23,-10.125,-7.78,-5.51,-11.825,-14.19,-13.275,-8.885,-8.055,-12.075,-8.685,-12.67,-9.705,-7.01,-6.87,-5.425,-3.545,-7.735
7,21,2014,1,-9.455,-7.645,-8.42,-8.92,-8.89,-9.57,-11.925,-10.94,-11.18,-11.74,-10.395,-10.915,-12.49,-16.805,-14.23,-10.125,-7.78,-5.51,-11.825,-14.19,-13.275,-8.885,-8.055,-12.075,-8.685,-12.67,-9.705,-7.01,-6.87,-5.425,-3.545
7,22,2014,2,-11.81,-9.455,-7.645,-8.42,-8.92,-8.89,-9.57,-11.925,-10.94,-11.18,-11.74,-10.395,-10.915,-12.49,-16.805,-14.23,-10.125,-7.78,-5.51,-11.825,-14.19,-13.275,-8.885,-8.055,-12.075,-8.685,-12.67,-9.705,-7.01,-6.87,-5.425
7,23,2014,3,-13.995,-11.81,-9.455,-7.645,-8.42,-8.92,-8.89,-9.57,-11.925,-10.94,-11.18,-11.74,-10.395,-10.915,-12.49,-16.805,-14.23,-10.125,-7.78,-5.51,-11.825,-14.19,-13.275,-8.885,-8.055,-12.075,-8.685,-12.67,-9.705,-7.01,-6.87
7,24,2014,4,-11.01,-13.995,-11.81,-9.455,-7.645,-8.42,-8.92,-8.89,-9.57,-11.925,-10.94,-11.18,-11.74,-10.395,-10.915,-12.49,-16.805,-14.23,-10.125,-7.78,-5.51,-11.825,-14.19,-13.275,-8.885,-8.055,-12.075,-8.685,-12.67,-9.705,-7.01
7,25,2014,5,-8.9,-11.01,-13.995,-11.81,-9.455,-7.645,-8.42,-8.92,-8.89,-9.57,-11.925,-10.94,-11.18,-11.74,-10.395,-10.915,-12.49,-16.805,-14.23,-10.125,-7.78,-5.51,-11.825,-14.19,-13.275,-8.885,-8.055,-12.075,-8.685,-12.67,-9.705
7,26,2014,6,-8.48,-8.9,-11.01,-13.995,-11.81,-9.455,-7.645,-8.42,-8.92,-8.89,-9.57,-11.925,-10.94,-11.18,-11.74,-10.395,-10.915,-12.49,-16.805,-14.23,-10.125,-7.78,-5.51,-11.825,-14.19,-13.275,-8.885,-8.055,-12.075,-8.685,-12.67
7,27,2014,7,-13.26,-8.48,-8.9,-11.01,-13.995,-11.81,-9.455,-7.645,-8.42,-8.92,-8.89,-9.57,-11.925,-10.94,-11.18,-11.74,-10.395,-10.915,-12.49,-16.805,-14.23,-10.125,-7.78,-5.51,-11.825,-14.19,-13.275,-8.885,-8.055,-12.075,-8.685
7,28,2014,1,-10.295,-13.26,-8.48,-8.9,-11.01,-13.995,-11.81,-9.455,-7.645,-8.42,-8.92,-8.89,-9.57,-11.925,-10.94,-11.18,-11.74,-10.395,-10.915,-12.49,-16.805,-14.23,-10.125,-7.78,-5.51,-11.825,-14.19,-13.275,-8.885,-8.055,-12.075
7,29,2014,2,-4.85,-10.295,-13.26,-8.48,-8.9,-11.01,-13.995,-11.81,-9.455,-7.645,-8.42,-8.92,-8.89,-9.57,-11.925,-10.94,-11.18,-11.74,-10.395,-10.915,-12.49,-16.805,-14.23,-10.125,-7.78,-5.51,-11.825,-14.19,-13.275,-8.885,-8.055
7,30,2014,3,-6.785,-4.85,-10.295,-13.26,-8.48,-8.9,-11.01,-13.995,-11.81,-9.455,-7.645,-8.42,-8.92,-8.89,-9.57,-11.925,-10.94,-11.18,-11.74,-10.395,-10.915,-12.49,-16.805,-14.23,-10.125,-7.78,-5.51,-11.825,-14.19,-13.275,-8.885
7,31,2014,4,-8.84,-6.785,-4.85,-10.295,-13.26,-8.48,-8.9,-11.01,-13.995,-11.81,-9.455,-7.645,-8.42,-8.92,-8.89,-9.57,-11.925,-10.94,-11.18,-11.74,-10.395,-10.915,-12.49,-16.805,-14.23,-10.125,-7.78,-5.51,-11.825,-14.19,-13.275
8,1,2014,5,-10.015,-8.84,-6.785,-4.85,-10.295,-13.26,-8.48,-8.9,-11.01,-13.995,-11.81,-9.455,-7.645,-8.42,-8.92,-8.89,-9.57,-11.925,-10.94,-11.18,-11.74,-10.395,-10.915,-12.49,-16.805,-14.23,-10.125,-7.78,-5.51,-11.825,-14.19
8,2,2014,6,-4.97,-10.015,-8.84,-6.785,-4.85,-10.295,-13.26,-8.48,-8.9,-11.01,-13.995,-11.81,-9.455,-7.645,-8.42,-8.92,-8.89,-9.57,-11.925,-10.94,-11.18,-11.74,-10.395,-10.915,-12.49,-16.805,-14.23,-10.125,-7.78,-5.51,-11.825
8,3,2014,7,-5.43,-4.97,-10.015,-8.84,-6.785,-4.85,-10.295,-13.26,-8.48,-8.9,-11.01,-13.995,-11.81,-9.455,-7.645,-8.42,-8.92,-8.89,-9.57,-11.925,-10.94,-11.18,-11.74,-10.395,-10.915,-12.49,-16.805,-14.23,-10.125,-7.78,-5.51
8,4,2014,1,-10.025,-5.43,-4.97,-10.015,-8.84,-6.785,-4.85,-10.295,-13.26,-8.48,-8.9,-11.01,-13.995,-11.81,-9.455,-7.645,-8.42,-8.92,-8.89,-9.57,-11.925,-10.94,-11.18,-11.74,-10.395,-10.915,-12.49,-16.805,-14.23,-10.125,-7.78
8,5,2014,2,-12.38,-10.025,-5.43,-4.97,-10.015,-8.84,-6.785,-4.85,-10.295,-13.26,-8.48,-8.9,-11.01,-13.995,-11.81,-9.455,-7.645,-8.42,-8.92,-8.89,-9.57,-11.925,-10.94,-11.18,-11.74,-10.395,-10.915,-12.49,-16.805,-14.23,-10.125
8,6,2014,3,-11.995,-12.38,-10.025,-5.43,-4.97,-10.015,-8.84,-6.785,-4.85,-10.295,-13.26,-8.48,-8.9,-11.01,-13.995,-11.81,-9.455,-7.645,-8.42,-8.92,-8.89,-9.57,-11.925,-10.94,-11.18,-11.74,-10.395,-10.915,-12.49,-16.805,-14.23
8,7,2014,4,-9.425,-11.995,-12.38,-10.025,-5.43,-4.97,-10.015,-8.84,-6.785,-4.85,-10.295,-13.26,-8.48,-8.9,-11.01,-13.995,-11.81,-9.455,-7.645,-8.42,-8.92,-8.89,-9.57,-11.925,-10.94,-11.18,-11.74,-10.395,-10.915,-12.49,-16.805
8,8,2014,5,-8.115,-9.425,-11.995,-12.38,-10.025,-5.43,-4.97,-10.015,-8.84,-6.785,-4.85,-10.295,-13.26,-8.48,-8.9,-11.01,-13.995,-11.81,-9.455,-7.645,-8.42,-8.92,-8.89,-9.57,-11.925,-10.94,-11.18,-11.74,-10.395,-10.915,-12.49
8,9,2014,6,-11.165,-8.115,-9.425,-11.995,-12.38,-10.025,-5.43,-4.97,-10.015,-8.84,-6.785,-4.85,-10.295,-13.26,-8.48,-8.9,-11.01,-13.995,-11.81,-9.455,-7.645,-8.42,-8.92,-8.89,-9.57,-11.925,-10.94,-11.18,-11.74,-10.395,-10.915
8,10,2014,7,-11.325,-11.165,-8.115,-9.425,-11.995,-12.38,-10.025,-5.43,-4.97,-10.015,-8.84,-6.785,-4.85,-10.295,-13.26,-8.48,-8.9,-11.01,-13.995,-11.81,-9.455,-7.645,-8.42,-8.92,-8.89,-9.57,-11.925,-10.94,-11.18,-11.74,-10.395
8,11,2014,1,-10.93,-11.325,-11.165,-8.115,-9.425,-11.995,-12.38,-10.025,-5.43,-4.97,-10.015,-8.84,-6.785,-4.85,-10.295,-13.26,-8.48,-8.9,-11.01,-13.995,-11.81,-9.455,-7.645,-8.42,-8.92,-8.89,-9.57,-11.925,-10.94,-11.18,-11.74
8,12,2014,2,-9.655,-10.93,-11.325,-11.165,-8.115,-9.425,-11.995,-12.38,-10.025,-5.43,-4.97,-10.015,-8.84,-6.785,-4.85,-10.295,-13.26,-8.48,-8.9,-11.01,-13.995,-11.81,-9.455,-7.645,-8.42,-8.92,-8.89,-9.57,-11.925,-10.94,-11.18
8,13,2014,3,-10.215,-9.655,-10.93,-11.325,-11.165,-8.115,-9.425,-11.995,-12.38,-10.025,-5.43,-4.97,-10.015,-8.84,-6.785,-4.85,-10.295,-13.26,-8.48,-8.9,-11.01,-13.995,-11.81,-9.455,-7.645,-8.42,-8.92,-8.89,-9.57,-11.925,-10.94
8,14,2014,4,-5.25,-10.215,-9.655,-10.93,-11.325,-11.165,-8.115,-9.425,-11.995,-12.38,-10.025,-5.43,-4.97,-10.015,-8.84,-6.785,-4.85,-10.295,-13.26,-8.48,-8.9,-11.01,-13.995,-11.81,-9.455,-7.645,-8.42,-8.92,-8.89,-9.57,-11.925
8,15,2014,5,-1.965,-5.25,-10.215,-9.655,-10.93,-11.325,-11.165,-8.115,-9.425,-11.995,-12.38,-10.025,-5.43,-4.97,-10.015,-8.84,-6.785,-4.85,-10.295,-13.26,-8.48,-8.9,-11.01,-13.995,-11.81,-9.455,-7.645,-8.42,-8.92,-8.89,-9.57
8,16,2014,6,-5.145,-1.965,-5.25,-10.215,-9.655,-10.93,-11.325,-11.165,-8.115,-9.425,-11.995,-12.38,-10.025,-5.43,-4.97,-10.015,-8.84,-6.785,-4.85,-10.295,-13.26,-8.48,-8.9,-11.01,-13.995,-11.81,-9.455,-7.645,-8.42,-8.92,-8.89
8,17,2014,7,-9.295,-5.145,-1.965,-5.25,-10.215,-9.655,-10.93,-11.325,-11.165,-8.115,-9.425,-11.995,-12.38,-10.025,-5.43,-4.97,-10.015,-8.84,-6.785,-4.85,-10.295,-13.26,-8.48,-8.9,-11.01,-13.995,-11.81,-9.455,-7.645,-8.42,-8.92
8,18,2014,1,-7.74,-9.295,-5.145,-1.965,-5.25,-10.215,-9.655,-10.93,-11.325,-11.165,-8.115,-9.425,-11.995,-12.38,-10.025,-5.43,-4.97,-10.015,-8.84,-6.785,-4.85,-10.295,-13.26,-8.48,-8.9,-11.01,-13.995,-11.81,-9.455,-7.645,-8.42
8,19,2014,2,-7.015,-7.74,-9.295,-5.145,-1.965,-5.25,-10.215,-9.655,-10.93,-11.325,-11.165,-8.115,-9.425,-11.995,-12.38,-10.025,-5.43,-4.97,-10.015,-8.84,-6.785,-4.85,-10.295,-13.26,-8.48,-8.9,-11.01,-13.995,-11.81,-9.455,-7.645
8,20,2014,3,-9.47,-7.015,-7.74,-9.295,-5.145,-1.965,-5.25,-10.215,-9.655,-10.93,-11.325,-11.165,-8.115,-9.425,-11.995,-12.38,-10.025,-5.43,-4.97,-10.015,-8.84,-6.785,-4.85,-10.295,-13.26,-8.48,-8.9,-11.01,-13.995,-11.81,-9.455
8,21,2014,4,-7.94,-9.47,-7.015,-7.74,-9.295,-5.145,-1.965,-5.25,-10.215,-9.655,-10.93,-11.325,-11.165,-8.115,-9.425,-11.995,-12.38,-10.025,-5.43,-4.97,-10.015,-8.84,-6.785,-4.85,-10.295,-13.26,-8.48,-8.9,-11.01,-13.995,-11.81
8,22,2014,5,-5.82,-7.94,-9.47,-7.015,-7.74,-9.295,-5.145,-1.965,-5.25,-10.215,-9.655,-10.93,-11.325,-11.165,-8.115,-9.425,-11.995,-12.38,-10.025,-5.43,-4.97,-10.015,-8.84,-6.785,-4.85,-10.295,-13.26,-8.48,-8.9,-11.01,-13.995
8,23,2014,6,-5.19,-5.82,-7.94,-9.47,-7.015,-7.74,-9.295,-5.145,-1.965,-5.25,-10.215,-9.655,-10.93,-11.325,-11.165,-8.115,-9.425,-11.995,-12.38,-10.025,-5.43,-4.97,-10.015,-8.84,-6.785,-4.85,-10.295,-13.26,-8.48,-8.9,-11.01
8,24,2014,7,-7.055,-5.19,-5.82,-7.94,-9.47,-7.015,-7.74,-9.295,-5.145,-1.965,-5.25,-10.215,-9.655,-10.93,-11.325,-11.165,-8.115,-9.425,-11.995,-12.38,-10.025,-5.43,-4.97,-10.015,-8.84,-6.785,-4.85,-10.295,-13.26,-8.48,-8.9
8,25,2014,1,-10.87,-7.055,-5.19,-5.82,-7.94,-9.47,-7.015,-7.74,-9.295,-5.145,-1.965,-5.25,-10.215,-9.655,-10.93,-11.325,-11.165,-8.115,-9.425,-11.995,-12.38,-10.025,-5.43,-4.97,-10.015,-8.84,-6.785,-4.85,-10.295,-13.26,-8.48
8,26,2014,2,-12.235,-10.87,-7.055,-5.19,-5.82,-7.94,-9.47,-7.015,-7.74,-9.295,-5.145,-1.965,-5.25,-10.215,-9.655,-10.93,-11.325,-11.165,-8.115,-9.425,-11.995,-12.38,-10.025,-5.43,-4.97,-10.015,-8.84,-6.785,-4.85,-10.295,-13.26
8,27,2014,3,-12.97,-12.235,-10.87,-7.055,-5.19,-5.82,-7.94,-9.47,-7.015,-7.74,-9.295,-5.145,-1.965,-5.25,-10.215,-9.655,-10.93,-11.325,-11.165,-8.115,-9.425,-11.995,-12.38,-10.025,-5.43,-4.97,-10.015,-8.84,-6.785,-4.85,-10.295
8,28,2014,4,-8.96,-12.97,-12.235,-10.87,-7.055,-5.19,-5.82,-7.94,-9.47,-7.015,-7.74,-9.295,-5.145,-1.965,-5.25,-10.215,-9.655,-10.93,-11.325,-11.165,-8.115,-9.425,-11.995,-12.38,-10.025,-5.43,-4.97,-10.015,-8.84,-6.785,-4.85
8,29,2014,5,-4.4,-8.96,-12.97,-12.235,-10.87,-7.055,-5.19,-5.82,-7.94,-9.47,-7.015,-7.74,-9.295,-5.145,-1.965,-5.25,-10.215,-9.655,-10.93,-11.325,-11.165,-8.115,-9.425,-11.995,-12.38,-10.025,-5.43,-4.97,-10.015,-8.84,-6.785
8,30,2014,6,-5.59,-4.4,-8.96,-12.97,-12.235,-10.87,-7.055,-5.19,-5.82,-7.94,-9.47,-7.015,-7.74,-9.295,-5.145,-1.965,-5.25,-10.215,-9.655,-10.93,-11.325,-11.165,-8.115,-9.425,-11.995,-12.38,-10.025,-5.43,-4.97,-10.015,-8.84
8,31,2014,7,-14.46,-5.59,-4.4,-8.96,-12.97,-12.235,-10.87,-7.055,-5.19,-5.82,-7.94,-9.47,-7.015,-7.74,-9.295,-5.145,-1.965,-5.25,-10.215,-9.655,-10.93,-11.325,-11.165,-8.115,-9.425,-11.995,-12.38,-10.025,-5.43,-4.97,-10.015
9,1,2014,1,-14.01,-14.46,-5.59,-4.4,-8.96,-12.97,-12.235,-10.87,-7.055,-5.19,-5.82,-7.94,-9.47,-7.015,-7.74,-9.295,-5.145,-1.965,-5.25,-10.215,-9.655,-10.93,-11.325,-11.165,-8.115,-9.425,-11.995,-12.38,-10.025,-5.43,-4.97
9,2,2014,2,-17.03,-14.01,-14.46,-5.59,-4.4,-8.96,-12.97,-12.235,-10.87,-7.055,-5.19,-5.82,-7.94,-9.47,-7.015,-7.74,-9.295,-5.145,-1.965,-5.25,-10.215,-9.655,-10.93,-11.325,-11.165,-8.115,-9.425,-11.995,-12.38,-10.025,-5.43
9,3,2014,3,-12.685,-17.03,-14.01,-14.46,-5.59,-4.4,-8.96,-12.97,-12.235,-10.87,-7.055,-5.19,-5.82,-7.94,-9.47,-7.015,-7.74,-9.295,-5.145,-1.965,-5.25,-10.215,-9.655,-10.93,-11.325,-11.165,-8.115,-9.425,-11.995,-12.38,-10.025
9,4,2014,4,-12.295,-12.685,-17.03,-14.01,-14.46,-5.59,-4.4,-8.96,-12.97,-12.235,-10.87,-7.055,-5.19,-5.82,-7.94,-9.47,-7.015,-7.74,-9.295,-5.145,-1.965,-5.25,-10.215,-9.655,-10.93,-11.325,-11.165,-8.115,-9.425,-11.995,-12.38
9,5,2014,5,-12.0,-12.295,-12.685,-17.03,-14.01,-14.46,-5.59,-4.4,-8.96,-12.97,-12.235,-10.87,-7.055,-5.19,-5.82,-7.94,-9.47,-7.015,-7.74,-9.295,-5.145,-1.965,-5.25,-10.215,-9.655,-10.93,-11.325,-11.165,-8.115,-9.425,-11.995
9,6,2014,6,-15.01,-12.0,-12.295,-12.685,-17.03,-14.01,-14.46,-5.59,-4.4,-8.96,-12.97,-12.235,-10.87,-7.055,-5.19,-5.82,-7.94,-9.47,-7.015,-7.74,-9.295,-5.145,-1.965,-5.25,-10.215,-9.655,-10.93,-11.325,-11.165,-8.115,-9.425
9,7,2014,7,-7.74,-15.01,-12.0,-12.295,-12.685,-17.03,-14.01,-14.46,-5.59,-4.4,-8.96,-12.97,-12.235,-10.87,-7.055,-5.19,-5.82,-7.94,-9.47,-7.015,-7.74,-9.295,-5.145,-1.965,-5.25,-10.215,-9.655,-10.93,-11.325,-11.165,-8.115
9,8,2014,1,-5.82,-7.74,-15.01,-12.0,-12.295,-12.685,-17.03,-14.01,-14.46,-5.59,-4.4,-8.96,-12.97,-12.235,-10.87,-7.055,-5.19,-5.82,-7.94,-9.47,-7.015,-7.74,-9.295,-5.145,-1.965,-5.25,-10.215,-9.655,-10.93,-11.325,-11.165
9,9,2014,2,-4.035,-5.82,-7.74,-15.01,-12.0,-12.295,-12.685,-17.03,-14.01,-14.46,-5.59,-4.4,-8.96,-12.97,-12.235,-10.87,-7.055,-5.19,-5.82,-7.94,-9.47,-7.015,-7.74,-9.295,-5.145,-1.965,-5.25,-10.215,-9.655,-10.93,-11.325
9,10,2014,3,-3.855,-4.035,-5.82,-7.74,-15.01,-12.0,-12.295,-12.685,-17.03,-14.01,-14.46,-5.59,-4.4,-8.96,-12.97,-12.235,-10.87,-7.055,-5.19,-5.82,-7.94,-9.47,-7.015,-7.74,-9.295,-5.145,-1.965,-5.25,-10.215,-9.655,-10.93
9,11,2014,4,-10.175,-3.855,-4.035,-5.82,-7.74,-15.01,-12.0,-12.295,-12.685,-17.03,-14.01,-14.46,-5.59,-4.4,-8.96,-12.97,-12.235,-10.87,-7.055,-5.19,-5.82,-7.94,-9.47,-7.015,-7.74,-9.295,-5.145,-1.965,-5.25,-10.215,-9.655
9,12,2014,5,-3.87,-10.175,-3.855,-4.035,-5.82,-7.74,-15.01,-12.0,-12.295,-12.685,-17.03,-14.01,-14.46,-5.59,-4.4,-8.96,-12.97,-12.235,-10.87,-7.055,-5.19,-5.82,-7.94,-9.47,-7.015,-7.74,-9.295,-5.145,-1.965,-5.25,-10.215
9,13,2014,6,0.065,-3.87,-10.175,-3.855,-4.035,-5.82,-7.74,-15.01,-12.0,-12.295,-12.685,-17.03,-14.01,-14.46,-5.59,-4.4,-8.96,-12.97,-12.235,-10.87,-7.055,-5.19,-5.82,-7.94,-9.47,-7.015,-7.74,-9.295,-5.145,-1.965,-5.25
9,14,2014,7,3.4,0.065,-3.87,-10.175,-3.855,-4.035,-5.82,-7.74,-15.01,-12.0,-12.295,-12.685,-17.03,-14.01,-14.46,-5.59,-4.4,-8.96,-12.97,-12.235,-10.87,-7.055,-5.19,-5.82,-7.94,-9.47,-7.015,-7.74,-9.295,-5.145,-1.965
9,15,2014,1,1.265,3.4,0.065,-3.87,-10.175,-3.855,-4.035,-5.82,-7.74,-15.01,-12.0,-12.295,-12.685,-17.03,-14.01,-14.46,-5.59,-4.4,-8.96,-12.97,-12.235,-10.87,-7.055,-5.19,-5.82,-7.94,-9.47,-7.015,-7.74,-9.295,-5.145
9,16,2014,2,2.105,1.265,3.4,0.065,-3.87,-10.175,-3.855,-4.035,-5.82,-7.74,-15.01,-12.0,-12.295,-12.685,-17.03,-14.01,-14.46,-5.59,-4.4,-8.96,-12.97,-12.235,-10.87,-7.055,-5.19,-5.82,-7.94,-9.47,-7.015,-7.74,-9.295
9,17,2014,3,0.2,2.105,1.265,3.4,0.065,-3.87,-10.175,-3.855,-4.035,-5.82,-7.74,-15.01,-12.0,-12.295,-12.685,-17.03,-14.01,-14.46,-5.59,-4.4,-8.96,-12.97,-12.235,-10.87,-7.055,-5.19,-5.82,-7.94,-9.47,-7.015,-7.74
9,18,2014,4,-2.15,0.2,2.105,1.265,3.4,0.065,-3.87,-10.175,-3.855,-4.035,-5.82,-7.74,-15.01,-12.0,-12.295,-12.685,-17.03,-14.01,-14.46,-5.59,-4.4,-8.96,-12.97,-12.235,-10.87,-7.055,-5.19,-5.82,-7.94,-9.47,-7.015
9,19,2014,5,4.235,-2.15,0.2,2.105,1.265,3.4,0.065,-3.87,-10.175,-3.855,-4.035,-5.82,-7.74,-15.01,-12.0,-12.295,-12.685,-17.03,-14.01,-14.46,-5.59,-4.4,-8.96,-12.97,-12.235,-10.87,-7.055,-5.19,-5.82,-7.94,-9.47
9,20,2014,6,-1.615,4.235,-2.15,0.2,2.105,1.265,3.4,0.065,-3.87,-10.175,-3.855,-4.035,-5.82,-7.74,-15.01,-12.0,-12.295,-12.685,-17.03,-14.01,-14.46,-5.59,-4.4,-8.96,-12.97,-12.235,-10.87,-7.055,-5.19,-5.82,-7.94
9,21,2014,7,-5.89,-1.615,4.235,-2.15,0.2,2.105,1.265,3.4,0.065,-3.87,-10.175,-3.855,-4.035,-5.82,-7.74,-15.01,-12.0,-12.295,-12.685,-17.03,-14.01,-14.46,-5.59,-4.4,-8.96,-12.97,-12.235,-10.87,-7.055,-5.19,-5.82
9,22,2014,1,0.44,-5.89,-1.615,4.235,-2.15,0.2,2.105,1.265,3.4,0.065,-3.87,-10.175,-3.855,-4.035,-5.82,-7.74,-15.01,-12.0,-12.295,-12.685,-17.03,-14.01,-14.46,-5.59,-4.4,-8.96,-12.97,-12.235,-10.87,-7.055,-5.19
9,23,2014,2,3.675,0.44,-5.89,-1.615,4.235,-2.15,0.2,2.105,1.265,3.4,0.065,-3.87,-10.175,-3.855,-4.035,-5.82,-7.74,-15.01,-12.0,-12.295,-12.685,-17.03,-14.01,-14.46,-5.59,-4.4,-8.96,-12.97,-12.235,-10.87,-7.055
9,24,2014,3,-0.84,3.675,0.44,-5.89,-1.615,4.235,-2.15,0.2,2.105,1.265,3.4,0.065,-3.87,-10.175,-3.855,-4.035,-5.82,-7.74,-15.01,-12.0,-12.295,-12.685,-17.03,-14.01,-14.46,-5.59,-4.4,-8.96,-12.97,-12.235,-10.87
9,25,2014,4,2.975,-0.84,3.675,0.44,-5.89,-1.615,4.235,-2.15,0.2,2.105,1.265,3.4,0.065,-3.87,-10.175,-3.855,-4.035,-5.82,-7.74,-15.01,-12.0,-12.295,-12.685,-17.03,-14.01,-14.46,-5.59,-4.4,-8.96,-12.97,-12.235
9,26,2014,5,-3.61,2.975,-0.84,3.675,0.44,-5.89,-1.615,4.235,-2.15,0.2,2.105,1.265,3.4,0.065,-3.87,-10.175,-3.855,-4.035,-5.82,-7.74,-15.01,-12.0,-12.295,-12.685,-17.03,-14.01,-14.46,-5.59,-4.4,-8.96,-12.97
9,27,2014,6,-7.025,-3.61,2.975,-0.84,3.675,0.44,-5.89,-1.615,4.235,-2.15,0.2,2.105,1.265,3.4,0.065,-3.87,-10.175,-3.855,-4.035,-5.82,-7.74,-15.01,-12.0,-12.295,-12.685,-17.03,-14.01,-14.46,-5.59,-4.4,-8.96
9,28,2014,7,-6.75,-7.025,-3.61,2.975,-0.84,3.675,0.44,-5.89,-1.615,4.235,-2.15,0.2,2.105,1.265,3.4,0.065,-3.87,-10.175,-3.855,-4.035,-5.82,-7.74,-15.01,-12.0,-12.295,-12.685,-17.03,-14.01,-14.46,-5.59,-4.4
9,29,2014,1,-6.095,-6.75,-7.025,-3.61,2.975,-0.84,3.675,0.44,-5.89,-1.615,4.235,-2.15,0.2,2.105,1.265,3.4,0.065,-3.87,-10.175,-3.855,-4.035,-5.82,-7.74,-15.01,-12.0,-12.295,-12.685,-17.03,-14.01,-14.46,-5.59
9,30,2014,2,-2.325,-6.095,-6.75,-7.025,-3.61,2.975,-0.84,3.675,0.44,-5.89,-1.615,4.235,-2.15,0.2,2.105,1.265,3.4,0.065,-3.87,-10.175,-3.855,-4.035,-5.82,-7.74,-15.01,-12.0,-12.295,-12.685,-17.03,-14.01,-14.46
10,1,2014,3,1.42,-2.325,-6.095,-6.75,-7.025,-3.61,2.975,-0.84,3.675,0.44,-5.89,-1.615,4.235,-2.15,0.2,2.105,1.265,3.4,0.065,-3.87,-10.175,-3.855,-4.035,-5.82,-7.74,-15.01,-12.0,-12.295,-12.685,-17.03,-14.01
10,2,2014,4,1.02,1.42,-2.325,-6.095,-6.75,-7.025,-3.61,2.975,-0.84,3.675,0.44,-5.89,-1.615,4.235,-2.15,0.2,2.105,1.265,3.4,0.065,-3.87,-10.175,-3.855,-4.035,-5.82,-7.74,-15.01,-12.0,-12.295,-12.685,-17.03
10,3,2014,5,3.225,1.02,1.42,-2.325,-6.095,-6.75,-7.025,-3.61,2.975,-0.84,3.675,0.44,-5.89,-1.615,4.235,-2.15,0.2,2.105,1.265,3.4,0.065,-3.87,-10.175,-3.855,-4.035,-5.82,-7.74,-15.01,-12.0,-12.295,-12.685
10,4,2014,6,2.56,3.225,1.02,1.42,-2.325,-6.095,-6.75,-7.025,-3.61,2.975,-0.84,3.675,0.44,-5.89,-1.615,4.235,-2.15,0.2,2.105,1.265,3.4,0.065,-3.87,-10.175,-3.855,-4.035,-5.82,-7.74,-15.01,-12.0,-12.295
10,5,2014,7,12.175,2.56,3.225,1.02,1.42,-2.325,-6.095,-6.75,-7.025,-3.61,2.975,-0.84,3.675,0.44,-5.89,-1.615,4.235,-2.15,0.2,2.105,1.265,3.4,0.065,-3.87,-10.175,-3.855,-4.035,-5.82,-7.74,-15.01,-12.0
10,6,2014,1,5.055,12.175,2.56,3.225,1.02,1.42,-2.325,-6.095,-6.75,-7.025,-3.61,2.975,-0.84,3.675,0.44,-5.89,-1.615,4.235,-2.15,0.2,2.105,1.265,3.4,0.065,-3.87,-10.175,-3.855,-4.035,-5.82,-7.74,-15.01
10,7,2014,2,-1.95,5.055,12.175,2.56,3.225,1.02,1.42,-2.325,-6.095,-6.75,-7.025,-3.61,2.975,-0.84,3.675,0.44,-5.89,-1.615,4.235,-2.15,0.2,2.105,1.265,3.4,0.065,-3.87,-10.175,-3.855,-4.035,-5.82,-7.74
10,8,2014,3,-2.42,-1.95,5.055,12.175,2.56,3.225,1.02,1.42,-2.325,-6.095,-6.75,-7.025,-3.61,2.975,-0.84,3.675,0.44,-5.89,-1.615,4.235,-2.15,0.2,2.105,1.265,3.4,0.065,-3.87,-10.175,-3.855,-4.035,-5.82
10,9,2014,4,3.055,-2.42,-1.95,5.055,12.175,2.56,3.225,1.02,1.42,-2.325,-6.095,-6.75,-7.025,-3.61,2.975,-0.84,3.675,0.44,-5.89,-1.615,4.235,-2.15,0.2,2.105,1.265,3.4,0.065,-3.87,-10.175,-3.855,-4.035
10,10,2014,5,7.005,3.055,-2.42,-1.95,5.055,12.175,2.56,3.225,1.02,1.42,-2.325,-6.095,-6.75,-7.025,-3.61,2.975,-0.84,3.675,0.44,-5.89,-1.615,4.235,-2.15,0.2,2.105,1.265,3.4,0.065,-3.87,-10.175,-3.855
10,11,2014,6,10.125,7.005,3.055,-2.42,-1.95,5.055,12.175,2.56,3.225,1.02,1.42,-2.325,-6.095,-6.75,-7.025,-3.61,2.975,-0.84,3.675,0.44,-5.89,-1.615,4.235,-2.15,0.2,2.105,1.265,3.4,0.065,-3.87,-10.175
10,12,2014,7,10.64,10.125,7.005,3.055,-2.42,-1.95,5.055,12.175,2.56,3.225,1.02,1.42,-2.325,-6.095,-6.75,-7.025,-3.61,2.975,-0.84,3.675,0.44,-5.89,-1.615,4.235,-2.15,0.2,2.105,1.265,3.4,0.065,-3.87
10,13,2014,1,8.35,10.64,10.125,7.005,3.055,-2.42,-1.95,5.055,12.175,2.56,3.225,1.02,1.42,-2.325,-6.095,-6.75,-7.025,-3.61,2.975,-0.84,3.675,0.44,-5.89,-1.615,4.235,-2.15,0.2,2.105,1.265,3.4,0.065
10,14,2014,2,-3.27,8.35,10.64,10.125,7.005,3.055,-2.42,-1.95,5.055,12.175,2.56,3.225,1.02,1.42,-2.325,-6.095,-6.75,-7.025,-3.61,2.975,-0.84,3.675,0.44,-5.89,-1.615,4.235,-2.15,0.2,2.105,1.265,3.4
10,15,2014,3,-5.525,-3.27,8.35,10.64,10.125,7.005,3.055,-2.42,-1.95,5.055,12.175,2.56,3.225,1.02,1.42,-2.325,-6.095,-6.75,-7.025,-3.61,2.975,-0.84,3.675,0.44,-5.89,-1.615,4.235,-2.15,0.2,2.105,1.265
10,16,2014,4,-0.23,-5.525,-3.27,8.35,10.64,10.125,7.005,3.055,-2.42,-1.95,5.055,12.175,2.56,3.225,1.02,1.42,-2.325,-6.095,-6.75,-7.025,-3.61,2.975,-0.84,3.675,0.44,-5.89,-1.615,4.235,-2.15,0.2,2.105
10,17,2014,5,0.9,-0.23,-5.525,-3.27,8.35,10.64,10.125,7.005,3.055,-2.42,-1.95,5.055,12.175,2.56,3.225,1.02,1.42,-2.325,-6.095,-6.75,-7.025,-3.61,2.975,-0.84,3.675,0.44,-5.89,-1.615,4.235,-2.15,0.2
10,18,2014,6,2.63,0.9,-0.23,-5.525,-3.27,8.35,10.64,10.125,7.005,3.055,-2.42,-1.95,5.055,12.175,2.56,3.225,1.02,1.42,-2.325,-6.095,-6.75,-7.025,-3.61,2.975,-0.84,3.675,0.44,-5.89,-1.615,4.235,-2.15
10,19,2014,7,14.765,2.63,0.9,-0.23,-5.525,-3.27,8.35,10.64,10.125,7.005,3.055,-2.42,-1.95,5.055,12.175,2.56,3.225,1.02,1.42,-2.325,-6.095,-6.75,-7.025,-3.61,2.975,-0.84,3.675,0.44,-5.89,-1.615,4.235
10,20,2014,1,14.99,14.765,2.63,0.9,-0.23,-5.525,-3.27,8.35,10.64,10.125,7.005,3.055,-2.42,-1.95,5.055,12.175,2.56,3.225,1.02,1.42,-2.325,-6.095,-6.75,-7.025,-3.61,2.975,-0.84,3.675,0.44,-5.89,-1.615
10,21,2014,2,5.585,14.99,14.765,2.63,0.9,-0.23,-5.525,-3.27,8.35,10.64,10.125,7.005,3.055,-2.42,-1.95,5.055,12.175,2.56,3.225,1.02,1.42,-2.325,-6.095,-6.75,-7.025,-3.61,2.975,-0.84,3.675,0.44,-5.89
10,22,2014,3,10.91,5.585,14.99,14.765,2.63,0.9,-0.23,-5.525,-3.27,8.35,10.64,10.125,7.005,3.055,-2.42,-1.95,5.055,12.175,2.56,3.225,1.02,1.42,-2.325,-6.095,-6.75,-7.025,-3.61,2.975,-0.84,3.675,0.44
10,23,2014,4,12.935,10.91,5.585,14.99,14.765,2.63,0.9,-0.23,-5.525,-3.27,8.35,10.64,10.125,7.005,3.055,-2.42,-1.95,5.055,12.175,2.56,3.225,1.02,1.42,-2.325,-6.095,-6.75,-7.025,-3.61,2.975,-0.84,3.675
10,24,2014,5,8.39,12.935,10.91,5.585,14.99,14.765,2.63,0.9,-0.23,-5.525,-3.27,8.35,10.64,10.125,7.005,3.055,-2.42,-1.95,5.055,12.175,2.56,3.225,1.02,1.42,-2.325,-6.095,-6.75,-7.025,-3.61,2.975,-0.84
10,25,2014,6,6.65,8.39,12.935,10.91,5.585,14.99,14.765,2.63,0.9,-0.23,-5.525,-3.27,8.35,10.64,10.125,7.005,3.055,-2.42,-1.95,5.055,12.175,2.56,3.225,1.02,1.42,-2.325,-6.095,-6.75,-7.025,-3.61,2.975
10,26,2014,7,7.955,6.525,8.5,12.925,10.865,5.525,14.95,15.175,2.63,0.9,-0.23,-5.525,-3.27,8.35,9.165,8.99,7.005,3.055,-2.42,-1.95,5.055,12.175,2.56,3.225,1.02,1.42,-2.325,-6.095,-6.75,-7.025,-3.61
11,1,2014,6,17.7,15.855,12.49,3.335,4.605,9.23,7.55,8.285,9.215,13.38,11.22,5.955,15.365,15.175,3.035,-0.025,-1.945,-5.885,-3.295,6.365,9.165,8.99,7.005,3.055,-2.42,-1.95,5.055,12.175,2.56,3.225,1.02
