10,25,2013,5,18.91,18.365,14.295,7.57,10.13,9.795,9.62,5.405,-2.235,3.44,3.865,5.765,4.33,-0.69,3.58,7.475,7.27,5.875,-4.14,-9.065,-10.445,-9.47,-6.8,-7.03,-2.5,2.645,2.02,-0.165,0.67,2.2,3.175
10,26,2013,6,18.64,18.91,18.365,14.295,7.57,10.13,9.795,9.62,5.405,-2.235,3.44,3.865,5.765,4.33,-0.69,3.58,7.475,7.27,5.875,-4.14,-9.065,-10.445,-9.47,-6.8,-7.03,-2.5,2.645,2.02,-0.165,0.67,2.2
10,27,2013,7,14.32,18.64,18.91,18.365,14.295,7.57,10.13,9.795,9.62,5.405,-2.235,3.44,3.865,5.765,4.33,-0.69,3.58,7.475,7.27,5.875,-4.14,-9.065,-10.445,-9.47,-6.8,-7.03,-2.5,2.645,2.02,-0.165,0.67
10,28,2013,1,15.265,14.32,18.64,18.91,18.365,14.295,7.57,10.13,9.795,9.62,5.405,-2.235,3.44,3.865,5.765,4.33,-0.69,3.58,7.475,7.27,5.875,-4.14,-9.065,-10.445,-9.47,-6.8,-7.03,-2.5,2.645,2.02,-0.165
10,29,2013,2,12.86,15.265,14.32,18.64,18.91,18.365,14.295,7.57,10.13,9.795,9.62,5.405,-2.235,3.44,3.865,5.765,4.33,-0.69,3.58,7.475,7.27,5.875,-4.14,-9.065,-10.445,-9.47,-6.8,-7.03,-2.5,2.645,2.02
10,30,2013,3,13.535,12.86,15.265,14.32,18.64,18.91,18.365,14.295,7.57,10.13,9.795,9.62,5.405,-2.235,3.44,3.865,5.765,4.33,-0.69,3.58,7.475,7.27,5.875,-4.14,-9.065,-10.445,-9.47,-6.8,-7.03,-2.5,2.645
10,31,2013,4,5.16,13.535,12.86,15.265,14.32,18.64,18.91,18.365,14.295,7.57,10.13,9.795,9.62,5.405,-2.235,3.44,3.865,5.765,4.33,-0.69,3.58,7.475,7.27,5.875,-4.14,-9.065,-10.445,-9.47,-6.8,-7.03,-2.5
11,1,2013,5,1.915,5.16,13.535,12.86,15.265,14.32,18.64,18.91,18.365,14.295,7.57,10.13,9.795,9.62,5.405,-2.235,3.44,3.865,5.765,4.33,-0.69,3.58,7.475,7.27,5.875,-4.14,-9.065,-10.445,-9.47,-6.8,-7.03
11,2,2013,6,5.0,1.915,5.16,13.535,12.86,15.265,14.32,18.64,18.91,18.365,14.295,7.57,10.13,9.795,9.62,5.405,-2.235,3.44,3.865,5.765,4.33,-0.69,3.58,7.475,7.27,5.875,-4.14,-9.065,-10.445,-9.47,-6.8
11,3,2013,7,20.165,5.0,1.915,5.16,13.535,12.86,15.265,14.32,18.64,18.91,18.365,14.295,7.57,10.13,9.795,9.62,5.405,-2.235,3.44,3.865,5.765,4.33,-0.69,3.58,7.475,7.27,5.875,-4.14,-9.065,-10.445,-9.47
11,4,2013,1,25.33,20.165,5.0,1.915,5.16,13.535,12.86,15.265,14.32,18.64,18.91,18.365,14.295,7.57,10.13,9.795,9.62,5.405,-2.235,3.44,3.865,5.765,4.33,-0.69,3.58,7.475,7.27,5.875,-4.14,-9.065,-10.445
11,5,2013,2,16.635,25.33,20.165,5.0,1.915,5.16,13.535,12.86,15.265,14.32,18.64,18.91,18.365,14.295,7.57,10.13,9.795,9.62,5.405,-2.235,3.44,3.865,5.765,4.33,-0.69,3.58,7.475,7.27,5.875,-4.14,-9.065
11,6,2013,3,9.3,16.635,25.33,20.165,5.0,1.915,5.16,13.535,12.86,15.265,14.32,18.64,18.91,18.365,14.295,7.57,10.13,9.795,9.62,5.405,-2.235,3.44,3.865,5.765,4.33,-0.69,3.58,7.475,7.27,5.875,-4.14
11,7,2013,4,10.9,9.3,16.635,25.33,20.165,5.0,1.915,5.16,13.535,12.86,15.265,14.32,18.64,18.91,18.365,14.295,7.57,10.13,9.795,9.62,5.405,-2.235,3.44,3.865,5.765,4.33,-0.69,3.58,7.475,7.27,5.875
11,8,2013,5,21.61,10.9,9.3,16.635,25.33,20.165,5.0,1.915,5.16,13.535,12.86,15.265,14.32,18.64,18.91,18.365,14.295,7.57,10.13,9.795,9.62,5.405,-2.235,3.44,3.865,5.765,4.33,-0.69,3.58,7.475,7.27
11,9,2013,6,21.77,21.61,10.9,9.3,16.635,25.33,20.165,5.0,1.915,5.16,13.535,12.86,15.265,14.32,18.64,18.91,18.365,14.295,7.57,10.13,9.795,9.62,5.405,-2.235,3.44,3.865,5.765,4.33,-0.69,3.58,7.475
11,10,2013,7,14.405,21.77,21.61,10.9,9.3,16.635,25.33,20.165,5.0,1.915,5.16,13.535,12.86,15.265,14.32,18.64,18.91,18.365,14.295,7.57,10.13,9.795,9.62,5.405,-2.235,3.44,3.865,5.765,4.33,-0.69,3.58
11,11,2013,1,17.405,14.405,21.77,21.61,10.9,9.3,16.635,25.33,20.165,5.0,1.915,5.16,13.535,12.86,15.265,14.32,18.64,18.91,18.365,14.295,7.57,10.13,9.795,9.62,5.405,-2.235,3.44,3.865,5.765,4.33,-0.69
11,12,2013,2,24.205,17.405,14.405,21.77,21.61,10.9,9.3,16.635,25.33,20.165,5.0,1.915,5.16,13.535,12.86,15.265,14.32,18.64,18.91,18.365,14.295,7.57,10.13,9.795,9.62,5.405,-2.235,3.44,3.865,5.765,4.33
11,13,2013,3,30.24,24.205,17.405,14.405,21.77,21.61,10.9,9.3,16.635,25.33,20.165,5.0,1.915,5.16,13.535,12.86,15.265,14.32,18.64,18.91,18.365,14.295,7.57,10.13,9.795,9.62,5.405,-2.235,3.44,3.865,5.765
11,14,2013,4,20.735,30.24,24.205,17.405,14.405,21.77,21.61,10.9,9.3,16.635,25.33,20.165,5.0,1.915,5.16,13.535,12.86,15.265,14.32,18.64,18.91,18.365,14.295,7.57,10.13,9.795,9.62,5.405,-2.235,3.44,3.865
11,15,2013,5,18.965,20.735,30.24,24.205,17.405,14.405,21.77,21.61,10.9,9.3,16.635,25.33,20.165,5.0,1.915,5.16,13.535,12.86,15.265,14.32,18.64,18.91,18.365,14.295,7.57,10.13,9.795,9.62,5.405,-2.235,3.44
11,16,2013,6,14.47,18.965,20.735,30.24,24.205,17.405,14.405,21.77,21.61,10.9,9.3,16.635,25.33,20.165,5.0,1.915,5.16,13.535,12.86,15.265,14.32,18.64,18.91,18.365,14.295,7.57,10.13,9.795,9.62,5.405,-2.235
11,17,2013,7,5.505,14.47,18.965,20.735,30.24,24.205,17.405,14.405,21.77,21.61,10.9,9.3,16.635,25.33,20.165,5.0,1.915,5.16,13.535,12.86,15.265,14.32,18.64,18.91,18.365,14.295,7.57,10.13,9.795,9.62,5.405
11,18,2013,1,4.8,5.505,14.47,18.965,20.735,30.24,24.205,17.405,14.405,21.77,21.61,10.9,9.3,16.635,25.33,20.165,5.0,1.915,5.16,13.535,12.86,15.265,14.32,18.64,18.91,18.365,14.295,7.57,10.13,9.795,9.62
11,19,2013,2,21.33,4.8,5.505,14.47,18.965,20.735,30.24,24.205,17.405,14.405,21.77,21.61,10.9,9.3,16.635,25.33,20.165,5.0,1.915,5.16,13.535,12.86,15.265,14.32,18.64,18.91,18.365,14.295,7.57,10.13,9.795
11,20,2013,3,26.025,21.33,4.8,5.505,14.47,18.965,20.735,30.24,24.205,17.405,14.405,21.77,21.61,10.9,9.3,16.635,25.33,20.165,5.0,1.915,5.16,13.535,12.86,15.265,14.32,18.64,18.91,18.365,14.295,7.57,10.13
11,21,2013,4,21.695,26.025,21.33,4.8,5.505,14.47,18.965,20.735,30.24,24.205,17.405,14.405,21.77,21.61,10.9,9.3,16.635,25.33,20.165,5.0,1.915,5.16,13.535,12.86,15.265,14.32,18.64,18.91,18.365,14.295,7.57
11,22,2013,5,11.735,21.695,26.025,21.33,4.8,5.505,14.47,18.965,20.735,30.24,24.205,17.405,14.405,21.77,21.61,10.9,9.3,16.635,25.33,20.165,5.0,1.915,5.16,13.535,12.86,15.265,14.32,18.64,18.91,18.365,14.295
11,23,2013,6,21.185,11.735,21.695,26.025,21.33,4.8,5.505,14.47,18.965,20.735,30.24,24.205,17.405,14.405,21.77,21.61,10.9,9.3,16.635,25.33,20.165,5.0,1.915,5.16,13.535,12.86,15.265,14.32,18.64,18.91,18.365
11,24,2013,7,36.86,21.185,11.735,21.695,26.025,21.33,4.8,5.505,14.47,18.965,20.735,30.24,24.205,17.405,14.405,21.77,21.61,10.9,9.3,16.635,25.33,20.165,5.0,1.915,5.16,13.535,12.86,15.265,14.32,18.64,18.91
11,25,2013,1,36.765,36.86,21.185,11.735,21.695,26.025,21.33,4.8,5.505,14.47,18.965,20.735,30.24,24.205,17.405,14.405,21.77,21.61,10.9,9.3,16.635,25.33,20.165,5.0,1.915,5.16,13.535,12.86,15.265,14.32,18.64
11,26,2013,2,23.055,36.765,36.86,21.185,11.735,21.695,26.025,21.33,4.8,5.505,14.47,18.965,20.735,30.24,24.205,17.405,14.405,21.77,21.61,10.9,9.3,16.635,25.33,20.165,5.0,1.915,5.16,13.535,12.86,15.265,14.32
11,27,2013,3,16.705,23.055,36.765,36.86,21.185,11.735,21.695,26.025,21.33,4.8,5.505,14.47,18.965,20.735,30.24,24.205,17.405,14.405,21.77,21.61,10.9,9.3,16.635,25.33,20.165,5.0,1.915,5.16,13.535,12.86,15.265
11,28,2013,4,31.565,16.705,23.055,36.765,36.86,21.185,11.735,21.695,26.025,21.33,4.8,5.505,14.47,18.965,20.735,30.24,24.205,17.405,14.405,21.77,21.61,10.9,9.3,16.635,25.33,20.165,5.0,1.915,5.16,13.535,12.86
11,29,2013,5,30.465,31.565,16.705,23.055,36.765,36.86,21.185,11.735,21.695,26.025,21.33,4.8,5.505,14.47,18.965,20.735,30.24,24.205,17.405,14.405,21.77,21.61,10.9,9.3,16.635,25.33,20.165,5.0,1.915,5.16,13.535
11,30,2013,6,31.785,30.465,31.565,16.705,23.055,36.765,36.86,21.185,11.735,21.695,26.025,21.33,4.8,5.505,14.47,18.965,20.735,30.24,24.205,17.405,14.405,21.77,21.61,10.9,9.3,16.635,25.33,20.165,5.0,1.915,5.16
12,1,2013,7,24.46,31.785,30.465,31.565,16.705,23.055,36.765,36.86,21.185,11.735,21.695,26.025,21.33,4.8,5.505,14.47,18.965,20.735,30.24,24.205,17.405,14.405,21.77,21.61,10.9,9.3,16.635,25.33,20.165,5.0,1.915
12,2,2013,1,20.435,24.46,31.785,30.465,31.565,16.705,23.055,36.765,36.86,21.185,11.735,21.695,26.025,21.33,4.8,5.505,14.47,18.965,20.735,30.24,24.205,17.405,14.405,21.77,21.61,10.9,9.3,16.635,25.33,20.165,5.0
12,3,2013,2,19.065,20.435,24.46,31.785,30.465,31.565,16.705,23.055,36.765,36.86,21.185,11.735,21.695,26.025,21.33,4.8,5.505,14.47,18.965,20.735,30.24,24.205,17.405,14.405,21.77,21.61,10.9,9.3,16.635,25.33,20.165
12,4,2013,3,19.46,19.065,20.435,24.46,31.785,30.465,31.565,16.705,23.055,36.765,36.86,21.185,11.735,21.695,26.025,21.33,4.8,5.505,14.47,18.965,20.735,30.24,24.205,17.405,14.405,21.77,21.61,10.9,9.3,16.635,25.33
12,5,2013,4,10.225,19.46,19.065,20.435,24.46,31.785,30.465,31.565,16.705,23.055,36.765,36.86,21.185,11.735,21.695,26.025,21.33,4.8,5.505,14.47,18.965,20.735,30.24,24.205,17.405,14.405,21.77,21.61,10.9,9.3,16.635
12,6,2013,5,14.81,10.225,19.46,19.065,20.435,24.46,31.785,30.465,31.565,16.705,23.055,36.765,36.86,21.185,11.735,21.695,26.025,21.33,4.8,5.505,14.47,18.965,20.735,30.24,24.205,17.405,14.405,21.77,21.61,10.9,9.3
12,7,2013,6,28.425,14.81,10.225,19.46,19.065,20.435,24.46,31.785,30.465,31.565,16.705,23.055,36.765,36.86,21.185,11.735,21.695,26.025,21.33,4.8,5.505,14.47,18.965,20.735,30.24,24.205,17.405,14.405,21.77,21.61,10.9
12,8,2013,7,34.4,28.425,14.81,10.225,19.46,19.065,20.435,24.46,31.785,30.465,31.565,16.705,23.055,36.765,36.86,21.185,11.735,21.695,26.025,21.33,4.8,5.505,14.47,18.965,20.735,30.24,24.205,17.405,14.405,21.77,21.61
12,9,2013,1,30.565,34.4,28.425,14.81,10.225,19.46,19.065,20.435,24.46,31.785,30.465,31.565,16.705,23.055,36.765,36.86,21.185,11.735,21.695,26.025,21.33,4.8,5.505,14.47,18.965,20.735,30.24,24.205,17.405,14.405,21.77
12,10,2013,2,33.09,30.565,34.4,28.425,14.81,10.225,19.46,19.065,20.435,24.46,31.785,30.465,31.565,16.705,23.055,36.765,36.86,21.185,11.735,21.695,26.025,21.33,4.8,5.505,14.47,18.965,20.735,30.24,24.205,17.405,14.405
12,11,2013,3,36.95,33.09,30.565,34.4,28.425,14.81,10.225,19.46,19.065,20.435,24.46,31.785,30.465,31.565,16.705,23.055,36.765,36.86,21.185,11.735,21.695,26.025,21.33,4.8,5.505,14.47,18.965,20.735,30.24,24.205,17.405
12,12,2013,4,39.395,36.95,33.09,30.565,34.4,28.425,14.81,10.225,19.46,19.065,20.435,24.46,31.785,30.465,31.565,16.705,23.055,36.765,36.86,21.185,11.735,21.695,26.025,21.33,4.8,5.505,14.47,18.965,20.735,30.24,24.205
12,13,2013,5,34.57,39.395,36.95,33.09,30.565,34.4,28.425,14.81,10.225,19.46,19.065,20.435,24.46,31.785,30.465,31.565,16.705,23.055,36.765,36.86,21.185,11.735,21.695,26.025,21.33,4.8,5.505,14.47,18.965,20.735,30.24
12,14,2013,6,33.65,34.57,39.395,36.95,33.09,30.565,34.4,28.425,14.81,10.225,19.46,19.065,20.435,24.46,31.785,30.465,31.565,16.705,23.055,36.765,36.86,21.185,11.735,21.695,26.025,21.33,4.8,5.505,14.47,18.965,20.735
12,15,2013,7,29.155,33.65,34.57,39.395,36.95,33.09,30.565,34.4,28.425,14.81,10.225,19.46,19.065,20.435,24.46,31.785,30.465,31.565,16.705,23.055,36.765,36.86,21.185,11.735,21.695,26.025,21.33,4.8,5.505,14.47,18.965
12,16,2013,1,35.48,29.155,33.65,34.57,39.395,36.95,33.09,30.565,34.4,28.425,14.81,10.225,19.46,19.065,20.435,24.46,31.785,30.465,31.565,16.705,23.055,36.765,36.86,21.185,11.735,21.695,26.025,21.33,4.8,5.505,14.47
12,17,2013,2,35.23,35.48,29.155,33.65,34.57,39.395,36.95,33.09,30.565,34.4,28.425,14.81,10.225,19.46,19.065,20.435,24.46,31.785,30.465,31.565,16.705,23.055,36.765,36.86,21.185,11.735,21.695,26.025,21.33,4.8,5.505
12,18,2013,3,34.18,35.23,35.48,29.155,33.65,34.57,39.395,36.95,33.09,30.565,34.4,28.425,14.81,10.225,19.46,19.065,20.435,24.46,31.785,30.465,31.565,16.705,23.055,36.765,36.86,21.185,11.735,21.695,26.025,21.33,4.8
12,19,2013,4,28.36,34.18,35.23,35.48,29.155,33.65,34.57,39.395,36.95,33.09,30.565,34.4,28.425,14.81,10.225,19.46,19.065,20.435,24.46,31.785,30.465,31.565,16.705,23.055,36.765,36.86,21.185,11.735,21.695,26.025,21.33
12,20,2013,5,20.7,28.36,34.18,35.23,35.48,29.155,33.65,34.57,39.395,36.95,33.09,30.565,34.4,28.425,14.81,10.225,19.46,19.065,20.435,24.46,31.785,30.465,31.565,16.705,23.055,36.765,36.86,21.185,11.735,21.695,26.025
12,21,2013,6,7.865,20.7,28.36,34.18,35.23,35.48,29.155,33.65,34.57,39.395,36.95,33.09,30.565,34.4,28.425,14.81,10.225,19.46,19.065,20.435,24.46,31.785,30.465,31.565,16.705,23.055,36.765,36.86,21.185,11.735,21.695
12,22,2013,7,1.07,7.865,20.7,28.36,34.18,35.23,35.48,29.155,33.65,34.57,39.395,36.95,33.09,30.565,34.4,28.425,14.81,10.225,19.46,19.065,20.435,24.46,31.785,30.465,31.565,16.705,23.055,36.765,36.86,21.185,11.735
12,23,2013,1,12.29,1.07,7.865,20.7,28.36,34.18,35.23,35.48,29.155,33.65,34.57,39.395,36.95,33.09,30.565,34.4,28.425,14.81,10.225,19.46,19.065,20.435,24.46,31.785,30.465,31.565,16.705,23.055,36.765,36.86,21.185
12,24,2013,2,29.81,12.29,1.07,7.865,20.7,28.36,34.18,35.23,35.48,29.155,33.65,34.57,39.395,36.95,33.09,30.565,34.4,28.425,14.81,10.225,19.46,19.065,20.435,24.46,31.785,30.465,31.565,16.705,23.055,36.765,36.86
12,25,2013,3,38.335,29.81,12.29,1.07,7.865,20.7,28.36,34.18,35.23,35.48,29.155,33.65,34.57,39.395,36.95,33.09,30.565,34.4,28.425,14.81,10.225,19.46,19.065,20.435,24.46,31.785,30.465,31.565,16.705,23.055,36.765
12,26,2013,4,32.175,38.335,29.81,12.29,1.07,7.865,20.7,28.36,34.18,35.23,35.48,29.155,33.65,34.57,39.395,36.95,33.09,30.565,34.4,28.425,14.81,10.225,19.46,19.065,20.435,24.46,31.785,30.465,31.565,16.705,23.055
12,27,2013,5,27.76,32.175,38.335,29.81,12.29,1.07,7.865,20.7,28.36,34.18,35.23,35.48,29.155,33.65,34.57,39.395,36.95,33.09,30.565,34.4,28.425,14.81,10.225,19.46,19.065,20.435,24.46,31.785,30.465,31.565,16.705
12,28,2013,6,22.53,27.76,32.175,38.335,29.81,12.29,1.07,7.865,20.7,28.36,34.18,35.23,35.48,29.155,33.65,34.57,39.395,36.95,33.09,30.565,34.4,28.425,14.81,10.225,19.46,19.065,20.435,24.46,31.785,30.465,31.565
12,29,2013,7,20.915,22.53,27.76,32.175,38.335,29.81,12.29,1.07,7.865,20.7,28.36,34.18,35.23,35.48,29.155,33.65,34.57,39.395,36.95,33.09,30.565,34.4,28.425,14.81,10.225,19.46,19.065,20.435,24.46,31.785,30.465
12,30,2013,1,28.155,20.915,22.53,27.76,32.175,38.335,29.81,12.29,1.07,7.865,20.7,28.36,34.18,35.23,35.48,29.155,33.65,34.57,39.395,36.95,33.09,30.565,34.4,28.425,14.81,10.225,19.46,19.065,20.435,24.46,31.785
12,31,2013,2,33.79,28.155,20.915,22.53,27.76,32.175,38.335,29.81,12.29,1.07,7.865,20.7,28.36,34.18,35.23,35.48,29.155,33.65,34.57,39.395,36.95,33.09,30.565,34.4,28.425,14.81,10.225,19.46,19.065,20.435,24.46
1,1,2014,3,32.08,33.79,28.155,20.915,22.53,27.76,32.175,38.335,29.81,12.29,1.07,7.865,20.7,28.36,34.18,35.23,35.48,29.155,33.65,34.57,39.395,36.95,33.09,30.565,34.4,28.425,14.81,10.225,19.46,19.065,20.435
1,2,2014,4,36.57,32.08,33.79,28.155,20.915,22.53,27.76,32.175,38.335,29.81,12.29,1.07,7.865,20.7,28.36,34.18,35.23,35.48,29.155,33.65,34.57,39.395,36.95,33.09,30.565,34.4,28.425,14.81,10.225,19.46,19.065
1,3,2014,5,49.34,36.57,32.08,33.79,28.155,20.915,22.53,27.76,32.175,38.335,29.81,12.29,1.07,7.865,20.7,28.36,34.18,35.23,35.48,29.155,33.65,34.57,39.395,36.95,33.09,30.565,34.4,28.425,14.81,10.225,19.46
1,4,2014,6,46.19,49.34,36.57,32.08,33.79,28.155,20.915,22.53,27.76,32.175,38.335,29.81,12.29,1.07,7.865,20.7,28.36,34.18,35.23,35.48,29.155,33.65,34.57,39.395,36.95,33.09,30.565,34.4,28.425,14.81,10.225
1,5,2014,7,35.18,46.19,49.34,36.57,32.08,33.79,28.155,20.915,22.53,27.76,32.175,38.335,29.81,12.29,1.07,7.865,20.7,28.36,34.18,35.23,35.48,29.155,33.65,34.57,39.395,36.95,33.09,30.565,34.4,28.425,14.81
1,6,2014,1,26.73,35.18,46.19,49.34,36.57,32.08,33.79,28.155,20.915,22.53,27.76,32.175,38.335,29.81,12.29,1.07,7.865,20.7,28.36,34.18,35.23,35.48,29.155,33.65,34.57,39.395,36.95,33.09,30.565,34.4,28.425
1,7,2014,2,56.485,26.73,35.18,46.19,49.34,36.57,32.08,33.79,28.155,20.915,22.53,27.76,32.175,38.335,29.81,12.29,1.07,7.865,20.7,28.36,34.18,35.23,35.48,29.155,33.65,34.57,39.395,36.95,33.09,30.565,34.4
1,8,2014,3,47.425,56.485,26.73,35.18,46.19,49.34,36.57,32.08,33.79,28.155,20.915,22.53,27.76,32.175,38.335,29.81,12.29,1.07,7.865,20.7,28.36,34.18,35.23,35.48,29.155,33.65,34.57,39.395,36.95,33.09,30.565
1,9,2014,4,34.77,47.425,56.485,26.73,35.18,46.19,49.34,36.57,32.08,33.79,28.155,20.915,22.53,27.76,32.175,38.335,29.81,12.29,1.07,7.865,20.7,28.36,34.18,35.23,35.48,29.155,33.65,34.57,39.395,36.95,33.09
1,10,2014,5,32.71,34.77,47.425,56.485,26.73,35.18,46.19,49.34,36.57,32.08,33.79,28.155,20.915,22.53,27.76,32.175,38.335,29.81,12.29,1.07,7.865,20.7,28.36,34.18,35.23,35.48,29.155,33.65,34.57,39.395,36.95
1,11,2014,6,15.87,32.71,34.77,47.425,56.485,26.73,35.18,46.19,49.34,36.57,32.08,33.79,28.155,20.915,22.53,27.76,32.175,38.335,29.81,12.29,1.07,7.865,20.7,28.36,34.18,35.23,35.48,29.155,33.65,34.57,39.395
1,12,2014,7,21.66,15.87,32.71,34.77,47.425,56.485,26.73,35.18,46.19,49.34,36.57,32.08,33.79,28.155,20.915,22.53,27.76,32.175,38.335,29.81,12.29,1.07,7.865,20.7,28.36,34.18,35.23,35.48,29.155,33.65,34.57
1,13,2014,1,21.955,21.66,15.87,32.71,34.77,47.425,56.485,26.73,35.18,46.19,49.34,36.57,32.08,33.79,28.155,20.915,22.53,27.76,32.175,38.335,29.81,12.29,1.07,7.865,20.7,28.36,34.18,35.23,35.48,29.155,33.65
1,14,2014,2,19.045,21.955,21.66,15.87,32.71,34.77,47.425,56.485,26.73,35.18,46.19,49.34,36.57,32.08,33.79,28.155,20.915,22.53,27.76,32.175,38.335,29.81,12.29,1.07,7.865,20.7,28.36,34.18,35.23,35.48,29.155
1,15,2014,3,22.27,19.045,21.955,21.66,15.87,32.71,34.77,47.425,56.485,26.73,35.18,46.19,49.34,36.57,32.08,33.79,28.155,20.915,22.53,27.76,32.175,38.335,29.81,12.29,1.07,7.865,20.7,28.36,34.18,35.23,35.48
1,16,2014,4,29.78,22.27,19.045,21.955,21.66,15.87,32.71,34.77,47.425,56.485,26.73,35.18,46.19,49.34,36.57,32.08,33.79,28.155,20.915,22.53,27.76,32.175,38.335,29.81,12.29,1.07,7.865,20.7,28.36,34.18,35.23
1,17,2014,5,29.495,29.78,22.27,19.045,21.955,21.66,15.87,32.71,34.77,47.425,56.485,26.73,35.18,46.19,49.34,36.57,32.08,33.79,28.155,20.915,22.53,27.76,32.175,38.335,29.81,12.29,1.07,7.865,20.7,28.36,34.18
1,18,2014,6,34.215,29.495,29.78,22.27,19.045,21.955,21.66,15.87,32.71,34.77,47.425,56.485,26.73,35.18,46.19,49.34,36.57,32.08,33.79,28.155,20.915,22.53,27.76,32.175,38.335,29.81,12.29,1.07,7.865,20.7,28.36
1,19,2014,7,33.65,34.215,29.495,29.78,22.27,19.045,21.955,21.66,15.87,32.71,34.77,47.425,56.485,26.73,35.18,46.19,49.34,36.57,32.08,33.79,28.155,20.915,22.53,27.76,32.175,38.335,29.81,12.29,1.07,7.865,20.7
1,20,2014,1,22.46,33.65,34.215,29.495,29.78,22.27,19.045,21.955,21.66,15.87,32.71,34.77,47.425,56.485,26.73,35.18,46.19,49.34,36.57,32.08,33.79,28.155,20.915,22.53,27.76,32.175,38.335,29.81,12.29,1.07,7.865
1,21,2014,2,38.625,22.46,33.65,34.215,29.495,29.78,22.27,19.045,21.955,21.66,15.87,32.71,34.77,47.425,56.485,26.73,35.18,46.19,49.34,36.57,32.08,33.79,28.155,20.915,22.53,27.76,32.175,38.335,29.81,12.29,1.07
1,22,2014,3,54.115,38.625,22.46,33.65,34.215,29.495,29.78,22.27,19.045,21.955,21.66,15.87,32.71,34.77,47.425,56.485,26.73,35.18,46.19,49.34,36.57,32.08,33.79,28.155,20.915,22.53,27.76,32.175,38.335,29.81,12.29
1,23,2014,4,49.115,54.115,38.625,22.46,33.65,34.215,29.495,29.78,22.27,19.045,21.955,21.66,15.87,32.71,34.77,47.425,56.485,26.73,35.18,46.19,49.34,36.57,32.08,33.79,28.155,20.915,22.53,27.76,32.175,38.335,29.81
1,24,2014,5,49.87,49.115,54.115,38.625,22.46,33.65,34.215,29.495,29.78,22.27,19.045,21.955,21.66,15.87,32.71,34.77,47.425,56.485,26.73,35.18,46.19,49.34,36.57,32.08,33.79,28.155,20.915,22.53,27.76,32.175,38.335
1,25,2014,6,43.04,49.87,49.115,54.115,38.625,22.46,33.65,34.215,29.495,29.78,22.27,19.045,21.955,21.66,15.87,32.71,34.77,47.425,56.485,26.73,35.18,46.19,49.34,36.57,32.08,33.79,28.155,20.915,22.53,27.76,32.175
1,26,2014,7,42.25,43.04,49.87,49.115,54.115,38.625,22.46,33.65,34.215,29.495,29.78,22.27,19.045,21.955,21.66,15.87,32.71,34.77,47.425,56.485,26.73,35.18,46.19,49.34,36.57,32.08,33.79,28.155,20.915,22.53,27.76
1,27,2014,1,31.49,42.25,43.04,49.87,49.115,54.115,38.625,22.46,33.65,34.215,29.495,29.78,22.27,19.045,21.955,21.66,15.87,32.71,34.77,47.425,56.485,26.73,35.18,46.19,49.34,36.57,32.08,33.79,28.155,20.915,22.53
1,28,2014,2,48.325,31.49,42.25,43.04,49.87,49.115,54.115,38.625,22.46,33.65,34.215,29.495,29.78,22.27,19.045,21.955,21.66,15.87,32.71,34.77,47.425,56.485,26.73,35.18,46.19,49.34,36.57,32.08,33.79,28.155,20.915
1,29,2014,3,48.375,48.325,31.49,42.25,43.04,49.87,49.115,54.115,38.625,22.46,33.65,34.215,29.495,29.78,22.27,19.045,21.955,21.66,15.87,32.71,34.77,47.425,56.485,26.73,35.18,46.19,49.34,36.57,32.08,33.79,28.155
1,30,2014,4,44.56,48.375,48.325,31.49,42.25,43.04,49.87,49.115,54.115,38.625,22.46,33.65,34.215,29.495,29.78,22.27,19.045,21.955,21.66,15.87,32.71,34.77,47.425,56.485,26.73,35.18,46.19,49.34,36.57,32.08,33.79
1,31,2014,5,32.63,44.56,48.375,48.325,31.49,42.25,43.04,49.87,49.115,54.115,38.625,22.46,33.65,34.215,29.495,29.78,22.27,19.045,21.955,21.66,15.87,32.71,34.77,47.425,56.485,26.73,35.18,46.19,49.34,36.57,32.08
2,1,2014,6,25.165,32.63,44.56,48.375,48.325,31.49,42.25,43.04,49.87,49.115,54.115,38.625,22.46,33.65,34.215,29.495,29.78,22.27,19.045,21.955,21.66,15.87,32.71,34.77,47.425,56.485,26.73,35.18,46.19,49.34,36.57
2,2,2014,7,23.51,25.165,32.63,44.56,48.375,48.325,31.49,42.25,43.04,49.87,49.115,54.115,38.625,22.46,33.65,34.215,29.495,29.78,22.27,19.045,21.955,21.66,15.87,32.71,34.77,47.425,56.485,26.73,35.18,46.19,49.34
2,3,2014,1,27.915,23.51,25.165,32.63,44.56,48.375,48.325,31.49,42.25,43.04,49.87,49.115,54.115,38.625,22.46,33.65,34.215,29.495,29.78,22.27,19.045,21.955,21.66,15.87,32.71,34.77,47.425,56.485,26.73,35.18,46.19
2,4,2014,2,36.67,27.915,23.51,25.165,32.63,44.56,48.375,48.325,31.49,42.25,43.04,49.87,49.115,54.115,38.625,22.46,33.65,34.215,29.495,29.78,22.27,19.045,21.955,21.66,15.87,32.71,34.77,47.425,56.485,26.73,35.18
2,5,2014,3,30.895,36.67,27.915,23.51,25.165,32.63,44.56,48.375,48.325,31.49,42.25,43.04,49.87,49.115,54.115,38.625,22.46,33.65,34.215,29.495,29.78,22.27,19.045,21.955,21.66,15.87,32.71,34.77,47.425,56.485,26.73
2,6,2014,4,37.0,30.895,36.67,27.915,23.51,25.165,32.63,44.56,48.375,48.325,31.49,42.25,43.04,49.87,49.115,54.115,38.625,22.46,33.65,34.215,29.495,29.78,22.27,19.045,21.955,21.66,15.87,32.71,34.77,47.425,56.485
2,7,2014,5,35.7,37.0,30.895,36.67,27.915,23.51,25.165,32.63,44.56,48.375,48.325,31.49,42.25,43.04,49.87,49.115,54.115,38.625,22.46,33.65,34.215,29.495,29.78,22.27,19.045,21.955,21.66,15.87,32.71,34.77,47.425
2,8,2014,6,38.76,35.7,37.0,30.895,36.67,27.915,23.51,25.165,32.63,44.56,48.375,48.325,31.49,42.25,43.04,49.87,49.115,54.115,38.625,22.46,33.65,34.215,29.495,29.78,22.27,19.045,21.955,21.66,15.87,32.71,34.77
2,9,2014,7,38.135,38.76,35.7,37.0,30.895,36.67,27.915,23.51,25.165,32.63,44.56,48.375,48.325,31.49,42.25,43.04,49.87,49.115,54.115,38.625,22.46,33.65,34.215,29.495,29.78,22.27,19.045,21.955,21.66,15.87,32.71
2,10,2014,1,39.485,38.135,38.76,35.7,37.0,30.895,36.67,27.915,23.51,25.165,32.63,44.56,48.375,48.325,31.49,42.25,43.04,49.87,49.115,54.115,38.625,22.46,33.65,34.215,29.495,29.78,22.27,19.045,21.955,21.66,15.87
2,11,2014,2,43.85,39.485,38.135,38.76,35.7,37.0,30.895,36.67,27.915,23.51,25.165,32.63,44.56,48.375,48.325,31.49,42.25,43.04,49.87,49.115,54.115,38.625,22.46,33.65,34.215,29.495,29.78,22.27,19.045,21.955,21.66
2,12,2014,3,45.915,43.85,39.485,38.135,38.76,35.7,37.0,30.895,36.67,27.915,23.51,25.165,32.63,44.56,48.375,48.325,31.49,42.25,43.04,49.87,49.115,54.115,38.625,22.46,33.65,34.215,29.495,29.78,22.27,19.045,21.955
2,13,2014,4,35.19,45.915,43.85,39.485,38.135,38.76,35.7,37.0,30.895,36.67,27.915,23.51,25.165,32.63,44.56,48.375,48.325,31.49,42.25,43.04,49.87,49.115,54.115,38.625,22.46,33.65,34.215,29.495,29.78,22.27,19.045
2,14,2014,5,27.43,35.19,45.915,43.85,39.485,38.135,38.76,35.7,37.0,30.895,36.67,27.915,23.51,25.165,32.63,44.56,48.375,48.325,31.49,42.25,43.04,49.87,49.115,54.115,38.625,22.46,33.65,34.215,29.495,29.78,22.27
2,15,2014,6,31.3,27.43,35.19,45.915,43.85,39.485,38.135,38.76,35.7,37.0,30.895,36.67,27.915,23.51,25.165,32.63,44.56,48.375,48.325,31.49,42.25,43.04,49.87,49.115,54.115,38.625,22.46,33.65,34.215,29.495,29.78
2,16,2014,7,39.965,31.3,27.43,35.19,45.915,43.85,39.485,38.135,38.76,35.7,37.0,30.895,36.67,27.915,23.51,25.165,32.63,44.56,48.375,48.325,31.49,42.25,43.04,49.87,49.115,54.115,38.625,22.46,33.65,34.215,29.495
2,17,2014,1,38.165,39.965,31.3,27.43,35.19,45.915,43.85,39.485,38.135,38.76,35.7,37.0,30.895,36.67,27.915,23.51,25.165,32.63,44.56,48.375,48.325,31.49,42.25,43.04,49.87,49.115,54.115,38.625,22.46,33.65,34.215
2,18,2014,2,30.295,38.165,39.965,31.3,27.43,35.19,45.915,43.85,39.485,38.135,38.76,35.7,37.0,30.895,36.67,27.915,23.51,25.165,32.63,44.56,48.375,48.325,31.49,42.25,43.04,49.87,49.115,54.115,38.625,22.46,33.65
2,19,2014,3,27.19,30.295,38.165,39.965,31.3,27.43,35.19,45.915,43.85,39.485,38.135,38.76,35.7,37.0,30.895,36.67,27.915,23.51,25.165,32.63,44.56,48.375,48.325,31.49,42.25,43.04,49.87,49.115,54.115,38.625,22.46
2,20,2014,4,23.44,27.19,30.295,38.165,39.965,31.3,27.43,35.19,45.915,43.85,39.485,38.135,38.76,35.7,37.0,30.895,36.67,27.915,23.51,25.165,32.63,44.56,48.375,48.325,31.49,42.25,43.04,49.87,49.115,54.115,38.625
2,21,2014,5,18.325,23.44,27.19,30.295,38.165,39.965,31.3,27.43,35.19,45.915,43.85,39.485,38.135,38.76,35.7,37.0,30.895,36.67,27.915,23.51,25.165,32.63,44.56,48.375,48.325,31.49,42.25,43.04,49.87,49.115,54.115
2,22,2014,6,19.955,18.325,23.44,27.19,30.295,38.165,39.965,31.3,27.43,35.19,45.915,43.85,39.485,38.135,38.76,35.7,37.0,30.895,36.67,27.915,23.51,25.165,32.63,44.56,48.375,48.325,31.49,42.25,43.04,49.87,49.115
2,23,2014,7,18.125,19.955,18.325,23.44,27.19,30.295,38.165,39.965,31.3,27.43,35.19,45.915,43.85,39.485,38.135,38.76,35.7,37.0,30.895,36.67,27.915,23.51,25.165,32.63,44.56,48.375,48.325,31.49,42.25,43.04,49.87
2,24,2014,1,29.765,18.125,19.955,18.325,23.44,27.19,30.295,38.165,39.965,31.3,27.43,35.19,45.915,43.85,39.485,38.135,38.76,35.7,37.0,30.895,36.67,27.915,23.51,25.165,32.63,44.56,48.375,48.325,31.49,42.25,43.04
2,25,2014,2,34.745,29.765,18.125,19.955,18.325,23.44,27.19,30.295,38.165,39.965,31.3,27.43,35.19,45.915,43.85,39.485,38.135,38.76,35.7,37.0,30.895,36.67,27.915,23.51,25.165,32.63,44.56,48.375,48.325,31.49,42.25
2,26,2014,3,38.005,34.745,29.765,18.125,19.955,18.325,23.44,27.19,30.295,38.165,39.965,31.3,27.43,35.19,45.915,43.85,39.485,38.135,38.76,35.7,37.0,30.895,36.67,27.915,23.51,25.165,32.63,44.56,48.375,48.325,31.49
2,27,2014,4,40.05,38.005,34.745,29.765,18.125,19.955,18.325,23.44,27.19,30.295,38.165,39.965,31.3,27.43,35.19,45.915,43.85,39.485,38.135,38.76,35.7,37.0,30.895,36.67,27.915,23.51,25.165,32.63,44.56,48.375,48.325
2,28,2014,5,47.02,40.05,38.005,34.745,29.765,18.125,19.955,18.325,23.44,27.19,30.295,38.165,39.965,31.3,27.43,35.19,45.915,43.85,39.485,38.135,38.76,35.7,37.0,30.895,36.67,27.915,23.51,25.165,32.63,44.56,48.375
3,1,2014,6,37.02,47.02,40.05,38.005,34.745,29.765,18.125,19.955,18.325,23.44,27.19,30.295,38.165,39.965,31.3,27.43,35.19,45.915,43.85,39.485,38.135,38.76,35.7,37.0,30.895,36.67,27.915,23.51,25.165,32.63,44.56
3,2,2014,7,28.19,37.02,47.02,40.05,38.005,34.745,29.765,18.125,19.955,18.325,23.44,27.19,30.295,38.165,39.965,31.3,27.43,35.19,45.915,43.85,39.485,38.135,38.76,35.7,37.0,30.895,36.67,27.915,23.51,25.165,32.63
3,3,2014,1,38.885,28.19,37.02,47.02,40.05,38.005,34.745,29.765,18.125,19.955,18.325,23.44,27.19,30.295,38.165,39.965,31.3,27.43,35.19,45.915,43.85,39.485,38.135,38.76,35.7,37.0,30.895,36.67,27.915,23.51,25.165
3,4,2014,2,43.12,38.885,28.19,37.02,47.02,40.05,38.005,34.745,29.765,18.125,19.955,18.325,23.44,27.19,30.295,38.165,39.965,31.3,27.43,35.19,45.915,43.85,39.485,38.135,38.76,35.7,37.0,30.895,36.67,27.915,23.51
3,5,2014,3,32.98,43.12,38.885,28.19,37.02,47.02,40.05,38.005,34.745,29.765,18.125,19.955,18.325,23.44,27.19,30.295,38.165,39.965,31.3,27.43,35.19,45.915,43.85,39.485,38.135,38.76,35.7,37.0,30.895,36.67,27.915
3,6,2014,4,37.785,32.98,43.12,38.885,28.19,37.02,47.02,40.05,38.005,34.745,29.765,18.125,19.955,18.325,23.44,27.19,30.295,38.165,39.965,31.3,27.43,35.19,45.915,43.85,39.485,38.135,38.76,35.7,37.0,30.895,36.67
3,7,2014,5,31.515,37.785,32.98,43.12,38.885,28.19,37.02,47.02,40.05,38.005,34.745,29.765,18.125,19.955,18.325,23.44,27.19,30.295,38.165,39.965,31.3,27.43,35.19,45.915,43.85,39.485,38.135,38.76,35.7,37.0,30.895
3,8,2014,6,19.25,31.515,37.785,32.98,43.12,38.885,28.19,37.02,47.02,40.05,38.005,34.745,29.765,18.125,19.955,18.325,23.44,27.19,30.295,38.165,39.965,31.3,27.43,35.19,45.915,43.85,39.485,38.135,38.76,35.7,37.0
3,9,2014,7,22.195,19.25,31.515,37.785,32.98,43.12,38.885,28.19,37.02,47.02,40.05,38.005,34.745,29.765,18.125,19.955,18.325,23.44,27.19,30.295,38.165,39.965,31.3,27.43,35.19,45.915,43.85,39.485,38.135,38.76,35.7
3,10,2014,1,18.93,22.195,19.25,31.515,37.785,32.98,43.12,38.885,28.19,37.02,47.02,40.05,38.005,34.745,29.765,18.125,19.955,18.325,23.44,27.19,30.295,38.165,39.965,31.3,27.43,35.19,45.915,43.85,39.485,38.135,38.76
3,11,2014,2,11.78,18.93,22.195,19.25,31.515,37.785,32.98,43.12,38.885,28.19,37.02,47.02,40.05,38.005,34.745,29.765,18.125,19.955,18.325,23.44,27.19,30.295,38.165,39.965,31.3,27.43,35.19,45.915,43.85,39.485,38.135
3,12,2014,3,13.58,11.78,18.93,22.195,19.25,31.515,37.785,32.98,43.12,38.885,28.19,37.02,47.02,40.05,38.005,34.745,29.765,18.125,19.955,18.325,23.44,27.19,30.295,38.165,39.965,31.3,27.43,35.19,45.915,43.85,39.485
3,13,2014,4,38.835,13.58,11.78,18.93,22.195,19.25,31.515,37.785,32.98,43.12,38.885,28.19,37.02,47.02,40.05,38.005,34.745,29.765,18.125,19.955,18.325,23.44,27.19,30.295,38.165,39.965,31.3,27.43,35.19,45.915,43.85
3,14,2014,5,27.705,38.835,13.58,11.78,18.93,22.195,19.25,31.515,37.785,32.98,43.12,38.885,28.19,37.02,47.02,40.05,38.005,34.745,29.765,18.125,19.955,18.325,23.44,27.19,30.295,38.165,39.965,31.3,27.43,35.19,45.915
3,15,2014,6,11.75,27.705,38.835,13.58,11.78,18.93,22.195,19.25,31.515,37.785,32.98,43.12,38.885,28.19,37.02,47.02,40.05,38.005,34.745,29.765,18.125,19.955,18.325,23.44,27.19,30.295,38.165,39.965,31.3,27.43,35.19
3,16,2014,7,25.23,11.75,27.705,38.835,13.58,11.78,18.93,22.195,19.25,31.515,37.785,32.98,43.12,38.885,28.19,37.02,47.02,40.05,38.005,34.745,29.765,18.125,19.955,18.325,23.44,27.19,30.295,38.165,39.965,31.3,27.43
3,17,2014,1,37.295,25.23,11.75,27.705,38.835,13.58,11.78,18.93,22.195,19.25,31.515,37.785,32.98,43.12,38.885,28.19,37.02,47.02,40.05,38.005,34.745,29.765,18.125,19.955,18.325,23.44,27.19,30.295,38.165,39.965,31.3
3,18,2014,2,26.935,37.295,25.23,11.75,27.705,38.835,13.58,11.78,18.93,22.195,19.25,31.515,37.785,32.98,43.12,38.885,28.19,37.02,47.02,40.05,38.005,34.745,29.765,18.125,19.955,18.325,23.44,27.19,30.295,38.165,39.965
3,19,2014,3,24.8,26.935,37.295,25.23,11.75,27.705,38.835,13.58,11.78,18.93,22.195,19.25,31.515,37.785,32.98,43.12,38.885,28.19,37.02,47.02,40.05,38.005,34.745,29.765,18.125,19.955,18.325,23.44,27.19,30.295,38.165
3,20,2014,4,16.415,24.8,26.935,37.295,25.23,11.75,27.705,38.835,13.58,11.78,18.93,22.195,19.25,31.515,37.785,32.98,43.12,38.885,28.19,37.02,47.02,40.05,38.005,34.745,29.765,18.125,19.955,18.325,23.44,27.19,30.295
3,21,2014,5,19.835,16.415,24.8,26.935,37.295,25.23,11.75,27.705,38.835,13.58,11.78,18.93,22.195,19.25,31.515,37.785,32.98,43.12,38.885,28.19,37.02,47.02,40.05,38.005,34.745,29.765,18.125,19.955,18.325,23.44,27.19
3,22,2014,6,13.355,19.835,16.415,24.8,26.935,37.295,25.23,11.75,27.705,38.835,13.58,11.78,18.93,22.195,19.25,31.515,37.785,32.98,43.12,38.885,28.19,37.02,47.02,40.05,38.005,34.745,29.765,18.125,19.955,18.325,23.44
3,23,2014,7,24.01,13.355,19.835,16.415,24.8,26.935,37.295,25.23,11.75,27.705,38.835,13.58,11.78,18.93,22.195,19.25,31.515,37.785,32.98,43.12,38.885,28.19,37.02,47.02,40.05,38.005,34.745,29.765,18.125,19.955,18.325
3,24,2014,1,35.765,24.01,13.355,19.835,16.415,24.8,26.935,37.295,25.23,11.75,27.705,38.835,13.58,11.78,18.93,22.195,19.25,31.515,37.785,32.98,43.12,38.885,28.19,37.02,47.02,40.05,38.005,34.745,29.765,18.125,19.955
3,25,2014,2,33.015,35.765,24.01,13.355,19.835,16.415,24.8,26.935,37.295,25.23,11.75,27.705,38.835,13.58,11.78,18.93,22.195,19.25,31.515,37.785,32.98,43.12,38.885,28.19,37.02,47.02,40.05,38.005,34.745,29.765,18.125
3,26,2014,3,31.825,33.015,35.765,24.01,13.355,19.835,16.415,24.8,26.935,37.295,25.23,11.75,27.705,38.835,13.58,11.78,18.93,22.195,19.25,31.515,37.785,32.98,43.12,38.885,28.19,37.02,47.02,40.05,38.005,34.745,29.765
3,27,2014,4,31.355,31.825,33.015,35.765,24.01,13.355,19.835,16.415,24.8,26.935,37.295,25.23,11.75,27.705,38.835,13.58,11.78,18.93,22.195,19.25,31.515,37.785,32.98,43.12,38.885,28.19,37.02,47.02,40.05,38.005,34.745
3,28,2014,5,15.31,31.355,31.825,33.015,35.765,24.01,13.355,19.835,16.415,24.8,26.935,37.295,25.23,11.75,27.705,38.835,13.58,11.78,18.93,22.195,19.25,31.515,37.785,32.98,43.12,38.885,28.19,37.02,47.02,40.05,38.005
3,29,2014,6,13.23,15.31,31.355,31.825,33.015,35.765,24.01,13.355,19.835,16.415,24.8,26.935,37.295,25.23,11.75,27.705,38.835,13.58,11.78,18.93,22.195,19.25,31.515,37.785,32.98,43.12,38.885,28.19,37.02,47.02,40.05
3,30,2014,7,21.815,13.23,15.31,31.355,31.825,33.015,35.765,24.01,13.355,19.835,16.415,24.8,26.935,37.295,25.23,11.75,27.705,38.835,13.58,11.78,18.93,22.195,19.25,31.515,37.785,32.98,43.12,38.885,28.19,37.02,47.02
3,31,2014,1,18.035,21.815,13.23,15.31,31.355,31.825,33.015,35.765,24.01,13.355,19.835,16.415,24.8,26.935,37.295,25.23,11.75,27.705,38.835,13.58,11.78,18.93,22.195,19.25,31.515,37.785,32.98,43.12,38.885,28.19,37.02
4,1,2014,2,16.755,18.035,21.815,13.23,15.31,31.355,31.825,33.015,35.765,24.01,13.355,19.835,16.415,24.8,26.935,37.295,25.23,11.75,27.705,38.835,13.58,11.78,18.93,22.195,19.25,31.515,37.785,32.98,43.12,38.885,28.19
4,2,2014,3,14.045,16.755,18.035,21.815,13.23,15.31,31.355,31.825,33.015,35.765,24.01,13.355,19.835,16.415,24.8,26.935,37.295,25.23,11.75,27.705,38.835,13.58,11.78,18.93,22.195,19.25,31.515,37.785,32.98,43.12,38.885
4,3,2014,4,8.375,14.045,16.755,18.035,21.815,13.23,15.31,31.355,31.825,33.015,35.765,24.01,13.355,19.835,16.415,24.8,26.935,37.295,25.23,11.75,27.705,38.835,13.58,11.78,18.93,22.195,19.25,31.515,37.785,32.98,43.12
4,4,2014,5,18.505,8.375,14.045,16.755,18.035,21.815,13.23,15.31,31.355,31.825,33.015,35.765,24.01,13.355,19.835,16.415,24.8,26.935,37.295,25.23,11.75,27.705,38.835,13.58,11.78,18.93,22.195,19.25,31.515,37.785,32.98
4,5,2014,6,16.22,18.505,8.375,14.045,16.755,18.035,21.815,13.23,15.31,31.355,31.825,33.015,35.765,24.01,13.355,19.835,16.415,24.8,26.935,37.295,25.23,11.75,27.705,38.835,13.58,11.78,18.93,22.195,19.25,31.515,37.785
4,6,2014,7,17.14,16.22,18.505,8.375,14.045,16.755,18.035,21.815,13.23,15.31,31.355,31.825,33.015,35.765,24.01,13.355,19.835,16.415,24.8,26.935,37.295,25.23,11.75,27.705,38.835,13.58,11.78,18.93,22.195,19.25,31.515
4,7,2014,1,20.77,17.14,16.22,18.505,8.375,14.045,16.755,18.035,21.815,13.23,15.31,31.355,31.825,33.015,35.765,24.01,13.355,19.835,16.415,24.8,26.935,37.295,25.23,11.75,27.705,38.835,13.58,11.78,18.93,22.195,19.25
4,8,2014,2,8.08,20.77,17.14,16.22,18.505,8.375,14.045,16.755,18.035,21.815,13.23,15.31,31.355,31.825,33.015,35.765,24.01,13.355,19.835,16.415,24.8,26.935,37.295,25.23,11.75,27.705,38.835,13.58,11.78,18.93,22.195
4,9,2014,3,11.74,8.08,20.77,17.14,16.22,18.505,8.375,14.045,16.755,18.035,21.815,13.23,15.31,31.355,31.825,33.015,35.765,24.01,13.355,19.835,16.415,24.8,26.935,37.295,25.23,11.75,27.705,38.835,13.58,11.78,18.93
4,10,2014,4,11.805,11.74,8.08,20.77,17.14,16.22,18.505,8.375,14.045,16.755,18.035,21.815,13.23,15.31,31.355,31.825,33.015,35.765,24.01,13.355,19.835,16.415,24.8,26.935,37.295,25.23,11.75,27.705,38.835,13.58,11.78
4,11,2014,5,-0.855,11.805,11.74,8.08,20.77,17.14,16.22,18.505,8.375,14.045,16.755,18.035,21.815,13.23,15.31,31.355,31.825,33.015,35.765,24.01,13.355,19.835,16.415,24.8,26.935,37.295,25.23,11.75,27.705,38.835,13.58
4,12,2014,6,1.85,-0.855,11.805,11.74,8.08,20.77,17.14,16.22,18.505,8.375,14.045,16.755,18.035,21.815,13.23,15.31,31.355,31.825,33.015,35.765,24.01,13.355,19.835,16.415,24.8,26.935,37.295,25.23,11.75,27.705,38.835
4,13,2014,7,-1.66,1.85,-0.855,11.805,11.74,8.08,20.77,17.14,16.22,18.505,8.375,14.045,16.755,18.035,21.815,13.23,15.31,31.355,31.825,33.015,35.765,24.01,13.355,19.835,16.415,24.8,26.935,37.295,25.23,11.75,27.705
4,14,2014,1,-6.015,-1.66,1.85,-0.855,11.805,11.74,8.08,20.77,17.14,16.22,18.505,8.375,14.045,16.755,18.035,21.815,13.23,15.31,31.355,31.825,33.015,35.765,24.01,13.355,19.835,16.415,24.8,26.935,37.295,25.23,11.75
4,15,2014,2,11.72,-6.015,-1.66,1.85,-0.855,11.805,11.74,8.08,20.77,17.14,16.22,18.505,8.375,14.045,16.755,18.035,21.815,13.23,15.31,31.355,31.825,33.015,35.765,24.01,13.355,19.835,16.415,24.8,26.935,37.295,25.23
4,16,2014,3,24.83,11.72,-6.015,-1.66,1.85,-0.855,11.805,11.74,8.08,20.77,17.14,16.22,18.505,8.375,14.045,16.755,18.035,21.815,13.23,15.31,31.355,31.825,33.015,35.765,24.01,13.355,19.835,16.415,24.8,26.935,37.295
4,17,2014,4,21.195,24.83,11.72,-6.015,-1.66,1.85,-0.855,11.805,11.74,8.08,20.77,17.14,16.22,18.505,8.375,14.045,16.755,18.035,21.815,13.23,15.31,31.355,31.825,33.015,35.765,24.01,13.355,19.835,16.415,24.8,26.935
4,18,2014,5,17.925,21.195,24.83,11.72,-6.015,-1.66,1.85,-0.855,11.805,11.74,8.08,20.77,17.14,16.22,18.505,8.375,14.045,16.755,18.035,21.815,13.23,15.31,31.355,31.825,33.015,35.765,24.01,13.355,19.835,16.415,24.8
4,19,2014,6,10.465,17.925,21.195,24.83,11.72,-6.015,-1.66,1.85,-0.855,11.805,11.74,8.08,20.77,17.14,16.22,18.505,8.375,14.045,16.755,18.035,21.815,13.23,15.31,31.355,31.825,33.015,35.765,24.01,13.355,19.835,16.415
4,20,2014,7,13.62,10.465,17.925,21.195,24.83,11.72,-6.015,-1.66,1.85,-0.855,11.805,11.74,8.08,20.77,17.14,16.22,18.505,8.375,14.045,16.755,18.035,21.815,13.23,15.31,31.355,31.825,33.015,35.765,24.01,13.355,19.835
4,21,2014,1,10.335,13.62,10.465,17.925,21.195,24.83,11.72,-6.015,-1.66,1.85,-0.855,11.805,11.74,8.08,20.77,17.14,16.22,18.505,8.375,14.045,16.755,18.035,21.815,13.23,15.31,31.355,31.825,33.015,35.765,24.01,13.355
4,22,2014,2,3.905,10.335,13.62,10.465,17.925,21.195,24.83,11.72,-6.015,-1.66,1.85,-0.855,11.805,11.74,8.08,20.77,17.14,16.22,18.505,8.375,14.045,16.755,18.035,21.815,13.23,15.31,31.355,31.825,33.015,35.765,24.01
4,23,2014,3,11.64,3.905,10.335,13.62,10.465,17.925,21.195,24.83,11.72,-6.015,-1.66,1.85,-0.855,11.805,11.74,8.08,20.77,17.14,16.22,18.505,8.375,14.045,16.755,18.035,21.815,13.23,15.31,31.355,31.825,33.015,35.765
4,24,2014,4,11.545,11.64,3.905,10.335,13.62,10.465,17.925,21.195,24.83,11.72,-6.015,-1.66,1.85,-0.855,11.805,11.74,8.08,20.77,17.14,16.22,18.505,8.375,14.045,16.755,18.035,21.815,13.23,15.31,31.355,31.825,33.015
4,25,2014,5,10.44,11.545,11.64,3.905,10.335,13.62,10.465,17.925,21.195,24.83,11.72,-6.015,-1.66,1.85,-0.855,11.805,11.74,8.08,20.77,17.14,16.22,18.505,8.375,14.045,16.755,18.035,21.815,13.23,15.31,31.355,31.825
4,26,2014,6,6.27,10.44,11.545,11.64,3.905,10.335,13.62,10.465,17.925,21.195,24.83,11.72,-6.015,-1.66,1.85,-0.855,11.805,11.74,8.08,20.77,17.14,16.22,18.505,8.375,14.045,16.755,18.035,21.815,13.23,15.31,31.355
4,27,2014,7,10.27,6.27,10.44,11.545,11.64,3.905,10.335,13.62,10.465,17.925,21.195,24.83,11.72,-6.015,-1.66,1.85,-0.855,11.805,11.74,8.08,20.77,17.14,16.22,18.505,8.375,14.045,16.755,18.035,21.815,13.23,15.31
4,28,2014,1,11.14,10.27,6.27,10.44,11.545,11.64,3.905,10.335,13.62,10.465,17.925,21.195,24.83,11.72,-6.015,-1.66,1.85,-0.855,11.805,11.74,8.08,20.77,17.14,16.22,18.505,8.375,14.045,16.755,18.035,21.815,13.23
4,29,2014,2,16.98,11.14,10.27,6.27,10.44,11.545,11.64,3.905,10.335,13.62,10.465,17.925,21.195,24.83,11.72,-6.015,-1.66,1.85,-0.855,11.805,11.74,8.08,20.77,17.14,16.22,18.505,8.375,14.045,16.755,18.035,21.815
4,30,2014,3,13.305,16.98,11.14,10.27,6.27,10.44,11.545,11.64,3.905,10.335,13.62,10.465,17.925,21.195,24.83,11.72,-6.015,-1.66,1.85,-0.855,11.805,11.74,8.08,20.77,17.14,16.22,18.505,8.375,14.045,16.755,18.035
5,1,2014,4,-4.58,13.305,16.98,11.14,10.27,6.27,10.44,11.545,11.64,3.905,10.335,13.62,10.465,17.925,21.195,24.83,11.72,-6.015,-1.66,1.85,-0.855,11.805,11.74,8.08,20.77,17.14,16.22,18.505,8.375,14.045,16.755
5,2,2014,5,2.675,-4.58,13.305,16.98,11.14,10.27,6.27,10.44,11.545,11.64,3.905,10.335,13.62,10.465,17.925,21.195,24.83,11.72,-6.015,-1.66,1.85,-0.855,11.805,11.74,8.08,20.77,17.14,16.22,18.505,8.375,14.045
5,3,2014,6,4.26,2.675,-4.58,13.305,16.98,11.14,10.27,6.27,10.44,11.545,11.64,3.905,10.335,13.62,10.465,17.925,21.195,24.83,11.72,-6.015,-1.66,1.85,-0.855,11.805,11.74,8.08,20.77,17.14,16.22,18.505,8.375
5,4,2014,7,7.02,4.26,2.675,-4.58,13.305,16.98,11.14,10.27,6.27,10.44,11.545,11.64,3.905,10.335,13.62,10.465,17.925,21.195,24.83,11.72,-6.015,-1.66,1.85,-0.855,11.805,11.74,8.08,20.77,17.14,16.22,18.505
5,5,2014,1,6.365,7.02,4.26,2.675,-4.58,13.305,16.98,11.14,10.27,6.27,10.44,11.545,11.64,3.905,10.335,13.62,10.465,17.925,21.195,24.83,11.72,-6.015,-1.66,1.85,-0.855,11.805,11.74,8.08,20.77,17.14,16.22
5,6,2014,2,2.73,6.365,7.02,4.26,2.675,-4.58,13.305,16.98,11.14,10.27,6.27,10.44,11.545,11.64,3.905,10.335,13.62,10.465,17.925,21.195,24.83,11.72,-6.015,-1.66,1.85,-0.855,11.805,11.74,8.08,20.77,17.14
5,7,2014,3,6.375,2.73,6.365,7.02,4.26,2.675,-4.58,13.305,16.98,11.14,10.27,6.27,10.44,11.545,11.64,3.905,10.335,13.62,10.465,17.925,21.195,24.83,11.72,-6.015,-1.66,1.85,-0.855,11.805,11.74,8.08,20.77
5,8,2014,4,3.455,6.375,2.73,6.365,7.02,4.26,2.675,-4.58,13.305,16.98,11.14,10.27,6.27,10.44,11.545,11.64,3.905,10.335,13.62,10.465,17.925,21.195,24.83,11.72,-6.015,-1.66,1.85,-0.855,11.805,11.74,8.08
5,9,2014,5,-0.47,3.455,6.375,2.73,6.365,7.02,4.26,2.675,-4.58,13.305,16.98,11.14,10.27,6.27,10.44,11.545,11.64,3.905,10.335,13.62,10.465,17.925,21.195,24.83,11.72,-6.015,-1.66,1.85,-0.855,11.805,11.74
5,10,2014,6,-6.485,-0.47,3.455,6.375,2.73,6.365,7.02,4.26,2.675,-4.58,13.305,16.98,11.14,10.27,6.27,10.44,11.545,11.64,3.905,10.335,13.62,10.465,17.925,21.195,24.83,11.72,-6.015,-1.66,1.85,-0.855,11.805
5,11,2014,7,-5.22,-6.485,-0.47,3.455,6.375,2.73,6.365,7.02,4.26,2.675,-4.58,13.305,16.98,11.14,10.27,6.27,10.44,11.545,11.64,3.905,10.335,13.62,10.465,17.925,21.195,24.83,11.72,-6.015,-1.66,1.85,-0.855
5,12,2014,1,-6.515,-5.22,-6.485,-0.47,3.455,6.375,2.73,6.365,7.02,4.26,2.675,-4.58,13.305,16.98,11.14,10.27,6.27,10.44,11.545,11.64,3.905,10.335,13.62,10.465,17.925,21.195,24.83,11.72,-6.015,-1.66,1.85
5,13,2014,2,1.195,-6.515,-5.22,-6.485,-0.47,3.455,6.375,2.73,6.365,7.02,4.26,2.675,-4.58,13.305,16.98,11.14,10.27,6.27,10.44,11.545,11.64,3.905,10.335,13.62,10.465,17.925,21.195,24.83,11.72,-6.015,-1.66
5,14,2014,3,3.27,1.195,-6.515,-5.22,-6.485,-0.47,3.455,6.375,2.73,6.365,7.02,4.26,2.675,-4.58,13.305,16.98,11.14,10.27,6.27,10.44,11.545,11.64,3.905,10.335,13.62,10.465,17.925,21.195,24.83,11.72,-6.015
5,15,2014,4,-6.105,3.27,1.195,-6.515,-5.22,-6.485,-0.47,3.455,6.375,2.73,6.365,7.02,4.26,2.675,-4.58,13.305,16.98,11.14,10.27,6.27,10.44,11.545,11.64,3.905,10.335,13.62,10.465,17.925,21.195,24.83,11.72
5,16,2014,5,-1.46,-6.105,3.27,1.195,-6.515,-5.22,-6.485,-0.47,3.455,6.375,2.73,6.365,7.02,4.26,2.675,-4.58,13.305,16.98,11.14,10.27,6.27,10.44,11.545,11.64,3.905,10.335,13.62,10.465,17.925,21.195,24.83
5,17,2014,6,5.14,-1.46,-6.105,3.27,1.195,-6.515,-5.22,-6.485,-0.47,3.455,6.375,2.73,6.365,7.02,4.26,2.675,-4.58,13.305,16.98,11.14,10.27,6.27,10.44,11.545,11.64,3.905,10.335,13.62,10.465,17.925,21.195
5,18,2014,7,6.475,5.14,-1.46,-6.105,3.27,1.195,-6.515,-5.22,-6.485,-0.47,3.455,6.375,2.73,6.365,7.02,4.26,2.675,-4.58,13.305,16.98,11.14,10.27,6.27,10.44,11.545,11.64,3.905,10.335,13.62,10.465,17.925
5,19,2014,1,4.075,6.475,5.14,-1.46,-6.105,3.27,1.195,-6.515,-5.22,-6.485,-0.47,3.455,6.375,2.73,6.365,7.02,4.26,2.675,-4.58,13.305,16.98,11.14,10.27,6.27,10.44,11.545,11.64,3.905,10.335,13.62,10.465
5,20,2014,2,-0.485,4.075,6.475,5.14,-1.46,-6.105,3.27,1.195,-6.515,-5.22,-6.485,-0.47,3.455,6.375,2.73,6.365,7.02,4.26,2.675,-4.58,13.305,16.98,11.14,10.27,6.27,10.44,11.545,11.64,3.905,10.335,13.62
5,21,2014,3,-0.49,-0.485,4.075,6.475,5.14,-1.46,-6.105,3.27,1.195,-6.515,-5.22,-6.485,-0.47,3.455,6.375,2.73,6.365,7.02,4.26,2.675,-4.58,13.305,16.98,11.14,10.27,6.27,10.44,11.545,11.64,3.905,10.335
5,22,2014,4,-3.83,-0.49,-0.485,4.075,6.475,5.14,-1.46,-6.105,3.27,1.195,-6.515,-5.22,-6.485,-0.47,3.455,6.375,2.73,6.365,7.02,4.26,2.675,-4.58,13.305,16.98,11.14,10.27,6.27,10.44,11.545,11.64,3.905
5,23,2014,5,-2.06,-3.83,-0.49,-0.485,4.075,6.475,5.14,-1.46,-6.105,3.27,1.195,-6.515,-5.22,-6.485,-0.47,3.455,6.375,2.73,6.365,7.02,4.26,2.675,-4.58,13.305,16.98,11.14,10.27,6.27,10.44,11.545,11.64
5,24,2014,6,-0.09,-2.06,-3.83,-0.49,-0.485,4.075,6.475,5.14,-1.46,-6.105,3.27,1.195,-6.515,-5.22,-6.485,-0.47,3.455,6.375,2.73,6.365,7.02,4.26,2.675,-4.58,13.305,16.98,11.14,10.27,6.27,10.44,11.545
5,25,2014,7,-4.56,-0.09,-2.06,-3.83,-0.49,-0.485,4.075,6.475,5.14,-1.46,-6.105,3.27,1.195,-6.515,-5.22,-6.485,-0.47,3.455,6.375,2.73,6.365,7.02,4.26,2.675,-4.58,13.305,16.98,11.14,10.27,6.27,10.44
5,26,2014,1,-9.385,-4.56,-0.09,-2.06,-3.83,-0.49,-0.485,4.075,6.475,5.14,-1.46,-6.105,3.27,1.195,-6.515,-5.22,-6.485,-0.47,3.455,6.375,2.73,6.365,7.02,4.26,2.675,-4.58,13.305,16.98,11.14,10.27,6.27
5,27,2014,2,-11.45,-9.385,-4.56,-0.09,-2.06,-3.83,-0.49,-0.485,4.075,6.475,5.14,-1.46,-6.105,3.27,1.195,-6.515,-5.22,-6.485,-0.47,3.455,6.375,2.73,6.365,7.02,4.26,2.675,-4.58,13.305,16.98,11.14,10.27
5,28,2014,3,1.655,-11.45,-9.385,-4.56,-0.09,-2.06,-3.83,-0.49,-0.485,4.075,6.475,5.14,-1.46,-6.105,3.27,1.195,-6.515,-5.22,-6.485,-0.47,3.455,6.375,2.73,6.365,7.02,4.26,2.675,-4.58,13.305,16.98,11.14
5,29,2014,4,8.07,1.655,-11.45,-9.385,-4.56,-0.09,-2.06,-3.83,-0.49,-0.485,4.075,6.475,5.14,-1.46,-6.105,3.27,1.195,-6.515,-5.22,-6.485,-0.47,3.455,6.375,2.73,6.365,7.02,4.26,2.675,-4.58,13.305,16.98
5,30,2014,5,-0.33,8.07,1.655,-11.45,-9.385,-4.56,-0.09,-2.06,-3.83,-0.49,-0.485,4.075,6.475,5.14,-1.46,-6.105,3.27,1.195,-6.515,-5.22,-6.485,-0.47,3.455,6.375,2.73,6.365,7.02,4.26,2.675,-4.58,13.305
5,31,2014,6,-1.81,-0.33,8.07,1.655,-11.45,-9.385,-4.56,-0.09,-2.06,-3.83,-0.49,-0.485,4.075,6.475,5.14,-1.46,-6.105,3.27,1.195,-6.515,-5.22,-6.485,-0.47,3.455,6.375,2.73,6.365,7.02,4.26,2.675,-4.58
6,1,2014,7,-0.93,-1.81,-0.33,8.07,1.655,-11.45,-9.385,-4.56,-0.09,-2.06,-3.83,-0.49,-0.485,4.075,6.475,5.14,-1.46,-6.105,3.27,1.195,-6.515,-5.22,-6.485,-0.47,3.455,6.375,2.73,6.365,7.02,4.26,2.675
6,2,2014,1,-3.115,-0.93,-1.81,-0.33,8.07,1.655,-11.45,-9.385,-4.56,-0.09,-2.06,-3.83,-0.49,-0.485,4.075,6.475,5.14,-1.46,-6.105,3.27,1.195,-6.515,-5.22,-6.485,-0.47,3.455,6.375,2.73,6.365,7.02,4.26
6,3,2014,2,-10.825,-3.115,-0.93,-1.81,-0.33,8.07,1.655,-11.45,-9.385,-4.56,-0.09,-2.06,-3.83,-0.49,-0.485,4.075,6.475,5.14,-1.46,-6.105,3.27,1.195,-6.515,-5.22,-6.485,-0.47,3.455,6.375,2.73,6.365,7.02
6,4,2014,3,-11.485,-10.825,-3.115,-0.93,-1.81,-0.33,8.07,1.655,-11.45,-9.385,-4.56,-0.09,-2.06,-3.83,-0.49,-0.485,4.075,6.475,5.14,-1.46,-6.105,3.27,1.195,-6.515,-5.22,-6.485,-0.47,3.455,6.375,2.73,6.365
6,5,2014,4,-5.485,-11.485,-10.825,-3.115,-0.93,-1.81,-0.33,8.07,1.655,-11.45,-9.385,-4.56,-0.09,-2.06,-3.83,-0.49,-0.485,4.075,6.475,5.14,-1.46,-6.105,3.27,1.195,-6.515,-5.22,-6.485,-0.47,3.455,6.375,2.73
6,6,2014,5,-3.655,-5.485,-11.485,-10.825,-3.115,-0.93,-1.81,-0.33,8.07,1.655,-11.45,-9.385,-4.56,-0.09,-2.06,-3.83,-0.49,-0.485,4.075,6.475,5.14,-1.46,-6.105,3.27,1.195,-6.515,-5.22,-6.485,-0.47,3.455,6.375
6,7,2014,6,-7.355,-3.655,-5.485,-11.485,-10.825,-3.115,-0.93,-1.81,-0.33,8.07,1.655,-11.45,-9.385,-4.56,-0.09,-2.06,-3.83,-0.49,-0.485,4.075,6.475,5.14,-1.46,-6.105,3.27,1.195,-6.515,-5.22,-6.485,-0.47,3.455
6,8,2014,7,-8.55,-7.355,-3.655,-5.485,-11.485,-10.825,-3.115,-0.93,-1.81,-0.33,8.07,1.655,-11.45,-9.385,-4.56,-0.09,-2.06,-3.83,-0.49,-0.485,4.075,6.475,5.14,-1.46,-6.105,3.27,1.195,-6.515,-5.22,-6.485,-0.47
6,9,2014,1,-8.345,-8.55,-7.355,-3.655,-5.485,-11.485,-10.825,-3.115,-0.93,-1.81,-0.33,8.07,1.655,-11.45,-9.385,-4.56,-0.09,-2.06,-3.83,-0.49,-0.485,4.075,6.475,5.14,-1.46,-6.105,3.27,1.195,-6.515,-5.22,-6.485
6,10,2014,2,-11.32,-8.345,-8.55,-7.355,-3.655,-5.485,-11.485,-10.825,-3.115,-0.93,-1.81,-0.33,8.07,1.655,-11.45,-9.385,-4.56,-0.09,-2.06,-3.83,-0.49,-0.485,4.075,6.475,5.14,-1.46,-6.105,3.27,1.195,-6.515,-5.22
6,11,2014,3,-2.335,-11.32,-8.345,-8.55,-7.355,-3.655,-5.485,-11.485,-10.825,-3.115,-0.93,-1.81,-0.33,8.07,1.655,-11.45,-9.385,-4.56,-0.09,-2.06,-3.83,-0.49,-0.485,4.075,6.475,5.14,-1.46,-6.105,3.27,1.195,-6.515
6,12,2014,4,-3.45,-2.335,-11.32,-8.345,-8.55,-7.355,-3.655,-5.485,-11.485,-10.825,-3.115,-0.93,-1.81,-0.33,8.07,1.655,-11.45,-9.385,-4.56,-0.09,-2.06,-3.83,-0.49,-0.485,4.075,6.475,5.14,-1.46,-6.105,3.27,1.195
6,13,2014,5,-12.44,-3.45,-2.335,-11.32,-8.345,-8.55,-7.355,-3.655,-5.485,-11.485,-10.825,-3.115,-0.93,-1.81,-0.33,8.07,1.655,-11.45,-9.385,-4.56,-0.09,-2.06,-3.83,-0.49,-0.485,4.075,6.475,5.14,-1.46,-6.105,3.27
6,14,2014,6,-3.65,-12.44,-3.45,-2.335,-11.32,-8.345,-8.55,-7.355,-3.655,-5.485,-11.485,-10.825,-3.115,-0.93,-1.81,-0.33,8.07,1.655,-11.45,-9.385,-4.56,-0.09,-2.06,-3.83,-0.49,-0.485,4.075,6.475,5.14,-1.46,-6.105
6,15,2014,7,-5.395,-3.65,-12.44,-3.45,-2.335,-11.32,-8.345,-8.55,-7.355,-3.655,-5.485,-11.485,-10.825,-3.115,-0.93,-1.81,-0.33,8.07,1.655,-11.45,-9.385,-4.56,-0.09,-2.06,-3.83,-0.49,-0.485,4.075,6.475,5.14,-1.46
6,16,2014,1,-10.955,-5.395,-3.65,-12.44,-3.45,-2.335,-11.32,-8.345,-8.55,-7.355,-3.655,-5.485,-11.485,-10.825,-3.115,-0.93,-1.81,-0.33,8.07,1.655,-11.45,-9.385,-4.56,-0.09,-2.06,-3.83,-0.49,-0.485,4.075,6.475,5.14
6,17,2014,2,-16.915,-10.955,-5.395,-3.65,-12.44,-3.45,-2.335,-11.32,-8.345,-8.55,-7.355,-3.655,-5.485,-11.485,-10.825,-3.115,-0.93,-1.81,-0.33,8.07,1.655,-11.45,-9.385,-4.56,-0.09,-2.06,-3.83,-0.49,-0.485,4.075,6.475
6,18,2014,3,-21.365,-16.915,-10.955,-5.395,-3.65,-12.44,-3.45,-2.335,-11.32,-8.345,-8.55,-7.355,-3.655,-5.485,-11.485,-10.825,-3.115,-0.93,-1.81,-0.33,8.07,1.655,-11.45,-9.385,-4.56,-0.09,-2.06,-3.83,-0.49,-0.485,4.075
6,19,2014,4,-10.72,-21.365,-16.915,-10.955,-5.395,-3.65,-12.44,-3.45,-2.335,-11.32,-8.345,-8.55,-7.355,-3.655,-5.485,-11.485,-10.825,-3.115,-0.93,-1.81,-0.33,8.07,1.655,-11.45,-9.385,-4.56,-0.09,-2.06,-3.83,-0.49,-0.485
6,20,2014,5,-6.91,-10.72,-21.365,-16.915,-10.955,-5.395,-3.65,-12.44,-3.45,-2.335,-11.32,-8.345,-8.55,-7.355,-3.655,-5.485,-11.485,-10.825,-3.115,-0.93,-1.81,-0.33,8.07,1.655,-11.45,-9.385,-4.56,-0.09,-2.06,-3.83,-0.49
6,21,2014,6,-8.335,-6.91,-10.72,-21.365,-16.915,-10.955,-5.395,-3.65,-12.44,-3.45,-2.335,-11.32,-8.345,-8.55,-7.355,-3.655,-5.485,-11.485,-10.825,-3.115,-0.93,-1.81,-0.33,8.07,1.655,-11.45,-9.385,-4.56,-0.09,-2.06,-3.83
6,22,2014,7,-7.05,-8.335,-6.91,-10.72,-21.365,-16.915,-10.955,-5.395,-3.65,-12.44,-3.45,-2.335,-11.32,-8.345,-8.55,-7.355,-3.655,-5.485,-11.485,-10.825,-3.115,-0.93,-1.81,-0.33,8.07,1.655,-11.45,-9.385,-4.56,-0.09,-2.06
6,23,2014,1,-7.43,-7.05,-8.335,-6.91,-10.72,-21.365,-16.915,-10.955,-5.395,-3.65,-12.44,-3.45,-2.335,-11.32,-8.345,-8.55,-7.355,-3.655,-5.485,-11.485,-10.825,-3.115,-0.93,-1.81,-0.33,8.07,1.655,-11.45,-9.385,-4.56,-0.09
6,24,2014,2,-10.485,-7.43,-7.05,-8.335,-6.91,-10.72,-21.365,-16.915,-10.955,-5.395,-3.65,-12.44,-3.45,-2.335,-11.32,-8.345,-8.55,-7.355,-3.655,-5.485,-11.485,-10.825,-3.115,-0.93,-1.81,-0.33,8.07,1.655,-11.45,-9.385,-4.56
6,25,2014,3,-14.555,-10.485,-7.43,-7.05,-8.335,-6.91,-10.72,-21.365,-16.915,-10.955,-5.395,-3.65,-12.44,-3.45,-2.335,-11.32,-8.345,-8.55,-7.355,-3.655,-5.485,-11.485,-10.825,-3.115,-0.93,-1.81,-0.33,8.07,1.655,-11.45,-9.385
6,26,2014,4,-13.04,-14.555,-10.485,-7.43,-7.05,-8.335,-6.91,-10.72,-21.365,-16.915,-10.955,-5.395,-3.65,-12.44,-3.45,-2.335,-11.32,-8.345,-8.55,-7.355,-3.655,-5.485,-11.485,-10.825,-3.115,-0.93,-1.81,-0.33,8.07,1.655,-11.45
6,27,2014,5,-11.535,-13.04,-14.555,-10.485,-7.43,-7.05,-8.335,-6.91,-10.72,-21.365,-16.915,-10.955,-5.395,-3.65,-12.44,-3.45,-2.335,-11.32,-8.345,-8.55,-7.355,-3.655,-5.485,-11.485,-10.825,-3.115,-0.93,-1.81,-0.33,8.07,1.655
6,28,2014,6,-11.545,-11.535,-13.04,-14.555,-10.485,-7.43,-7.05,-8.335,-6.91,-10.72,-21.365,-16.915,-10.955,-5.395,-3.65,-12.44,-3.45,-2.335,-11.32,-8.345,-8.55,-7.355,-3.655,-5.485,-11.485,-10.825,-3.115,-0.93,-1.81,-0.33,8.07
6,29,2014,7,-10.4,-11.545,-11.535,-13.04,-14.555,-10.485,-7.43,-7.05,-8.335,-6.91,-10.72,-21.365,-16.915,-10.955,-5.395,-3.65,-12.44,-3.45,-2.335,-11.32,-8.345,-8.55,-7.355,-3.655,-5.485,-11.485,-10.825,-3.115,-0.93,-1.81,-0.33
6,30,2014,1,-11.905,-10.4,-11.545,-11.535,-13.04,-14.555,-10.485,-7.43,-7.05,-8.335,-6.91,-10.72,-21.365,-16.915,-10.955,-5.395,-3.65,-12.44,-3.45,-2.335,-11.32,-8.345,-8.55,-7.355,-3.655,-5.485,-11.485,-10.825,-3.115,-0.93,-1.81
7,1,2014,2,-17.12,-11.905,-10.4,-11.545,-11.535,-13.04,-14.555,-10.485,-7.43,-7.05,-8.335,-6.91,-10.72,-21.365,-16.915,-10.955,-5.395,-3.65,-12.44,-3.45,-2.335,-11.32,-8.345,-8.55,-7.355,-3.655,-5.485,-11.485,-10.825,-3.115,-0.93
7,2,2014,3,-19.71,-17.12,-11.905,-10.4,-11.545,-11.535,-13.04,-14.555,-10.485,-7.43,-7.05,-8.335,-6.91,-10.72,-21.365,-16.915,-10.955,-5.395,-3.65,-12.44,-3.45,-2.335,-11.32,-8.345,-8.55,-7.355,-3.655,-5.485,-11.485,-10.825,-3.115
7,3,2014,4,-16.785,-19.71,-17.12,-11.905,-10.4,-11.545,-11.535,-13.04,-14.555,-10.485,-7.43,-7.05,-8.335,-6.91,-10.72,-21.365,-16.915,-10.955,-5.395,-3.65,-12.44,-3.45,-2.335,-11.32,-8.345,-8.55,-7.355,-3.655,-5.485,-11.485,-10.825
7,4,2014,5,-7.685,-16.785,-19.71,-17.12,-11.905,-10.4,-11.545,-11.535,-13.04,-14.555,-10.485,-7.43,-7.05,-8.335,-6.91,-10.72,-21.365,-16.915,-10.955,-5.395,-3.65,-12.44,-3.45,-2.335,-11.32,-8.345,-8.55,-7.355,-3.655,-5.485,-11.485
7,5,2014,6,-7.645,-7.685,-16.785,-19.71,-17.12,-11.905,-10.4,-11.545,-11.535,-13.04,-14.555,-10.485,-7.43,-7.05,-8.335,-6.91,-10.72,-21.365,-16.915,-10.955,-5.395,-3.65,-12.44,-3.45,-2.335,-11.32,-8.345,-8.55,-7.355,-3.655,-5.485
7,6,2014,7,-9.645,-7.645,-7.685,-16.785,-19.71,-17.12,-11.905,-10.4,-11.545,-11.535,-13.04,-14.555,-10.485,-7.43,-7.05,-8.335,-6.91,-10.72,-21.365,-16.915,-10.955,-5.395,-3.65,-12.44,-3.45,-2.335,-11.32,-8.345,-8.55,-7.355,-3.655
7,7,2014,1,-17.26,-9.645,-7.645,-7.685,-16.785,-19.71,-17.12,-11.905,-10.4,-11.545,-11.535,-13.04,-14.555,-10.485,-7.43,-7.05,-8.335,-6.91,-10.72,-21.365,-16.915,-10.955,-5.395,-3.65,-12.44,-3.45,-2.335,-11.32,-8.345,-8.55,-7.355
7,8,2014,2,-18.215,-17.26,-9.645,-7.645,-7.685,-16.785,-19.71,-17.12,-11.905,-10.4,-11.545,-11.535,-13.04,-14.555,-10.485,-7.43,-7.05,-8.335,-6.91,-10.72,-21.365,-16.915,-10.955,-5.395,-3.65,-12.44,-3.45,-2.335,-11.32,-8.345,-8.55
7,9,2014,3,-15.065,-18.215,-17.26,-9.645,-7.645,-7.685,-16.785,-19.71,-17.12,-11.905,-10.4,-11.545,-11.535,-13.04,-14.555,-10.485,-7.43,-7.05,-8.335,-6.91,-10.72,-21.365,-16.915,-10.955,-5.395,-3.65,-12.44,-3.45,-2.335,-11.32,-8.345
7,10,2014,4,-14.77,-15.065,-18.215,-17.26,-9.645,-7.645,-7.685,-16.785,-19.71,-17.12,-11.905,-10.4,-11.545,-11.535,-13.04,-14.555,-10.485,-7.43,-7.05,-8.335,-6.91,-10.72,-21.365,-16.915,-10.955,-5.395,-3.65,-12.44,-3.45,-2.335,-11.32
7,11,2014,5,-13.68,-14.77,-15.065,-18.215,-17.26,-9.645,-7.645,-7.685,-16.785,-19.71,-17.12,-11.905,-10.4,-11.545,-11.535,-13.04,-14.555,-10.485,-7.43,-7.05,-8.335,-6.91,-10.72,-21.365,-16.915,-10.955,-5.395,-3.65,-12.44,-3.45,-2.335
7,12,2014,6,-13.59,-13.68,-14.77,-15.065,-18.215,-17.26,-9.645,-7.645,-7.685,-16.785,-19.71,-17.12,-11.905,-10.4,-11.545,-11.535,-13.04,-14.555,-10.485,-7.43,-7.05,-8.335,-6.91,-10.72,-21.365,-16.915,-10.955,-5.395,-3.65,-12.44,-3.45
7,13,2014,7,-15.955,-13.59,-13.68,-14.77,-15.065,-18.215,-17.26,-9.645,-7.645,-7.685,-16.785,-19.71,-17.12,-11.905,-10.4,-11.545,-11.535,-13.04,-14.555,-10.485,-7.43,-7.05,-8.335,-6.91,-10.72,-21.365,-16.915,-10.955,-5.395,-3.65,-12.44
7,14,2014,1,-16.34,-15.955,-13.59,-13.68,-14.77,-15.065,-18.215,-17.26,-9.645,-7.645,-7.685,-16.785,-19.71,-17.12,-11.905,-10.4,-11.545,-11.535,-13.04,-14.555,-10.485,-7.43,-7.05,-8.335,-6.91,-10.72,-21.365,-16.915,-10.955,-5.395,-3.65
7,15,2014,2,-15.17,-16.34,-15.955,-13.59,-13.68,-14.77,-15.065,-18.215,-17.26,-9.645,-7.645,-7.685,-16.785,-19.71,-17.12,-11.905,-10.4,-11.545,-11.535,-13.04,-14.555,-10.485,-7.43,-7.05,-8.335,-6.91,-10.72,-21.365,-16.915,-10.955,-5.395
7,16,2014,3,-11.345,-15.17,-16.34,-15.955,-13.59,-13.68,-14.77,-15.065,-18.215,-17.26,-9.645,-7.645,-7.685,-16.785,-19.71,-17.12,-11.905,-10.4,-11.545,-11.535,-13.04,-14.555,-10.485,-7.43,-7.05,-8.335,-6.91,-10.72,-21.365,-16.915,-10.955
7,17,2014,4,-9.24,-11.345,-15.17,-16.34,-15.955,-13.59,-13.68,-14.77,-15.065,-18.215,-17.26,-9.645,-7.645,-7.685,-16.785,-19.71,-17.12,-11.905,-10.4,-11.545,-11.535,-13.04,-14.555,-10.485,-7.43,-7.05,-8.335,-6.91,-10.72,-21.365,-16.915
7,18,2014,5,-9.0,-9.24,-11.345,-15.17,-16.34,-15.955,-13.59,-13.68,-14.77,-15.065,-18.215,-17.26,-9.645,-7.645,-7.685,-16.785,-19.71,-17.12,-11.905,-10.4,-11.545,-11.535,-13.04,-14.555,-10.485,-7.43,-7.05,-8.335,-6.91,-10.72,-21.365
7,19,2014,6,-9.685,-9.0,-9.24,-11.345,-15.17,-16.34,-15.955,-13.59,-13.68,-14.77,-15.065,-18.215,-17.26,-9.645,-7.645,-7.685,-16.785,-19.71,-17.12,-11.905,-10.4,-11.545,-11.535,-13.04,-14.555,-10.485,-7.43,-7.05,-8.335,-6.91,-10.72
7,20,2014,7,-10.065,-9.685,-9.0,-9.24,-11.345,-15.17,-16.34,-15.955,-13.59,-13.68,-14.77,-15.065,-18.215,-17.26,-9.645,-7.645,-7.685,-16.785,-19.71,-17.12,-11.905,-10.4,-11.545,-11.535,-13.04,-14.555,-10.485,-7.43,-7.05,-8.335,-6.91
7,21,2014,1,-10.955,-10.065,-9.685,-9.0,-9.24,-11.345,-15.17,-16.34,-15.955,-13.59,-13.68,-14.77,-15.065,-18.215,-17.26,-9.645,-7.645,-7.685,-16.785,-19.71,-17.12,-11.905,-10.4,-11.545,-11.535,-13.04,-14.555,-10.485,-7.43,-7.05,-8.335
7,22,2014,2,-12.845,-10.955,-10.065,-9.685,-9.0,-9.24,-11.345,-15.17,-16.34,-15.955,-13.59,-13.68,-14.77,-15.065,-18.215,-17.26,-9.645,-7.645,-7.685,-16.785,-19.71,-17.12,-11.905,-10.4,-11.545,-11.535,-13.04,-14.555,-10.485,-7.43,-7.05
7,23,2014,3,-16.445,-12.845,-10.955,-10.065,-9.685,-9.0,-9.24,-11.345,-15.17,-16.34,-15.955,-13.59,-13.68,-14.77,-15.065,-18.215,-17.26,-9.645,-7.645,-7.685,-16.785,-19.71,-17.12,-11.905,-10.4,-11.545,-11.535,-13.04,-14.555,-10.485,-7.43
7,24,2014,4,-11.81,-16.445,-12.845,-10.955,-10.065,-9.685,-9.0,-9.24,-11.345,-15.17,-16.34,-15.955,-13.59,-13.68,-14.77,-15.065,-18.215,-17.26,-9.645,-7.645,-7.685,-16.785,-19.71,-17.12,-11.905,-10.4,-11.545,-11.535,-13.04,-14.555,-10.485
7,25,2014,5,-8.395,-11.81,-16.445,-12.845,-10.955,-10.065,-9.685,-9.0,-9.24,-11.345,-15.17,-16.34,-15.955,-13.59,-13.68,-14.77,-15.065,-18.215,-17.26,-9.645,-7.645,-7.685,-16.785,-19.71,-17.12,-11.905,-10.4,-11.545,-11.535,-13.04,-14.555
7,26,2014,6,-9.385,-8.395,-11.81,-16.445,-12.845,-10.955,-10.065,-9.685,-9.0,-9.24,-11.345,-15.17,-16.34,-15.955,-13.59,-13.68,-14.77,-15.065,-18.215,-17.26,-9.645,-7.645,-7.685,-16.785,-19.71,-17.12,-11.905,-10.4,-11.545,-11.535,-13.04
7,27,2014,7,-15.895,-9.385,-8.395,-11.81,-16.445,-12.845,-10.955,-10.065,-9.685,-9.0,-9.24,-11.345,-15.17,-16.34,-15.955,-13.59,-13.68,-14.77,-15.065,-18.215,-17.26,-9.645,-7.645,-7.685,-16.785,-19.71,-17.12,-11.905,-10.4,-11.545,-11.535
7,28,2014,1,-10.725,-15.895,-9.385,-8.395,-11.81,-16.445,-12.845,-10.955,-10.065,-9.685,-9.0,-9.24,-11.345,-15.17,-16.34,-15.955,-13.59,-13.68,-14.77,-15.065,-18.215,-17.26,-9.645,-7.645,-7.685,-16.785,-19.71,-17.12,-11.905,-10.4,-11.545
7,29,2014,2,-4.15,-10.725,-15.895,-9.385,-8.395,-11.81,-16.445,-12.845,-10.955,-10.065,-9.685,-9.0,-9.24,-11.345,-15.17,-16.34,-15.955,-13.59,-13.68,-14.77,-15.065,-18.215,-17.26,-9.645,-7.645,-7.685,-16.785,-19.71,-17.12,-11.905,-10.4
7,30,2014,3,-6.13,-4.15,-10.725,-15.895,-9.385,-8.395,-11.81,-16.445,-12.845,-10.955,-10.065,-9.685,-9.0,-9.24,-11.345,-15.17,-16.34,-15.955,-13.59,-13.68,-14.77,-15.065,-18.215,-17.26,-9.645,-7.645,-7.685,-16.785,-19.71,-17.12,-11.905
7,31,2014,4,-9.59,-6.13,-4.15,-10.725,-15.895,-9.385,-8.395,-11.81,-16.445,-12.845,-10.955,-10.065,-9.685,-9.0,-9.24,-11.345,-15.17,-16.34,-15.955,-13.59,-13.68,-14.77,-15.065,-18.215,-17.26,-9.645,-7.645,-7.685,-16.785,-19.71,-17.12
8,1,2014,5,-11.65,-9.59,-6.13,-4.15,-10.725,-15.895,-9.385,-8.395,-11.81,-16.445,-12.845,-10.955,-10.065,-9.685,-9.0,-9.24,-11.345,-15.17,-16.34,-15.955,-13.59,-13.68,-14.77,-15.065,-18.215,-17.26,-9.645,-7.645,-7.685,-16.785,-19.71
8,2,2014,6,-6.28,-11.65,-9.59,-6.13,-4.15,-10.725,-15.895,-9.385,-8.395,-11.81,-16.445,-12.845,-10.955,-10.065,-9.685,-9.0,-9.24,-11.345,-15.17,-16.34,-15.955,-13.59,-13.68,-14.77,-15.065,-18.215,-17.26,-9.645,-7.645,-7.685,-16.785
8,3,2014,7,-6.615,-6.28,-11.65,-9.59,-6.13,-4.15,-10.725,-15.895,-9.385,-8.395,-11.81,-16.445,-12.845,-10.955,-10.065,-9.685,-9.0,-9.24,-11.345,-15.17,-16.34,-15.955,-13.59,-13.68,-14.77,-15.065,-18.215,-17.26,-9.645,-7.645,-7.685
8,4,2014,1,-12.6,-6.615,-6.28,-11.65,-9.59,-6.13,-4.15,-10.725,-15.895,-9.385,-8.395,-11.81,-16.445,-12.845,-10.955,-10.065,-9.685,-9.0,-9.24,-11.345,-15.17,-16.34,-15.955,-13.59,-13.68,-14.77,-15.065,-18.215,-17.26,-9.645,-7.645
8,5,2014,2,-13.91,-12.6,-6.615,-6.28,-11.65,-9.59,-6.13,-4.15,-10.725,-15.895,-9.385,-8.395,-11.81,-16.445,-12.845,-10.955,-10.065,-9.685,-9.0,-9.24,-11.345,-15.17,-16.34,-15.955,-13.59,-13.68,-14.77,-15.065,-18.215,-17.26,-9.645
8,6,2014,3,-10.075,-13.91,-12.6,-6.615,-6.28,-11.65,-9.59,-6.13,-4.15,-10.725,-15.895,-9.385,-8.395,-11.81,-16.445,-12.845,-10.955,-10.065,-9.685,-9.0,-9.24,-11.345,-15.17,-16.34,-15.955,-13.59,-13.68,-14.77,-15.065,-18.215,-17.26
8,7,2014,4,-9.085,-10.075,-13.91,-12.6,-6.615,-6.28,-11.65,-9.59,-6.13,-4.15,-10.725,-15.895,-9.385,-8.395,-11.81,-16.445,-12.845,-10.955,-10.065,-9.685,-9.0,-9.24,-11.345,-15.17,-16.34,-15.955,-13.59,-13.68,-14.77,-15.065,-18.215
8,8,2014,5,-7.175,-9.085,-10.075,-13.91,-12.6,-6.615,-6.28,-11.65,-9.59,-6.13,-4.15,-10.725,-15.895,-9.385,-8.395,-11.81,-16.445,-12.845,-10.955,-10.065,-9.685,-9.0,-9.24,-11.345,-15.17,-16.34,-15.955,-13.59,-13.68,-14.77,-15.065
8,9,2014,6,-10.46,-7.175,-9.085,-10.075,-13.91,-12.6,-6.615,-6.28,-11.65,-9.59,-6.13,-4.15,-10.725,-15.895,-9.385,-8.395,-11.81,-16.445,-12.845,-10.955,-10.065,-9.685,-9.0,-9.24,-11.345,-15.17,-16.34,-15.955,-13.59,-13.68,-14.77
8,10,2014,7,-11.615,-10.46,-7.175,-9.085,-10.075,-13.91,-12.6,-6.615,-6.28,-11.65,-9.59,-6.13,-4.15,-10.725,-15.895,-9.385,-8.395,-11.81,-16.445,-12.845,-10.955,-10.065,-9.685,-9.0,-9.24,-11.345,-15.17,-16.34,-15.955,-13.59,-13.68
8,11,2014,1,-9.79,-11.615,-10.46,-7.175,-9.085,-10.075,-13.91,-12.6,-6.615,-6.28,-11.65,-9.59,-6.13,-4.15,-10.725,-15.895,-9.385,-8.395,-11.81,-16.445,-12.845,-10.955,-10.065,-9.685,-9.0,-9.24,-11.345,-15.17,-16.34,-15.955,-13.59
8,12,2014,2,-8.36,-9.79,-11.615,-10.46,-7.175,-9.085,-10.075,-13.91,-12.6,-6.615,-6.28,-11.65,-9.59,-6.13,-4.15,-10.725,-15.895,-9.385,-8.395,-11.81,-16.445,-12.845,-10.955,-10.065,-9.685,-9.0,-9.24,-11.345,-15.17,-16.34,-15.955
8,13,2014,3,-12.025,-8.36,-9.79,-11.615,-10.46,-7.175,-9.085,-10.075,-13.91,-12.6,-6.615,-6.28,-11.65,-9.59,-6.13,-4.15,-10.725,-15.895,-9.385,-8.395,-11.81,-16.445,-12.845,-10.955,-10.065,-9.685,-9.0,-9.24,-11.345,-15.17,-16.34
8,14,2014,4,-6.275,-12.025,-8.36,-9.79,-11.615,-10.46,-7.175,-9.085,-10.075,-13.91,-12.6,-6.615,-6.28,-11.65,-9.59,-6.13,-4.15,-10.725,-15.895,-9.385,-8.395,-11.81,-16.445,-12.845,-10.955,-10.065,-9.685,-9.0,-9.24,-11.345,-15.17
8,15,2014,5,-2.195,-6.275,-12.025,-8.36,-9.79,-11.615,-10.46,-7.175,-9.085,-10.075,-13.91,-12.6,-6.615,-6.28,-11.65,-9.59,-6.13,-4.15,-10.725,-15.895,-9.385,-8.395,-11.81,-16.445,-12.845,-10.955,-10.065,-9.685,-9.0,-9.24,-11.345
8,16,2014,6,-5.29,-2.195,-6.275,-12.025,-8.36,-9.79,-11.615,-10.46,-7.175,-9.085,-10.075,-13.91,-12.6,-6.615,-6.28,-11.65,-9.59,-6.13,-4.15,-10.725,-15.895,-9.385,-8.395,-11.81,-16.445,-12.845,-10.955,-10.065,-9.685,-9.0,-9.24
8,17,2014,7,-8.74,-5.29,-2.195,-6.275,-12.025,-8.36,-9.79,-11.615,-10.46,-7.175,-9.085,-10.075,-13.91,-12.6,-6.615,-6.28,-11.65,-9.59,-6.13,-4.15,-10.725,-15.895,-9.385,-8.395,-11.81,-16.445,-12.845,-10.955,-10.065,-9.685,-9.0
8,18,2014,1,-7.675,-8.74,-5.29,-2.195,-6.275,-12.025,-8.36,-9.79,-11.615,-10.46,-7.175,-9.085,-10.075,-13.91,-12.6,-6.615,-6.28,-11.65,-9.59,-6.13,-4.15,-10.725,-15.895,-9.385,-8.395,-11.81,-16.445,-12.845,-10.955,-10.065,-9.685
8,19,2014,2,-10.65,-7.675,-8.74,-5.29,-2.195,-6.275,-12.025,-8.36,-9.79,-11.615,-10.46,-7.175,-9.085,-10.075,-13.91,-12.6,-6.615,-6.28,-11.65,-9.59,-6.13,-4.15,-10.725,-15.895,-9.385,-8.395,-11.81,-16.445,-12.845,-10.955,-10.065
8,20,2014,3,-12.83,-10.65,-7.675,-8.74,-5.29,-2.195,-6.275,-12.025,-8.36,-9.79,-11.615,-10.46,-7.175,-9.085,-10.075,-13.91,-12.6,-6.615,-6.28,-11.65,-9.59,-6.13,-4.15,-10.725,-15.895,-9.385,-8.395,-11.81,-16.445,-12.845,-10.955
8,21,2014,4,-10.455,-12.83,-10.65,-7.675,-8.74,-5.29,-2.195,-6.275,-12.025,-8.36,-9.79,-11.615,-10.46,-7.175,-9.085,-10.075,-13.91,-12.6,-6.615,-6.28,-11.65,-9.59,-6.13,-4.15,-10.725,-15.895,-9.385,-8.395,-11.81,-16.445,-12.845
8,22,2014,5,-7.495,-10.455,-12.83,-10.65,-7.675,-8.74,-5.29,-2.195,-6.275,-12.025,-8.36,-9.79,-11.615,-10.46,-7.175,-9.085,-10.075,-13.91,-12.6,-6.615,-6.28,-11.65,-9.59,-6.13,-4.15,-10.725,-15.895,-9.385,-8.395,-11.81,-16.445
8,23,2014,6,-4.285,-7.495,-10.455,-12.83,-10.65,-7.675,-8.74,-5.29,-2.195,-6.275,-12.025,-8.36,-9.79,-11.615,-10.46,-7.175,-9.085,-10.075,-13.91,-12.6,-6.615,-6.28,-11.65,-9.59,-6.13,-4.15,-10.725,-15.895,-9.385,-8.395,-11.81
8,24,2014,7,-8.22,-4.285,-7.495,-10.455,-12.83,-10.65,-7.675,-8.74,-5.29,-2.195,-6.275,-12.025,-8.36,-9.79,-11.615,-10.46,-7.175,-9.085,-10.075,-13.91,-12.6,-6.615,-6.28,-11.65,-9.59,-6.13,-4.15,-10.725,-15.895,-9.385,-8.395
8,25,2014,1,-9.465,-8.22,-4.285,-7.495,-10.455,-12.83,-10.65,-7.675,-8.74,-5.29,-2.195,-6.275,-12.025,-8.36,-9.79,-11.615,-10.46,-7.175,-9.085,-10.075,-13.91,-12.6,-6.615,-6.28,-11.65,-9.59,-6.13,-4.15,-10.725,-15.895,-9.385
8,26,2014,2,-13.38,-9.465,-8.22,-4.285,-7.495,-10.455,-12.83,-10.65,-7.675,-8.74,-5.29,-2.195,-6.275,-12.025,-8.36,-9.79,-11.615,-10.46,-7.175,-9.085,-10.075,-13.91,-12.6,-6.615,-6.28,-11.65,-9.59,-6.13,-4.15,-10.725,-15.895
8,27,2014,3,-13.175,-13.38,-9.465,-8.22,-4.285,-7.495,-10.455,-12.83,-10.65,-7.675,-8.74,-5.29,-2.195,-6.275,-12.025,-8.36,-9.79,-11.615,-10.46,-7.175,-9.085,-10.075,-13.91,-12.6,-6.615,-6.28,-11.65,-9.59,-6.13,-4.15,-10.725
8,28,2014,4,-9.685,-13.175,-13.38,-9.465,-8.22,-4.285,-7.495,-10.455,-12.83,-10.65,-7.675,-8.74,-5.29,-2.195,-6.275,-12.025,-8.36,-9.79,-11.615,-10.46,-7.175,-9.085,-10.075,-13.91,-12.6,-6.615,-6.28,-11.65,-9.59,-6.13,-4.15
8,29,2014,5,-5.48,-9.685,-13.175,-13.38,-9.465,-8.22,-4.285,-7.495,-10.455,-12.83,-10.65,-7.675,-8.74,-5.29,-2.195,-6.275,-12.025,-8.36,-9.79,-11.615,-10.46,-7.175,-9.085,-10.075,-13.91,-12.6,-6.615,-6.28,-11.65,-9.59,-6.13
8,30,2014,6,-5.115,-5.48,-9.685,-13.175,-13.38,-9.465,-8.22,-4.285,-7.495,-10.455,-12.83,-10.65,-7.675,-8.74,-5.29,-2.195,-6.275,-12.025,-8.36,-9.79,-11.615,-10.46,-7.175,-9.085,-10.075,-13.91,-12.6,-6.615,-6.28,-11.65,-9.59
8,31,2014,7,-16.985,-5.115,-5.48,-9.685,-13.175,-13.38,-9.465,-8.22,-4.285,-7.495,-10.455,-12.83,-10.65,-7.675,-8.74,-5.29,-2.195,-6.275,-12.025,-8.36,-9.79,-11.615,-10.46,-7.175,-9.085,-10.075,-13.91,-12.6,-6.615,-6.28,-11.65
9,1,2014,1,-15.05,-16.985,-5.115,-5.48,-9.685,-13.175,-13.38,-9.465,-8.22,-4.285,-7.495,-10.455,-12.83,-10.65,-7.675,-8.74,-5.29,-2.195,-6.275,-12.025,-8.36,-9.79,-11.615,-10.46,-7.175,-9.085,-10.075,-13.91,-12.6,-6.615,-6.28
9,2,2014,2,-18.045,-15.05,-16.985,-5.115,-5.48,-9.685,-13.175,-13.38,-9.465,-8.22,-4.285,-7.495,-10.455,-12.83,-10.65,-7.675,-8.74,-5.29,-2.195,-6.275,-12.025,-8.36,-9.79,-11.615,-10.46,-7.175,-9.085,-10.075,-13.91,-12.6,-6.615
9,3,2014,3,-13.12,-18.045,-15.05,-16.985,-5.115,-5.48,-9.685,-13.175,-13.38,-9.465,-8.22,-4.285,-7.495,-10.455,-12.83,-10.65,-7.675,-8.74,-5.29,-2.195,-6.275,-12.025,-8.36,-9.79,-11.615,-10.46,-7.175,-9.085,-10.075,-13.91,-12.6
9,4,2014,4,-11.925,-13.12,-18.045,-15.05,-16.985,-5.115,-5.48,-9.685,-13.175,-13.38,-9.465,-8.22,-4.285,-7.495,-10.455,-12.83,-10.65,-7.675,-8.74,-5.29,-2.195,-6.275,-12.025,-8.36,-9.79,-11.615,-10.46,-7.175,-9.085,-10.075,-13.91
9,5,2014,5,-15.825,-11.925,-13.12,-18.045,-15.05,-16.985,-5.115,-5.48,-9.685,-13.175,-13.38,-9.465,-8.22,-4.285,-7.495,-10.455,-12.83,-10.65,-7.675,-8.74,-5.29,-2.195,-6.275,-12.025,-8.36,-9.79,-11.615,-10.46,-7.175,-9.085,-10.075
9,6,2014,6,-17.85,-15.825,-11.925,-13.12,-18.045,-15.05,-16.985,-5.115,-5.48,-9.685,-13.175,-13.38,-9.465,-8.22,-4.285,-7.495,-10.455,-12.83,-10.65,-7.675,-8.74,-5.29,-2.195,-6.275,-12.025,-8.36,-9.79,-11.615,-10.46,-7.175,-9.085
9,7,2014,7,-8.545,-17.85,-15.825,-11.925,-13.12,-18.045,-15.05,-16.985,-5.115,-5.48,-9.685,-13.175,-13.38,-9.465,-8.22,-4.285,-7.495,-10.455,-12.83,-10.65,-7.675,-8.74,-5.29,-2.195,-6.275,-12.025,-8.36,-9.79,-11.615,-10.46,-7.175
9,8,2014,1,-5.37,-8.545,-17.85,-15.825,-11.925,-13.12,-18.045,-15.05,-16.985,-5.115,-5.48,-9.685,-13.175,-13.38,-9.465,-8.22,-4.285,-7.495,-10.455,-12.83,-10.65,-7.675,-8.74,-5.29,-2.195,-6.275,-12.025,-8.36,-9.79,-11.615,-10.46
9,9,2014,2,-5.63,-5.37,-8.545,-17.85,-15.825,-11.925,-13.12,-18.045,-15.05,-16.985,-5.115,-5.48,-9.685,-13.175,-13.38,-9.465,-8.22,-4.285,-7.495,-10.455,-12.83,-10.65,-7.675,-8.74,-5.29,-2.195,-6.275,-12.025,-8.36,-9.79,-11.615
9,10,2014,3,-8.965,-5.63,-5.37,-8.545,-17.85,-15.825,-11.925,-13.12,-18.045,-15.05,-16.985,-5.115,-5.48,-9.685,-13.175,-13.38,-9.465,-8.22,-4.285,-7.495,-10.455,-12.83,-10.65,-7.675,-8.74,-5.29,-2.195,-6.275,-12.025,-8.36,-9.79
9,11,2014,4,-10.355,-8.965,-5.63,-5.37,-8.545,-17.85,-15.825,-11.925,-13.12,-18.045,-15.05,-16.985,-5.115,-5.48,-9.685,-13.175,-13.38,-9.465,-8.22,-4.285,-7.495,-10.455,-12.83,-10.65,-7.675,-8.74,-5.29,-2.195,-6.275,-12.025,-8.36
9,12,2014,5,-5.045,-10.355,-8.965,-5.63,-5.37,-8.545,-17.85,-15.825,-11.925,-13.12,-18.045,-15.05,-16.985,-5.115,-5.48,-9.685,-13.175,-13.38,-9.465,-8.22,-4.285,-7.495,-10.455,-12.83,-10.65,-7.675,-8.74,-5.29,-2.195,-6.275,-12.025
9,13,2014,6,-0.965,-5.045,-10.355,-8.965,-5.63,-5.37,-8.545,-17.85,-15.825,-11.925,-13.12,-18.045,-15.05,-16.985,-5.115,-5.48,-9.685,-13.175,-13.38,-9.465,-8.22,-4.285,-7.495,-10.455,-12.83,-10.65,-7.675,-8.74,-5.29,-2.195,-6.275
9,14,2014,7,3.725,-0.965,-5.045,-10.355,-8.965,-5.63,-5.37,-8.545,-17.85,-15.825,-11.925,-13.12,-18.045,-15.05,-16.985,-5.115,-5.48,-9.685,-13.175,-13.38,-9.465,-8.22,-4.285,-7.495,-10.455,-12.83,-10.65,-7.675,-8.74,-5.29,-2.195
9,15,2014,1,2.55,3.725,-0.965,-5.045,-10.355,-8.965,-5.63,-5.37,-8.545,-17.85,-15.825,-11.925,-13.12,-18.045,-15.05,-16.985,-5.115,-5.48,-9.685,-13.175,-13.38,-9.465,-8.22,-4.285,-7.495,-10.455,-12.83,-10.65,-7.675,-8.74,-5.29
9,16,2014,2,-1.245,2.55,3.725,-0.965,-5.045,-10.355,-8.965,-5.63,-5.37,-8.545,-17.85,-15.825,-11.925,-13.12,-18.045,-15.05,-16.985,-5.115,-5.48,-9.685,-13.175,-13.38,-9.465,-8.22,-4.285,-7.495,-10.455,-12.83,-10.65,-7.675,-8.74
9,17,2014,3,-0.195,-1.245,2.55,3.725,-0.965,-5.045,-10.355,-8.965,-5.63,-5.37,-8.545,-17.85,-15.825,-11.925,-13.12,-18.045,-15.05,-16.985,-5.115,-5.48,-9.685,-13.175,-13.38,-9.465,-8.22,-4.285,-7.495,-10.455,-12.83,-10.65,-7.675
9,18,2014,4,0.605,-0.195,-1.245,2.55,3.725,-0.965,-5.045,-10.355,-8.965,-5.63,-5.37,-8.545,-17.85,-15.825,-11.925,-13.12,-18.045,-15.05,-16.985,-5.115,-5.48,-9.685,-13.175,-13.38,-9.465,-8.22,-4.285,-7.495,-10.455,-12.83,-10.65
9,19,2014,5,1.455,0.605,-0.195,-1.245,2.55,3.725,-0.965,-5.045,-10.355,-8.965,-5.63,-5.37,-8.545,-17.85,-15.825,-11.925,-13.12,-18.045,-15.05,-16.985,-5.115,-5.48,-9.685,-13.175,-13.38,-9.465,-8.22,-4.285,-7.495,-10.455,-12.83
9,20,2014,6,-2.415,1.455,0.605,-0.195,-1.245,2.55,3.725,-0.965,-5.045,-10.355,-8.965,-5.63,-5.37,-8.545,-17.85,-15.825,-11.925,-13.12,-18.045,-15.05,-16.985,-5.115,-5.48,-9.685,-13.175,-13.38,-9.465,-8.22,-4.285,-7.495,-10.455
9,21,2014,7,-7.105,-2.415,1.455,0.605,-0.195,-1.245,2.55,3.725,-0.965,-5.045,-10.355,-8.965,-5.63,-5.37,-8.545,-17.85,-15.825,-11.925,-13.12,-18.045,-15.05,-16.985,-5.115,-5.48,-9.685,-13.175,-13.38,-9.465,-8.22,-4.285,-7.495
9,22,2014,1,-0.325,-7.105,-2.415,1.455,0.605,-0.195,-1.245,2.55,3.725,-0.965,-5.045,-10.355,-8.965,-5.63,-5.37,-8.545,-17.85,-15.825,-11.925,-13.12,-18.045,-15.05,-16.985,-5.115,-5.48,-9.685,-13.175,-13.38,-9.465,-8.22,-4.285
9,23,2014,2,3.09,-0.325,-7.105,-2.415,1.455,0.605,-0.195,-1.245,2.55,3.725,-0.965,-5.045,-10.355,-8.965,-5.63,-5.37,-8.545,-17.85,-15.825,-11.925,-13.12,-18.045,-15.05,-16.985,-5.115,-5.48,-9.685,-13.175,-13.38,-9.465,-8.22
9,24,2014,3,1.805,3.09,-0.325,-7.105,-2.415,1.455,0.605,-0.195,-1.245,2.55,3.725,-0.965,-5.045,-10.355,-8.965,-5.63,-5.37,-8.545,-17.85,-15.825,-11.925,-13.12,-18.045,-15.05,-16.985,-5.115,-5.48,-9.685,-13.175,-13.38,-9.465
9,25,2014,4,2.89,1.805,3.09,-0.325,-7.105,-2.415,1.455,0.605,-0.195,-1.245,2.55,3.725,-0.965,-5.045,-10.355,-8.965,-5.63,-5.37,-8.545,-17.85,-15.825,-11.925,-13.12,-18.045,-15.05,-16.985,-5.115,-5.48,-9.685,-13.175,-13.38
9,26,2014,5,-2.375,2.89,1.805,3.09,-0.325,-7.105,-2.415,1.455,0.605,-0.195,-1.245,2.55,3.725,-0.965,-5.045,-10.355,-8.965,-5.63,-5.37,-8.545,-17.85,-15.825,-11.925,-13.12,-18.045,-15.05,-16.985,-5.115,-5.48,-9.685,-13.175
9,27,2014,6,-5.13,-2.375,2.89,1.805,3.09,-0.325,-7.105,-2.415,1.455,0.605,-0.195,-1.245,2.55,3.725,-0.965,-5.045,-10.355,-8.965,-5.63,-5.37,-8.545,-17.85,-15.825,-11.925,-13.12,-18.045,-15.05,-16.985,-5.115,-5.48,-9.685
9,28,2014,7,-6.0,-5.13,-2.375,2.89,1.805,3.09,-0.325,-7.105,-2.415,1.455,0.605,-0.195,-1.245,2.55,3.725,-0.965,-5.045,-10.355,-8.965,-5.63,-5.37,-8.545,-17.85,-15.825,-11.925,-13.12,-18.045,-15.05,-16.985,-5.115,-5.48
9,29,2014,1,-4.9,-6.0,-5.13,-2.375,2.89,1.805,3.09,-0.325,-7.105,-2.415,1.455,0.605,-0.195,-1.245,2.55,3.725,-0.965,-5.045,-10.355,-8.965,-5.63,-5.37,-8.545,-17.85,-15.825,-11.925,-13.12,-18.045,-15.05,-16.985,-5.115
9,30,2014,2,-6.09,-4.9,-6.0,-5.13,-2.375,2.89,1.805,3.09,-0.325,-7.105,-2.415,1.455,0.605,-0.195,-1.245,2.55,3.725,-0.965,-5.045,-10.355,-8.965,-5.63,-5.37,-8.545,-17.85,-15.825,-11.925,-13.12,-18.045,-15.05,-16.985
10,1,2014,3,-2.185,-6.09,-4.9,-6.0,-5.13,-2.375,2.89,1.805,3.09,-0.325,-7.105,-2.415,1.455,0.605,-0.195,-1.245,2.55,3.725,-0.965,-5.045,-10.355,-8.965,-5.63,-5.37,-8.545,-17.85,-15.825,-11.925,-13.12,-18.045,-15.05
10,2,2014,4,-1.81,-2.185,-6.09,-4.9,-6.0,-5.13,-2.375,2.89,1.805,3.09,-0.325,-7.105,-2.415,1.455,0.605,-0.195,-1.245,2.55,3.725,-0.965,-5.045,-10.355,-8.965,-5.63,-5.37,-8.545,-17.85,-15.825,-11.925,-13.12,-18.045
10,3,2014,5,-0.22,-1.81,-2.185,-6.09,-4.9,-6.0,-5.13,-2.375,2.89,1.805,3.09,-0.325,-7.105,-2.415,1.455,0.605,-0.195,-1.245,2.55,3.725,-0.965,-5.045,-10.355,-8.965,-5.63,-5.37,-8.545,-17.85,-15.825,-11.925,-13.12
10,4,2014,6,4.425,-0.22,-1.81,-2.185,-6.09,-4.9,-6.0,-5.13,-2.375,2.89,1.805,3.09,-0.325,-7.105,-2.415,1.455,0.605,-0.195,-1.245,2.55,3.725,-0.965,-5.045,-10.355,-8.965,-5.63,-5.37,-8.545,-17.85,-15.825,-11.925
10,5,2014,7,13.25,4.425,-0.22,-1.81,-2.185,-6.09,-4.9,-6.0,-5.13,-2.375,2.89,1.805,3.09,-0.325,-7.105,-2.415,1.455,0.605,-0.195,-1.245,2.55,3.725,-0.965,-5.045,-10.355,-8.965,-5.63,-5.37,-8.545,-17.85,-15.825
10,6,2014,1,6.44,13.25,4.425,-0.22,-1.81,-2.185,-6.09,-4.9,-6.0,-5.13,-2.375,2.89,1.805,3.09,-0.325,-7.105,-2.415,1.455,0.605,-0.195,-1.245,2.55,3.725,-0.965,-5.045,-10.355,-8.965,-5.63,-5.37,-8.545,-17.85
10,7,2014,2,-1.255,6.44,13.25,4.425,-0.22,-1.81,-2.185,-6.09,-4.9,-6.0,-5.13,-2.375,2.89,1.805,3.09,-0.325,-7.105,-2.415,1.455,0.605,-0.195,-1.245,2.55,3.725,-0.965,-5.045,-10.355,-8.965,-5.63,-5.37,-8.545
10,8,2014,3,-2.32,-1.255,6.44,13.25,4.425,-0.22,-1.81,-2.185,-6.09,-4.9,-6.0,-5.13,-2.375,2.89,1.805,3.09,-0.325,-7.105,-2.415,1.455,0.605,-0.195,-1.245,2.55,3.725,-0.965,-5.045,-10.355,-8.965,-5.63,-5.37
10,9,2014,4,4.47,-2.32,-1.255,6.44,13.25,4.425,-0.22,-1.81,-2.185,-6.09,-4.9,-6.0,-5.13,-2.375,2.89,1.805,3.09,-0.325,-7.105,-2.415,1.455,0.605,-0.195,-1.245,2.55,3.725,-0.965,-5.045,-10.355,-8.965,-5.63
10,10,2014,5,8.19,4.47,-2.32,-1.255,6.44,13.25,4.425,-0.22,-1.81,-2.185,-6.09,-4.9,-6.0,-5.13,-2.375,2.89,1.805,3.09,-0.325,-7.105,-2.415,1.455,0.605,-0.195,-1.245,2.55,3.725,-0.965,-5.045,-10.355,-8.965
10,11,2014,6,11.92,8.19,4.47,-2.32,-1.255,6.44,13.25,4.425,-0.22,-1.81,-2.185,-6.09,-4.9,-6.0,-5.13,-2.375,2.89,1.805,3.09,-0.325,-7.105,-2.415,1.455,0.605,-0.195,-1.245,2.55,3.725,-0.965,-5.045,-10.355
10,12,2014,7,11.795,11.92,8.19,4.47,-2.32,-1.255,6.44,13.25,4.425,-0.22,-1.81,-2.185,-6.09,-4.9,-6.0,-5.13,-2.375,2.89,1.805,3.09,-0.325,-7.105,-2.415,1.455,0.605,-0.195,-1.245,2.55,3.725,-0.965,-5.045
10,13,2014,1,6.965,11.795,11.92,8.19,4.47,-2.32,-1.255,6.44,13.25,4.425,-0.22,-1.81,-2.185,-6.09,-4.9,-6.0,-5.13,-2.375,2.89,1.805,3.09,-0.325,-7.105,-2.415,1.455,0.605,-0.195,-1.245,2.55,3.725,-0.965
10,14,2014,2,-5.42,6.965,11.795,11.92,8.19,4.47,-2.32,-1.255,6.44,13.25,4.425,-0.22,-1.81,-2.185,-6.09,-4.9,-6.0,-5.13,-2.375,2.89,1.805,3.09,-0.325,-7.105,-2.415,1.455,0.605,-0.195,-1.245,2.55,3.725
10,15,2014,3,-7.095,-5.42,6.965,11.795,11.92,8.19,4.47,-2.32,-1.255,6.44,13.25,4.425,-0.22,-1.81,-2.185,-6.09,-4.9,-6.0,-5.13,-2.375,2.89,1.805,3.09,-0.325,-7.105,-2.415,1.455,0.605,-0.195,-1.245,2.55
10,16,2014,4,2.04,-7.095,-5.42,6.965,11.795,11.92,8.19,4.47,-2.32,-1.255,6.44,13.25,4.425,-0.22,-1.81,-2.185,-6.09,-4.9,-6.0,-5.13,-2.375,2.89,1.805,3.09,-0.325,-7.105,-2.415,1.455,0.605,-0.195,-1.245
10,17,2014,5,1.895,2.04,-7.095,-5.42,6.965,11.795,11.92,8.19,4.47,-2.32,-1.255,6.44,13.25,4.425,-0.22,-1.81,-2.185,-6.09,-4.9,-6.0,-5.13,-2.375,2.89,1.805,3.09,-0.325,-7.105,-2.415,1.455,0.605,-0.195
10,18,2014,6,3.98,1.895,2.04,-7.095,-5.42,6.965,11.795,11.92,8.19,4.47,-2.32,-1.255,6.44,13.25,4.425,-0.22,-1.81,-2.185,-6.09,-4.9,-6.0,-5.13,-2.375,2.89,1.805,3.09,-0.325,-7.105,-2.415,1.455,0.605
10,19,2014,7,16.56,3.98,1.895,2.04,-7.095,-5.42,6.965,11.795,11.92,8.19,4.47,-2.32,-1.255,6.44,13.25,4.425,-0.22,-1.81,-2.185,-6.09,-4.9,-6.0,-5.13,-2.375,2.89,1.805,3.09,-0.325,-7.105,-2.415,1.455
10,20,2014,1,16.2,16.56,3.98,1.895,2.04,-7.095,-5.42,6.965,11.795,11.92,8.19,4.47,-2.32,-1.255,6.44,13.25,4.425,-0.22,-1.81,-2.185,-6.09,-4.9,-6.0,-5.13,-2.375,2.89,1.805,3.09,-0.325,-7.105,-2.415
10,21,2014,2,5.235,16.2,16.56,3.98,1.895,2.04,-7.095,-5.42,6.965,11.795,11.92,8.19,4.47,-2.32,-1.255,6.44,13.25,4.425,-0.22,-1.81,-2.185,-6.09,-4.9,-6.0,-5.13,-2.375,2.89,1.805,3.09,-0.325,-7.105
10,22,2014,3,10.565,5.235,16.2,16.56,3.98,1.895,2.04,-7.095,-5.42,6.965,11.795,11.92,8.19,4.47,-2.32,-1.255,6.44,13.25,4.425,-0.22,-1.81,-2.185,-6.09,-4.9,-6.0,-5.13,-2.375,2.89,1.805,3.09,-0.325
10,23,2014,4,12.055,10.565,5.235,16.2,16.56,3.98,1.895,2.04,-7.095,-5.42,6.965,11.795,11.92,8.19,4.47,-2.32,-1.255,6.44,13.25,4.425,-0.22,-1.81,-2.185,-6.09,-4.9,-6.0,-5.13,-2.375,2.89,1.805,3.09
10,24,2014,5,4.71,12.055,10.565,5.235,16.2,16.56,3.98,1.895,2.04,-7.095,-5.42,6.965,11.795,11.92,8.19,4.47,-2.32,-1.255,6.44,13.25,4.425,-0.22,-1.81,-2.185,-6.09,-4.9,-6.0,-5.13,-2.375,2.89,1.805
10,25,2014,6,7.555,4.71,12.055,10.565,5.235,16.2,16.56,3.98,1.895,2.04,-7.095,-5.42,6.965,11.795,11.92,8.19,4.47,-2.32,-1.255,6.44,13.25,4.425,-0.22,-1.81,-2.185,-6.09,-4.9,-6.0,-5.13,-2.375,2.89
10,26,2014,7,6.04,8.695,4.29,11.975,10.505,5.17,16.14,17.355,3.98,1.895,2.04,-7.095,-5.42,6.965,10.145,10.88,8.19,4.47,-2.32,-1.255,6.44,13.25,4.425,-0.22,-1.81,-2.185,-6.09,-4.9,-6.0,-5.13,-2.375
