10,25,2013,5,-12.17,-12.865,-9.27,-5.72,-4.81,-6.205,-4.385,-2.83,-2.235,-3.865,-5.515,-5.875,-4.65,-0.115,2.86,-11.34,-12.445,-14.105,-10.51,-9.81,-12.23,-14.54,-14.695,-13.905,-13.11,-13.45,-10.82,-11.135,-17.54,-17.005,-16.275
10,26,2013,6,-7.5,-12.17,-12.865,-9.27,-5.72,-4.81,-6.205,-4.385,-2.83,-2.235,-3.865,-5.515,-5.875,-4.65,-0.115,2.86,-11.34,-12.445,-14.105,-10.51,-9.81,-12.23,-14.54,-14.695,-13.905,-13.11,-13.45,-10.82,-11.135,-17.54,-17.005
10,27,2013,7,-9.075,-7.5,-12.17,-12.865,-9.27,-5.72,-4.81,-6.205,-4.385,-2.83,-2.235,-3.865,-5.515,-5.875,-4.65,-0.115,2.86,-11.34,-12.445,-14.105,-10.51,-9.81,-12.23,-14.54,-14.695,-13.905,-13.11,-13.45,-10.82,-11.135,-17.54
10,28,2013,1,-10.07,-9.075,-7.5,-12.17,-12.865,-9.27,-5.72,-4.81,-6.205,-4.385,-2.83,-2.235,-3.865,-5.515,-5.875,-4.65,-0.115,2.86,-11.34,-12.445,-14.105,-10.51,-9.81,-12.23,-14.54,-14.695,-13.905,-13.11,-13.45,-10.82,-11.135
10,29,2013,2,-8.69,-10.07,-9.075,-7.5,-12.17,-12.865,-9.27,-5.72,-4.81,-6.205,-4.385,-2.83,-2.235,-3.865,-5.515,-5.875,-4.65,-0.115,2.86,-11.34,-12.445,-14.105,-10.51,-9.81,-12.23,-14.54,-14.695,-13.905,-13.11,-13.45,-10.82
10,30,2013,3,0.155,-8.69,-10.07,-9.075,-7.5,-12.17,-12.865,-9.27,-5.72,-4.81,-6.205,-4.385,-2.83,-2.235,-3.865,-5.515,-5.875,-4.65,-0.115,2.86,-11.34,-12.445,-14.105,-10.51,-9.81,-12.23,-14.54,-14.695,-13.905,-13.11,-13.45
10,31,2013,4,3.0,0.155,-8.69,-10.07,-9.075,-7.5,-12.17,-12.865,-9.27,-5.72,-4.81,-6.205,-4.385,-2.83,-2.235,-3.865,-5.515,-5.875,-4.65,-0.115,2.86,-11.34,-12.445,-14.105,-10.51,-9.81,-12.23,-14.54,-14.695,-13.905,-13.11
11,1,2013,5,3.62,3.0,0.155,-8.69,-10.07,-9.075,-7.5,-12.17,-12.865,-9.27,-5.72,-4.81,-6.205,-4.385,-2.83,-2.235,-3.865,-5.515,-5.875,-4.65,-0.115,2.86,-11.34,-12.445,-14.105,-10.51,-9.81,-12.23,-14.54,-14.695,-13.905
11,2,2013,6,0.035,3.62,3.0,0.155,-8.69,-10.07,-9.075,-7.5,-12.17,-12.865,-9.27,-5.72,-4.81,-6.205,-4.385,-2.83,-2.235,-3.865,-5.515,-5.875,-4.65,-0.115,2.86,-11.34,-12.445,-14.105,-10.51,-9.81,-12.23,-14.54,-14.695
11,3,2013,7,-4.84,0.035,3.62,3.0,0.155,-8.69,-10.07,-9.075,-7.5,-12.17,-12.865,-9.27,-5.72,-4.81,-6.205,-4.385,-2.83,-2.235,-3.865,-5.515,-5.875,-4.65,-0.115,2.86,-11.34,-12.445,-14.105,-10.51,-9.81,-12.23,-14.54
11,4,2013,1,-0.635,-4.84,0.035,3.62,3.0,0.155,-8.69,-10.07,-9.075,-7.5,-12.17,-12.865,-9.27,-5.72,-4.81,-6.205,-4.385,-2.83,-2.235,-3.865,-5.515,-5.875,-4.65,-0.115,2.86,-11.34,-12.445,-14.105,-10.51,-9.81,-12.23
11,5,2013,2,1.2,-0.635,-4.84,0.035,3.62,3.0,0.155,-8.69,-10.07,-9.075,-7.5,-12.17,-12.865,-9.27,-5.72,-4.81,-6.205,-4.385,-2.83,-2.235,-3.865,-5.515,-5.875,-4.65,-0.115,2.86,-11.34,-12.445,-14.105,-10.51,-9.81
11,6,2013,3,-0.28,1.2,-0.635,-4.84,0.035,3.62,3.0,0.155,-8.69,-10.07,-9.075,-7.5,-12.17,-12.865,-9.27,-5.72,-4.81,-6.205,-4.385,-2.83,-2.235,-3.865,-5.515,-5.875,-4.65,-0.115,2.86,-11.34,-12.445,-14.105,-10.51
11,7,2013,4,-3.99,-0.28,1.2,-0.635,-4.84,0.035,3.62,3.0,0.155,-8.69,-10.07,-9.075,-7.5,-12.17,-12.865,-9.27,-5.72,-4.81,-6.205,-4.385,-2.83,-2.235,-3.865,-5.515,-5.875,-4.65,-0.115,2.86,-11.34,-12.445,-14.105
11,8,2013,5,-3.675,-3.99,-0.28,1.2,-0.635,-4.84,0.035,3.62,3.0,0.155,-8.69,-10.07,-9.075,-7.5,-12.17,-12.865,-9.27,-5.72,-4.81,-6.205,-4.385,-2.83,-2.235,-3.865,-5.515,-5.875,-4.65,-0.115,2.86,-11.34,-12.445
11,9,2013,6,-3.57,-3.675,-3.99,-0.28,1.2,-0.635,-4.84,0.035,3.62,3.0,0.155,-8.69,-10.07,-9.075,-7.5,-12.17,-12.865,-9.27,-5.72,-4.81,-6.205,-4.385,-2.83,-2.235,-3.865,-5.515,-5.875,-4.65,-0.115,2.86,-11.34
11,10,2013,7,-3.94,-3.57,-3.675,-3.99,-0.28,1.2,-0.635,-4.84,0.035,3.62,3.0,0.155,-8.69,-10.07,-9.075,-7.5,-12.17,-12.865,-9.27,-5.72,-4.81,-6.205,-4.385,-2.83,-2.235,-3.865,-5.515,-5.875,-4.65,-0.115,2.86
11,11,2013,1,-7.57,-3.94,-3.57,-3.675,-3.99,-0.28,1.2,-0.635,-4.84,0.035,3.62,3.0,0.155,-8.69,-10.07,-9.075,-7.5,-12.17,-12.865,-9.27,-5.72,-4.81,-6.205,-4.385,-2.83,-2.235,-3.865,-5.515,-5.875,-4.65,-0.115
11,12,2013,2,-12.545,-7.57,-3.94,-3.57,-3.675,-3.99,-0.28,1.2,-0.635,-4.84,0.035,3.62,3.0,0.155,-8.69,-10.07,-9.075,-7.5,-12.17,-12.865,-9.27,-5.72,-4.81,-6.205,-4.385,-2.83,-2.235,-3.865,-5.515,-5.875,-4.65
11,13,2013,3,-10.43,-12.545,-7.57,-3.94,-3.57,-3.675,-3.99,-0.28,1.2,-0.635,-4.84,0.035,3.62,3.0,0.155,-8.69,-10.07,-9.075,-7.5,-12.17,-12.865,-9.27,-5.72,-4.81,-6.205,-4.385,-2.83,-2.235,-3.865,-5.515,-5.875
11,14,2013,4,-4.955,-10.43,-12.545,-7.57,-3.94,-3.57,-3.675,-3.99,-0.28,1.2,-0.635,-4.84,0.035,3.62,3.0,0.155,-8.69,-10.07,-9.075,-7.5,-12.17,-12.865,-9.27,-5.72,-4.81,-6.205,-4.385,-2.83,-2.235,-3.865,-5.515
11,15,2013,5,-6.22,-4.955,-10.43,-12.545,-7.57,-3.94,-3.57,-3.675,-3.99,-0.28,1.2,-0.635,-4.84,0.035,3.62,3.0,0.155,-8.69,-10.07,-9.075,-7.5,-12.17,-12.865,-9.27,-5.72,-4.81,-6.205,-4.385,-2.83,-2.235,-3.865
11,16,2013,6,-0.36,-6.22,-4.955,-10.43,-12.545,-7.57,-3.94,-3.57,-3.675,-3.99,-0.28,1.2,-0.635,-4.84,0.035,3.62,3.0,0.155,-8.69,-10.07,-9.075,-7.5,-12.17,-12.865,-9.27,-5.72,-4.81,-6.205,-4.385,-2.83,-2.235
11,17,2013,7,1.73,-0.36,-6.22,-4.955,-10.43,-12.545,-7.57,-3.94,-3.57,-3.675,-3.99,-0.28,1.2,-0.635,-4.84,0.035,3.62,3.0,0.155,-8.69,-10.07,-9.075,-7.5,-12.17,-12.865,-9.27,-5.72,-4.81,-6.205,-4.385,-2.83
11,18,2013,1,-1.925,1.73,-0.36,-6.22,-4.955,-10.43,-12.545,-7.57,-3.94,-3.57,-3.675,-3.99,-0.28,1.2,-0.635,-4.84,0.035,3.62,3.0,0.155,-8.69,-10.07,-9.075,-7.5,-12.17,-12.865,-9.27,-5.72,-4.81,-6.205,-4.385
11,19,2013,2,0.075,-1.925,1.73,-0.36,-6.22,-4.955,-10.43,-12.545,-7.57,-3.94,-3.57,-3.675,-3.99,-0.28,1.2,-0.635,-4.84,0.035,3.62,3.0,0.155,-8.69,-10.07,-9.075,-7.5,-12.17,-12.865,-9.27,-5.72,-4.81,-6.205
11,20,2013,3,-1.225,0.075,-1.925,1.73,-0.36,-6.22,-4.955,-10.43,-12.545,-7.57,-3.94,-3.57,-3.675,-3.99,-0.28,1.2,-0.635,-4.84,0.035,3.62,3.0,0.155,-8.69,-10.07,-9.075,-7.5,-12.17,-12.865,-9.27,-5.72,-4.81
11,21,2013,4,1.68,-1.225,0.075,-1.925,1.73,-0.36,-6.22,-4.955,-10.43,-12.545,-7.57,-3.94,-3.57,-3.675,-3.99,-0.28,1.2,-0.635,-4.84,0.035,3.62,3.0,0.155,-8.69,-10.07,-9.075,-7.5,-12.17,-12.865,-9.27,-5.72
11,22,2013,5,10.08,1.68,-1.225,0.075,-1.925,1.73,-0.36,-6.22,-4.955,-10.43,-12.545,-7.57,-3.94,-3.57,-3.675,-3.99,-0.28,1.2,-0.635,-4.84,0.035,3.62,3.0,0.155,-8.69,-10.07,-9.075,-7.5,-12.17,-12.865,-9.27
11,23,2013,6,10.97,10.08,1.68,-1.225,0.075,-1.925,1.73,-0.36,-6.22,-4.955,-10.43,-12.545,-7.57,-3.94,-3.57,-3.675,-3.99,-0.28,1.2,-0.635,-4.84,0.035,3.62,3.0,0.155,-8.69,-10.07,-9.075,-7.5,-12.17,-12.865
11,24,2013,7,11.685,10.97,10.08,1.68,-1.225,0.075,-1.925,1.73,-0.36,-6.22,-4.955,-10.43,-12.545,-7.57,-3.94,-3.57,-3.675,-3.99,-0.28,1.2,-0.635,-4.84,0.035,3.62,3.0,0.155,-8.69,-10.07,-9.075,-7.5,-12.17
11,25,2013,1,12.015,11.685,10.97,10.08,1.68,-1.225,0.075,-1.925,1.73,-0.36,-6.22,-4.955,-10.43,-12.545,-7.57,-3.94,-3.57,-3.675,-3.99,-0.28,1.2,-0.635,-4.84,0.035,3.62,3.0,0.155,-8.69,-10.07,-9.075,-7.5
11,26,2013,2,6.9,12.015,11.685,10.97,10.08,1.68,-1.225,0.075,-1.925,1.73,-0.36,-6.22,-4.955,-10.43,-12.545,-7.57,-3.94,-3.57,-3.675,-3.99,-0.28,1.2,-0.635,-4.84,0.035,3.62,3.0,0.155,-8.69,-10.07,-9.075
11,27,2013,3,4.17,6.9,12.015,11.685,10.97,10.08,1.68,-1.225,0.075,-1.925,1.73,-0.36,-6.22,-4.955,-10.43,-12.545,-7.57,-3.94,-3.57,-3.675,-3.99,-0.28,1.2,-0.635,-4.84,0.035,3.62,3.0,0.155,-8.69,-10.07
11,28,2013,4,5.305,4.17,6.9,12.015,11.685,10.97,10.08,1.68,-1.225,0.075,-1.925,1.73,-0.36,-6.22,-4.955,-10.43,-12.545,-7.57,-3.94,-3.57,-3.675,-3.99,-0.28,1.2,-0.635,-4.84,0.035,3.62,3.0,0.155,-8.69
11,29,2013,5,4.13,5.305,4.17,6.9,12.015,11.685,10.97,10.08,1.68,-1.225,0.075,-1.925,1.73,-0.36,-6.22,-4.955,-10.43,-12.545,-7.57,-3.94,-3.57,-3.675,-3.99,-0.28,1.2,-0.635,-4.84,0.035,3.62,3.0,0.155
11,30,2013,6,6.565,4.13,5.305,4.17,6.9,12.015,11.685,10.97,10.08,1.68,-1.225,0.075,-1.925,1.73,-0.36,-6.22,-4.955,-10.43,-12.545,-7.57,-3.94,-3.57,-3.675,-3.99,-0.28,1.2,-0.635,-4.84,0.035,3.62,3.0
12,1,2013,7,5.36,6.565,4.13,5.305,4.17,6.9,12.015,11.685,10.97,10.08,1.68,-1.225,0.075,-1.925,1.73,-0.36,-6.22,-4.955,-10.43,-12.545,-7.57,-3.94,-3.57,-3.675,-3.99,-0.28,1.2,-0.635,-4.84,0.035,3.62
12,2,2013,1,8.005,5.36,6.565,4.13,5.305,4.17,6.9,12.015,11.685,10.97,10.08,1.68,-1.225,0.075,-1.925,1.73,-0.36,-6.22,-4.955,-10.43,-12.545,-7.57,-3.94,-3.57,-3.675,-3.99,-0.28,1.2,-0.635,-4.84,0.035
12,3,2013,2,5.4,8.005,5.36,6.565,4.13,5.305,4.17,6.9,12.015,11.685,10.97,10.08,1.68,-1.225,0.075,-1.925,1.73,-0.36,-6.22,-4.955,-10.43,-12.545,-7.57,-3.94,-3.57,-3.675,-3.99,-0.28,1.2,-0.635,-4.84
12,4,2013,3,10.35,5.4,8.005,5.36,6.565,4.13,5.305,4.17,6.9,12.015,11.685,10.97,10.08,1.68,-1.225,0.075,-1.925,1.73,-0.36,-6.22,-4.955,-10.43,-12.545,-7.57,-3.94,-3.57,-3.675,-3.99,-0.28,1.2,-0.635
12,5,2013,4,18.13,10.35,5.4,8.005,5.36,6.565,4.13,5.305,4.17,6.9,12.015,11.685,10.97,10.08,1.68,-1.225,0.075,-1.925,1.73,-0.36,-6.22,-4.955,-10.43,-12.545,-7.57,-3.94,-3.57,-3.675,-3.99,-0.28,1.2
12,6,2013,5,21.73,18.13,10.35,5.4,8.005,5.36,6.565,4.13,5.305,4.17,6.9,12.015,11.685,10.97,10.08,1.68,-1.225,0.075,-1.925,1.73,-0.36,-6.22,-4.955,-10.43,-12.545,-7.57,-3.94,-3.57,-3.675,-3.99,-0.28
12,7,2013,6,20.27,21.73,18.13,10.35,5.4,8.005,5.36,6.565,4.13,5.305,4.17,6.9,12.015,11.685,10.97,10.08,1.68,-1.225,0.075,-1.925,1.73,-0.36,-6.22,-4.955,-10.43,-12.545,-7.57,-3.94,-3.57,-3.675,-3.99
12,8,2013,7,14.0,20.27,21.73,18.13,10.35,5.4,8.005,5.36,6.565,4.13,5.305,4.17,6.9,12.015,11.685,10.97,10.08,1.68,-1.225,0.075,-1.925,1.73,-0.36,-6.22,-4.955,-10.43,-12.545,-7.57,-3.94,-3.57,-3.675
12,9,2013,1,21.04,14.0,20.27,21.73,18.13,10.35,5.4,8.005,5.36,6.565,4.13,5.305,4.17,6.9,12.015,11.685,10.97,10.08,1.68,-1.225,0.075,-1.925,1.73,-0.36,-6.22,-4.955,-10.43,-12.545,-7.57,-3.94,-3.57
12,10,2013,2,16.725,21.04,14.0,20.27,21.73,18.13,10.35,5.4,8.005,5.36,6.565,4.13,5.305,4.17,6.9,12.015,11.685,10.97,10.08,1.68,-1.225,0.075,-1.925,1.73,-0.36,-6.22,-4.955,-10.43,-12.545,-7.57,-3.94
12,11,2013,3,9.005,16.725,21.04,14.0,20.27,21.73,18.13,10.35,5.4,8.005,5.36,6.565,4.13,5.305,4.17,6.9,12.015,11.685,10.97,10.08,1.68,-1.225,0.075,-1.925,1.73,-0.36,-6.22,-4.955,-10.43,-12.545,-7.57
12,12,2013,4,3.72,9.005,16.725,21.04,14.0,20.27,21.73,18.13,10.35,5.4,8.005,5.36,6.565,4.13,5.305,4.17,6.9,12.015,11.685,10.97,10.08,1.68,-1.225,0.075,-1.925,1.73,-0.36,-6.22,-4.955,-10.43,-12.545
12,13,2013,5,13.005,3.72,9.005,16.725,21.04,14.0,20.27,21.73,18.13,10.35,5.4,8.005,5.36,6.565,4.13,5.305,4.17,6.9,12.015,11.685,10.97,10.08,1.68,-1.225,0.075,-1.925,1.73,-0.36,-6.22,-4.955,-10.43
12,14,2013,6,12.71,13.005,3.72,9.005,16.725,21.04,14.0,20.27,21.73,18.13,10.35,5.4,8.005,5.36,6.565,4.13,5.305,4.17,6.9,12.015,11.685,10.97,10.08,1.68,-1.225,0.075,-1.925,1.73,-0.36,-6.22,-4.955
12,15,2013,7,8.52,12.71,13.005,3.72,9.005,16.725,21.04,14.0,20.27,21.73,18.13,10.35,5.4,8.005,5.36,6.565,4.13,5.305,4.17,6.9,12.015,11.685,10.97,10.08,1.68,-1.225,0.075,-1.925,1.73,-0.36,-6.22
12,16,2013,1,5.88,8.52,12.71,13.005,3.72,9.005,16.725,21.04,14.0,20.27,21.73,18.13,10.35,5.4,8.005,5.36,6.565,4.13,5.305,4.17,6.9,12.015,11.685,10.97,10.08,1.68,-1.225,0.075,-1.925,1.73,-0.36
12,17,2013,2,2.405,5.88,8.52,12.71,13.005,3.72,9.005,16.725,21.04,14.0,20.27,21.73,18.13,10.35,5.4,8.005,5.36,6.565,4.13,5.305,4.17,6.9,12.015,11.685,10.97,10.08,1.68,-1.225,0.075,-1.925,1.73
12,18,2013,3,1.81,2.405,5.88,8.52,12.71,13.005,3.72,9.005,16.725,21.04,14.0,20.27,21.73,18.13,10.35,5.4,8.005,5.36,6.565,4.13,5.305,4.17,6.9,12.015,11.685,10.97,10.08,1.68,-1.225,0.075,-1.925
12,19,2013,4,4.865,1.81,2.405,5.88,8.52,12.71,13.005,3.72,9.005,16.725,21.04,14.0,20.27,21.73,18.13,10.35,5.4,8.005,5.36,6.565,4.13,5.305,4.17,6.9,12.015,11.685,10.97,10.08,1.68,-1.225,0.075
12,20,2013,5,12.295,4.865,1.81,2.405,5.88,8.52,12.71,13.005,3.72,9.005,16.725,21.04,14.0,20.27,21.73,18.13,10.35,5.4,8.005,5.36,6.565,4.13,5.305,4.17,6.9,12.015,11.685,10.97,10.08,1.68,-1.225
12,21,2013,6,14.01,12.295,4.865,1.81,2.405,5.88,8.52,12.71,13.005,3.72,9.005,16.725,21.04,14.0,20.27,21.73,18.13,10.35,5.4,8.005,5.36,6.565,4.13,5.305,4.17,6.9,12.015,11.685,10.97,10.08,1.68
12,22,2013,7,15.655,14.01,12.295,4.865,1.81,2.405,5.88,8.52,12.71,13.005,3.72,9.005,16.725,21.04,14.0,20.27,21.73,18.13,10.35,5.4,8.005,5.36,6.565,4.13,5.305,4.17,6.9,12.015,11.685,10.97,10.08
12,23,2013,1,11.17,15.655,14.01,12.295,4.865,1.81,2.405,5.88,8.52,12.71,13.005,3.72,9.005,16.725,21.04,14.0,20.27,21.73,18.13,10.35,5.4,8.005,5.36,6.565,4.13,5.305,4.17,6.9,12.015,11.685,10.97
12,24,2013,2,9.68,11.17,15.655,14.01,12.295,4.865,1.81,2.405,5.88,8.52,12.71,13.005,3.72,9.005,16.725,21.04,14.0,20.27,21.73,18.13,10.35,5.4,8.005,5.36,6.565,4.13,5.305,4.17,6.9,12.015,11.685
12,25,2013,3,8.87,9.68,11.17,15.655,14.01,12.295,4.865,1.81,2.405,5.88,8.52,12.71,13.005,3.72,9.005,16.725,21.04,14.0,20.27,21.73,18.13,10.35,5.4,8.005,5.36,6.565,4.13,5.305,4.17,6.9,12.015
12,26,2013,4,5.985,8.87,9.68,11.17,15.655,14.01,12.295,4.865,1.81,2.405,5.88,8.52,12.71,13.005,3.72,9.005,16.725,21.04,14.0,20.27,21.73,18.13,10.35,5.4,8.005,5.36,6.565,4.13,5.305,4.17,6.9
12,27,2013,5,7.965,5.985,8.87,9.68,11.17,15.655,14.01,12.295,4.865,1.81,2.405,5.88,8.52,12.71,13.005,3.72,9.005,16.725,21.04,14.0,20.27,21.73,18.13,10.35,5.4,8.005,5.36,6.565,4.13,5.305,4.17
12,28,2013,6,10.065,7.965,5.985,8.87,9.68,11.17,15.655,14.01,12.295,4.865,1.81,2.405,5.88,8.52,12.71,13.005,3.72,9.005,16.725,21.04,14.0,20.27,21.73,18.13,10.35,5.4,8.005,5.36,6.565,4.13,5.305
12,29,2013,7,10.945,10.065,7.965,5.985,8.87,9.68,11.17,15.655,14.01,12.295,4.865,1.81,2.405,5.88,8.52,12.71,13.005,3.72,9.005,16.725,21.04,14.0,20.27,21.73,18.13,10.35,5.4,8.005,5.36,6.565,4.13
12,30,2013,1,11.96,10.945,10.065,7.965,5.985,8.87,9.68,11.17,15.655,14.01,12.295,4.865,1.81,2.405,5.88,8.52,12.71,13.005,3.72,9.005,16.725,21.04,14.0,20.27,21.73,18.13,10.35,5.4,8.005,5.36,6.565
12,31,2013,2,10.825,11.96,10.945,10.065,7.965,5.985,8.87,9.68,11.17,15.655,14.01,12.295,4.865,1.81,2.405,5.88,8.52,12.71,13.005,3.72,9.005,16.725,21.04,14.0,20.27,21.73,18.13,10.35,5.4,8.005,5.36
1,1,2014,3,11.07,10.825,11.96,10.945,10.065,7.965,5.985,8.87,9.68,11.17,15.655,14.01,12.295,4.865,1.81,2.405,5.88,8.52,12.71,13.005,3.72,9.005,16.725,21.04,14.0,20.27,21.73,18.13,10.35,5.4,8.005
1,2,2014,4,6.505,11.07,10.825,11.96,10.945,10.065,7.965,5.985,8.87,9.68,11.17,15.655,14.01,12.295,4.865,1.81,2.405,5.88,8.52,12.71,13.005,3.72,9.005,16.725,21.04,14.0,20.27,21.73,18.13,10.35,5.4
1,3,2014,5,6.28,6.505,11.07,10.825,11.96,10.945,10.065,7.965,5.985,8.87,9.68,11.17,15.655,14.01,12.295,4.865,1.81,2.405,5.88,8.52,12.71,13.005,3.72,9.005,16.725,21.04,14.0,20.27,21.73,18.13,10.35
1,4,2014,6,8.82,6.28,6.505,11.07,10.825,11.96,10.945,10.065,7.965,5.985,8.87,9.68,11.17,15.655,14.01,12.295,4.865,1.81,2.405,5.88,8.52,12.71,13.005,3.72,9.005,16.725,21.04,14.0,20.27,21.73,18.13
1,5,2014,7,12.41,8.82,6.28,6.505,11.07,10.825,11.96,10.945,10.065,7.965,5.985,8.87,9.68,11.17,15.655,14.01,12.295,4.865,1.81,2.405,5.88,8.52,12.71,13.005,3.72,9.005,16.725,21.04,14.0,20.27,21.73
1,6,2014,1,13.15,12.41,8.82,6.28,6.505,11.07,10.825,11.96,10.945,10.065,7.965,5.985,8.87,9.68,11.17,15.655,14.01,12.295,4.865,1.81,2.405,5.88,8.52,12.71,13.005,3.72,9.005,16.725,21.04,14.0,20.27
1,7,2014,2,10.615,13.15,12.41,8.82,6.28,6.505,11.07,10.825,11.96,10.945,10.065,7.965,5.985,8.87,9.68,11.17,15.655,14.01,12.295,4.865,1.81,2.405,5.88,8.52,12.71,13.005,3.72,9.005,16.725,21.04,14.0
1,8,2014,3,11.315,10.615,13.15,12.41,8.82,6.28,6.505,11.07,10.825,11.96,10.945,10.065,7.965,5.985,8.87,9.68,11.17,15.655,14.01,12.295,4.865,1.81,2.405,5.88,8.52,12.71,13.005,3.72,9.005,16.725,21.04
1,9,2014,4,10.98,11.315,10.615,13.15,12.41,8.82,6.28,6.505,11.07,10.825,11.96,10.945,10.065,7.965,5.985,8.87,9.68,11.17,15.655,14.01,12.295,4.865,1.81,2.405,5.88,8.52,12.71,13.005,3.72,9.005,16.725
1,10,2014,5,13.49,10.98,11.315,10.615,13.15,12.41,8.82,6.28,6.505,11.07,10.825,11.96,10.945,10.065,7.965,5.985,8.87,9.68,11.17,15.655,14.01,12.295,4.865,1.81,2.405,5.88,8.52,12.71,13.005,3.72,9.005
1,11,2014,6,11.035,13.49,10.98,11.315,10.615,13.15,12.41,8.82,6.28,6.505,11.07,10.825,11.96,10.945,10.065,7.965,5.985,8.87,9.68,11.17,15.655,14.01,12.295,4.865,1.81,2.405,5.88,8.52,12.71,13.005,3.72
1,12,2014,7,9.78,11.035,13.49,10.98,11.315,10.615,13.15,12.41,8.82,6.28,6.505,11.07,10.825,11.96,10.945,10.065,7.965,5.985,8.87,9.68,11.17,15.655,14.01,12.295,4.865,1.81,2.405,5.88,8.52,12.71,13.005
1,13,2014,1,10.015,9.78,11.035,13.49,10.98,11.315,10.615,13.15,12.41,8.82,6.28,6.505,11.07,10.825,11.96,10.945,10.065,7.965,5.985,8.87,9.68,11.17,15.655,14.01,12.295,4.865,1.81,2.405,5.88,8.52,12.71
1,14,2014,2,9.665,10.015,9.78,11.035,13.49,10.98,11.315,10.615,13.15,12.41,8.82,6.28,6.505,11.07,10.825,11.96,10.945,10.065,7.965,5.985,8.87,9.68,11.17,15.655,14.01,12.295,4.865,1.81,2.405,5.88,8.52
1,15,2014,3,5.505,9.665,10.015,9.78,11.035,13.49,10.98,11.315,10.615,13.15,12.41,8.82,6.28,6.505,11.07,10.825,11.96,10.945,10.065,7.965,5.985,8.87,9.68,11.17,15.655,14.01,12.295,4.865,1.81,2.405,5.88
1,16,2014,4,7.23,5.505,9.665,10.015,9.78,11.035,13.49,10.98,11.315,10.615,13.15,12.41,8.82,6.28,6.505,11.07,10.825,11.96,10.945,10.065,7.965,5.985,8.87,9.68,11.17,15.655,14.01,12.295,4.865,1.81,2.405
1,17,2014,5,5.285,7.23,5.505,9.665,10.015,9.78,11.035,13.49,10.98,11.315,10.615,13.15,12.41,8.82,6.28,6.505,11.07,10.825,11.96,10.945,10.065,7.965,5.985,8.87,9.68,11.17,15.655,14.01,12.295,4.865,1.81
1,18,2014,6,6.29,5.285,7.23,5.505,9.665,10.015,9.78,11.035,13.49,10.98,11.315,10.615,13.15,12.41,8.82,6.28,6.505,11.07,10.825,11.96,10.945,10.065,7.965,5.985,8.87,9.68,11.17,15.655,14.01,12.295,4.865
1,19,2014,7,5.635,6.29,5.285,7.23,5.505,9.665,10.015,9.78,11.035,13.49,10.98,11.315,10.615,13.15,12.41,8.82,6.28,6.505,11.07,10.825,11.96,10.945,10.065,7.965,5.985,8.87,9.68,11.17,15.655,14.01,12.295
1,20,2014,1,6.25,5.635,6.29,5.285,7.23,5.505,9.665,10.015,9.78,11.035,13.49,10.98,11.315,10.615,13.15,12.41,8.82,6.28,6.505,11.07,10.825,11.96,10.945,10.065,7.965,5.985,8.87,9.68,11.17,15.655,14.01
1,21,2014,2,1.79,6.25,5.635,6.29,5.285,7.23,5.505,9.665,10.015,9.78,11.035,13.49,10.98,11.315,10.615,13.15,12.41,8.82,6.28,6.505,11.07,10.825,11.96,10.945,10.065,7.965,5.985,8.87,9.68,11.17,15.655
1,22,2014,3,0.88,1.79,6.25,5.635,6.29,5.285,7.23,5.505,9.665,10.015,9.78,11.035,13.49,10.98,11.315,10.615,13.15,12.41,8.82,6.28,6.505,11.07,10.825,11.96,10.945,10.065,7.965,5.985,8.87,9.68,11.17
1,23,2014,4,6.585,0.88,1.79,6.25,5.635,6.29,5.285,7.23,5.505,9.665,10.015,9.78,11.035,13.49,10.98,11.315,10.615,13.15,12.41,8.82,6.28,6.505,11.07,10.825,11.96,10.945,10.065,7.965,5.985,8.87,9.68
1,24,2014,5,3.5,6.585,0.88,1.79,6.25,5.635,6.29,5.285,7.23,5.505,9.665,10.015,9.78,11.035,13.49,10.98,11.315,10.615,13.15,12.41,8.82,6.28,6.505,11.07,10.825,11.96,10.945,10.065,7.965,5.985,8.87
1,25,2014,6,-0.07,3.5,6.585,0.88,1.79,6.25,5.635,6.29,5.285,7.23,5.505,9.665,10.015,9.78,11.035,13.49,10.98,11.315,10.615,13.15,12.41,8.82,6.28,6.505,11.07,10.825,11.96,10.945,10.065,7.965,5.985
1,26,2014,7,5.935,-0.07,3.5,6.585,0.88,1.79,6.25,5.635,6.29,5.285,7.23,5.505,9.665,10.015,9.78,11.035,13.49,10.98,11.315,10.615,13.15,12.41,8.82,6.28,6.505,11.07,10.825,11.96,10.945,10.065,7.965
1,27,2014,1,1.15,5.935,-0.07,3.5,6.585,0.88,1.79,6.25,5.635,6.29,5.285,7.23,5.505,9.665,10.015,9.78,11.035,13.49,10.98,11.315,10.615,13.15,12.41,8.82,6.28,6.505,11.07,10.825,11.96,10.945,10.065
1,28,2014,2,7.315,1.15,5.935,-0.07,3.5,6.585,0.88,1.79,6.25,5.635,6.29,5.285,7.23,5.505,9.665,10.015,9.78,11.035,13.49,10.98,11.315,10.615,13.15,12.41,8.82,6.28,6.505,11.07,10.825,11.96,10.945
1,29,2014,3,6.74,7.315,1.15,5.935,-0.07,3.5,6.585,0.88,1.79,6.25,5.635,6.29,5.285,7.23,5.505,9.665,10.015,9.78,11.035,13.49,10.98,11.315,10.615,13.15,12.41,8.82,6.28,6.505,11.07,10.825,11.96
1,30,2014,4,2.985,6.74,7.315,1.15,5.935,-0.07,3.5,6.585,0.88,1.79,6.25,5.635,6.29,5.285,7.23,5.505,9.665,10.015,9.78,11.035,13.49,10.98,11.315,10.615,13.15,12.41,8.82,6.28,6.505,11.07,10.825
1,31,2014,5,4.815,2.985,6.74,7.315,1.15,5.935,-0.07,3.5,6.585,0.88,1.79,6.25,5.635,6.29,5.285,7.23,5.505,9.665,10.015,9.78,11.035,13.49,10.98,11.315,10.615,13.15,12.41,8.82,6.28,6.505,11.07
2,1,2014,6,7.995,4.815,2.985,6.74,7.315,1.15,5.935,-0.07,3.5,6.585,0.88,1.79,6.25,5.635,6.29,5.285,7.23,5.505,9.665,10.015,9.78,11.035,13.49,10.98,11.315,10.615,13.15,12.41,8.82,6.28,6.505
2,2,2014,7,14.445,7.995,4.815,2.985,6.74,7.315,1.15,5.935,-0.07,3.5,6.585,0.88,1.79,6.25,5.635,6.29,5.285,7.23,5.505,9.665,10.015,9.78,11.035,13.49,10.98,11.315,10.615,13.15,12.41,8.82,6.28
2,3,2014,1,12.055,14.445,7.995,4.815,2.985,6.74,7.315,1.15,5.935,-0.07,3.5,6.585,0.88,1.79,6.25,5.635,6.29,5.285,7.23,5.505,9.665,10.015,9.78,11.035,13.49,10.98,11.315,10.615,13.15,12.41,8.82
2,4,2014,2,15.48,12.055,14.445,7.995,4.815,2.985,6.74,7.315,1.15,5.935,-0.07,3.5,6.585,0.88,1.79,6.25,5.635,6.29,5.285,7.23,5.505,9.665,10.015,9.78,11.035,13.49,10.98,11.315,10.615,13.15,12.41
2,5,2014,3,9.565,15.48,12.055,14.445,7.995,4.815,2.985,6.74,7.315,1.15,5.935,-0.07,3.5,6.585,0.88,1.79,6.25,5.635,6.29,5.285,7.23,5.505,9.665,10.015,9.78,11.035,13.49,10.98,11.315,10.615,13.15
2,6,2014,4,13.315,9.565,15.48,12.055,14.445,7.995,4.815,2.985,6.74,7.315,1.15,5.935,-0.07,3.5,6.585,0.88,1.79,6.25,5.635,6.29,5.285,7.23,5.505,9.665,10.015,9.78,11.035,13.49,10.98,11.315,10.615
2,7,2014,5,8.055,13.315,9.565,15.48,12.055,14.445,7.995,4.815,2.985,6.74,7.315,1.15,5.935,-0.07,3.5,6.585,0.88,1.79,6.25,5.635,6.29,5.285,7.23,5.505,9.665,10.015,9.78,11.035,13.49,10.98,11.315
2,8,2014,6,7.05,8.055,13.315,9.565,15.48,12.055,14.445,7.995,4.815,2.985,6.74,7.315,1.15,5.935,-0.07,3.5,6.585,0.88,1.79,6.25,5.635,6.29,5.285,7.23,5.505,9.665,10.015,9.78,11.035,13.49,10.98
2,9,2014,7,3.955,7.05,8.055,13.315,9.565,15.48,12.055,14.445,7.995,4.815,2.985,6.74,7.315,1.15,5.935,-0.07,3.5,6.585,0.88,1.79,6.25,5.635,6.29,5.285,7.23,5.505,9.665,10.015,9.78,11.035,13.49
2,10,2014,1,2.07,3.955,7.05,8.055,13.315,9.565,15.48,12.055,14.445,7.995,4.815,2.985,6.74,7.315,1.15,5.935,-0.07,3.5,6.585,0.88,1.79,6.25,5.635,6.29,5.285,7.23,5.505,9.665,10.015,9.78,11.035
2,11,2014,2,1.875,2.07,3.955,7.05,8.055,13.315,9.565,15.48,12.055,14.445,7.995,4.815,2.985,6.74,7.315,1.15,5.935,-0.07,3.5,6.585,0.88,1.79,6.25,5.635,6.29,5.285,7.23,5.505,9.665,10.015,9.78
2,12,2014,3,3.265,1.875,2.07,3.955,7.05,8.055,13.315,9.565,15.48,12.055,14.445,7.995,4.815,2.985,6.74,7.315,1.15,5.935,-0.07,3.5,6.585,0.88,1.79,6.25,5.635,6.29,5.285,7.23,5.505,9.665,10.015
2,13,2014,4,1.045,3.265,1.875,2.07,3.955,7.05,8.055,13.315,9.565,15.48,12.055,14.445,7.995,4.815,2.985,6.74,7.315,1.15,5.935,-0.07,3.5,6.585,0.88,1.79,6.25,5.635,6.29,5.285,7.23,5.505,9.665
2,14,2014,5,-1.76,1.045,3.265,1.875,2.07,3.955,7.05,8.055,13.315,9.565,15.48,12.055,14.445,7.995,4.815,2.985,6.74,7.315,1.15,5.935,-0.07,3.5,6.585,0.88,1.79,6.25,5.635,6.29,5.285,7.23,5.505
2,15,2014,6,-2.37,-1.76,1.045,3.265,1.875,2.07,3.955,7.05,8.055,13.315,9.565,15.48,12.055,14.445,7.995,4.815,2.985,6.74,7.315,1.15,5.935,-0.07,3.5,6.585,0.88,1.79,6.25,5.635,6.29,5.285,7.23
2,16,2014,7,-2.315,-2.37,-1.76,1.045,3.265,1.875,2.07,3.955,7.05,8.055,13.315,9.565,15.48,12.055,14.445,7.995,4.815,2.985,6.74,7.315,1.15,5.935,-0.07,3.5,6.585,0.88,1.79,6.25,5.635,6.29,5.285
2,17,2014,1,-3.67,-2.315,-2.37,-1.76,1.045,3.265,1.875,2.07,3.955,7.05,8.055,13.315,9.565,15.48,12.055,14.445,7.995,4.815,2.985,6.74,7.315,1.15,5.935,-0.07,3.5,6.585,0.88,1.79,6.25,5.635,6.29
2,18,2014,2,-3.13,-3.67,-2.315,-2.37,-1.76,1.045,3.265,1.875,2.07,3.955,7.05,8.055,13.315,9.565,15.48,12.055,14.445,7.995,4.815,2.985,6.74,7.315,1.15,5.935,-0.07,3.5,6.585,0.88,1.79,6.25,5.635
2,19,2014,3,-2.77,-3.13,-3.67,-2.315,-2.37,-1.76,1.045,3.265,1.875,2.07,3.955,7.05,8.055,13.315,9.565,15.48,12.055,14.445,7.995,4.815,2.985,6.74,7.315,1.15,5.935,-0.07,3.5,6.585,0.88,1.79,6.25
2,20,2014,4,2.22,-2.77,-3.13,-3.67,-2.315,-2.37,-1.76,1.045,3.265,1.875,2.07,3.955,7.05,8.055,13.315,9.565,15.48,12.055,14.445,7.995,4.815,2.985,6.74,7.315,1.15,5.935,-0.07,3.5,6.585,0.88,1.79
2,21,2014,5,3.355,2.22,-2.77,-3.13,-3.67,-2.315,-2.37,-1.76,1.045,3.265,1.875,2.07,3.955,7.05,8.055,13.315,9.565,15.48,12.055,14.445,7.995,4.815,2.985,6.74,7.315,1.15,5.935,-0.07,3.5,6.585,0.88
2,22,2014,6,3.315,3.355,2.22,-2.77,-3.13,-3.67,-2.315,-2.37,-1.76,1.045,3.265,1.875,2.07,3.955,7.05,8.055,13.315,9.565,15.48,12.055,14.445,7.995,4.815,2.985,6.74,7.315,1.15,5.935,-0.07,3.5,6.585
2,23,2014,7,0.235,3.315,3.355,2.22,-2.77,-3.13,-3.67,-2.315,-2.37,-1.76,1.045,3.265,1.875,2.07,3.955,7.05,8.055,13.315,9.565,15.48,12.055,14.445,7.995,4.815,2.985,6.74,7.315,1.15,5.935,-0.07,3.5
2,24,2014,1,-1.025,0.235,3.315,3.355,2.22,-2.77,-3.13,-3.67,-2.315,-2.37,-1.76,1.045,3.265,1.875,2.07,3.955,7.05,8.055,13.315,9.565,15.48,12.055,14.445,7.995,4.815,2.985,6.74,7.315,1.15,5.935,-0.07
2,25,2014,2,-0.025,-1.025,0.235,3.315,3.355,2.22,-2.77,-3.13,-3.67,-2.315,-2.37,-1.76,1.045,3.265,1.875,2.07,3.955,7.05,8.055,13.315,9.565,15.48,12.055,14.445,7.995,4.815,2.985,6.74,7.315,1.15,5.935
2,26,2014,3,-0.41,-0.025,-1.025,0.235,3.315,3.355,2.22,-2.77,-3.13,-3.67,-2.315,-2.37,-1.76,1.045,3.265,1.875,2.07,3.955,7.05,8.055,13.315,9.565,15.48,12.055,14.445,7.995,4.815,2.985,6.74,7.315,1.15
2,27,2014,4,-1.45,-0.41,-0.025,-1.025,0.235,3.315,3.355,2.22,-2.77,-3.13,-3.67,-2.315,-2.37,-1.76,1.045,3.265,1.875,2.07,3.955,7.05,8.055,13.315,9.565,15.48,12.055,14.445,7.995,4.815,2.985,6.74,7.315
2,28,2014,5,-3.845,-1.45,-0.41,-0.025,-1.025,0.235,3.315,3.355,2.22,-2.77,-3.13,-3.67,-2.315,-2.37,-1.76,1.045,3.265,1.875,2.07,3.955,7.05,8.055,13.315,9.565,15.48,12.055,14.445,7.995,4.815,2.985,6.74
3,1,2014,6,3.13,-3.845,-1.45,-0.41,-0.025,-1.025,0.235,3.315,3.355,2.22,-2.77,-3.13,-3.67,-2.315,-2.37,-1.76,1.045,3.265,1.875,2.07,3.955,7.05,8.055,13.315,9.565,15.48,12.055,14.445,7.995,4.815,2.985
3,2,2014,7,6.31,3.13,-3.845,-1.45,-0.41,-0.025,-1.025,0.235,3.315,3.355,2.22,-2.77,-3.13,-3.67,-2.315,-2.37,-1.76,1.045,3.265,1.875,2.07,3.955,7.05,8.055,13.315,9.565,15.48,12.055,14.445,7.995,4.815
3,3,2014,1,3.185,6.31,3.13,-3.845,-1.45,-0.41,-0.025,-1.025,0.235,3.315,3.355,2.22,-2.77,-3.13,-3.67,-2.315,-2.37,-1.76,1.045,3.265,1.875,2.07,3.955,7.05,8.055,13.315,9.565,15.48,12.055,14.445,7.995
3,4,2014,2,0.56,3.185,6.31,3.13,-3.845,-1.45,-0.41,-0.025,-1.025,0.235,3.315,3.355,2.22,-2.77,-3.13,-3.67,-2.315,-2.37,-1.76,1.045,3.265,1.875,2.07,3.955,7.05,8.055,13.315,9.565,15.48,12.055,14.445
3,5,2014,3,-1.395,0.56,3.185,6.31,3.13,-3.845,-1.45,-0.41,-0.025,-1.025,0.235,3.315,3.355,2.22,-2.77,-3.13,-3.67,-2.315,-2.37,-1.76,1.045,3.265,1.875,2.07,3.955,7.05,8.055,13.315,9.565,15.48,12.055
3,6,2014,4,-1.75,-1.395,0.56,3.185,6.31,3.13,-3.845,-1.45,-0.41,-0.025,-1.025,0.235,3.315,3.355,2.22,-2.77,-3.13,-3.67,-2.315,-2.37,-1.76,1.045,3.265,1.875,2.07,3.955,7.05,8.055,13.315,9.565,15.48
3,7,2014,5,-0.72,-1.75,-1.395,0.56,3.185,6.31,3.13,-3.845,-1.45,-0.41,-0.025,-1.025,0.235,3.315,3.355,2.22,-2.77,-3.13,-3.67,-2.315,-2.37,-1.76,1.045,3.265,1.875,2.07,3.955,7.05,8.055,13.315,9.565
3,8,2014,6,-1.475,-0.72,-1.75,-1.395,0.56,3.185,6.31,3.13,-3.845,-1.45,-0.41,-0.025,-1.025,0.235,3.315,3.355,2.22,-2.77,-3.13,-3.67,-2.315,-2.37,-1.76,1.045,3.265,1.875,2.07,3.955,7.05,8.055,13.315
3,9,2014,7,-3.835,-1.475,-0.72,-1.75,-1.395,0.56,3.185,6.31,3.13,-3.845,-1.45,-0.41,-0.025,-1.025,0.235,3.315,3.355,2.22,-2.77,-3.13,-3.67,-2.315,-2.37,-1.76,1.045,3.265,1.875,2.07,3.955,7.05,8.055
3,10,2014,1,-3.835,-3.835,-1.475,-0.72,-1.75,-1.395,0.56,3.185,6.31,3.13,-3.845,-1.45,-0.41,-0.025,-1.025,0.235,3.315,3.355,2.22,-2.77,-3.13,-3.67,-2.315,-2.37,-1.76,1.045,3.265,1.875,2.07,3.955,7.05
3,11,2014,2,-1.15,-3.835,-3.835,-1.475,-0.72,-1.75,-1.395,0.56,3.185,6.31,3.13,-3.845,-1.45,-0.41,-0.025,-1.025,0.235,3.315,3.355,2.22,-2.77,-3.13,-3.67,-2.315,-2.37,-1.76,1.045,3.265,1.875,2.07,3.955
3,12,2014,3,-1.0,-1.15,-3.835,-3.835,-1.475,-0.72,-1.75,-1.395,0.56,3.185,6.31,3.13,-3.845,-1.45,-0.41,-0.025,-1.025,0.235,3.315,3.355,2.22,-2.77,-3.13,-3.67,-2.315,-2.37,-1.76,1.045,3.265,1.875,2.07
3,13,2014,4,-1.385,-1.0,-1.15,-3.835,-3.835,-1.475,-0.72,-1.75,-1.395,0.56,3.185,6.31,3.13,-3.845,-1.45,-0.41,-0.025,-1.025,0.235,3.315,3.355,2.22,-2.77,-3.13,-3.67,-2.315,-2.37,-1.76,1.045,3.265,1.875
3,14,2014,5,-4.095,-1.385,-1.0,-1.15,-3.835,-3.835,-1.475,-0.72,-1.75,-1.395,0.56,3.185,6.31,3.13,-3.845,-1.45,-0.41,-0.025,-1.025,0.235,3.315,3.355,2.22,-2.77,-3.13,-3.67,-2.315,-2.37,-1.76,1.045,3.265
3,15,2014,6,-4.335,-4.095,-1.385,-1.0,-1.15,-3.835,-3.835,-1.475,-0.72,-1.75,-1.395,0.56,3.185,6.31,3.13,-3.845,-1.45,-0.41,-0.025,-1.025,0.235,3.315,3.355,2.22,-2.77,-3.13,-3.67,-2.315,-2.37,-1.76,1.045
3,16,2014,7,-3.64,-4.335,-4.095,-1.385,-1.0,-1.15,-3.835,-3.835,-1.475,-0.72,-1.75,-1.395,0.56,3.185,6.31,3.13,-3.845,-1.45,-0.41,-0.025,-1.025,0.235,3.315,3.355,2.22,-2.77,-3.13,-3.67,-2.315,-2.37,-1.76
3,17,2014,1,-2.14,-3.64,-4.335,-4.095,-1.385,-1.0,-1.15,-3.835,-3.835,-1.475,-0.72,-1.75,-1.395,0.56,3.185,6.31,3.13,-3.845,-1.45,-0.41,-0.025,-1.025,0.235,3.315,3.355,2.22,-2.77,-3.13,-3.67,-2.315,-2.37
3,18,2014,2,-2.94,-2.14,-3.64,-4.335,-4.095,-1.385,-1.0,-1.15,-3.835,-3.835,-1.475,-0.72,-1.75,-1.395,0.56,3.185,6.31,3.13,-3.845,-1.45,-0.41,-0.025,-1.025,0.235,3.315,3.355,2.22,-2.77,-3.13,-3.67,-2.315
3,19,2014,3,-4.945,-2.94,-2.14,-3.64,-4.335,-4.095,-1.385,-1.0,-1.15,-3.835,-3.835,-1.475,-0.72,-1.75,-1.395,0.56,3.185,6.31,3.13,-3.845,-1.45,-0.41,-0.025,-1.025,0.235,3.315,3.355,2.22,-2.77,-3.13,-3.67
3,20,2014,4,0.5,-4.945,-2.94,-2.14,-3.64,-4.335,-4.095,-1.385,-1.0,-1.15,-3.835,-3.835,-1.475,-0.72,-1.75,-1.395,0.56,3.185,6.31,3.13,-3.845,-1.45,-0.41,-0.025,-1.025,0.235,3.315,3.355,2.22,-2.77,-3.13
3,21,2014,5,-1.175,0.5,-4.945,-2.94,-2.14,-3.64,-4.335,-4.095,-1.385,-1.0,-1.15,-3.835,-3.835,-1.475,-0.72,-1.75,-1.395,0.56,3.185,6.31,3.13,-3.845,-1.45,-0.41,-0.025,-1.025,0.235,3.315,3.355,2.22,-2.77
3,22,2014,6,-1.1,-1.175,0.5,-4.945,-2.94,-2.14,-3.64,-4.335,-4.095,-1.385,-1.0,-1.15,-3.835,-3.835,-1.475,-0.72,-1.75,-1.395,0.56,3.185,6.31,3.13,-3.845,-1.45,-0.41,-0.025,-1.025,0.235,3.315,3.355,2.22
3,23,2014,7,-1.88,-1.1,-1.175,0.5,-4.945,-2.94,-2.14,-3.64,-4.335,-4.095,-1.385,-1.0,-1.15,-3.835,-3.835,-1.475,-0.72,-1.75,-1.395,0.56,3.185,6.31,3.13,-3.845,-1.45,-0.41,-0.025,-1.025,0.235,3.315,3.355
3,24,2014,1,-3.675,-1.88,-1.1,-1.175,0.5,-4.945,-2.94,-2.14,-3.64,-4.335,-4.095,-1.385,-1.0,-1.15,-3.835,-3.835,-1.475,-0.72,-1.75,-1.395,0.56,3.185,6.31,3.13,-3.845,-1.45,-0.41,-0.025,-1.025,0.235,3.315
3,25,2014,2,-5.67,-3.675,-1.88,-1.1,-1.175,0.5,-4.945,-2.94,-2.14,-3.64,-4.335,-4.095,-1.385,-1.0,-1.15,-3.835,-3.835,-1.475,-0.72,-1.75,-1.395,0.56,3.185,6.31,3.13,-3.845,-1.45,-0.41,-0.025,-1.025,0.235
3,26,2014,3,-7.015,-5.67,-3.675,-1.88,-1.1,-1.175,0.5,-4.945,-2.94,-2.14,-3.64,-4.335,-4.095,-1.385,-1.0,-1.15,-3.835,-3.835,-1.475,-0.72,-1.75,-1.395,0.56,3.185,6.31,3.13,-3.845,-1.45,-0.41,-0.025,-1.025
3,27,2014,4,-3.855,-7.015,-5.67,-3.675,-1.88,-1.1,-1.175,0.5,-4.945,-2.94,-2.14,-3.64,-4.335,-4.095,-1.385,-1.0,-1.15,-3.835,-3.835,-1.475,-0.72,-1.75,-1.395,0.56,3.185,6.31,3.13,-3.845,-1.45,-0.41,-0.025
3,28,2014,5,2.245,-3.855,-7.015,-5.67,-3.675,-1.88,-1.1,-1.175,0.5,-4.945,-2.94,-2.14,-3.64,-4.335,-4.095,-1.385,-1.0,-1.15,-3.835,-3.835,-1.475,-0.72,-1.75,-1.395,0.56,3.185,6.31,3.13,-3.845,-1.45,-0.41
3,29,2014,6,0.585,2.245,-3.855,-7.015,-5.67,-3.675,-1.88,-1.1,-1.175,0.5,-4.945,-2.94,-2.14,-3.64,-4.335,-4.095,-1.385,-1.0,-1.15,-3.835,-3.835,-1.475,-0.72,-1.75,-1.395,0.56,3.185,6.31,3.13,-3.845,-1.45
3,30,2014,7,-4.67,0.585,2.245,-3.855,-7.015,-5.67,-3.675,-1.88,-1.1,-1.175,0.5,-4.945,-2.94,-2.14,-3.64,-4.335,-4.095,-1.385,-1.0,-1.15,-3.835,-3.835,-1.475,-0.72,-1.75,-1.395,0.56,3.185,6.31,3.13,-3.845
3,31,2014,1,-5.925,-4.67,0.585,2.245,-3.855,-7.015,-5.67,-3.675,-1.88,-1.1,-1.175,0.5,-4.945,-2.94,-2.14,-3.64,-4.335,-4.095,-1.385,-1.0,-1.15,-3.835,-3.835,-1.475,-0.72,-1.75,-1.395,0.56,3.185,6.31,3.13
4,1,2014,2,-1.795,-5.925,-4.67,0.585,2.245,-3.855,-7.015,-5.67,-3.675,-1.88,-1.1,-1.175,0.5,-4.945,-2.94,-2.14,-3.64,-4.335,-4.095,-1.385,-1.0,-1.15,-3.835,-3.835,-1.475,-0.72,-1.75,-1.395,0.56,3.185,6.31
4,2,2014,3,-0.095,-1.795,-5.925,-4.67,0.585,2.245,-3.855,-7.015,-5.67,-3.675,-1.88,-1.1,-1.175,0.5,-4.945,-2.94,-2.14,-3.64,-4.335,-4.095,-1.385,-1.0,-1.15,-3.835,-3.835,-1.475,-0.72,-1.75,-1.395,0.56,3.185
4,3,2014,4,4.81,-0.095,-1.795,-5.925,-4.67,0.585,2.245,-3.855,-7.015,-5.67,-3.675,-1.88,-1.1,-1.175,0.5,-4.945,-2.94,-2.14,-3.64,-4.335,-4.095,-1.385,-1.0,-1.15,-3.835,-3.835,-1.475,-0.72,-1.75,-1.395,0.56
4,4,2014,5,6.48,4.81,-0.095,-1.795,-5.925,-4.67,0.585,2.245,-3.855,-7.015,-5.67,-3.675,-1.88,-1.1,-1.175,0.5,-4.945,-2.94,-2.14,-3.64,-4.335,-4.095,-1.385,-1.0,-1.15,-3.835,-3.835,-1.475,-0.72,-1.75,-1.395
4,5,2014,6,2.32,6.48,4.81,-0.095,-1.795,-5.925,-4.67,0.585,2.245,-3.855,-7.015,-5.67,-3.675,-1.88,-1.1,-1.175,0.5,-4.945,-2.94,-2.14,-3.64,-4.335,-4.095,-1.385,-1.0,-1.15,-3.835,-3.835,-1.475,-0.72,-1.75
4,6,2014,7,-0.38,2.32,6.48,4.81,-0.095,-1.795,-5.925,-4.67,0.585,2.245,-3.855,-7.015,-5.67,-3.675,-1.88,-1.1,-1.175,0.5,-4.945,-2.94,-2.14,-3.64,-4.335,-4.095,-1.385,-1.0,-1.15,-3.835,-3.835,-1.475,-0.72
4,7,2014,1,-2.445,-0.38,2.32,6.48,4.81,-0.095,-1.795,-5.925,-4.67,0.585,2.245,-3.855,-7.015,-5.67,-3.675,-1.88,-1.1,-1.175,0.5,-4.945,-2.94,-2.14,-3.64,-4.335,-4.095,-1.385,-1.0,-1.15,-3.835,-3.835,-1.475
4,8,2014,2,-7.255,-2.445,-0.38,2.32,6.48,4.81,-0.095,-1.795,-5.925,-4.67,0.585,2.245,-3.855,-7.015,-5.67,-3.675,-1.88,-1.1,-1.175,0.5,-4.945,-2.94,-2.14,-3.64,-4.335,-4.095,-1.385,-1.0,-1.15,-3.835,-3.835
4,9,2014,3,-10.475,-7.255,-2.445,-0.38,2.32,6.48,4.81,-0.095,-1.795,-5.925,-4.67,0.585,2.245,-3.855,-7.015,-5.67,-3.675,-1.88,-1.1,-1.175,0.5,-4.945,-2.94,-2.14,-3.64,-4.335,-4.095,-1.385,-1.0,-1.15,-3.835
4,10,2014,4,-11.74,-10.475,-7.255,-2.445,-0.38,2.32,6.48,4.81,-0.095,-1.795,-5.925,-4.67,0.585,2.245,-3.855,-7.015,-5.67,-3.675,-1.88,-1.1,-1.175,0.5,-4.945,-2.94,-2.14,-3.64,-4.335,-4.095,-1.385,-1.0,-1.15
4,11,2014,5,-13.5,-11.74,-10.475,-7.255,-2.445,-0.38,2.32,6.48,4.81,-0.095,-1.795,-5.925,-4.67,0.585,2.245,-3.855,-7.015,-5.67,-3.675,-1.88,-1.1,-1.175,0.5,-4.945,-2.94,-2.14,-3.64,-4.335,-4.095,-1.385,-1.0
4,12,2014,6,-15.51,-13.5,-11.74,-10.475,-7.255,-2.445,-0.38,2.32,6.48,4.81,-0.095,-1.795,-5.925,-4.67,0.585,2.245,-3.855,-7.015,-5.67,-3.675,-1.88,-1.1,-1.175,0.5,-4.945,-2.94,-2.14,-3.64,-4.335,-4.095,-1.385
4,13,2014,7,-12.52,-15.51,-13.5,-11.74,-10.475,-7.255,-2.445,-0.38,2.32,6.48,4.81,-0.095,-1.795,-5.925,-4.67,0.585,2.245,-3.855,-7.015,-5.67,-3.675,-1.88,-1.1,-1.175,0.5,-4.945,-2.94,-2.14,-3.64,-4.335,-4.095
4,14,2014,1,-7.63,-12.52,-15.51,-13.5,-11.74,-10.475,-7.255,-2.445,-0.38,2.32,6.48,4.81,-0.095,-1.795,-5.925,-4.67,0.585,2.245,-3.855,-7.015,-5.67,-3.675,-1.88,-1.1,-1.175,0.5,-4.945,-2.94,-2.14,-3.64,-4.335
4,15,2014,2,-8.39,-7.63,-12.52,-15.51,-13.5,-11.74,-10.475,-7.255,-2.445,-0.38,2.32,6.48,4.81,-0.095,-1.795,-5.925,-4.67,0.585,2.245,-3.855,-7.015,-5.67,-3.675,-1.88,-1.1,-1.175,0.5,-4.945,-2.94,-2.14,-3.64
4,16,2014,3,-8.12,-8.39,-7.63,-12.52,-15.51,-13.5,-11.74,-10.475,-7.255,-2.445,-0.38,2.32,6.48,4.81,-0.095,-1.795,-5.925,-4.67,0.585,2.245,-3.855,-7.015,-5.67,-3.675,-1.88,-1.1,-1.175,0.5,-4.945,-2.94,-2.14
4,17,2014,4,-8.885,-8.12,-8.39,-7.63,-12.52,-15.51,-13.5,-11.74,-10.475,-7.255,-2.445,-0.38,2.32,6.48,4.81,-0.095,-1.795,-5.925,-4.67,0.585,2.245,-3.855,-7.015,-5.67,-3.675,-1.88,-1.1,-1.175,0.5,-4.945,-2.94
4,18,2014,5,-11.015,-8.885,-8.12,-8.39,-7.63,-12.52,-15.51,-13.5,-11.74,-10.475,-7.255,-2.445,-0.38,2.32,6.48,4.81,-0.095,-1.795,-5.925,-4.67,0.585,2.245,-3.855,-7.015,-5.67,-3.675,-1.88,-1.1,-1.175,0.5,-4.945
4,19,2014,6,-8.825,-11.015,-8.885,-8.12,-8.39,-7.63,-12.52,-15.51,-13.5,-11.74,-10.475,-7.255,-2.445,-0.38,2.32,6.48,4.81,-0.095,-1.795,-5.925,-4.67,0.585,2.245,-3.855,-7.015,-5.67,-3.675,-1.88,-1.1,-1.175,0.5
4,20,2014,7,-8.455,-8.825,-11.015,-8.885,-8.12,-8.39,-7.63,-12.52,-15.51,-13.5,-11.74,-10.475,-7.255,-2.445,-0.38,2.32,6.48,4.81,-0.095,-1.795,-5.925,-4.67,0.585,2.245,-3.855,-7.015,-5.67,-3.675,-1.88,-1.1,-1.175
4,21,2014,1,-11.455,-8.455,-8.825,-11.015,-8.885,-8.12,-8.39,-7.63,-12.52,-15.51,-13.5,-11.74,-10.475,-7.255,-2.445,-0.38,2.32,6.48,4.81,-0.095,-1.795,-5.925,-4.67,0.585,2.245,-3.855,-7.015,-5.67,-3.675,-1.88,-1.1
4,22,2014,2,-15.635,-11.455,-8.455,-8.825,-11.015,-8.885,-8.12,-8.39,-7.63,-12.52,-15.51,-13.5,-11.74,-10.475,-7.255,-2.445,-0.38,2.32,6.48,4.81,-0.095,-1.795,-5.925,-4.67,0.585,2.245,-3.855,-7.015,-5.67,-3.675,-1.88
4,23,2014,3,-16.795,-15.635,-11.455,-8.455,-8.825,-11.015,-8.885,-8.12,-8.39,-7.63,-12.52,-15.51,-13.5,-11.74,-10.475,-7.255,-2.445,-0.38,2.32,6.48,4.81,-0.095,-1.795,-5.925,-4.67,0.585,2.245,-3.855,-7.015,-5.67,-3.675
4,24,2014,4,-10.145,-16.795,-15.635,-11.455,-8.455,-8.825,-11.015,-8.885,-8.12,-8.39,-7.63,-12.52,-15.51,-13.5,-11.74,-10.475,-7.255,-2.445,-0.38,2.32,6.48,4.81,-0.095,-1.795,-5.925,-4.67,0.585,2.245,-3.855,-7.015,-5.67
4,25,2014,5,-8.375,-10.145,-16.795,-15.635,-11.455,-8.455,-8.825,-11.015,-8.885,-8.12,-8.39,-7.63,-12.52,-15.51,-13.5,-11.74,-10.475,-7.255,-2.445,-0.38,2.32,6.48,4.81,-0.095,-1.795,-5.925,-4.67,0.585,2.245,-3.855,-7.015
4,26,2014,6,-11.795,-8.375,-10.145,-16.795,-15.635,-11.455,-8.455,-8.825,-11.015,-8.885,-8.12,-8.39,-7.63,-12.52,-15.51,-13.5,-11.74,-10.475,-7.255,-2.445,-0.38,2.32,6.48,4.81,-0.095,-1.795,-5.925,-4.67,0.585,2.245,-3.855
4,27,2014,7,-2.705,-11.795,-8.375,-10.145,-16.795,-15.635,-11.455,-8.455,-8.825,-11.015,-8.885,-8.12,-8.39,-7.63,-12.52,-15.51,-13.5,-11.74,-10.475,-7.255,-2.445,-0.38,2.32,6.48,4.81,-0.095,-1.795,-5.925,-4.67,0.585,2.245
4,28,2014,1,-0.98,-2.705,-11.795,-8.375,-10.145,-16.795,-15.635,-11.455,-8.455,-8.825,-11.015,-8.885,-8.12,-8.39,-7.63,-12.52,-15.51,-13.5,-11.74,-10.475,-7.255,-2.445,-0.38,2.32,6.48,4.81,-0.095,-1.795,-5.925,-4.67,0.585
4,29,2014,2,-7.245,-0.98,-2.705,-11.795,-8.375,-10.145,-16.795,-15.635,-11.455,-8.455,-8.825,-11.015,-8.885,-8.12,-8.39,-7.63,-12.52,-15.51,-13.5,-11.74,-10.475,-7.255,-2.445,-0.38,2.32,6.48,4.81,-0.095,-1.795,-5.925,-4.67
4,30,2014,3,-9.575,-7.245,-0.98,-2.705,-11.795,-8.375,-10.145,-16.795,-15.635,-11.455,-8.455,-8.825,-11.015,-8.885,-8.12,-8.39,-7.63,-12.52,-15.51,-13.5,-11.74,-10.475,-7.255,-2.445,-0.38,2.32,6.48,4.81,-0.095,-1.795,-5.925
5,1,2014,4,-8.935,-9.575,-7.245,-0.98,-2.705,-11.795,-8.375,-10.145,-16.795,-15.635,-11.455,-8.455,-8.825,-11.015,-8.885,-8.12,-8.39,-7.63,-12.52,-15.51,-13.5,-11.74,-10.475,-7.255,-2.445,-0.38,2.32,6.48,4.81,-0.095,-1.795
5,2,2014,5,-12.735,-8.935,-9.575,-7.245,-0.98,-2.705,-11.795,-8.375,-10.145,-16.795,-15.635,-11.455,-8.455,-8.825,-11.015,-8.885,-8.12,-8.39,-7.63,-12.52,-15.51,-13.5,-11.74,-10.475,-7.255,-2.445,-0.38,2.32,6.48,4.81,-0.095
5,3,2014,6,-14.07,-12.735,-8.935,-9.575,-7.245,-0.98,-2.705,-11.795,-8.375,-10.145,-16.795,-15.635,-11.455,-8.455,-8.825,-11.015,-8.885,-8.12,-8.39,-7.63,-12.52,-15.51,-13.5,-11.74,-10.475,-7.255,-2.445,-0.38,2.32,6.48,4.81
5,4,2014,7,-16.64,-14.07,-12.735,-8.935,-9.575,-7.245,-0.98,-2.705,-11.795,-8.375,-10.145,-16.795,-15.635,-11.455,-8.455,-8.825,-11.015,-8.885,-8.12,-8.39,-7.63,-12.52,-15.51,-13.5,-11.74,-10.475,-7.255,-2.445,-0.38,2.32,6.48
5,5,2014,1,-18.71,-16.64,-14.07,-12.735,-8.935,-9.575,-7.245,-0.98,-2.705,-11.795,-8.375,-10.145,-16.795,-15.635,-11.455,-8.455,-8.825,-11.015,-8.885,-8.12,-8.39,-7.63,-12.52,-15.51,-13.5,-11.74,-10.475,-7.255,-2.445,-0.38,2.32
5,6,2014,2,-17.74,-18.71,-16.64,-14.07,-12.735,-8.935,-9.575,-7.245,-0.98,-2.705,-11.795,-8.375,-10.145,-16.795,-15.635,-11.455,-8.455,-8.825,-11.015,-8.885,-8.12,-8.39,-7.63,-12.52,-15.51,-13.5,-11.74,-10.475,-7.255,-2.445,-0.38
5,7,2014,3,-9.985,-17.74,-18.71,-16.64,-14.07,-12.735,-8.935,-9.575,-7.245,-0.98,-2.705,-11.795,-8.375,-10.145,-16.795,-15.635,-11.455,-8.455,-8.825,-11.015,-8.885,-8.12,-8.39,-7.63,-12.52,-15.51,-13.5,-11.74,-10.475,-7.255,-2.445
5,8,2014,4,-1.595,-9.985,-17.74,-18.71,-16.64,-14.07,-12.735,-8.935,-9.575,-7.245,-0.98,-2.705,-11.795,-8.375,-10.145,-16.795,-15.635,-11.455,-8.455,-8.825,-11.015,-8.885,-8.12,-8.39,-7.63,-12.52,-15.51,-13.5,-11.74,-10.475,-7.255
5,9,2014,5,-6.505,-1.595,-9.985,-17.74,-18.71,-16.64,-14.07,-12.735,-8.935,-9.575,-7.245,-0.98,-2.705,-11.795,-8.375,-10.145,-16.795,-15.635,-11.455,-8.455,-8.825,-11.015,-8.885,-8.12,-8.39,-7.63,-12.52,-15.51,-13.5,-11.74,-10.475
5,10,2014,6,-9.205,-6.505,-1.595,-9.985,-17.74,-18.71,-16.64,-14.07,-12.735,-8.935,-9.575,-7.245,-0.98,-2.705,-11.795,-8.375,-10.145,-16.795,-15.635,-11.455,-8.455,-8.825,-11.015,-8.885,-8.12,-8.39,-7.63,-12.52,-15.51,-13.5,-11.74
5,11,2014,7,-12.665,-9.205,-6.505,-1.595,-9.985,-17.74,-18.71,-16.64,-14.07,-12.735,-8.935,-9.575,-7.245,-0.98,-2.705,-11.795,-8.375,-10.145,-16.795,-15.635,-11.455,-8.455,-8.825,-11.015,-8.885,-8.12,-8.39,-7.63,-12.52,-15.51,-13.5
5,12,2014,1,-9.425,-12.665,-9.205,-6.505,-1.595,-9.985,-17.74,-18.71,-16.64,-14.07,-12.735,-8.935,-9.575,-7.245,-0.98,-2.705,-11.795,-8.375,-10.145,-16.795,-15.635,-11.455,-8.455,-8.825,-11.015,-8.885,-8.12,-8.39,-7.63,-12.52,-15.51
5,13,2014,2,-9.765,-9.425,-12.665,-9.205,-6.505,-1.595,-9.985,-17.74,-18.71,-16.64,-14.07,-12.735,-8.935,-9.575,-7.245,-0.98,-2.705,-11.795,-8.375,-10.145,-16.795,-15.635,-11.455,-8.455,-8.825,-11.015,-8.885,-8.12,-8.39,-7.63,-12.52
5,14,2014,3,-12.88,-9.765,-9.425,-12.665,-9.205,-6.505,-1.595,-9.985,-17.74,-18.71,-16.64,-14.07,-12.735,-8.935,-9.575,-7.245,-0.98,-2.705,-11.795,-8.375,-10.145,-16.795,-15.635,-11.455,-8.455,-8.825,-11.015,-8.885,-8.12,-8.39,-7.63
5,15,2014,4,-15.01,-12.88,-9.765,-9.425,-12.665,-9.205,-6.505,-1.595,-9.985,-17.74,-18.71,-16.64,-14.07,-12.735,-8.935,-9.575,-7.245,-0.98,-2.705,-11.795,-8.375,-10.145,-16.795,-15.635,-11.455,-8.455,-8.825,-11.015,-8.885,-8.12,-8.39
5,16,2014,5,-18.15,-15.01,-12.88,-9.765,-9.425,-12.665,-9.205,-6.505,-1.595,-9.985,-17.74,-18.71,-16.64,-14.07,-12.735,-8.935,-9.575,-7.245,-0.98,-2.705,-11.795,-8.375,-10.145,-16.795,-15.635,-11.455,-8.455,-8.825,-11.015,-8.885,-8.12
5,17,2014,6,-19.67,-18.15,-15.01,-12.88,-9.765,-9.425,-12.665,-9.205,-6.505,-1.595,-9.985,-17.74,-18.71,-16.64,-14.07,-12.735,-8.935,-9.575,-7.245,-0.98,-2.705,-11.795,-8.375,-10.145,-16.795,-15.635,-11.455,-8.455,-8.825,-11.015,-8.885
5,18,2014,7,-22.4,-19.67,-18.15,-15.01,-12.88,-9.765,-9.425,-12.665,-9.205,-6.505,-1.595,-9.985,-17.74,-18.71,-16.64,-14.07,-12.735,-8.935,-9.575,-7.245,-0.98,-2.705,-11.795,-8.375,-10.145,-16.795,-15.635,-11.455,-8.455,-8.825,-11.015
5,19,2014,1,-19.93,-22.4,-19.67,-18.15,-15.01,-12.88,-9.765,-9.425,-12.665,-9.205,-6.505,-1.595,-9.985,-17.74,-18.71,-16.64,-14.07,-12.735,-8.935,-9.575,-7.245,-0.98,-2.705,-11.795,-8.375,-10.145,-16.795,-15.635,-11.455,-8.455,-8.825
5,20,2014,2,-20.38,-19.93,-22.4,-19.67,-18.15,-15.01,-12.88,-9.765,-9.425,-12.665,-9.205,-6.505,-1.595,-9.985,-17.74,-18.71,-16.64,-14.07,-12.735,-8.935,-9.575,-7.245,-0.98,-2.705,-11.795,-8.375,-10.145,-16.795,-15.635,-11.455,-8.455
5,21,2014,3,-16.125,-20.38,-19.93,-22.4,-19.67,-18.15,-15.01,-12.88,-9.765,-9.425,-12.665,-9.205,-6.505,-1.595,-9.985,-17.74,-18.71,-16.64,-14.07,-12.735,-8.935,-9.575,-7.245,-0.98,-2.705,-11.795,-8.375,-10.145,-16.795,-15.635,-11.455
5,22,2014,4,-11.73,-16.125,-20.38,-19.93,-22.4,-19.67,-18.15,-15.01,-12.88,-9.765,-9.425,-12.665,-9.205,-6.505,-1.595,-9.985,-17.74,-18.71,-16.64,-14.07,-12.735,-8.935,-9.575,-7.245,-0.98,-2.705,-11.795,-8.375,-10.145,-16.795,-15.635
5,23,2014,5,-11.945,-11.73,-16.125,-20.38,-19.93,-22.4,-19.67,-18.15,-15.01,-12.88,-9.765,-9.425,-12.665,-9.205,-6.505,-1.595,-9.985,-17.74,-18.71,-16.64,-14.07,-12.735,-8.935,-9.575,-7.245,-0.98,-2.705,-11.795,-8.375,-10.145,-16.795
5,24,2014,6,-11.33,-11.945,-11.73,-16.125,-20.38,-19.93,-22.4,-19.67,-18.15,-15.01,-12.88,-9.765,-9.425,-12.665,-9.205,-6.505,-1.595,-9.985,-17.74,-18.71,-16.64,-14.07,-12.735,-8.935,-9.575,-7.245,-0.98,-2.705,-11.795,-8.375,-10.145
5,25,2014,7,-12.99,-11.33,-11.945,-11.73,-16.125,-20.38,-19.93,-22.4,-19.67,-18.15,-15.01,-12.88,-9.765,-9.425,-12.665,-9.205,-6.505,-1.595,-9.985,-17.74,-18.71,-16.64,-14.07,-12.735,-8.935,-9.575,-7.245,-0.98,-2.705,-11.795,-8.375
5,26,2014,1,-20.7,-12.99,-11.33,-11.945,-11.73,-16.125,-20.38,-19.93,-22.4,-19.67,-18.15,-15.01,-12.88,-9.765,-9.425,-12.665,-9.205,-6.505,-1.595,-9.985,-17.74,-18.71,-16.64,-14.07,-12.735,-8.935,-9.575,-7.245,-0.98,-2.705,-11.795
5,27,2014,2,-22.7,-20.7,-12.99,-11.33,-11.945,-11.73,-16.125,-20.38,-19.93,-22.4,-19.67,-18.15,-15.01,-12.88,-9.765,-9.425,-12.665,-9.205,-6.505,-1.595,-9.985,-17.74,-18.71,-16.64,-14.07,-12.735,-8.935,-9.575,-7.245,-0.98,-2.705
5,28,2014,3,-25.985,-22.7,-20.7,-12.99,-11.33,-11.945,-11.73,-16.125,-20.38,-19.93,-22.4,-19.67,-18.15,-15.01,-12.88,-9.765,-9.425,-12.665,-9.205,-6.505,-1.595,-9.985,-17.74,-18.71,-16.64,-14.07,-12.735,-8.935,-9.575,-7.245,-0.98
5,29,2014,4,-24.71,-25.985,-22.7,-20.7,-12.99,-11.33,-11.945,-11.73,-16.125,-20.38,-19.93,-22.4,-19.67,-18.15,-15.01,-12.88,-9.765,-9.425,-12.665,-9.205,-6.505,-1.595,-9.985,-17.74,-18.71,-16.64,-14.07,-12.735,-8.935,-9.575,-7.245
5,30,2014,5,-25.265,-24.71,-25.985,-22.7,-20.7,-12.99,-11.33,-11.945,-11.73,-16.125,-20.38,-19.93,-22.4,-19.67,-18.15,-15.01,-12.88,-9.765,-9.425,-12.665,-9.205,-6.505,-1.595,-9.985,-17.74,-18.71,-16.64,-14.07,-12.735,-8.935,-9.575
5,31,2014,6,-25.335,-25.265,-24.71,-25.985,-22.7,-20.7,-12.99,-11.33,-11.945,-11.73,-16.125,-20.38,-19.93,-22.4,-19.67,-18.15,-15.01,-12.88,-9.765,-9.425,-12.665,-9.205,-6.505,-1.595,-9.985,-17.74,-18.71,-16.64,-14.07,-12.735,-8.935
6,1,2014,7,-26.51,-25.335,-25.265,-24.71,-25.985,-22.7,-20.7,-12.99,-11.33,-11.945,-11.73,-16.125,-20.38,-19.93,-22.4,-19.67,-18.15,-15.01,-12.88,-9.765,-9.425,-12.665,-9.205,-6.505,-1.595,-9.985,-17.74,-18.71,-16.64,-14.07,-12.735
6,2,2014,1,-24.305,-26.51,-25.335,-25.265,-24.71,-25.985,-22.7,-20.7,-12.99,-11.33,-11.945,-11.73,-16.125,-20.38,-19.93,-22.4,-19.67,-18.15,-15.01,-12.88,-9.765,-9.425,-12.665,-9.205,-6.505,-1.595,-9.985,-17.74,-18.71,-16.64,-14.07
6,3,2014,2,-26.315,-24.305,-26.51,-25.335,-25.265,-24.71,-25.985,-22.7,-20.7,-12.99,-11.33,-11.945,-11.73,-16.125,-20.38,-19.93,-22.4,-19.67,-18.15,-15.01,-12.88,-9.765,-9.425,-12.665,-9.205,-6.505,-1.595,-9.985,-17.74,-18.71,-16.64
6,4,2014,3,-28.16,-26.315,-24.305,-26.51,-25.335,-25.265,-24.71,-25.985,-22.7,-20.7,-12.99,-11.33,-11.945,-11.73,-16.125,-20.38,-19.93,-22.4,-19.67,-18.15,-15.01,-12.88,-9.765,-9.425,-12.665,-9.205,-6.505,-1.595,-9.985,-17.74,-18.71
6,5,2014,4,-25.615,-28.16,-26.315,-24.305,-26.51,-25.335,-25.265,-24.71,-25.985,-22.7,-20.7,-12.99,-11.33,-11.945,-11.73,-16.125,-20.38,-19.93,-22.4,-19.67,-18.15,-15.01,-12.88,-9.765,-9.425,-12.665,-9.205,-6.505,-1.595,-9.985,-17.74
6,6,2014,5,-24.17,-25.615,-28.16,-26.315,-24.305,-26.51,-25.335,-25.265,-24.71,-25.985,-22.7,-20.7,-12.99,-11.33,-11.945,-11.73,-16.125,-20.38,-19.93,-22.4,-19.67,-18.15,-15.01,-12.88,-9.765,-9.425,-12.665,-9.205,-6.505,-1.595,-9.985
6,7,2014,6,-24.21,-24.17,-25.615,-28.16,-26.315,-24.305,-26.51,-25.335,-25.265,-24.71,-25.985,-22.7,-20.7,-12.99,-11.33,-11.945,-11.73,-16.125,-20.38,-19.93,-22.4,-19.67,-18.15,-15.01,-12.88,-9.765,-9.425,-12.665,-9.205,-6.505,-1.595
6,8,2014,7,-23.445,-24.21,-24.17,-25.615,-28.16,-26.315,-24.305,-26.51,-25.335,-25.265,-24.71,-25.985,-22.7,-20.7,-12.99,-11.33,-11.945,-11.73,-16.125,-20.38,-19.93,-22.4,-19.67,-18.15,-15.01,-12.88,-9.765,-9.425,-12.665,-9.205,-6.505
6,9,2014,1,-25.785,-23.445,-24.21,-24.17,-25.615,-28.16,-26.315,-24.305,-26.51,-25.335,-25.265,-24.71,-25.985,-22.7,-20.7,-12.99,-11.33,-11.945,-11.73,-16.125,-20.38,-19.93,-22.4,-19.67,-18.15,-15.01,-12.88,-9.765,-9.425,-12.665,-9.205
6,10,2014,2,-28.28,-25.785,-23.445,-24.21,-24.17,-25.615,-28.16,-26.315,-24.305,-26.51,-25.335,-25.265,-24.71,-25.985,-22.7,-20.7,-12.99,-11.33,-11.945,-11.73,-16.125,-20.38,-19.93,-22.4,-19.67,-18.15,-15.01,-12.88,-9.765,-9.425,-12.665
6,11,2014,3,-29.315,-28.28,-25.785,-23.445,-24.21,-24.17,-25.615,-28.16,-26.315,-24.305,-26.51,-25.335,-25.265,-24.71,-25.985,-22.7,-20.7,-12.99,-11.33,-11.945,-11.73,-16.125,-20.38,-19.93,-22.4,-19.67,-18.15,-15.01,-12.88,-9.765,-9.425
6,12,2014,4,-28.74,-29.315,-28.28,-25.785,-23.445,-24.21,-24.17,-25.615,-28.16,-26.315,-24.305,-26.51,-25.335,-25.265,-24.71,-25.985,-22.7,-20.7,-12.99,-11.33,-11.945,-11.73,-16.125,-20.38,-19.93,-22.4,-19.67,-18.15,-15.01,-12.88,-9.765
6,13,2014,5,-26.775,-28.74,-29.315,-28.28,-25.785,-23.445,-24.21,-24.17,-25.615,-28.16,-26.315,-24.305,-26.51,-25.335,-25.265,-24.71,-25.985,-22.7,-20.7,-12.99,-11.33,-11.945,-11.73,-16.125,-20.38,-19.93,-22.4,-19.67,-18.15,-15.01,-12.88
6,14,2014,6,-30.29,-26.775,-28.74,-29.315,-28.28,-25.785,-23.445,-24.21,-24.17,-25.615,-28.16,-26.315,-24.305,-26.51,-25.335,-25.265,-24.71,-25.985,-22.7,-20.7,-12.99,-11.33,-11.945,-11.73,-16.125,-20.38,-19.93,-22.4,-19.67,-18.15,-15.01
6,15,2014,7,-26.725,-30.29,-26.775,-28.74,-29.315,-28.28,-25.785,-23.445,-24.21,-24.17,-25.615,-28.16,-26.315,-24.305,-26.51,-25.335,-25.265,-24.71,-25.985,-22.7,-20.7,-12.99,-11.33,-11.945,-11.73,-16.125,-20.38,-19.93,-22.4,-19.67,-18.15
6,16,2014,1,-22.26,-26.725,-30.29,-26.775,-28.74,-29.315,-28.28,-25.785,-23.445,-24.21,-24.17,-25.615,-28.16,-26.315,-24.305,-26.51,-25.335,-25.265,-24.71,-25.985,-22.7,-20.7,-12.99,-11.33,-11.945,-11.73,-16.125,-20.38,-19.93,-22.4,-19.67
6,17,2014,2,-23.24,-22.26,-26.725,-30.29,-26.775,-28.74,-29.315,-28.28,-25.785,-23.445,-24.21,-24.17,-25.615,-28.16,-26.315,-24.305,-26.51,-25.335,-25.265,-24.71,-25.985,-22.7,-20.7,-12.99,-11.33,-11.945,-11.73,-16.125,-20.38,-19.93,-22.4
6,18,2014,3,-26.56,-23.24,-22.26,-26.725,-30.29,-26.775,-28.74,-29.315,-28.28,-25.785,-23.445,-24.21,-24.17,-25.615,-28.16,-26.315,-24.305,-26.51,-25.335,-25.265,-24.71,-25.985,-22.7,-20.7,-12.99,-11.33,-11.945,-11.73,-16.125,-20.38,-19.93
6,19,2014,4,-23.125,-26.56,-23.24,-22.26,-26.725,-30.29,-26.775,-28.74,-29.315,-28.28,-25.785,-23.445,-24.21,-24.17,-25.615,-28.16,-26.315,-24.305,-26.51,-25.335,-25.265,-24.71,-25.985,-22.7,-20.7,-12.99,-11.33,-11.945,-11.73,-16.125,-20.38
6,20,2014,5,-22.45,-23.125,-26.56,-23.24,-22.26,-26.725,-30.29,-26.775,-28.74,-29.315,-28.28,-25.785,-23.445,-24.21,-24.17,-25.615,-28.16,-26.315,-24.305,-26.51,-25.335,-25.265,-24.71,-25.985,-22.7,-20.7,-12.99,-11.33,-11.945,-11.73,-16.125
6,21,2014,6,-26.845,-22.45,-23.125,-26.56,-23.24,-22.26,-26.725,-30.29,-26.775,-28.74,-29.315,-28.28,-25.785,-23.445,-24.21,-24.17,-25.615,-28.16,-26.315,-24.305,-26.51,-25.335,-25.265,-24.71,-25.985,-22.7,-20.7,-12.99,-11.33,-11.945,-11.73
6,22,2014,7,-29.22,-26.845,-22.45,-23.125,-26.56,-23.24,-22.26,-26.725,-30.29,-26.775,-28.74,-29.315,-28.28,-25.785,-23.445,-24.21,-24.17,-25.615,-28.16,-26.315,-24.305,-26.51,-25.335,-25.265,-24.71,-25.985,-22.7,-20.7,-12.99,-11.33,-11.945
6,23,2014,1,-28.12,-29.22,-26.845,-22.45,-23.125,-26.56,-23.24,-22.26,-26.725,-30.29,-26.775,-28.74,-29.315,-28.28,-25.785,-23.445,-24.21,-24.17,-25.615,-28.16,-26.315,-24.305,-26.51,-25.335,-25.265,-24.71,-25.985,-22.7,-20.7,-12.99,-11.33
6,24,2014,2,-26.195,-28.12,-29.22,-26.845,-22.45,-23.125,-26.56,-23.24,-22.26,-26.725,-30.29,-26.775,-28.74,-29.315,-28.28,-25.785,-23.445,-24.21,-24.17,-25.615,-28.16,-26.315,-24.305,-26.51,-25.335,-25.265,-24.71,-25.985,-22.7,-20.7,-12.99
6,25,2014,3,-26.26,-26.195,-28.12,-29.22,-26.845,-22.45,-23.125,-26.56,-23.24,-22.26,-26.725,-30.29,-26.775,-28.74,-29.315,-28.28,-25.785,-23.445,-24.21,-24.17,-25.615,-28.16,-26.315,-24.305,-26.51,-25.335,-25.265,-24.71,-25.985,-22.7,-20.7
6,26,2014,4,-27.195,-26.26,-26.195,-28.12,-29.22,-26.845,-22.45,-23.125,-26.56,-23.24,-22.26,-26.725,-30.29,-26.775,-28.74,-29.315,-28.28,-25.785,-23.445,-24.21,-24.17,-25.615,-28.16,-26.315,-24.305,-26.51,-25.335,-25.265,-24.71,-25.985,-22.7
6,27,2014,5,-26.2,-27.195,-26.26,-26.195,-28.12,-29.22,-26.845,-22.45,-23.125,-26.56,-23.24,-22.26,-26.725,-30.29,-26.775,-28.74,-29.315,-28.28,-25.785,-23.445,-24.21,-24.17,-25.615,-28.16,-26.315,-24.305,-26.51,-25.335,-25.265,-24.71,-25.985
6,28,2014,6,-26.565,-26.2,-27.195,-26.26,-26.195,-28.12,-29.22,-26.845,-22.45,-23.125,-26.56,-23.24,-22.26,-26.725,-30.29,-26.775,-28.74,-29.315,-28.28,-25.785,-23.445,-24.21,-24.17,-25.615,-28.16,-26.315,-24.305,-26.51,-25.335,-25.265,-24.71
6,29,2014,7,-28.13,-26.565,-26.2,-27.195,-26.26,-26.195,-28.12,-29.22,-26.845,-22.45,-23.125,-26.56,-23.24,-22.26,-26.725,-30.29,-26.775,-28.74,-29.315,-28.28,-25.785,-23.445,-24.21,-24.17,-25.615,-28.16,-26.315,-24.305,-26.51,-25.335,-25.265
6,30,2014,1,-30.69,-28.13,-26.565,-26.2,-27.195,-26.26,-26.195,-28.12,-29.22,-26.845,-22.45,-23.125,-26.56,-23.24,-22.26,-26.725,-30.29,-26.775,-28.74,-29.315,-28.28,-25.785,-23.445,-24.21,-24.17,-25.615,-28.16,-26.315,-24.305,-26.51,-25.335
7,1,2014,2,-31.13,-30.69,-28.13,-26.565,-26.2,-27.195,-26.26,-26.195,-28.12,-29.22,-26.845,-22.45,-23.125,-26.56,-23.24,-22.26,-26.725,-30.29,-26.775,-28.74,-29.315,-28.28,-25.785,-23.445,-24.21,-24.17,-25.615,-28.16,-26.315,-24.305,-26.51
7,2,2014,3,-31.905,-31.13,-30.69,-28.13,-26.565,-26.2,-27.195,-26.26,-26.195,-28.12,-29.22,-26.845,-22.45,-23.125,-26.56,-23.24,-22.26,-26.725,-30.29,-26.775,-28.74,-29.315,-28.28,-25.785,-23.445,-24.21,-24.17,-25.615,-28.16,-26.315,-24.305
7,3,2014,4,-31.77,-31.905,-31.13,-30.69,-28.13,-26.565,-26.2,-27.195,-26.26,-26.195,-28.12,-29.22,-26.845,-22.45,-23.125,-26.56,-23.24,-22.26,-26.725,-30.29,-26.775,-28.74,-29.315,-28.28,-25.785,-23.445,-24.21,-24.17,-25.615,-28.16,-26.315
7,4,2014,5,-29.76,-31.77,-31.905,-31.13,-30.69,-28.13,-26.565,-26.2,-27.195,-26.26,-26.195,-28.12,-29.22,-26.845,-22.45,-23.125,-26.56,-23.24,-22.26,-26.725,-30.29,-26.775,-28.74,-29.315,-28.28,-25.785,-23.445,-24.21,-24.17,-25.615,-28.16
7,5,2014,6,-23.45,-29.76,-31.77,-31.905,-31.13,-30.69,-28.13,-26.565,-26.2,-27.195,-26.26,-26.195,-28.12,-29.22,-26.845,-22.45,-23.125,-26.56,-23.24,-22.26,-26.725,-30.29,-26.775,-28.74,-29.315,-28.28,-25.785,-23.445,-24.21,-24.17,-25.615
7,6,2014,7,-28.24,-23.45,-29.76,-31.77,-31.905,-31.13,-30.69,-28.13,-26.565,-26.2,-27.195,-26.26,-26.195,-28.12,-29.22,-26.845,-22.45,-23.125,-26.56,-23.24,-22.26,-26.725,-30.29,-26.775,-28.74,-29.315,-28.28,-25.785,-23.445,-24.21,-24.17
7,7,2014,1,-28.135,-28.24,-23.45,-29.76,-31.77,-31.905,-31.13,-30.69,-28.13,-26.565,-26.2,-27.195,-26.26,-26.195,-28.12,-29.22,-26.845,-22.45,-23.125,-26.56,-23.24,-22.26,-26.725,-30.29,-26.775,-28.74,-29.315,-28.28,-25.785,-23.445,-24.21
7,8,2014,2,-31.28,-28.135,-28.24,-23.45,-29.76,-31.77,-31.905,-31.13,-30.69,-28.13,-26.565,-26.2,-27.195,-26.26,-26.195,-28.12,-29.22,-26.845,-22.45,-23.125,-26.56,-23.24,-22.26,-26.725,-30.29,-26.775,-28.74,-29.315,-28.28,-25.785,-23.445
7,9,2014,3,-28.93,-31.28,-28.135,-28.24,-23.45,-29.76,-31.77,-31.905,-31.13,-30.69,-28.13,-26.565,-26.2,-27.195,-26.26,-26.195,-28.12,-29.22,-26.845,-22.45,-23.125,-26.56,-23.24,-22.26,-26.725,-30.29,-26.775,-28.74,-29.315,-28.28,-25.785
7,10,2014,4,-25.765,-28.93,-31.28,-28.135,-28.24,-23.45,-29.76,-31.77,-31.905,-31.13,-30.69,-28.13,-26.565,-26.2,-27.195,-26.26,-26.195,-28.12,-29.22,-26.845,-22.45,-23.125,-26.56,-23.24,-22.26,-26.725,-30.29,-26.775,-28.74,-29.315,-28.28
7,11,2014,5,-28.975,-25.765,-28.93,-31.28,-28.135,-28.24,-23.45,-29.76,-31.77,-31.905,-31.13,-30.69,-28.13,-26.565,-26.2,-27.195,-26.26,-26.195,-28.12,-29.22,-26.845,-22.45,-23.125,-26.56,-23.24,-22.26,-26.725,-30.29,-26.775,-28.74,-29.315
7,12,2014,6,-30.855,-28.975,-25.765,-28.93,-31.28,-28.135,-28.24,-23.45,-29.76,-31.77,-31.905,-31.13,-30.69,-28.13,-26.565,-26.2,-27.195,-26.26,-26.195,-28.12,-29.22,-26.845,-22.45,-23.125,-26.56,-23.24,-22.26,-26.725,-30.29,-26.775,-28.74
7,13,2014,7,-32.43,-30.855,-28.975,-25.765,-28.93,-31.28,-28.135,-28.24,-23.45,-29.76,-31.77,-31.905,-31.13,-30.69,-28.13,-26.565,-26.2,-27.195,-26.26,-26.195,-28.12,-29.22,-26.845,-22.45,-23.125,-26.56,-23.24,-22.26,-26.725,-30.29,-26.775
7,14,2014,1,-28.42,-32.43,-30.855,-28.975,-25.765,-28.93,-31.28,-28.135,-28.24,-23.45,-29.76,-31.77,-31.905,-31.13,-30.69,-28.13,-26.565,-26.2,-27.195,-26.26,-26.195,-28.12,-29.22,-26.845,-22.45,-23.125,-26.56,-23.24,-22.26,-26.725,-30.29
7,15,2014,2,-25.275,-28.42,-32.43,-30.855,-28.975,-25.765,-28.93,-31.28,-28.135,-28.24,-23.45,-29.76,-31.77,-31.905,-31.13,-30.69,-28.13,-26.565,-26.2,-27.195,-26.26,-26.195,-28.12,-29.22,-26.845,-22.45,-23.125,-26.56,-23.24,-22.26,-26.725
7,16,2014,3,-27.715,-25.275,-28.42,-32.43,-30.855,-28.975,-25.765,-28.93,-31.28,-28.135,-28.24,-23.45,-29.76,-31.77,-31.905,-31.13,-30.69,-28.13,-26.565,-26.2,-27.195,-26.26,-26.195,-28.12,-29.22,-26.845,-22.45,-23.125,-26.56,-23.24,-22.26
7,17,2014,4,-28.735,-27.715,-25.275,-28.42,-32.43,-30.855,-28.975,-25.765,-28.93,-31.28,-28.135,-28.24,-23.45,-29.76,-31.77,-31.905,-31.13,-30.69,-28.13,-26.565,-26.2,-27.195,-26.26,-26.195,-28.12,-29.22,-26.845,-22.45,-23.125,-26.56,-23.24
7,18,2014,5,-29.33,-28.735,-27.715,-25.275,-28.42,-32.43,-30.855,-28.975,-25.765,-28.93,-31.28,-28.135,-28.24,-23.45,-29.76,-31.77,-31.905,-31.13,-30.69,-28.13,-26.565,-26.2,-27.195,-26.26,-26.195,-28.12,-29.22,-26.845,-22.45,-23.125,-26.56
7,19,2014,6,-27.44,-29.33,-28.735,-27.715,-25.275,-28.42,-32.43,-30.855,-28.975,-25.765,-28.93,-31.28,-28.135,-28.24,-23.45,-29.76,-31.77,-31.905,-31.13,-30.69,-28.13,-26.565,-26.2,-27.195,-26.26,-26.195,-28.12,-29.22,-26.845,-22.45,-23.125
7,20,2014,7,-29.72,-27.44,-29.33,-28.735,-27.715,-25.275,-28.42,-32.43,-30.855,-28.975,-25.765,-28.93,-31.28,-28.135,-28.24,-23.45,-29.76,-31.77,-31.905,-31.13,-30.69,-28.13,-26.565,-26.2,-27.195,-26.26,-26.195,-28.12,-29.22,-26.845,-22.45
7,21,2014,1,-28.965,-29.72,-27.44,-29.33,-28.735,-27.715,-25.275,-28.42,-32.43,-30.855,-28.975,-25.765,-28.93,-31.28,-28.135,-28.24,-23.45,-29.76,-31.77,-31.905,-31.13,-30.69,-28.13,-26.565,-26.2,-27.195,-26.26,-26.195,-28.12,-29.22,-26.845
7,22,2014,2,-29.1,-28.965,-29.72,-27.44,-29.33,-28.735,-27.715,-25.275,-28.42,-32.43,-30.855,-28.975,-25.765,-28.93,-31.28,-28.135,-28.24,-23.45,-29.76,-31.77,-31.905,-31.13,-30.69,-28.13,-26.565,-26.2,-27.195,-26.26,-26.195,-28.12,-29.22
7,23,2014,3,-33.93,-29.1,-28.965,-29.72,-27.44,-29.33,-28.735,-27.715,-25.275,-28.42,-32.43,-30.855,-28.975,-25.765,-28.93,-31.28,-28.135,-28.24,-23.45,-29.76,-31.77,-31.905,-31.13,-30.69,-28.13,-26.565,-26.2,-27.195,-26.26,-26.195,-28.12
7,24,2014,4,-37.9,-33.93,-29.1,-28.965,-29.72,-27.44,-29.33,-28.735,-27.715,-25.275,-28.42,-32.43,-30.855,-28.975,-25.765,-28.93,-31.28,-28.135,-28.24,-23.45,-29.76,-31.77,-31.905,-31.13,-30.69,-28.13,-26.565,-26.2,-27.195,-26.26,-26.195
7,25,2014,5,-37.545,-37.9,-33.93,-29.1,-28.965,-29.72,-27.44,-29.33,-28.735,-27.715,-25.275,-28.42,-32.43,-30.855,-28.975,-25.765,-28.93,-31.28,-28.135,-28.24,-23.45,-29.76,-31.77,-31.905,-31.13,-30.69,-28.13,-26.565,-26.2,-27.195,-26.26
7,26,2014,6,-33.185,-37.545,-37.9,-33.93,-29.1,-28.965,-29.72,-27.44,-29.33,-28.735,-27.715,-25.275,-28.42,-32.43,-30.855,-28.975,-25.765,-28.93,-31.28,-28.135,-28.24,-23.45,-29.76,-31.77,-31.905,-31.13,-30.69,-28.13,-26.565,-26.2,-27.195
7,27,2014,7,-29.685,-33.185,-37.545,-37.9,-33.93,-29.1,-28.965,-29.72,-27.44,-29.33,-28.735,-27.715,-25.275,-28.42,-32.43,-30.855,-28.975,-25.765,-28.93,-31.28,-28.135,-28.24,-23.45,-29.76,-31.77,-31.905,-31.13,-30.69,-28.13,-26.565,-26.2
7,28,2014,1,-27.105,-29.685,-33.185,-37.545,-37.9,-33.93,-29.1,-28.965,-29.72,-27.44,-29.33,-28.735,-27.715,-25.275,-28.42,-32.43,-30.855,-28.975,-25.765,-28.93,-31.28,-28.135,-28.24,-23.45,-29.76,-31.77,-31.905,-31.13,-30.69,-28.13,-26.565
7,29,2014,2,-29.955,-27.105,-29.685,-33.185,-37.545,-37.9,-33.93,-29.1,-28.965,-29.72,-27.44,-29.33,-28.735,-27.715,-25.275,-28.42,-32.43,-30.855,-28.975,-25.765,-28.93,-31.28,-28.135,-28.24,-23.45,-29.76,-31.77,-31.905,-31.13,-30.69,-28.13
7,30,2014,3,-33.215,-29.955,-27.105,-29.685,-33.185,-37.545,-37.9,-33.93,-29.1,-28.965,-29.72,-27.44,-29.33,-28.735,-27.715,-25.275,-28.42,-32.43,-30.855,-28.975,-25.765,-28.93,-31.28,-28.135,-28.24,-23.45,-29.76,-31.77,-31.905,-31.13,-30.69
7,31,2014,4,-34.455,-33.215,-29.955,-27.105,-29.685,-33.185,-37.545,-37.9,-33.93,-29.1,-28.965,-29.72,-27.44,-29.33,-28.735,-27.715,-25.275,-28.42,-32.43,-30.855,-28.975,-25.765,-28.93,-31.28,-28.135,-28.24,-23.45,-29.76,-31.77,-31.905,-31.13
8,1,2014,5,-33.14,-34.455,-33.215,-29.955,-27.105,-29.685,-33.185,-37.545,-37.9,-33.93,-29.1,-28.965,-29.72,-27.44,-29.33,-28.735,-27.715,-25.275,-28.42,-32.43,-30.855,-28.975,-25.765,-28.93,-31.28,-28.135,-28.24,-23.45,-29.76,-31.77,-31.905
8,2,2014,6,-24.785,-33.14,-34.455,-33.215,-29.955,-27.105,-29.685,-33.185,-37.545,-37.9,-33.93,-29.1,-28.965,-29.72,-27.44,-29.33,-28.735,-27.715,-25.275,-28.42,-32.43,-30.855,-28.975,-25.765,-28.93,-31.28,-28.135,-28.24,-23.45,-29.76,-31.77
8,3,2014,7,-22.59,-24.785,-33.14,-34.455,-33.215,-29.955,-27.105,-29.685,-33.185,-37.545,-37.9,-33.93,-29.1,-28.965,-29.72,-27.44,-29.33,-28.735,-27.715,-25.275,-28.42,-32.43,-30.855,-28.975,-25.765,-28.93,-31.28,-28.135,-28.24,-23.45,-29.76
8,4,2014,1,-24.64,-22.59,-24.785,-33.14,-34.455,-33.215,-29.955,-27.105,-29.685,-33.185,-37.545,-37.9,-33.93,-29.1,-28.965,-29.72,-27.44,-29.33,-28.735,-27.715,-25.275,-28.42,-32.43,-30.855,-28.975,-25.765,-28.93,-31.28,-28.135,-28.24,-23.45
8,5,2014,2,-25.06,-24.64,-22.59,-24.785,-33.14,-34.455,-33.215,-29.955,-27.105,-29.685,-33.185,-37.545,-37.9,-33.93,-29.1,-28.965,-29.72,-27.44,-29.33,-28.735,-27.715,-25.275,-28.42,-32.43,-30.855,-28.975,-25.765,-28.93,-31.28,-28.135,-28.24
8,6,2014,3,-27.295,-25.06,-24.64,-22.59,-24.785,-33.14,-34.455,-33.215,-29.955,-27.105,-29.685,-33.185,-37.545,-37.9,-33.93,-29.1,-28.965,-29.72,-27.44,-29.33,-28.735,-27.715,-25.275,-28.42,-32.43,-30.855,-28.975,-25.765,-28.93,-31.28,-28.135
8,7,2014,4,-28.76,-27.295,-25.06,-24.64,-22.59,-24.785,-33.14,-34.455,-33.215,-29.955,-27.105,-29.685,-33.185,-37.545,-37.9,-33.93,-29.1,-28.965,-29.72,-27.44,-29.33,-28.735,-27.715,-25.275,-28.42,-32.43,-30.855,-28.975,-25.765,-28.93,-31.28
8,8,2014,5,-27.02,-28.76,-27.295,-25.06,-24.64,-22.59,-24.785,-33.14,-34.455,-33.215,-29.955,-27.105,-29.685,-33.185,-37.545,-37.9,-33.93,-29.1,-28.965,-29.72,-27.44,-29.33,-28.735,-27.715,-25.275,-28.42,-32.43,-30.855,-28.975,-25.765,-28.93
8,9,2014,6,-28.315,-27.02,-28.76,-27.295,-25.06,-24.64,-22.59,-24.785,-33.14,-34.455,-33.215,-29.955,-27.105,-29.685,-33.185,-37.545,-37.9,-33.93,-29.1,-28.965,-29.72,-27.44,-29.33,-28.735,-27.715,-25.275,-28.42,-32.43,-30.855,-28.975,-25.765
8,10,2014,7,-28.29,-28.315,-27.02,-28.76,-27.295,-25.06,-24.64,-22.59,-24.785,-33.14,-34.455,-33.215,-29.955,-27.105,-29.685,-33.185,-37.545,-37.9,-33.93,-29.1,-28.965,-29.72,-27.44,-29.33,-28.735,-27.715,-25.275,-28.42,-32.43,-30.855,-28.975
8,11,2014,1,-28.295,-28.29,-28.315,-27.02,-28.76,-27.295,-25.06,-24.64,-22.59,-24.785,-33.14,-34.455,-33.215,-29.955,-27.105,-29.685,-33.185,-37.545,-37.9,-33.93,-29.1,-28.965,-29.72,-27.44,-29.33,-28.735,-27.715,-25.275,-28.42,-32.43,-30.855
8,12,2014,2,-31.29,-28.295,-28.29,-28.315,-27.02,-28.76,-27.295,-25.06,-24.64,-22.59,-24.785,-33.14,-34.455,-33.215,-29.955,-27.105,-29.685,-33.185,-37.545,-37.9,-33.93,-29.1,-28.965,-29.72,-27.44,-29.33,-28.735,-27.715,-25.275,-28.42,-32.43
8,13,2014,3,-22.305,-31.29,-28.295,-28.29,-28.315,-27.02,-28.76,-27.295,-25.06,-24.64,-22.59,-24.785,-33.14,-34.455,-33.215,-29.955,-27.105,-29.685,-33.185,-37.545,-37.9,-33.93,-29.1,-28.965,-29.72,-27.44,-29.33,-28.735,-27.715,-25.275,-28.42
8,14,2014,4,-19.07,-22.305,-31.29,-28.295,-28.29,-28.315,-27.02,-28.76,-27.295,-25.06,-24.64,-22.59,-24.785,-33.14,-34.455,-33.215,-29.955,-27.105,-29.685,-33.185,-37.545,-37.9,-33.93,-29.1,-28.965,-29.72,-27.44,-29.33,-28.735,-27.715,-25.275
8,15,2014,5,-26.185,-19.07,-22.305,-31.29,-28.295,-28.29,-28.315,-27.02,-28.76,-27.295,-25.06,-24.64,-22.59,-24.785,-33.14,-34.455,-33.215,-29.955,-27.105,-29.685,-33.185,-37.545,-37.9,-33.93,-29.1,-28.965,-29.72,-27.44,-29.33,-28.735,-27.715
8,16,2014,6,-27.055,-26.185,-19.07,-22.305,-31.29,-28.295,-28.29,-28.315,-27.02,-28.76,-27.295,-25.06,-24.64,-22.59,-24.785,-33.14,-34.455,-33.215,-29.955,-27.105,-29.685,-33.185,-37.545,-37.9,-33.93,-29.1,-28.965,-29.72,-27.44,-29.33,-28.735
8,17,2014,7,-30.35,-27.055,-26.185,-19.07,-22.305,-31.29,-28.295,-28.29,-28.315,-27.02,-28.76,-27.295,-25.06,-24.64,-22.59,-24.785,-33.14,-34.455,-33.215,-29.955,-27.105,-29.685,-33.185,-37.545,-37.9,-33.93,-29.1,-28.965,-29.72,-27.44,-29.33
8,18,2014,1,-32.555,-30.35,-27.055,-26.185,-19.07,-22.305,-31.29,-28.295,-28.29,-28.315,-27.02,-28.76,-27.295,-25.06,-24.64,-22.59,-24.785,-33.14,-34.455,-33.215,-29.955,-27.105,-29.685,-33.185,-37.545,-37.9,-33.93,-29.1,-28.965,-29.72,-27.44
8,19,2014,2,-22.985,-32.555,-30.35,-27.055,-26.185,-19.07,-22.305,-31.29,-28.295,-28.29,-28.315,-27.02,-28.76,-27.295,-25.06,-24.64,-22.59,-24.785,-33.14,-34.455,-33.215,-29.955,-27.105,-29.685,-33.185,-37.545,-37.9,-33.93,-29.1,-28.965,-29.72
8,20,2014,3,-16.425,-22.985,-32.555,-30.35,-27.055,-26.185,-19.07,-22.305,-31.29,-28.295,-28.29,-28.315,-27.02,-28.76,-27.295,-25.06,-24.64,-22.59,-24.785,-33.14,-34.455,-33.215,-29.955,-27.105,-29.685,-33.185,-37.545,-37.9,-33.93,-29.1,-28.965
8,21,2014,4,-20.62,-16.425,-22.985,-32.555,-30.35,-27.055,-26.185,-19.07,-22.305,-31.29,-28.295,-28.29,-28.315,-27.02,-28.76,-27.295,-25.06,-24.64,-22.59,-24.785,-33.14,-34.455,-33.215,-29.955,-27.105,-29.685,-33.185,-37.545,-37.9,-33.93,-29.1
8,22,2014,5,-15.11,-20.62,-16.425,-22.985,-32.555,-30.35,-27.055,-26.185,-19.07,-22.305,-31.29,-28.295,-28.29,-28.315,-27.02,-28.76,-27.295,-25.06,-24.64,-22.59,-24.785,-33.14,-34.455,-33.215,-29.955,-27.105,-29.685,-33.185,-37.545,-37.9,-33.93
8,23,2014,6,-16.195,-15.11,-20.62,-16.425,-22.985,-32.555,-30.35,-27.055,-26.185,-19.07,-22.305,-31.29,-28.295,-28.29,-28.315,-27.02,-28.76,-27.295,-25.06,-24.64,-22.59,-24.785,-33.14,-34.455,-33.215,-29.955,-27.105,-29.685,-33.185,-37.545,-37.9
8,24,2014,7,-20.875,-16.195,-15.11,-20.62,-16.425,-22.985,-32.555,-30.35,-27.055,-26.185,-19.07,-22.305,-31.29,-28.295,-28.29,-28.315,-27.02,-28.76,-27.295,-25.06,-24.64,-22.59,-24.785,-33.14,-34.455,-33.215,-29.955,-27.105,-29.685,-33.185,-37.545
8,25,2014,1,-24.78,-20.875,-16.195,-15.11,-20.62,-16.425,-22.985,-32.555,-30.35,-27.055,-26.185,-19.07,-22.305,-31.29,-28.295,-28.29,-28.315,-27.02,-28.76,-27.295,-25.06,-24.64,-22.59,-24.785,-33.14,-34.455,-33.215,-29.955,-27.105,-29.685,-33.185
8,26,2014,2,-25.345,-24.78,-20.875,-16.195,-15.11,-20.62,-16.425,-22.985,-32.555,-30.35,-27.055,-26.185,-19.07,-22.305,-31.29,-28.295,-28.29,-28.315,-27.02,-28.76,-27.295,-25.06,-24.64,-22.59,-24.785,-33.14,-34.455,-33.215,-29.955,-27.105,-29.685
8,27,2014,3,-23.69,-25.345,-24.78,-20.875,-16.195,-15.11,-20.62,-16.425,-22.985,-32.555,-30.35,-27.055,-26.185,-19.07,-22.305,-31.29,-28.295,-28.29,-28.315,-27.02,-28.76,-27.295,-25.06,-24.64,-22.59,-24.785,-33.14,-34.455,-33.215,-29.955,-27.105
8,28,2014,4,-26.525,-23.69,-25.345,-24.78,-20.875,-16.195,-15.11,-20.62,-16.425,-22.985,-32.555,-30.35,-27.055,-26.185,-19.07,-22.305,-31.29,-28.295,-28.29,-28.315,-27.02,-28.76,-27.295,-25.06,-24.64,-22.59,-24.785,-33.14,-34.455,-33.215,-29.955
8,29,2014,5,-28.68,-26.525,-23.69,-25.345,-24.78,-20.875,-16.195,-15.11,-20.62,-16.425,-22.985,-32.555,-30.35,-27.055,-26.185,-19.07,-22.305,-31.29,-28.295,-28.29,-28.315,-27.02,-28.76,-27.295,-25.06,-24.64,-22.59,-24.785,-33.14,-34.455,-33.215
8,30,2014,6,-29.355,-28.68,-26.525,-23.69,-25.345,-24.78,-20.875,-16.195,-15.11,-20.62,-16.425,-22.985,-32.555,-30.35,-27.055,-26.185,-19.07,-22.305,-31.29,-28.295,-28.29,-28.315,-27.02,-28.76,-27.295,-25.06,-24.64,-22.59,-24.785,-33.14,-34.455
8,31,2014,7,-29.515,-29.355,-28.68,-26.525,-23.69,-25.345,-24.78,-20.875,-16.195,-15.11,-20.62,-16.425,-22.985,-32.555,-30.35,-27.055,-26.185,-19.07,-22.305,-31.29,-28.295,-28.29,-28.315,-27.02,-28.76,-27.295,-25.06,-24.64,-22.59,-24.785,-33.14
9,1,2014,1,-29.475,-29.515,-29.355,-28.68,-26.525,-23.69,-25.345,-24.78,-20.875,-16.195,-15.11,-20.62,-16.425,-22.985,-32.555,-30.35,-27.055,-26.185,-19.07,-22.305,-31.29,-28.295,-28.29,-28.315,-27.02,-28.76,-27.295,-25.06,-24.64,-22.59,-24.785
9,2,2014,2,-28.1,-29.475,-29.515,-29.355,-28.68,-26.525,-23.69,-25.345,-24.78,-20.875,-16.195,-15.11,-20.62,-16.425,-22.985,-32.555,-30.35,-27.055,-26.185,-19.07,-22.305,-31.29,-28.295,-28.29,-28.315,-27.02,-28.76,-27.295,-25.06,-24.64,-22.59
9,3,2014,3,-28.345,-28.1,-29.475,-29.515,-29.355,-28.68,-26.525,-23.69,-25.345,-24.78,-20.875,-16.195,-15.11,-20.62,-16.425,-22.985,-32.555,-30.35,-27.055,-26.185,-19.07,-22.305,-31.29,-28.295,-28.29,-28.315,-27.02,-28.76,-27.295,-25.06,-24.64
9,4,2014,4,-29.36,-28.345,-28.1,-29.475,-29.515,-29.355,-28.68,-26.525,-23.69,-25.345,-24.78,-20.875,-16.195,-15.11,-20.62,-16.425,-22.985,-32.555,-30.35,-27.055,-26.185,-19.07,-22.305,-31.29,-28.295,-28.29,-28.315,-27.02,-28.76,-27.295,-25.06
9,5,2014,5,-29.255,-29.36,-28.345,-28.1,-29.475,-29.515,-29.355,-28.68,-26.525,-23.69,-25.345,-24.78,-20.875,-16.195,-15.11,-20.62,-16.425,-22.985,-32.555,-30.35,-27.055,-26.185,-19.07,-22.305,-31.29,-28.295,-28.29,-28.315,-27.02,-28.76,-27.295
9,6,2014,6,-23.67,-29.255,-29.36,-28.345,-28.1,-29.475,-29.515,-29.355,-28.68,-26.525,-23.69,-25.345,-24.78,-20.875,-16.195,-15.11,-20.62,-16.425,-22.985,-32.555,-30.35,-27.055,-26.185,-19.07,-22.305,-31.29,-28.295,-28.29,-28.315,-27.02,-28.76
9,7,2014,7,-28.04,-23.67,-29.255,-29.36,-28.345,-28.1,-29.475,-29.515,-29.355,-28.68,-26.525,-23.69,-25.345,-24.78,-20.875,-16.195,-15.11,-20.62,-16.425,-22.985,-32.555,-30.35,-27.055,-26.185,-19.07,-22.305,-31.29,-28.295,-28.29,-28.315,-27.02
9,8,2014,1,-26.58,-28.04,-23.67,-29.255,-29.36,-28.345,-28.1,-29.475,-29.515,-29.355,-28.68,-26.525,-23.69,-25.345,-24.78,-20.875,-16.195,-15.11,-20.62,-16.425,-22.985,-32.555,-30.35,-27.055,-26.185,-19.07,-22.305,-31.29,-28.295,-28.29,-28.315
9,9,2014,2,-15.45,-26.58,-28.04,-23.67,-29.255,-29.36,-28.345,-28.1,-29.475,-29.515,-29.355,-28.68,-26.525,-23.69,-25.345,-24.78,-20.875,-16.195,-15.11,-20.62,-16.425,-22.985,-32.555,-30.35,-27.055,-26.185,-19.07,-22.305,-31.29,-28.295,-28.29
9,10,2014,3,-19.115,-15.45,-26.58,-28.04,-23.67,-29.255,-29.36,-28.345,-28.1,-29.475,-29.515,-29.355,-28.68,-26.525,-23.69,-25.345,-24.78,-20.875,-16.195,-15.11,-20.62,-16.425,-22.985,-32.555,-30.35,-27.055,-26.185,-19.07,-22.305,-31.29,-28.295
9,11,2014,4,-21.21,-19.115,-15.45,-26.58,-28.04,-23.67,-29.255,-29.36,-28.345,-28.1,-29.475,-29.515,-29.355,-28.68,-26.525,-23.69,-25.345,-24.78,-20.875,-16.195,-15.11,-20.62,-16.425,-22.985,-32.555,-30.35,-27.055,-26.185,-19.07,-22.305,-31.29
9,12,2014,5,-23.45,-21.21,-19.115,-15.45,-26.58,-28.04,-23.67,-29.255,-29.36,-28.345,-28.1,-29.475,-29.515,-29.355,-28.68,-26.525,-23.69,-25.345,-24.78,-20.875,-16.195,-15.11,-20.62,-16.425,-22.985,-32.555,-30.35,-27.055,-26.185,-19.07,-22.305
9,13,2014,6,-24.945,-23.45,-21.21,-19.115,-15.45,-26.58,-28.04,-23.67,-29.255,-29.36,-28.345,-28.1,-29.475,-29.515,-29.355,-28.68,-26.525,-23.69,-25.345,-24.78,-20.875,-16.195,-15.11,-20.62,-16.425,-22.985,-32.555,-30.35,-27.055,-26.185,-19.07
9,14,2014,7,-26.09,-24.945,-23.45,-21.21,-19.115,-15.45,-26.58,-28.04,-23.67,-29.255,-29.36,-28.345,-28.1,-29.475,-29.515,-29.355,-28.68,-26.525,-23.69,-25.345,-24.78,-20.875,-16.195,-15.11,-20.62,-16.425,-22.985,-32.555,-30.35,-27.055,-26.185
9,15,2014,1,-25.57,-26.09,-24.945,-23.45,-21.21,-19.115,-15.45,-26.58,-28.04,-23.67,-29.255,-29.36,-28.345,-28.1,-29.475,-29.515,-29.355,-28.68,-26.525,-23.69,-25.345,-24.78,-20.875,-16.195,-15.11,-20.62,-16.425,-22.985,-32.555,-30.35,-27.055
9,16,2014,2,-28.765,-25.57,-26.09,-24.945,-23.45,-21.21,-19.115,-15.45,-26.58,-28.04,-23.67,-29.255,-29.36,-28.345,-28.1,-29.475,-29.515,-29.355,-28.68,-26.525,-23.69,-25.345,-24.78,-20.875,-16.195,-15.11,-20.62,-16.425,-22.985,-32.555,-30.35
9,17,2014,3,-21.28,-28.765,-25.57,-26.09,-24.945,-23.45,-21.21,-19.115,-15.45,-26.58,-28.04,-23.67,-29.255,-29.36,-28.345,-28.1,-29.475,-29.515,-29.355,-28.68,-26.525,-23.69,-25.345,-24.78,-20.875,-16.195,-15.11,-20.62,-16.425,-22.985,-32.555
9,18,2014,4,-18.975,-21.28,-28.765,-25.57,-26.09,-24.945,-23.45,-21.21,-19.115,-15.45,-26.58,-28.04,-23.67,-29.255,-29.36,-28.345,-28.1,-29.475,-29.515,-29.355,-28.68,-26.525,-23.69,-25.345,-24.78,-20.875,-16.195,-15.11,-20.62,-16.425,-22.985
9,19,2014,5,-20.425,-18.975,-21.28,-28.765,-25.57,-26.09,-24.945,-23.45,-21.21,-19.115,-15.45,-26.58,-28.04,-23.67,-29.255,-29.36,-28.345,-28.1,-29.475,-29.515,-29.355,-28.68,-26.525,-23.69,-25.345,-24.78,-20.875,-16.195,-15.11,-20.62,-16.425
9,20,2014,6,-23.905,-20.425,-18.975,-21.28,-28.765,-25.57,-26.09,-24.945,-23.45,-21.21,-19.115,-15.45,-26.58,-28.04,-23.67,-29.255,-29.36,-28.345,-28.1,-29.475,-29.515,-29.355,-28.68,-26.525,-23.69,-25.345,-24.78,-20.875,-16.195,-15.11,-20.62
9,21,2014,7,-23.695,-23.905,-20.425,-18.975,-21.28,-28.765,-25.57,-26.09,-24.945,-23.45,-21.21,-19.115,-15.45,-26.58,-28.04,-23.67,-29.255,-29.36,-28.345,-28.1,-29.475,-29.515,-29.355,-28.68,-26.525,-23.69,-25.345,-24.78,-20.875,-16.195,-15.11
9,22,2014,1,-23.035,-23.695,-23.905,-20.425,-18.975,-21.28,-28.765,-25.57,-26.09,-24.945,-23.45,-21.21,-19.115,-15.45,-26.58,-28.04,-23.67,-29.255,-29.36,-28.345,-28.1,-29.475,-29.515,-29.355,-28.68,-26.525,-23.69,-25.345,-24.78,-20.875,-16.195
9,23,2014,2,-24.09,-23.035,-23.695,-23.905,-20.425,-18.975,-21.28,-28.765,-25.57,-26.09,-24.945,-23.45,-21.21,-19.115,-15.45,-26.58,-28.04,-23.67,-29.255,-29.36,-28.345,-28.1,-29.475,-29.515,-29.355,-28.68,-26.525,-23.69,-25.345,-24.78,-20.875
9,24,2014,3,-23.125,-24.09,-23.035,-23.695,-23.905,-20.425,-18.975,-21.28,-28.765,-25.57,-26.09,-24.945,-23.45,-21.21,-19.115,-15.45,-26.58,-28.04,-23.67,-29.255,-29.36,-28.345,-28.1,-29.475,-29.515,-29.355,-28.68,-26.525,-23.69,-25.345,-24.78
9,25,2014,4,-24.61,-23.125,-24.09,-23.035,-23.695,-23.905,-20.425,-18.975,-21.28,-28.765,-25.57,-26.09,-24.945,-23.45,-21.21,-19.115,-15.45,-26.58,-28.04,-23.67,-29.255,-29.36,-28.345,-28.1,-29.475,-29.515,-29.355,-28.68,-26.525,-23.69,-25.345
9,26,2014,5,-25.67,-24.61,-23.125,-24.09,-23.035,-23.695,-23.905,-20.425,-18.975,-21.28,-28.765,-25.57,-26.09,-24.945,-23.45,-21.21,-19.115,-15.45,-26.58,-28.04,-23.67,-29.255,-29.36,-28.345,-28.1,-29.475,-29.515,-29.355,-28.68,-26.525,-23.69
9,27,2014,6,-24.89,-25.67,-24.61,-23.125,-24.09,-23.035,-23.695,-23.905,-20.425,-18.975,-21.28,-28.765,-25.57,-26.09,-24.945,-23.45,-21.21,-19.115,-15.45,-26.58,-28.04,-23.67,-29.255,-29.36,-28.345,-28.1,-29.475,-29.515,-29.355,-28.68,-26.525
9,28,2014,7,-16.17,-24.89,-25.67,-24.61,-23.125,-24.09,-23.035,-23.695,-23.905,-20.425,-18.975,-21.28,-28.765,-25.57,-26.09,-24.945,-23.45,-21.21,-19.115,-15.45,-26.58,-28.04,-23.67,-29.255,-29.36,-28.345,-28.1,-29.475,-29.515,-29.355,-28.68
9,29,2014,1,-12.065,-16.17,-24.89,-25.67,-24.61,-23.125,-24.09,-23.035,-23.695,-23.905,-20.425,-18.975,-21.28,-28.765,-25.57,-26.09,-24.945,-23.45,-21.21,-19.115,-15.45,-26.58,-28.04,-23.67,-29.255,-29.36,-28.345,-28.1,-29.475,-29.515,-29.355
9,30,2014,2,-11.305,-12.065,-16.17,-24.89,-25.67,-24.61,-23.125,-24.09,-23.035,-23.695,-23.905,-20.425,-18.975,-21.28,-28.765,-25.57,-26.09,-24.945,-23.45,-21.21,-19.115,-15.45,-26.58,-28.04,-23.67,-29.255,-29.36,-28.345,-28.1,-29.475,-29.515
10,1,2014,3,-11.485,-11.305,-12.065,-16.17,-24.89,-25.67,-24.61,-23.125,-24.09,-23.035,-23.695,-23.905,-20.425,-18.975,-21.28,-28.765,-25.57,-26.09,-24.945,-23.45,-21.21,-19.115,-15.45,-26.58,-28.04,-23.67,-29.255,-29.36,-28.345,-28.1,-29.475
10,2,2014,4,-13.135,-11.485,-11.305,-12.065,-16.17,-24.89,-25.67,-24.61,-23.125,-24.09,-23.035,-23.695,-23.905,-20.425,-18.975,-21.28,-28.765,-25.57,-26.09,-24.945,-23.45,-21.21,-19.115,-15.45,-26.58,-28.04,-23.67,-29.255,-29.36,-28.345,-28.1
10,3,2014,5,-14.76,-13.135,-11.485,-11.305,-12.065,-16.17,-24.89,-25.67,-24.61,-23.125,-24.09,-23.035,-23.695,-23.905,-20.425,-18.975,-21.28,-28.765,-25.57,-26.09,-24.945,-23.45,-21.21,-19.115,-15.45,-26.58,-28.04,-23.67,-29.255,-29.36,-28.345
10,4,2014,6,-16.395,-14.76,-13.135,-11.485,-11.305,-12.065,-16.17,-24.89,-25.67,-24.61,-23.125,-24.09,-23.035,-23.695,-23.905,-20.425,-18.975,-21.28,-28.765,-25.57,-26.09,-24.945,-23.45,-21.21,-19.115,-15.45,-26.58,-28.04,-23.67,-29.255,-29.36
10,5,2014,7,-18.16,-16.395,-14.76,-13.135,-11.485,-11.305,-12.065,-16.17,-24.89,-25.67,-24.61,-23.125,-24.09,-23.035,-23.695,-23.905,-20.425,-18.975,-21.28,-28.765,-25.57,-26.09,-24.945,-23.45,-21.21,-19.115,-15.45,-26.58,-28.04,-23.67,-29.255
10,6,2014,1,-15.675,-18.16,-16.395,-14.76,-13.135,-11.485,-11.305,-12.065,-16.17,-24.89,-25.67,-24.61,-23.125,-24.09,-23.035,-23.695,-23.905,-20.425,-18.975,-21.28,-28.765,-25.57,-26.09,-24.945,-23.45,-21.21,-19.115,-15.45,-26.58,-28.04,-23.67
10,7,2014,2,-14.45,-15.675,-18.16,-16.395,-14.76,-13.135,-11.485,-11.305,-12.065,-16.17,-24.89,-25.67,-24.61,-23.125,-24.09,-23.035,-23.695,-23.905,-20.425,-18.975,-21.28,-28.765,-25.57,-26.09,-24.945,-23.45,-21.21,-19.115,-15.45,-26.58,-28.04
10,8,2014,3,-14.46,-14.45,-15.675,-18.16,-16.395,-14.76,-13.135,-11.485,-11.305,-12.065,-16.17,-24.89,-25.67,-24.61,-23.125,-24.09,-23.035,-23.695,-23.905,-20.425,-18.975,-21.28,-28.765,-25.57,-26.09,-24.945,-23.45,-21.21,-19.115,-15.45,-26.58
10,9,2014,4,-10.08,-14.46,-14.45,-15.675,-18.16,-16.395,-14.76,-13.135,-11.485,-11.305,-12.065,-16.17,-24.89,-25.67,-24.61,-23.125,-24.09,-23.035,-23.695,-23.905,-20.425,-18.975,-21.28,-28.765,-25.57,-26.09,-24.945,-23.45,-21.21,-19.115,-15.45
10,10,2014,5,-10.135,-10.08,-14.46,-14.45,-15.675,-18.16,-16.395,-14.76,-13.135,-11.485,-11.305,-12.065,-16.17,-24.89,-25.67,-24.61,-23.125,-24.09,-23.035,-23.695,-23.905,-20.425,-18.975,-21.28,-28.765,-25.57,-26.09,-24.945,-23.45,-21.21,-19.115
10,11,2014,6,-12.305,-10.135,-10.08,-14.46,-14.45,-15.675,-18.16,-16.395,-14.76,-13.135,-11.485,-11.305,-12.065,-16.17,-24.89,-25.67,-24.61,-23.125,-24.09,-23.035,-23.695,-23.905,-20.425,-18.975,-21.28,-28.765,-25.57,-26.09,-24.945,-23.45,-21.21
10,12,2014,7,-15.105,-12.305,-10.135,-10.08,-14.46,-14.45,-15.675,-18.16,-16.395,-14.76,-13.135,-11.485,-11.305,-12.065,-16.17,-24.89,-25.67,-24.61,-23.125,-24.09,-23.035,-23.695,-23.905,-20.425,-18.975,-21.28,-28.765,-25.57,-26.09,-24.945,-23.45
10,13,2014,1,-13.565,-15.105,-12.305,-10.135,-10.08,-14.46,-14.45,-15.675,-18.16,-16.395,-14.76,-13.135,-11.485,-11.305,-12.065,-16.17,-24.89,-25.67,-24.61,-23.125,-24.09,-23.035,-23.695,-23.905,-20.425,-18.975,-21.28,-28.765,-25.57,-26.09,-24.945
10,14,2014,2,-10.465,-13.565,-15.105,-12.305,-10.135,-10.08,-14.46,-14.45,-15.675,-18.16,-16.395,-14.76,-13.135,-11.485,-11.305,-12.065,-16.17,-24.89,-25.67,-24.61,-23.125,-24.09,-23.035,-23.695,-23.905,-20.425,-18.975,-21.28,-28.765,-25.57,-26.09
10,15,2014,3,-10.38,-10.465,-13.565,-15.105,-12.305,-10.135,-10.08,-14.46,-14.45,-15.675,-18.16,-16.395,-14.76,-13.135,-11.485,-11.305,-12.065,-16.17,-24.89,-25.67,-24.61,-23.125,-24.09,-23.035,-23.695,-23.905,-20.425,-18.975,-21.28,-28.765,-25.57
10,16,2014,4,-12.05,-10.38,-10.465,-13.565,-15.105,-12.305,-10.135,-10.08,-14.46,-14.45,-15.675,-18.16,-16.395,-14.76,-13.135,-11.485,-11.305,-12.065,-16.17,-24.89,-25.67,-24.61,-23.125,-24.09,-23.035,-23.695,-23.905,-20.425,-18.975,-21.28,-28.765
10,17,2014,5,-11.62,-12.05,-10.38,-10.465,-13.565,-15.105,-12.305,-10.135,-10.08,-14.46,-14.45,-15.675,-18.16,-16.395,-14.76,-13.135,-11.485,-11.305,-12.065,-16.17,-24.89,-25.67,-24.61,-23.125,-24.09,-23.035,-23.695,-23.905,-20.425,-18.975,-21.28
10,18,2014,6,-11.905,-11.62,-12.05,-10.38,-10.465,-13.565,-15.105,-12.305,-10.135,-10.08,-14.46,-14.45,-15.675,-18.16,-16.395,-14.76,-13.135,-11.485,-11.305,-12.065,-16.17,-24.89,-25.67,-24.61,-23.125,-24.09,-23.035,-23.695,-23.905,-20.425,-18.975
10,19,2014,7,-11.95,-11.905,-11.62,-12.05,-10.38,-10.465,-13.565,-15.105,-12.305,-10.135,-10.08,-14.46,-14.45,-15.675,-18.16,-16.395,-14.76,-13.135,-11.485,-11.305,-12.065,-16.17,-24.89,-25.67,-24.61,-23.125,-24.09,-23.035,-23.695,-23.905,-20.425
10,20,2014,1,-14.415,-11.95,-11.905,-11.62,-12.05,-10.38,-10.465,-13.565,-15.105,-12.305,-10.135,-10.08,-14.46,-14.45,-15.675,-18.16,-16.395,-14.76,-13.135,-11.485,-11.305,-12.065,-16.17,-24.89,-25.67,-24.61,-23.125,-24.09,-23.035,-23.695,-23.905
10,21,2014,2,-11.295,-14.415,-11.95,-11.905,-11.62,-12.05,-10.38,-10.465,-13.565,-15.105,-12.305,-10.135,-10.08,-14.46,-14.45,-15.675,-18.16,-16.395,-14.76,-13.135,-11.485,-11.305,-12.065,-16.17,-24.89,-25.67,-24.61,-23.125,-24.09,-23.035,-23.695
10,22,2014,3,-12.78,-11.295,-14.415,-11.95,-11.905,-11.62,-12.05,-10.38,-10.465,-13.565,-15.105,-12.305,-10.135,-10.08,-14.46,-14.45,-15.675,-18.16,-16.395,-14.76,-13.135,-11.485,-11.305,-12.065,-16.17,-24.89,-25.67,-24.61,-23.125,-24.09,-23.035
10,23,2014,4,-12.555,-12.78,-11.295,-14.415,-11.95,-11.905,-11.62,-12.05,-10.38,-10.465,-13.565,-15.105,-12.305,-10.135,-10.08,-14.46,-14.45,-15.675,-18.16,-16.395,-14.76,-13.135,-11.485,-11.305,-12.065,-16.17,-24.89,-25.67,-24.61,-23.125,-24.09
10,24,2014,5,-13.455,-12.555,-12.78,-11.295,-14.415,-11.95,-11.905,-11.62,-12.05,-10.38,-10.465,-13.565,-15.105,-12.305,-10.135,-10.08,-14.46,-14.45,-15.675,-18.16,-16.395,-14.76,-13.135,-11.485,-11.305,-12.065,-16.17,-24.89,-25.67,-24.61,-23.125
10,25,2014,6,-14.125,-13.455,-12.555,-12.78,-11.295,-14.415,-11.95,-11.905,-11.62,-12.05,-10.38,-10.465,-13.565,-15.105,-12.305,-10.135,-10.08,-14.46,-14.45,-15.675,-18.16,-16.395,-14.76,-13.135,-11.485,-11.305,-12.065,-16.17,-24.89,-25.67,-24.61
10,26,2014,7,-15.045,-14.055,-13.21,-11.935,-12.72,-11.275,-14.37,-11.355,-11.905,-11.62,-12.05,-10.38,-10.465,-15.23,-15.105,-12.305,-10.135,-10.08,-14.46,-14.45,-15.675,-18.16,-16.395,-14.76,-13.135,-11.485,-11.305,-12.065,-16.17,-24.89,-25.67
11,1,2014,6,-12.13,-11.28,-9.43,-8.315,-11.145,-13.375,-15.78,-13.565,-12.355,-11.52,-11.975,-10.555,-13.73,-12.795,-13.04,-12.75,-13.32,-12.9,-12.095,-15.23,-15.105,-12.305,-10.135,-10.08,-14.46,-14.45,-15.675,-18.16,-16.395,-14.76,-13.135
