10,25,2013,5,0.4,0.895,1.815,2.665,2.115,-2.03,-1.955,-5.045,-7.045,-0.635,1.48,1.415,-0.485,2.515,3.375,2.845,-0.45,-6.11,-8.695,-7.185,-2.955,-1.165,-1.01,-1.43,-3.65,-7.43,-6.6,-2.355,-2.75,-2.225,-5.605
10,26,2013,6,-0.695,0.4,0.895,1.815,2.665,2.115,-2.03,-1.955,-5.045,-7.045,-0.635,1.48,1.415,-0.485,2.515,3.375,2.845,-0.45,-6.11,-8.695,-7.185,-2.955,-1.165,-1.01,-1.43,-3.65,-7.43,-6.6,-2.355,-2.75,-2.225
10,27,2013,7,-0.485,-0.695,0.4,0.895,1.815,2.665,2.115,-2.03,-1.955,-5.045,-7.045,-0.635,1.48,1.415,-0.485,2.515,3.375,2.845,-0.45,-6.11,-8.695,-7.185,-2.955,-1.165,-1.01,-1.43,-3.65,-7.43,-6.6,-2.355,-2.75
10,28,2013,1,1.955,-0.485,-0.695,0.4,0.895,1.815,2.665,2.115,-2.03,-1.955,-5.045,-7.045,-0.635,1.48,1.415,-0.485,2.515,3.375,2.845,-0.45,-6.11,-8.695,-7.185,-2.955,-1.165,-1.01,-1.43,-3.65,-7.43,-6.6,-2.355
10,29,2013,2,3.64,1.955,-0.485,-0.695,0.4,0.895,1.815,2.665,2.115,-2.03,-1.955,-5.045,-7.045,-0.635,1.48,1.415,-0.485,2.515,3.375,2.845,-0.45,-6.11,-8.695,-7.185,-2.955,-1.165,-1.01,-1.43,-3.65,-7.43,-6.6
10,30,2013,3,4.285,3.64,1.955,-0.485,-0.695,0.4,0.895,1.815,2.665,2.115,-2.03,-1.955,-5.045,-7.045,-0.635,1.48,1.415,-0.485,2.515,3.375,2.845,-0.45,-6.11,-8.695,-7.185,-2.955,-1.165,-1.01,-1.43,-3.65,-7.43
10,31,2013,4,3.84,4.285,3.64,1.955,-0.485,-0.695,0.4,0.895,1.815,2.665,2.115,-2.03,-1.955,-5.045,-7.045,-0.635,1.48,1.415,-0.485,2.515,3.375,2.845,-0.45,-6.11,-8.695,-7.185,-2.955,-1.165,-1.01,-1.43,-3.65
11,1,2013,5,0.905,3.84,4.285,3.64,1.955,-0.485,-0.695,0.4,0.895,1.815,2.665,2.115,-2.03,-1.955,-5.045,-7.045,-0.635,1.48,1.415,-0.485,2.515,3.375,2.845,-0.45,-6.11,-8.695,-7.185,-2.955,-1.165,-1.01,-1.43
11,2,2013,6,-3.82,0.905,3.84,4.285,3.64,1.955,-0.485,-0.695,0.4,0.895,1.815,2.665,2.115,-2.03,-1.955,-5.045,-7.045,-0.635,1.48,1.415,-0.485,2.515,3.375,2.845,-0.45,-6.11,-8.695,-7.185,-2.955,-1.165,-1.01
11,3,2013,7,2.265,-3.82,0.905,3.84,4.285,3.64,1.955,-0.485,-0.695,0.4,0.895,1.815,2.665,2.115,-2.03,-1.955,-5.045,-7.045,-0.635,1.48,1.415,-0.485,2.515,3.375,2.845,-0.45,-6.11,-8.695,-7.185,-2.955,-1.165
11,4,2013,1,1.84,2.265,-3.82,0.905,3.84,4.285,3.64,1.955,-0.485,-0.695,0.4,0.895,1.815,2.665,2.115,-2.03,-1.955,-5.045,-7.045,-0.635,1.48,1.415,-0.485,2.515,3.375,2.845,-0.45,-6.11,-8.695,-7.185,-2.955
11,5,2013,2,4.02,1.84,2.265,-3.82,0.905,3.84,4.285,3.64,1.955,-0.485,-0.695,0.4,0.895,1.815,2.665,2.115,-2.03,-1.955,-5.045,-7.045,-0.635,1.48,1.415,-0.485,2.515,3.375,2.845,-0.45,-6.11,-8.695,-7.185
11,6,2013,3,3.37,4.02,1.84,2.265,-3.82,0.905,3.84,4.285,3.64,1.955,-0.485,-0.695,0.4,0.895,1.815,2.665,2.115,-2.03,-1.955,-5.045,-7.045,-0.635,1.48,1.415,-0.485,2.515,3.375,2.845,-0.45,-6.11,-8.695
11,7,2013,4,0.135,3.37,4.02,1.84,2.265,-3.82,0.905,3.84,4.285,3.64,1.955,-0.485,-0.695,0.4,0.895,1.815,2.665,2.115,-2.03,-1.955,-5.045,-7.045,-0.635,1.48,1.415,-0.485,2.515,3.375,2.845,-0.45,-6.11
11,8,2013,5,-4.265,0.135,3.37,4.02,1.84,2.265,-3.82,0.905,3.84,4.285,3.64,1.955,-0.485,-0.695,0.4,0.895,1.815,2.665,2.115,-2.03,-1.955,-5.045,-7.045,-0.635,1.48,1.415,-0.485,2.515,3.375,2.845,-0.45
11,9,2013,6,1.035,-4.265,0.135,3.37,4.02,1.84,2.265,-3.82,0.905,3.84,4.285,3.64,1.955,-0.485,-0.695,0.4,0.895,1.815,2.665,2.115,-2.03,-1.955,-5.045,-7.045,-0.635,1.48,1.415,-0.485,2.515,3.375,2.845
11,10,2013,7,1.41,1.035,-4.265,0.135,3.37,4.02,1.84,2.265,-3.82,0.905,3.84,4.285,3.64,1.955,-0.485,-0.695,0.4,0.895,1.815,2.665,2.115,-2.03,-1.955,-5.045,-7.045,-0.635,1.48,1.415,-0.485,2.515,3.375
11,11,2013,1,-2.745,1.41,1.035,-4.265,0.135,3.37,4.02,1.84,2.265,-3.82,0.905,3.84,4.285,3.64,1.955,-0.485,-0.695,0.4,0.895,1.815,2.665,2.115,-2.03,-1.955,-5.045,-7.045,-0.635,1.48,1.415,-0.485,2.515
11,12,2013,2,2.72,-2.745,1.41,1.035,-4.265,0.135,3.37,4.02,1.84,2.265,-3.82,0.905,3.84,4.285,3.64,1.955,-0.485,-0.695,0.4,0.895,1.815,2.665,2.115,-2.03,-1.955,-5.045,-7.045,-0.635,1.48,1.415,-0.485
11,13,2013,3,-1.225,2.72,-2.745,1.41,1.035,-4.265,0.135,3.37,4.02,1.84,2.265,-3.82,0.905,3.84,4.285,3.64,1.955,-0.485,-0.695,0.4,0.895,1.815,2.665,2.115,-2.03,-1.955,-5.045,-7.045,-0.635,1.48,1.415
11,14,2013,4,-4.955,-1.225,2.72,-2.745,1.41,1.035,-4.265,0.135,3.37,4.02,1.84,2.265,-3.82,0.905,3.84,4.285,3.64,1.955,-0.485,-0.695,0.4,0.895,1.815,2.665,2.115,-2.03,-1.955,-5.045,-7.045,-0.635,1.48
11,15,2013,5,-3.675,-4.955,-1.225,2.72,-2.745,1.41,1.035,-4.265,0.135,3.37,4.02,1.84,2.265,-3.82,0.905,3.84,4.285,3.64,1.955,-0.485,-0.695,0.4,0.895,1.815,2.665,2.115,-2.03,-1.955,-5.045,-7.045,-0.635
11,16,2013,6,2.105,-3.675,-4.955,-1.225,2.72,-2.745,1.41,1.035,-4.265,0.135,3.37,4.02,1.84,2.265,-3.82,0.905,3.84,4.285,3.64,1.955,-0.485,-0.695,0.4,0.895,1.815,2.665,2.115,-2.03,-1.955,-5.045,-7.045
11,17,2013,7,1.815,2.105,-3.675,-4.955,-1.225,2.72,-2.745,1.41,1.035,-4.265,0.135,3.37,4.02,1.84,2.265,-3.82,0.905,3.84,4.285,3.64,1.955,-0.485,-0.695,0.4,0.895,1.815,2.665,2.115,-2.03,-1.955,-5.045
11,18,2013,1,2.43,1.815,2.105,-3.675,-4.955,-1.225,2.72,-2.745,1.41,1.035,-4.265,0.135,3.37,4.02,1.84,2.265,-3.82,0.905,3.84,4.285,3.64,1.955,-0.485,-0.695,0.4,0.895,1.815,2.665,2.115,-2.03,-1.955
11,19,2013,2,3.86,2.43,1.815,2.105,-3.675,-4.955,-1.225,2.72,-2.745,1.41,1.035,-4.265,0.135,3.37,4.02,1.84,2.265,-3.82,0.905,3.84,4.285,3.64,1.955,-0.485,-0.695,0.4,0.895,1.815,2.665,2.115,-2.03
11,20,2013,3,2.435,3.86,2.43,1.815,2.105,-3.675,-4.955,-1.225,2.72,-2.745,1.41,1.035,-4.265,0.135,3.37,4.02,1.84,2.265,-3.82,0.905,3.84,4.285,3.64,1.955,-0.485,-0.695,0.4,0.895,1.815,2.665,2.115
11,21,2013,4,2.075,2.435,3.86,2.43,1.815,2.105,-3.675,-4.955,-1.225,2.72,-2.745,1.41,1.035,-4.265,0.135,3.37,4.02,1.84,2.265,-3.82,0.905,3.84,4.285,3.64,1.955,-0.485,-0.695,0.4,0.895,1.815,2.665
11,22,2013,5,4.4,2.075,2.435,3.86,2.43,1.815,2.105,-3.675,-4.955,-1.225,2.72,-2.745,1.41,1.035,-4.265,0.135,3.37,4.02,1.84,2.265,-3.82,0.905,3.84,4.285,3.64,1.955,-0.485,-0.695,0.4,0.895,1.815
11,23,2013,6,4.4,4.4,2.075,2.435,3.86,2.43,1.815,2.105,-3.675,-4.955,-1.225,2.72,-2.745,1.41,1.035,-4.265,0.135,3.37,4.02,1.84,2.265,-3.82,0.905,3.84,4.285,3.64,1.955,-0.485,-0.695,0.4,0.895
11,24,2013,7,4.715,4.4,4.4,2.075,2.435,3.86,2.43,1.815,2.105,-3.675,-4.955,-1.225,2.72,-2.745,1.41,1.035,-4.265,0.135,3.37,4.02,1.84,2.265,-3.82,0.905,3.84,4.285,3.64,1.955,-0.485,-0.695,0.4
11,25,2013,1,4.91,4.715,4.4,4.4,2.075,2.435,3.86,2.43,1.815,2.105,-3.675,-4.955,-1.225,2.72,-2.745,1.41,1.035,-4.265,0.135,3.37,4.02,1.84,2.265,-3.82,0.905,3.84,4.285,3.64,1.955,-0.485,-0.695
11,26,2013,2,4.27,4.91,4.715,4.4,4.4,2.075,2.435,3.86,2.43,1.815,2.105,-3.675,-4.955,-1.225,2.72,-2.745,1.41,1.035,-4.265,0.135,3.37,4.02,1.84,2.265,-3.82,0.905,3.84,4.285,3.64,1.955,-0.485
11,27,2013,3,1.0,4.27,4.91,4.715,4.4,4.4,2.075,2.435,3.86,2.43,1.815,2.105,-3.675,-4.955,-1.225,2.72,-2.745,1.41,1.035,-4.265,0.135,3.37,4.02,1.84,2.265,-3.82,0.905,3.84,4.285,3.64,1.955
11,28,2013,4,1.34,1.0,4.27,4.91,4.715,4.4,4.4,2.075,2.435,3.86,2.43,1.815,2.105,-3.675,-4.955,-1.225,2.72,-2.745,1.41,1.035,-4.265,0.135,3.37,4.02,1.84,2.265,-3.82,0.905,3.84,4.285,3.64
11,29,2013,5,5.545,1.34,1.0,4.27,4.91,4.715,4.4,4.4,2.075,2.435,3.86,2.43,1.815,2.105,-3.675,-4.955,-1.225,2.72,-2.745,1.41,1.035,-4.265,0.135,3.37,4.02,1.84,2.265,-3.82,0.905,3.84,4.285
11,30,2013,6,2.78,5.545,1.34,1.0,4.27,4.91,4.715,4.4,4.4,2.075,2.435,3.86,2.43,1.815,2.105,-3.675,-4.955,-1.225,2.72,-2.745,1.41,1.035,-4.265,0.135,3.37,4.02,1.84,2.265,-3.82,0.905,3.84
12,1,2013,7,2.255,2.78,5.545,1.34,1.0,4.27,4.91,4.715,4.4,4.4,2.075,2.435,3.86,2.43,1.815,2.105,-3.675,-4.955,-1.225,2.72,-2.745,1.41,1.035,-4.265,0.135,3.37,4.02,1.84,2.265,-3.82,0.905
12,2,2013,1,0.1,2.255,2.78,5.545,1.34,1.0,4.27,4.91,4.715,4.4,4.4,2.075,2.435,3.86,2.43,1.815,2.105,-3.675,-4.955,-1.225,2.72,-2.745,1.41,1.035,-4.265,0.135,3.37,4.02,1.84,2.265,-3.82
12,3,2013,2,-1.415,0.1,2.255,2.78,5.545,1.34,1.0,4.27,4.91,4.715,4.4,4.4,2.075,2.435,3.86,2.43,1.815,2.105,-3.675,-4.955,-1.225,2.72,-2.745,1.41,1.035,-4.265,0.135,3.37,4.02,1.84,2.265
12,4,2013,3,4.975,-1.415,0.1,2.255,2.78,5.545,1.34,1.0,4.27,4.91,4.715,4.4,4.4,2.075,2.435,3.86,2.43,1.815,2.105,-3.675,-4.955,-1.225,2.72,-2.745,1.41,1.035,-4.265,0.135,3.37,4.02,1.84
12,5,2013,4,5.625,4.975,-1.415,0.1,2.255,2.78,5.545,1.34,1.0,4.27,4.91,4.715,4.4,4.4,2.075,2.435,3.86,2.43,1.815,2.105,-3.675,-4.955,-1.225,2.72,-2.745,1.41,1.035,-4.265,0.135,3.37,4.02
12,6,2013,5,10.245,5.625,4.975,-1.415,0.1,2.255,2.78,5.545,1.34,1.0,4.27,4.91,4.715,4.4,4.4,2.075,2.435,3.86,2.43,1.815,2.105,-3.675,-4.955,-1.225,2.72,-2.745,1.41,1.035,-4.265,0.135,3.37
12,7,2013,6,10.67,10.245,5.625,4.975,-1.415,0.1,2.255,2.78,5.545,1.34,1.0,4.27,4.91,4.715,4.4,4.4,2.075,2.435,3.86,2.43,1.815,2.105,-3.675,-4.955,-1.225,2.72,-2.745,1.41,1.035,-4.265,0.135
12,8,2013,7,10.08,10.67,10.245,5.625,4.975,-1.415,0.1,2.255,2.78,5.545,1.34,1.0,4.27,4.91,4.715,4.4,4.4,2.075,2.435,3.86,2.43,1.815,2.105,-3.675,-4.955,-1.225,2.72,-2.745,1.41,1.035,-4.265
12,9,2013,1,12.315,10.08,10.67,10.245,5.625,4.975,-1.415,0.1,2.255,2.78,5.545,1.34,1.0,4.27,4.91,4.715,4.4,4.4,2.075,2.435,3.86,2.43,1.815,2.105,-3.675,-4.955,-1.225,2.72,-2.745,1.41,1.035
12,10,2013,2,13.385,12.315,10.08,10.67,10.245,5.625,4.975,-1.415,0.1,2.255,2.78,5.545,1.34,1.0,4.27,4.91,4.715,4.4,4.4,2.075,2.435,3.86,2.43,1.815,2.105,-3.675,-4.955,-1.225,2.72,-2.745,1.41
12,11,2013,3,8.815,13.385,12.315,10.08,10.67,10.245,5.625,4.975,-1.415,0.1,2.255,2.78,5.545,1.34,1.0,4.27,4.91,4.715,4.4,4.4,2.075,2.435,3.86,2.43,1.815,2.105,-3.675,-4.955,-1.225,2.72,-2.745
12,12,2013,4,6.01,8.815,13.385,12.315,10.08,10.67,10.245,5.625,4.975,-1.415,0.1,2.255,2.78,5.545,1.34,1.0,4.27,4.91,4.715,4.4,4.4,2.075,2.435,3.86,2.43,1.815,2.105,-3.675,-4.955,-1.225,2.72
12,13,2013,5,8.07,6.01,8.815,13.385,12.315,10.08,10.67,10.245,5.625,4.975,-1.415,0.1,2.255,2.78,5.545,1.34,1.0,4.27,4.91,4.715,4.4,4.4,2.075,2.435,3.86,2.43,1.815,2.105,-3.675,-4.955,-1.225
12,14,2013,6,9.4,8.07,6.01,8.815,13.385,12.315,10.08,10.67,10.245,5.625,4.975,-1.415,0.1,2.255,2.78,5.545,1.34,1.0,4.27,4.91,4.715,4.4,4.4,2.075,2.435,3.86,2.43,1.815,2.105,-3.675,-4.955
12,15,2013,7,4.2,9.4,8.07,6.01,8.815,13.385,12.315,10.08,10.67,10.245,5.625,4.975,-1.415,0.1,2.255,2.78,5.545,1.34,1.0,4.27,4.91,4.715,4.4,4.4,2.075,2.435,3.86,2.43,1.815,2.105,-3.675
12,16,2013,1,2.29,4.2,9.4,8.07,6.01,8.815,13.385,12.315,10.08,10.67,10.245,5.625,4.975,-1.415,0.1,2.255,2.78,5.545,1.34,1.0,4.27,4.91,4.715,4.4,4.4,2.075,2.435,3.86,2.43,1.815,2.105
12,17,2013,2,-3.645,2.29,4.2,9.4,8.07,6.01,8.815,13.385,12.315,10.08,10.67,10.245,5.625,4.975,-1.415,0.1,2.255,2.78,5.545,1.34,1.0,4.27,4.91,4.715,4.4,4.4,2.075,2.435,3.86,2.43,1.815
12,18,2013,3,0.07,-3.645,2.29,4.2,9.4,8.07,6.01,8.815,13.385,12.315,10.08,10.67,10.245,5.625,4.975,-1.415,0.1,2.255,2.78,5.545,1.34,1.0,4.27,4.91,4.715,4.4,4.4,2.075,2.435,3.86,2.43
12,19,2013,4,3.865,0.07,-3.645,2.29,4.2,9.4,8.07,6.01,8.815,13.385,12.315,10.08,10.67,10.245,5.625,4.975,-1.415,0.1,2.255,2.78,5.545,1.34,1.0,4.27,4.91,4.715,4.4,4.4,2.075,2.435,3.86
12,20,2013,5,10.105,3.865,0.07,-3.645,2.29,4.2,9.4,8.07,6.01,8.815,13.385,12.315,10.08,10.67,10.245,5.625,4.975,-1.415,0.1,2.255,2.78,5.545,1.34,1.0,4.27,4.91,4.715,4.4,4.4,2.075,2.435
12,21,2013,6,10.955,10.105,3.865,0.07,-3.645,2.29,4.2,9.4,8.07,6.01,8.815,13.385,12.315,10.08,10.67,10.245,5.625,4.975,-1.415,0.1,2.255,2.78,5.545,1.34,1.0,4.27,4.91,4.715,4.4,4.4,2.075
12,22,2013,7,9.815,10.955,10.105,3.865,0.07,-3.645,2.29,4.2,9.4,8.07,6.01,8.815,13.385,12.315,10.08,10.67,10.245,5.625,4.975,-1.415,0.1,2.255,2.78,5.545,1.34,1.0,4.27,4.91,4.715,4.4,4.4
12,23,2013,1,7.05,9.815,10.955,10.105,3.865,0.07,-3.645,2.29,4.2,9.4,8.07,6.01,8.815,13.385,12.315,10.08,10.67,10.245,5.625,4.975,-1.415,0.1,2.255,2.78,5.545,1.34,1.0,4.27,4.91,4.715,4.4
12,24,2013,2,2.24,7.05,9.815,10.955,10.105,3.865,0.07,-3.645,2.29,4.2,9.4,8.07,6.01,8.815,13.385,12.315,10.08,10.67,10.245,5.625,4.975,-1.415,0.1,2.255,2.78,5.545,1.34,1.0,4.27,4.91,4.715
12,25,2013,3,1.95,2.24,7.05,9.815,10.955,10.105,3.865,0.07,-3.645,2.29,4.2,9.4,8.07,6.01,8.815,13.385,12.315,10.08,10.67,10.245,5.625,4.975,-1.415,0.1,2.255,2.78,5.545,1.34,1.0,4.27,4.91
12,26,2013,4,-1.065,1.95,2.24,7.05,9.815,10.955,10.105,3.865,0.07,-3.645,2.29,4.2,9.4,8.07,6.01,8.815,13.385,12.315,10.08,10.67,10.245,5.625,4.975,-1.415,0.1,2.255,2.78,5.545,1.34,1.0,4.27
12,27,2013,5,1.32,-1.065,1.95,2.24,7.05,9.815,10.955,10.105,3.865,0.07,-3.645,2.29,4.2,9.4,8.07,6.01,8.815,13.385,12.315,10.08,10.67,10.245,5.625,4.975,-1.415,0.1,2.255,2.78,5.545,1.34,1.0
12,28,2013,6,0.935,1.32,-1.065,1.95,2.24,7.05,9.815,10.955,10.105,3.865,0.07,-3.645,2.29,4.2,9.4,8.07,6.01,8.815,13.385,12.315,10.08,10.67,10.245,5.625,4.975,-1.415,0.1,2.255,2.78,5.545,1.34
12,29,2013,7,4.31,0.935,1.32,-1.065,1.95,2.24,7.05,9.815,10.955,10.105,3.865,0.07,-3.645,2.29,4.2,9.4,8.07,6.01,8.815,13.385,12.315,10.08,10.67,10.245,5.625,4.975,-1.415,0.1,2.255,2.78,5.545
12,30,2013,1,6.43,4.31,0.935,1.32,-1.065,1.95,2.24,7.05,9.815,10.955,10.105,3.865,0.07,-3.645,2.29,4.2,9.4,8.07,6.01,8.815,13.385,12.315,10.08,10.67,10.245,5.625,4.975,-1.415,0.1,2.255,2.78
12,31,2013,2,3.955,6.43,4.31,0.935,1.32,-1.065,1.95,2.24,7.05,9.815,10.955,10.105,3.865,0.07,-3.645,2.29,4.2,9.4,8.07,6.01,8.815,13.385,12.315,10.08,10.67,10.245,5.625,4.975,-1.415,0.1,2.255
1,1,2014,3,7.7,3.955,6.43,4.31,0.935,1.32,-1.065,1.95,2.24,7.05,9.815,10.955,10.105,3.865,0.07,-3.645,2.29,4.2,9.4,8.07,6.01,8.815,13.385,12.315,10.08,10.67,10.245,5.625,4.975,-1.415,0.1
1,2,2014,4,9.53,7.7,3.955,6.43,4.31,0.935,1.32,-1.065,1.95,2.24,7.05,9.815,10.955,10.105,3.865,0.07,-3.645,2.29,4.2,9.4,8.07,6.01,8.815,13.385,12.315,10.08,10.67,10.245,5.625,4.975,-1.415
1,3,2014,5,5.835,9.53,7.7,3.955,6.43,4.31,0.935,1.32,-1.065,1.95,2.24,7.05,9.815,10.955,10.105,3.865,0.07,-3.645,2.29,4.2,9.4,8.07,6.01,8.815,13.385,12.315,10.08,10.67,10.245,5.625,4.975
1,4,2014,6,6.855,5.835,9.53,7.7,3.955,6.43,4.31,0.935,1.32,-1.065,1.95,2.24,7.05,9.815,10.955,10.105,3.865,0.07,-3.645,2.29,4.2,9.4,8.07,6.01,8.815,13.385,12.315,10.08,10.67,10.245,5.625
1,5,2014,7,4.445,6.855,5.835,9.53,7.7,3.955,6.43,4.31,0.935,1.32,-1.065,1.95,2.24,7.05,9.815,10.955,10.105,3.865,0.07,-3.645,2.29,4.2,9.4,8.07,6.01,8.815,13.385,12.315,10.08,10.67,10.245
1,6,2014,1,2.57,4.445,6.855,5.835,9.53,7.7,3.955,6.43,4.31,0.935,1.32,-1.065,1.95,2.24,7.05,9.815,10.955,10.105,3.865,0.07,-3.645,2.29,4.2,9.4,8.07,6.01,8.815,13.385,12.315,10.08,10.67
1,7,2014,2,2.76,2.57,4.445,6.855,5.835,9.53,7.7,3.955,6.43,4.31,0.935,1.32,-1.065,1.95,2.24,7.05,9.815,10.955,10.105,3.865,0.07,-3.645,2.29,4.2,9.4,8.07,6.01,8.815,13.385,12.315,10.08
1,8,2014,3,6.875,2.76,2.57,4.445,6.855,5.835,9.53,7.7,3.955,6.43,4.31,0.935,1.32,-1.065,1.95,2.24,7.05,9.815,10.955,10.105,3.865,0.07,-3.645,2.29,4.2,9.4,8.07,6.01,8.815,13.385,12.315
1,9,2014,4,7.19,6.875,2.76,2.57,4.445,6.855,5.835,9.53,7.7,3.955,6.43,4.31,0.935,1.32,-1.065,1.95,2.24,7.05,9.815,10.955,10.105,3.865,0.07,-3.645,2.29,4.2,9.4,8.07,6.01,8.815,13.385
1,10,2014,5,6.49,7.19,6.875,2.76,2.57,4.445,6.855,5.835,9.53,7.7,3.955,6.43,4.31,0.935,1.32,-1.065,1.95,2.24,7.05,9.815,10.955,10.105,3.865,0.07,-3.645,2.29,4.2,9.4,8.07,6.01,8.815
1,11,2014,6,5.81,6.49,7.19,6.875,2.76,2.57,4.445,6.855,5.835,9.53,7.7,3.955,6.43,4.31,0.935,1.32,-1.065,1.95,2.24,7.05,9.815,10.955,10.105,3.865,0.07,-3.645,2.29,4.2,9.4,8.07,6.01
1,12,2014,7,5.225,5.81,6.49,7.19,6.875,2.76,2.57,4.445,6.855,5.835,9.53,7.7,3.955,6.43,4.31,0.935,1.32,-1.065,1.95,2.24,7.05,9.815,10.955,10.105,3.865,0.07,-3.645,2.29,4.2,9.4,8.07
1,13,2014,1,7.0,5.225,5.81,6.49,7.19,6.875,2.76,2.57,4.445,6.855,5.835,9.53,7.7,3.955,6.43,4.31,0.935,1.32,-1.065,1.95,2.24,7.05,9.815,10.955,10.105,3.865,0.07,-3.645,2.29,4.2,9.4
1,14,2014,2,-1.01,7.0,5.225,5.81,6.49,7.19,6.875,2.76,2.57,4.445,6.855,5.835,9.53,7.7,3.955,6.43,4.31,0.935,1.32,-1.065,1.95,2.24,7.05,9.815,10.955,10.105,3.865,0.07,-3.645,2.29,4.2
1,15,2014,3,-1.03,-1.01,7.0,5.225,5.81,6.49,7.19,6.875,2.76,2.57,4.445,6.855,5.835,9.53,7.7,3.955,6.43,4.31,0.935,1.32,-1.065,1.95,2.24,7.05,9.815,10.955,10.105,3.865,0.07,-3.645,2.29
1,16,2014,4,-4.205,-1.03,-1.01,7.0,5.225,5.81,6.49,7.19,6.875,2.76,2.57,4.445,6.855,5.835,9.53,7.7,3.955,6.43,4.31,0.935,1.32,-1.065,1.95,2.24,7.05,9.815,10.955,10.105,3.865,0.07,-3.645
1,17,2014,5,-2.75,-4.205,-1.03,-1.01,7.0,5.225,5.81,6.49,7.19,6.875,2.76,2.57,4.445,6.855,5.835,9.53,7.7,3.955,6.43,4.31,0.935,1.32,-1.065,1.95,2.24,7.05,9.815,10.955,10.105,3.865,0.07
1,18,2014,6,-2.635,-2.75,-4.205,-1.03,-1.01,7.0,5.225,5.81,6.49,7.19,6.875,2.76,2.57,4.445,6.855,5.835,9.53,7.7,3.955,6.43,4.31,0.935,1.32,-1.065,1.95,2.24,7.05,9.815,10.955,10.105,3.865
1,19,2014,7,0.515,-2.635,-2.75,-4.205,-1.03,-1.01,7.0,5.225,5.81,6.49,7.19,6.875,2.76,2.57,4.445,6.855,5.835,9.53,7.7,3.955,6.43,4.31,0.935,1.32,-1.065,1.95,2.24,7.05,9.815,10.955,10.105
1,20,2014,1,2.4,0.515,-2.635,-2.75,-4.205,-1.03,-1.01,7.0,5.225,5.81,6.49,7.19,6.875,2.76,2.57,4.445,6.855,5.835,9.53,7.7,3.955,6.43,4.31,0.935,1.32,-1.065,1.95,2.24,7.05,9.815,10.955
1,21,2014,2,2.985,2.4,0.515,-2.635,-2.75,-4.205,-1.03,-1.01,7.0,5.225,5.81,6.49,7.19,6.875,2.76,2.57,4.445,6.855,5.835,9.53,7.7,3.955,6.43,4.31,0.935,1.32,-1.065,1.95,2.24,7.05,9.815
1,22,2014,3,0.81,2.985,2.4,0.515,-2.635,-2.75,-4.205,-1.03,-1.01,7.0,5.225,5.81,6.49,7.19,6.875,2.76,2.57,4.445,6.855,5.835,9.53,7.7,3.955,6.43,4.31,0.935,1.32,-1.065,1.95,2.24,7.05
1,23,2014,4,1.835,0.81,2.985,2.4,0.515,-2.635,-2.75,-4.205,-1.03,-1.01,7.0,5.225,5.81,6.49,7.19,6.875,2.76,2.57,4.445,6.855,5.835,9.53,7.7,3.955,6.43,4.31,0.935,1.32,-1.065,1.95,2.24
1,24,2014,5,8.545,1.835,0.81,2.985,2.4,0.515,-2.635,-2.75,-4.205,-1.03,-1.01,7.0,5.225,5.81,6.49,7.19,6.875,2.76,2.57,4.445,6.855,5.835,9.53,7.7,3.955,6.43,4.31,0.935,1.32,-1.065,1.95
1,25,2014,6,4.045,8.545,1.835,0.81,2.985,2.4,0.515,-2.635,-2.75,-4.205,-1.03,-1.01,7.0,5.225,5.81,6.49,7.19,6.875,2.76,2.57,4.445,6.855,5.835,9.53,7.7,3.955,6.43,4.31,0.935,1.32,-1.065
1,26,2014,7,-0.83,4.045,8.545,1.835,0.81,2.985,2.4,0.515,-2.635,-2.75,-4.205,-1.03,-1.01,7.0,5.225,5.81,6.49,7.19,6.875,2.76,2.57,4.445,6.855,5.835,9.53,7.7,3.955,6.43,4.31,0.935,1.32
1,27,2014,1,4.665,-0.83,4.045,8.545,1.835,0.81,2.985,2.4,0.515,-2.635,-2.75,-4.205,-1.03,-1.01,7.0,5.225,5.81,6.49,7.19,6.875,2.76,2.57,4.445,6.855,5.835,9.53,7.7,3.955,6.43,4.31,0.935
1,28,2014,2,2.13,4.665,-0.83,4.045,8.545,1.835,0.81,2.985,2.4,0.515,-2.635,-2.75,-4.205,-1.03,-1.01,7.0,5.225,5.81,6.49,7.19,6.875,2.76,2.57,4.445,6.855,5.835,9.53,7.7,3.955,6.43,4.31
1,29,2014,3,6.67,2.13,4.665,-0.83,4.045,8.545,1.835,0.81,2.985,2.4,0.515,-2.635,-2.75,-4.205,-1.03,-1.01,7.0,5.225,5.81,6.49,7.19,6.875,2.76,2.57,4.445,6.855,5.835,9.53,7.7,3.955,6.43
1,30,2014,4,5.715,6.67,2.13,4.665,-0.83,4.045,8.545,1.835,0.81,2.985,2.4,0.515,-2.635,-2.75,-4.205,-1.03,-1.01,7.0,5.225,5.81,6.49,7.19,6.875,2.76,2.57,4.445,6.855,5.835,9.53,7.7,3.955
1,31,2014,5,6.985,5.715,6.67,2.13,4.665,-0.83,4.045,8.545,1.835,0.81,2.985,2.4,0.515,-2.635,-2.75,-4.205,-1.03,-1.01,7.0,5.225,5.81,6.49,7.19,6.875,2.76,2.57,4.445,6.855,5.835,9.53,7.7
2,1,2014,6,6.525,6.985,5.715,6.67,2.13,4.665,-0.83,4.045,8.545,1.835,0.81,2.985,2.4,0.515,-2.635,-2.75,-4.205,-1.03,-1.01,7.0,5.225,5.81,6.49,7.19,6.875,2.76,2.57,4.445,6.855,5.835,9.53
2,2,2014,7,8.925,6.525,6.985,5.715,6.67,2.13,4.665,-0.83,4.045,8.545,1.835,0.81,2.985,2.4,0.515,-2.635,-2.75,-4.205,-1.03,-1.01,7.0,5.225,5.81,6.49,7.19,6.875,2.76,2.57,4.445,6.855,5.835
2,3,2014,1,10.46,8.925,6.525,6.985,5.715,6.67,2.13,4.665,-0.83,4.045,8.545,1.835,0.81,2.985,2.4,0.515,-2.635,-2.75,-4.205,-1.03,-1.01,7.0,5.225,5.81,6.49,7.19,6.875,2.76,2.57,4.445,6.855
2,4,2014,2,9.02,10.46,8.925,6.525,6.985,5.715,6.67,2.13,4.665,-0.83,4.045,8.545,1.835,0.81,2.985,2.4,0.515,-2.635,-2.75,-4.205,-1.03,-1.01,7.0,5.225,5.81,6.49,7.19,6.875,2.76,2.57,4.445
2,5,2014,3,9.225,9.02,10.46,8.925,6.525,6.985,5.715,6.67,2.13,4.665,-0.83,4.045,8.545,1.835,0.81,2.985,2.4,0.515,-2.635,-2.75,-4.205,-1.03,-1.01,7.0,5.225,5.81,6.49,7.19,6.875,2.76,2.57
2,6,2014,4,7.9,9.225,9.02,10.46,8.925,6.525,6.985,5.715,6.67,2.13,4.665,-0.83,4.045,8.545,1.835,0.81,2.985,2.4,0.515,-2.635,-2.75,-4.205,-1.03,-1.01,7.0,5.225,5.81,6.49,7.19,6.875,2.76
2,7,2014,5,7.635,7.9,9.225,9.02,10.46,8.925,6.525,6.985,5.715,6.67,2.13,4.665,-0.83,4.045,8.545,1.835,0.81,2.985,2.4,0.515,-2.635,-2.75,-4.205,-1.03,-1.01,7.0,5.225,5.81,6.49,7.19,6.875
2,8,2014,6,6.7,7.635,7.9,9.225,9.02,10.46,8.925,6.525,6.985,5.715,6.67,2.13,4.665,-0.83,4.045,8.545,1.835,0.81,2.985,2.4,0.515,-2.635,-2.75,-4.205,-1.03,-1.01,7.0,5.225,5.81,6.49,7.19
2,9,2014,7,6.225,6.7,7.635,7.9,9.225,9.02,10.46,8.925,6.525,6.985,5.715,6.67,2.13,4.665,-0.83,4.045,8.545,1.835,0.81,2.985,2.4,0.515,-2.635,-2.75,-4.205,-1.03,-1.01,7.0,5.225,5.81,6.49
2,10,2014,1,4.49,6.225,6.7,7.635,7.9,9.225,9.02,10.46,8.925,6.525,6.985,5.715,6.67,2.13,4.665,-0.83,4.045,8.545,1.835,0.81,2.985,2.4,0.515,-2.635,-2.75,-4.205,-1.03,-1.01,7.0,5.225,5.81
2,11,2014,2,4.875,4.49,6.225,6.7,7.635,7.9,9.225,9.02,10.46,8.925,6.525,6.985,5.715,6.67,2.13,4.665,-0.83,4.045,8.545,1.835,0.81,2.985,2.4,0.515,-2.635,-2.75,-4.205,-1.03,-1.01,7.0,5.225
2,12,2014,3,4.63,4.875,4.49,6.225,6.7,7.635,7.9,9.225,9.02,10.46,8.925,6.525,6.985,5.715,6.67,2.13,4.665,-0.83,4.045,8.545,1.835,0.81,2.985,2.4,0.515,-2.635,-2.75,-4.205,-1.03,-1.01,7.0
2,13,2014,4,1.36,4.63,4.875,4.49,6.225,6.7,7.635,7.9,9.225,9.02,10.46,8.925,6.525,6.985,5.715,6.67,2.13,4.665,-0.83,4.045,8.545,1.835,0.81,2.985,2.4,0.515,-2.635,-2.75,-4.205,-1.03,-1.01
2,14,2014,5,0.08,1.36,4.63,4.875,4.49,6.225,6.7,7.635,7.9,9.225,9.02,10.46,8.925,6.525,6.985,5.715,6.67,2.13,4.665,-0.83,4.045,8.545,1.835,0.81,2.985,2.4,0.515,-2.635,-2.75,-4.205,-1.03
2,15,2014,6,1.95,0.08,1.36,4.63,4.875,4.49,6.225,6.7,7.635,7.9,9.225,9.02,10.46,8.925,6.525,6.985,5.715,6.67,2.13,4.665,-0.83,4.045,8.545,1.835,0.81,2.985,2.4,0.515,-2.635,-2.75,-4.205
2,16,2014,7,-0.27,1.95,0.08,1.36,4.63,4.875,4.49,6.225,6.7,7.635,7.9,9.225,9.02,10.46,8.925,6.525,6.985,5.715,6.67,2.13,4.665,-0.83,4.045,8.545,1.835,0.81,2.985,2.4,0.515,-2.635,-2.75
2,17,2014,1,2.995,-0.27,1.95,0.08,1.36,4.63,4.875,4.49,6.225,6.7,7.635,7.9,9.225,9.02,10.46,8.925,6.525,6.985,5.715,6.67,2.13,4.665,-0.83,4.045,8.545,1.835,0.81,2.985,2.4,0.515,-2.635
2,18,2014,2,6.015,2.995,-0.27,1.95,0.08,1.36,4.63,4.875,4.49,6.225,6.7,7.635,7.9,9.225,9.02,10.46,8.925,6.525,6.985,5.715,6.67,2.13,4.665,-0.83,4.045,8.545,1.835,0.81,2.985,2.4,0.515
2,19,2014,3,5.75,6.015,2.995,-0.27,1.95,0.08,1.36,4.63,4.875,4.49,6.225,6.7,7.635,7.9,9.225,9.02,10.46,8.925,6.525,6.985,5.715,6.67,2.13,4.665,-0.83,4.045,8.545,1.835,0.81,2.985,2.4
2,20,2014,4,5.275,5.75,6.015,2.995,-0.27,1.95,0.08,1.36,4.63,4.875,4.49,6.225,6.7,7.635,7.9,9.225,9.02,10.46,8.925,6.525,6.985,5.715,6.67,2.13,4.665,-0.83,4.045,8.545,1.835,0.81,2.985
2,21,2014,5,1.54,5.275,5.75,6.015,2.995,-0.27,1.95,0.08,1.36,4.63,4.875,4.49,6.225,6.7,7.635,7.9,9.225,9.02,10.46,8.925,6.525,6.985,5.715,6.67,2.13,4.665,-0.83,4.045,8.545,1.835,0.81
2,22,2014,6,0.25,1.54,5.275,5.75,6.015,2.995,-0.27,1.95,0.08,1.36,4.63,4.875,4.49,6.225,6.7,7.635,7.9,9.225,9.02,10.46,8.925,6.525,6.985,5.715,6.67,2.13,4.665,-0.83,4.045,8.545,1.835
2,23,2014,7,3.79,0.25,1.54,5.275,5.75,6.015,2.995,-0.27,1.95,0.08,1.36,4.63,4.875,4.49,6.225,6.7,7.635,7.9,9.225,9.02,10.46,8.925,6.525,6.985,5.715,6.67,2.13,4.665,-0.83,4.045,8.545
2,24,2014,1,5.225,3.79,0.25,1.54,5.275,5.75,6.015,2.995,-0.27,1.95,0.08,1.36,4.63,4.875,4.49,6.225,6.7,7.635,7.9,9.225,9.02,10.46,8.925,6.525,6.985,5.715,6.67,2.13,4.665,-0.83,4.045
2,25,2014,2,4.375,5.225,3.79,0.25,1.54,5.275,5.75,6.015,2.995,-0.27,1.95,0.08,1.36,4.63,4.875,4.49,6.225,6.7,7.635,7.9,9.225,9.02,10.46,8.925,6.525,6.985,5.715,6.67,2.13,4.665,-0.83
2,26,2014,3,3.865,4.375,5.225,3.79,0.25,1.54,5.275,5.75,6.015,2.995,-0.27,1.95,0.08,1.36,4.63,4.875,4.49,6.225,6.7,7.635,7.9,9.225,9.02,10.46,8.925,6.525,6.985,5.715,6.67,2.13,4.665
2,27,2014,4,3.165,3.865,4.375,5.225,3.79,0.25,1.54,5.275,5.75,6.015,2.995,-0.27,1.95,0.08,1.36,4.63,4.875,4.49,6.225,6.7,7.635,7.9,9.225,9.02,10.46,8.925,6.525,6.985,5.715,6.67,2.13
2,28,2014,5,3.895,3.165,3.865,4.375,5.225,3.79,0.25,1.54,5.275,5.75,6.015,2.995,-0.27,1.95,0.08,1.36,4.63,4.875,4.49,6.225,6.7,7.635,7.9,9.225,9.02,10.46,8.925,6.525,6.985,5.715,6.67
3,1,2014,6,2.775,3.895,3.165,3.865,4.375,5.225,3.79,0.25,1.54,5.275,5.75,6.015,2.995,-0.27,1.95,0.08,1.36,4.63,4.875,4.49,6.225,6.7,7.635,7.9,9.225,9.02,10.46,8.925,6.525,6.985,5.715
3,2,2014,7,5.485,2.775,3.895,3.165,3.865,4.375,5.225,3.79,0.25,1.54,5.275,5.75,6.015,2.995,-0.27,1.95,0.08,1.36,4.63,4.875,4.49,6.225,6.7,7.635,7.9,9.225,9.02,10.46,8.925,6.525,6.985
3,3,2014,1,4.05,5.485,2.775,3.895,3.165,3.865,4.375,5.225,3.79,0.25,1.54,5.275,5.75,6.015,2.995,-0.27,1.95,0.08,1.36,4.63,4.875,4.49,6.225,6.7,7.635,7.9,9.225,9.02,10.46,8.925,6.525
3,4,2014,2,6.05,4.05,5.485,2.775,3.895,3.165,3.865,4.375,5.225,3.79,0.25,1.54,5.275,5.75,6.015,2.995,-0.27,1.95,0.08,1.36,4.63,4.875,4.49,6.225,6.7,7.635,7.9,9.225,9.02,10.46,8.925
3,5,2014,3,3.985,6.05,4.05,5.485,2.775,3.895,3.165,3.865,4.375,5.225,3.79,0.25,1.54,5.275,5.75,6.015,2.995,-0.27,1.95,0.08,1.36,4.63,4.875,4.49,6.225,6.7,7.635,7.9,9.225,9.02,10.46
3,6,2014,4,4.75,3.985,6.05,4.05,5.485,2.775,3.895,3.165,3.865,4.375,5.225,3.79,0.25,1.54,5.275,5.75,6.015,2.995,-0.27,1.95,0.08,1.36,4.63,4.875,4.49,6.225,6.7,7.635,7.9,9.225,9.02
3,7,2014,5,1.715,4.75,3.985,6.05,4.05,5.485,2.775,3.895,3.165,3.865,4.375,5.225,3.79,0.25,1.54,5.275,5.75,6.015,2.995,-0.27,1.95,0.08,1.36,4.63,4.875,4.49,6.225,6.7,7.635,7.9,9.225
3,8,2014,6,2.52,1.715,4.75,3.985,6.05,4.05,5.485,2.775,3.895,3.165,3.865,4.375,5.225,3.79,0.25,1.54,5.275,5.75,6.015,2.995,-0.27,1.95,0.08,1.36,4.63,4.875,4.49,6.225,6.7,7.635,7.9
3,9,2014,7,-1.72,2.52,1.715,4.75,3.985,6.05,4.05,5.485,2.775,3.895,3.165,3.865,4.375,5.225,3.79,0.25,1.54,5.275,5.75,6.015,2.995,-0.27,1.95,0.08,1.36,4.63,4.875,4.49,6.225,6.7,7.635
3,10,2014,1,-4.44,-1.72,2.52,1.715,4.75,3.985,6.05,4.05,5.485,2.775,3.895,3.165,3.865,4.375,5.225,3.79,0.25,1.54,5.275,5.75,6.015,2.995,-0.27,1.95,0.08,1.36,4.63,4.875,4.49,6.225,6.7
3,11,2014,2,-1.165,-4.44,-1.72,2.52,1.715,4.75,3.985,6.05,4.05,5.485,2.775,3.895,3.165,3.865,4.375,5.225,3.79,0.25,1.54,5.275,5.75,6.015,2.995,-0.27,1.95,0.08,1.36,4.63,4.875,4.49,6.225
3,12,2014,3,4.6,-1.165,-4.44,-1.72,2.52,1.715,4.75,3.985,6.05,4.05,5.485,2.775,3.895,3.165,3.865,4.375,5.225,3.79,0.25,1.54,5.275,5.75,6.015,2.995,-0.27,1.95,0.08,1.36,4.63,4.875,4.49
3,13,2014,4,3.54,4.6,-1.165,-4.44,-1.72,2.52,1.715,4.75,3.985,6.05,4.05,5.485,2.775,3.895,3.165,3.865,4.375,5.225,3.79,0.25,1.54,5.275,5.75,6.015,2.995,-0.27,1.95,0.08,1.36,4.63,4.875
3,14,2014,5,3.155,3.54,4.6,-1.165,-4.44,-1.72,2.52,1.715,4.75,3.985,6.05,4.05,5.485,2.775,3.895,3.165,3.865,4.375,5.225,3.79,0.25,1.54,5.275,5.75,6.015,2.995,-0.27,1.95,0.08,1.36,4.63
3,15,2014,6,2.765,3.155,3.54,4.6,-1.165,-4.44,-1.72,2.52,1.715,4.75,3.985,6.05,4.05,5.485,2.775,3.895,3.165,3.865,4.375,5.225,3.79,0.25,1.54,5.275,5.75,6.015,2.995,-0.27,1.95,0.08,1.36
3,16,2014,7,1.3,2.765,3.155,3.54,4.6,-1.165,-4.44,-1.72,2.52,1.715,4.75,3.985,6.05,4.05,5.485,2.775,3.895,3.165,3.865,4.375,5.225,3.79,0.25,1.54,5.275,5.75,6.015,2.995,-0.27,1.95,0.08
3,17,2014,1,-6.83,1.3,2.765,3.155,3.54,4.6,-1.165,-4.44,-1.72,2.52,1.715,4.75,3.985,6.05,4.05,5.485,2.775,3.895,3.165,3.865,4.375,5.225,3.79,0.25,1.54,5.275,5.75,6.015,2.995,-0.27,1.95
3,18,2014,2,0.985,-6.83,1.3,2.765,3.155,3.54,4.6,-1.165,-4.44,-1.72,2.52,1.715,4.75,3.985,6.05,4.05,5.485,2.775,3.895,3.165,3.865,4.375,5.225,3.79,0.25,1.54,5.275,5.75,6.015,2.995,-0.27
3,19,2014,3,2.45,0.985,-6.83,1.3,2.765,3.155,3.54,4.6,-1.165,-4.44,-1.72,2.52,1.715,4.75,3.985,6.05,4.05,5.485,2.775,3.895,3.165,3.865,4.375,5.225,3.79,0.25,1.54,5.275,5.75,6.015,2.995
3,20,2014,4,2.87,2.45,0.985,-6.83,1.3,2.765,3.155,3.54,4.6,-1.165,-4.44,-1.72,2.52,1.715,4.75,3.985,6.05,4.05,5.485,2.775,3.895,3.165,3.865,4.375,5.225,3.79,0.25,1.54,5.275,5.75,6.015
3,21,2014,5,1.78,2.87,2.45,0.985,-6.83,1.3,2.765,3.155,3.54,4.6,-1.165,-4.44,-1.72,2.52,1.715,4.75,3.985,6.05,4.05,5.485,2.775,3.895,3.165,3.865,4.375,5.225,3.79,0.25,1.54,5.275,5.75
3,22,2014,6,2.34,1.78,2.87,2.45,0.985,-6.83,1.3,2.765,3.155,3.54,4.6,-1.165,-4.44,-1.72,2.52,1.715,4.75,3.985,6.05,4.05,5.485,2.775,3.895,3.165,3.865,4.375,5.225,3.79,0.25,1.54,5.275
3,23,2014,7,3.25,2.34,1.78,2.87,2.45,0.985,-6.83,1.3,2.765,3.155,3.54,4.6,-1.165,-4.44,-1.72,2.52,1.715,4.75,3.985,6.05,4.05,5.485,2.775,3.895,3.165,3.865,4.375,5.225,3.79,0.25,1.54
3,24,2014,1,2.04,3.25,2.34,1.78,2.87,2.45,0.985,-6.83,1.3,2.765,3.155,3.54,4.6,-1.165,-4.44,-1.72,2.52,1.715,4.75,3.985,6.05,4.05,5.485,2.775,3.895,3.165,3.865,4.375,5.225,3.79,0.25
3,25,2014,2,1.22,2.04,3.25,2.34,1.78,2.87,2.45,0.985,-6.83,1.3,2.765,3.155,3.54,4.6,-1.165,-4.44,-1.72,2.52,1.715,4.75,3.985,6.05,4.05,5.485,2.775,3.895,3.165,3.865,4.375,5.225,3.79
3,26,2014,3,3.315,1.22,2.04,3.25,2.34,1.78,2.87,2.45,0.985,-6.83,1.3,2.765,3.155,3.54,4.6,-1.165,-4.44,-1.72,2.52,1.715,4.75,3.985,6.05,4.05,5.485,2.775,3.895,3.165,3.865,4.375,5.225
3,27,2014,4,4.17,3.315,1.22,2.04,3.25,2.34,1.78,2.87,2.45,0.985,-6.83,1.3,2.765,3.155,3.54,4.6,-1.165,-4.44,-1.72,2.52,1.715,4.75,3.985,6.05,4.05,5.485,2.775,3.895,3.165,3.865,4.375
3,28,2014,5,3.43,4.17,3.315,1.22,2.04,3.25,2.34,1.78,2.87,2.45,0.985,-6.83,1.3,2.765,3.155,3.54,4.6,-1.165,-4.44,-1.72,2.52,1.715,4.75,3.985,6.05,4.05,5.485,2.775,3.895,3.165,3.865
3,29,2014,6,4.28,3.43,4.17,3.315,1.22,2.04,3.25,2.34,1.78,2.87,2.45,0.985,-6.83,1.3,2.765,3.155,3.54,4.6,-1.165,-4.44,-1.72,2.52,1.715,4.75,3.985,6.05,4.05,5.485,2.775,3.895,3.165
3,30,2014,7,2.57,4.28,3.43,4.17,3.315,1.22,2.04,3.25,2.34,1.78,2.87,2.45,0.985,-6.83,1.3,2.765,3.155,3.54,4.6,-1.165,-4.44,-1.72,2.52,1.715,4.75,3.985,6.05,4.05,5.485,2.775,3.895
3,31,2014,1,2.36,2.57,4.28,3.43,4.17,3.315,1.22,2.04,3.25,2.34,1.78,2.87,2.45,0.985,-6.83,1.3,2.765,3.155,3.54,4.6,-1.165,-4.44,-1.72,2.52,1.715,4.75,3.985,6.05,4.05,5.485,2.775
4,1,2014,2,6.07,2.36,2.57,4.28,3.43,4.17,3.315,1.22,2.04,3.25,2.34,1.78,2.87,2.45,0.985,-6.83,1.3,2.765,3.155,3.54,4.6,-1.165,-4.44,-1.72,2.52,1.715,4.75,3.985,6.05,4.05,5.485
4,2,2014,3,5.05,6.07,2.36,2.57,4.28,3.43,4.17,3.315,1.22,2.04,3.25,2.34,1.78,2.87,2.45,0.985,-6.83,1.3,2.765,3.155,3.54,4.6,-1.165,-4.44,-1.72,2.52,1.715,4.75,3.985,6.05,4.05
4,3,2014,4,6.435,5.05,6.07,2.36,2.57,4.28,3.43,4.17,3.315,1.22,2.04,3.25,2.34,1.78,2.87,2.45,0.985,-6.83,1.3,2.765,3.155,3.54,4.6,-1.165,-4.44,-1.72,2.52,1.715,4.75,3.985,6.05
4,4,2014,5,8.16,6.435,5.05,6.07,2.36,2.57,4.28,3.43,4.17,3.315,1.22,2.04,3.25,2.34,1.78,2.87,2.45,0.985,-6.83,1.3,2.765,3.155,3.54,4.6,-1.165,-4.44,-1.72,2.52,1.715,4.75,3.985
4,5,2014,6,7.195,8.16,6.435,5.05,6.07,2.36,2.57,4.28,3.43,4.17,3.315,1.22,2.04,3.25,2.34,1.78,2.87,2.45,0.985,-6.83,1.3,2.765,3.155,3.54,4.6,-1.165,-4.44,-1.72,2.52,1.715,4.75
4,6,2014,7,6.04,7.195,8.16,6.435,5.05,6.07,2.36,2.57,4.28,3.43,4.17,3.315,1.22,2.04,3.25,2.34,1.78,2.87,2.45,0.985,-6.83,1.3,2.765,3.155,3.54,4.6,-1.165,-4.44,-1.72,2.52,1.715
4,7,2014,1,2.895,6.04,7.195,8.16,6.435,5.05,6.07,2.36,2.57,4.28,3.43,4.17,3.315,1.22,2.04,3.25,2.34,1.78,2.87,2.45,0.985,-6.83,1.3,2.765,3.155,3.54,4.6,-1.165,-4.44,-1.72,2.52
4,8,2014,2,-3.135,2.895,6.04,7.195,8.16,6.435,5.05,6.07,2.36,2.57,4.28,3.43,4.17,3.315,1.22,2.04,3.25,2.34,1.78,2.87,2.45,0.985,-6.83,1.3,2.765,3.155,3.54,4.6,-1.165,-4.44,-1.72
4,9,2014,3,-6.07,-3.135,2.895,6.04,7.195,8.16,6.435,5.05,6.07,2.36,2.57,4.28,3.43,4.17,3.315,1.22,2.04,3.25,2.34,1.78,2.87,2.45,0.985,-6.83,1.3,2.765,3.155,3.54,4.6,-1.165,-4.44
4,10,2014,4,-3.25,-6.07,-3.135,2.895,6.04,7.195,8.16,6.435,5.05,6.07,2.36,2.57,4.28,3.43,4.17,3.315,1.22,2.04,3.25,2.34,1.78,2.87,2.45,0.985,-6.83,1.3,2.765,3.155,3.54,4.6,-1.165
4,11,2014,5,1.7,-3.25,-6.07,-3.135,2.895,6.04,7.195,8.16,6.435,5.05,6.07,2.36,2.57,4.28,3.43,4.17,3.315,1.22,2.04,3.25,2.34,1.78,2.87,2.45,0.985,-6.83,1.3,2.765,3.155,3.54,4.6
4,12,2014,6,-0.24,1.7,-3.25,-6.07,-3.135,2.895,6.04,7.195,8.16,6.435,5.05,6.07,2.36,2.57,4.28,3.43,4.17,3.315,1.22,2.04,3.25,2.34,1.78,2.87,2.45,0.985,-6.83,1.3,2.765,3.155,3.54
4,13,2014,7,3.36,-0.24,1.7,-3.25,-6.07,-3.135,2.895,6.04,7.195,8.16,6.435,5.05,6.07,2.36,2.57,4.28,3.43,4.17,3.315,1.22,2.04,3.25,2.34,1.78,2.87,2.45,0.985,-6.83,1.3,2.765,3.155
4,14,2014,1,3.69,3.36,-0.24,1.7,-3.25,-6.07,-3.135,2.895,6.04,7.195,8.16,6.435,5.05,6.07,2.36,2.57,4.28,3.43,4.17,3.315,1.22,2.04,3.25,2.34,1.78,2.87,2.45,0.985,-6.83,1.3,2.765
4,15,2014,2,0.495,3.69,3.36,-0.24,1.7,-3.25,-6.07,-3.135,2.895,6.04,7.195,8.16,6.435,5.05,6.07,2.36,2.57,4.28,3.43,4.17,3.315,1.22,2.04,3.25,2.34,1.78,2.87,2.45,0.985,-6.83,1.3
4,16,2014,3,3.59,0.495,3.69,3.36,-0.24,1.7,-3.25,-6.07,-3.135,2.895,6.04,7.195,8.16,6.435,5.05,6.07,2.36,2.57,4.28,3.43,4.17,3.315,1.22,2.04,3.25,2.34,1.78,2.87,2.45,0.985,-6.83
4,17,2014,4,4.25,3.59,0.495,3.69,3.36,-0.24,1.7,-3.25,-6.07,-3.135,2.895,6.04,7.195,8.16,6.435,5.05,6.07,2.36,2.57,4.28,3.43,4.17,3.315,1.22,2.04,3.25,2.34,1.78,2.87,2.45,0.985
4,18,2014,5,3.335,4.25,3.59,0.495,3.69,3.36,-0.24,1.7,-3.25,-6.07,-3.135,2.895,6.04,7.195,8.16,6.435,5.05,6.07,2.36,2.57,4.28,3.43,4.17,3.315,1.22,2.04,3.25,2.34,1.78,2.87,2.45
4,19,2014,6,1.37,3.335,4.25,3.59,0.495,3.69,3.36,-0.24,1.7,-3.25,-6.07,-3.135,2.895,6.04,7.195,8.16,6.435,5.05,6.07,2.36,2.57,4.28,3.43,4.17,3.315,1.22,2.04,3.25,2.34,1.78,2.87
4,20,2014,7,0.455,1.37,3.335,4.25,3.59,0.495,3.69,3.36,-0.24,1.7,-3.25,-6.07,-3.135,2.895,6.04,7.195,8.16,6.435,5.05,6.07,2.36,2.57,4.28,3.43,4.17,3.315,1.22,2.04,3.25,2.34,1.78
4,21,2014,1,1.57,0.455,1.37,3.335,4.25,3.59,0.495,3.69,3.36,-0.24,1.7,-3.25,-6.07,-3.135,2.895,6.04,7.195,8.16,6.435,5.05,6.07,2.36,2.57,4.28,3.43,4.17,3.315,1.22,2.04,3.25,2.34
4,22,2014,2,1.885,1.57,0.455,1.37,3.335,4.25,3.59,0.495,3.69,3.36,-0.24,1.7,-3.25,-6.07,-3.135,2.895,6.04,7.195,8.16,6.435,5.05,6.07,2.36,2.57,4.28,3.43,4.17,3.315,1.22,2.04,3.25
4,23,2014,3,2.16,1.885,1.57,0.455,1.37,3.335,4.25,3.59,0.495,3.69,3.36,-0.24,1.7,-3.25,-6.07,-3.135,2.895,6.04,7.195,8.16,6.435,5.05,6.07,2.36,2.57,4.28,3.43,4.17,3.315,1.22,2.04
4,24,2014,4,1.58,2.16,1.885,1.57,0.455,1.37,3.335,4.25,3.59,0.495,3.69,3.36,-0.24,1.7,-3.25,-6.07,-3.135,2.895,6.04,7.195,8.16,6.435,5.05,6.07,2.36,2.57,4.28,3.43,4.17,3.315,1.22
4,25,2014,5,1.87,1.58,2.16,1.885,1.57,0.455,1.37,3.335,4.25,3.59,0.495,3.69,3.36,-0.24,1.7,-3.25,-6.07,-3.135,2.895,6.04,7.195,8.16,6.435,5.05,6.07,2.36,2.57,4.28,3.43,4.17,3.315
4,26,2014,6,2.93,1.87,1.58,2.16,1.885,1.57,0.455,1.37,3.335,4.25,3.59,0.495,3.69,3.36,-0.24,1.7,-3.25,-6.07,-3.135,2.895,6.04,7.195,8.16,6.435,5.05,6.07,2.36,2.57,4.28,3.43,4.17
4,27,2014,7,5.575,2.93,1.87,1.58,2.16,1.885,1.57,0.455,1.37,3.335,4.25,3.59,0.495,3.69,3.36,-0.24,1.7,-3.25,-6.07,-3.135,2.895,6.04,7.195,8.16,6.435,5.05,6.07,2.36,2.57,4.28,3.43
4,28,2014,1,3.6,5.575,2.93,1.87,1.58,2.16,1.885,1.57,0.455,1.37,3.335,4.25,3.59,0.495,3.69,3.36,-0.24,1.7,-3.25,-6.07,-3.135,2.895,6.04,7.195,8.16,6.435,5.05,6.07,2.36,2.57,4.28
4,29,2014,2,2.105,3.6,5.575,2.93,1.87,1.58,2.16,1.885,1.57,0.455,1.37,3.335,4.25,3.59,0.495,3.69,3.36,-0.24,1.7,-3.25,-6.07,-3.135,2.895,6.04,7.195,8.16,6.435,5.05,6.07,2.36,2.57
4,30,2014,3,-9.065,2.105,3.6,5.575,2.93,1.87,1.58,2.16,1.885,1.57,0.455,1.37,3.335,4.25,3.59,0.495,3.69,3.36,-0.24,1.7,-3.25,-6.07,-3.135,2.895,6.04,7.195,8.16,6.435,5.05,6.07,2.36
5,1,2014,4,-15.535,-9.065,2.105,3.6,5.575,2.93,1.87,1.58,2.16,1.885,1.57,0.455,1.37,3.335,4.25,3.59,0.495,3.69,3.36,-0.24,1.7,-3.25,-6.07,-3.135,2.895,6.04,7.195,8.16,6.435,5.05,6.07
5,2,2014,5,-14.905,-15.535,-9.065,2.105,3.6,5.575,2.93,1.87,1.58,2.16,1.885,1.57,0.455,1.37,3.335,4.25,3.59,0.495,3.69,3.36,-0.24,1.7,-3.25,-6.07,-3.135,2.895,6.04,7.195,8.16,6.435,5.05
5,3,2014,6,-11.845,-14.905,-15.535,-9.065,2.105,3.6,5.575,2.93,1.87,1.58,2.16,1.885,1.57,0.455,1.37,3.335,4.25,3.59,0.495,3.69,3.36,-0.24,1.7,-3.25,-6.07,-3.135,2.895,6.04,7.195,8.16,6.435
5,4,2014,7,-9.095,-11.845,-14.905,-15.535,-9.065,2.105,3.6,5.575,2.93,1.87,1.58,2.16,1.885,1.57,0.455,1.37,3.335,4.25,3.59,0.495,3.69,3.36,-0.24,1.7,-3.25,-6.07,-3.135,2.895,6.04,7.195,8.16
5,5,2014,1,-1.87,-9.095,-11.845,-14.905,-15.535,-9.065,2.105,3.6,5.575,2.93,1.87,1.58,2.16,1.885,1.57,0.455,1.37,3.335,4.25,3.59,0.495,3.69,3.36,-0.24,1.7,-3.25,-6.07,-3.135,2.895,6.04,7.195
5,6,2014,2,2.195,-1.87,-9.095,-11.845,-14.905,-15.535,-9.065,2.105,3.6,5.575,2.93,1.87,1.58,2.16,1.885,1.57,0.455,1.37,3.335,4.25,3.59,0.495,3.69,3.36,-0.24,1.7,-3.25,-6.07,-3.135,2.895,6.04
5,7,2014,3,3.66,2.195,-1.87,-9.095,-11.845,-14.905,-15.535,-9.065,2.105,3.6,5.575,2.93,1.87,1.58,2.16,1.885,1.57,0.455,1.37,3.335,4.25,3.59,0.495,3.69,3.36,-0.24,1.7,-3.25,-6.07,-3.135,2.895
5,8,2014,4,4.22,3.66,2.195,-1.87,-9.095,-11.845,-14.905,-15.535,-9.065,2.105,3.6,5.575,2.93,1.87,1.58,2.16,1.885,1.57,0.455,1.37,3.335,4.25,3.59,0.495,3.69,3.36,-0.24,1.7,-3.25,-6.07,-3.135
5,9,2014,5,3.625,4.22,3.66,2.195,-1.87,-9.095,-11.845,-14.905,-15.535,-9.065,2.105,3.6,5.575,2.93,1.87,1.58,2.16,1.885,1.57,0.455,1.37,3.335,4.25,3.59,0.495,3.69,3.36,-0.24,1.7,-3.25,-6.07
5,10,2014,6,2.87,3.625,4.22,3.66,2.195,-1.87,-9.095,-11.845,-14.905,-15.535,-9.065,2.105,3.6,5.575,2.93,1.87,1.58,2.16,1.885,1.57,0.455,1.37,3.335,4.25,3.59,0.495,3.69,3.36,-0.24,1.7,-3.25
5,11,2014,7,1.715,2.87,3.625,4.22,3.66,2.195,-1.87,-9.095,-11.845,-14.905,-15.535,-9.065,2.105,3.6,5.575,2.93,1.87,1.58,2.16,1.885,1.57,0.455,1.37,3.335,4.25,3.59,0.495,3.69,3.36,-0.24,1.7
5,12,2014,1,-0.58,1.715,2.87,3.625,4.22,3.66,2.195,-1.87,-9.095,-11.845,-14.905,-15.535,-9.065,2.105,3.6,5.575,2.93,1.87,1.58,2.16,1.885,1.57,0.455,1.37,3.335,4.25,3.59,0.495,3.69,3.36,-0.24
5,13,2014,2,-6.73,-0.58,1.715,2.87,3.625,4.22,3.66,2.195,-1.87,-9.095,-11.845,-14.905,-15.535,-9.065,2.105,3.6,5.575,2.93,1.87,1.58,2.16,1.885,1.57,0.455,1.37,3.335,4.25,3.59,0.495,3.69,3.36
5,14,2014,3,-13.705,-6.73,-0.58,1.715,2.87,3.625,4.22,3.66,2.195,-1.87,-9.095,-11.845,-14.905,-15.535,-9.065,2.105,3.6,5.575,2.93,1.87,1.58,2.16,1.885,1.57,0.455,1.37,3.335,4.25,3.59,0.495,3.69
5,15,2014,4,-12.51,-13.705,-6.73,-0.58,1.715,2.87,3.625,4.22,3.66,2.195,-1.87,-9.095,-11.845,-14.905,-15.535,-9.065,2.105,3.6,5.575,2.93,1.87,1.58,2.16,1.885,1.57,0.455,1.37,3.335,4.25,3.59,0.495
5,16,2014,5,-15.91,-12.51,-13.705,-6.73,-0.58,1.715,2.87,3.625,4.22,3.66,2.195,-1.87,-9.095,-11.845,-14.905,-15.535,-9.065,2.105,3.6,5.575,2.93,1.87,1.58,2.16,1.885,1.57,0.455,1.37,3.335,4.25,3.59
5,17,2014,6,-12.19,-15.91,-12.51,-13.705,-6.73,-0.58,1.715,2.87,3.625,4.22,3.66,2.195,-1.87,-9.095,-11.845,-14.905,-15.535,-9.065,2.105,3.6,5.575,2.93,1.87,1.58,2.16,1.885,1.57,0.455,1.37,3.335,4.25
5,18,2014,7,-0.085,-12.19,-15.91,-12.51,-13.705,-6.73,-0.58,1.715,2.87,3.625,4.22,3.66,2.195,-1.87,-9.095,-11.845,-14.905,-15.535,-9.065,2.105,3.6,5.575,2.93,1.87,1.58,2.16,1.885,1.57,0.455,1.37,3.335
5,19,2014,1,-0.63,-0.085,-12.19,-15.91,-12.51,-13.705,-6.73,-0.58,1.715,2.87,3.625,4.22,3.66,2.195,-1.87,-9.095,-11.845,-14.905,-15.535,-9.065,2.105,3.6,5.575,2.93,1.87,1.58,2.16,1.885,1.57,0.455,1.37
5,20,2014,2,1.855,-0.63,-0.085,-12.19,-15.91,-12.51,-13.705,-6.73,-0.58,1.715,2.87,3.625,4.22,3.66,2.195,-1.87,-9.095,-11.845,-14.905,-15.535,-9.065,2.105,3.6,5.575,2.93,1.87,1.58,2.16,1.885,1.57,0.455
5,21,2014,3,1.45,1.855,-0.63,-0.085,-12.19,-15.91,-12.51,-13.705,-6.73,-0.58,1.715,2.87,3.625,4.22,3.66,2.195,-1.87,-9.095,-11.845,-14.905,-15.535,-9.065,2.105,3.6,5.575,2.93,1.87,1.58,2.16,1.885,1.57
5,22,2014,4,2.005,1.45,1.855,-0.63,-0.085,-12.19,-15.91,-12.51,-13.705,-6.73,-0.58,1.715,2.87,3.625,4.22,3.66,2.195,-1.87,-9.095,-11.845,-14.905,-15.535,-9.065,2.105,3.6,5.575,2.93,1.87,1.58,2.16,1.885
5,23,2014,5,1.34,2.005,1.45,1.855,-0.63,-0.085,-12.19,-15.91,-12.51,-13.705,-6.73,-0.58,1.715,2.87,3.625,4.22,3.66,2.195,-1.87,-9.095,-11.845,-14.905,-15.535,-9.065,2.105,3.6,5.575,2.93,1.87,1.58,2.16
5,24,2014,6,-0.14,1.34,2.005,1.45,1.855,-0.63,-0.085,-12.19,-15.91,-12.51,-13.705,-6.73,-0.58,1.715,2.87,3.625,4.22,3.66,2.195,-1.87,-9.095,-11.845,-14.905,-15.535,-9.065,2.105,3.6,5.575,2.93,1.87,1.58
5,25,2014,7,1.34,-0.14,1.34,2.005,1.45,1.855,-0.63,-0.085,-12.19,-15.91,-12.51,-13.705,-6.73,-0.58,1.715,2.87,3.625,4.22,3.66,2.195,-1.87,-9.095,-11.845,-14.905,-15.535,-9.065,2.105,3.6,5.575,2.93,1.87
5,26,2014,1,-0.85,1.34,-0.14,1.34,2.005,1.45,1.855,-0.63,-0.085,-12.19,-15.91,-12.51,-13.705,-6.73,-0.58,1.715,2.87,3.625,4.22,3.66,2.195,-1.87,-9.095,-11.845,-14.905,-15.535,-9.065,2.105,3.6,5.575,2.93
5,27,2014,2,-1.91,-0.85,1.34,-0.14,1.34,2.005,1.45,1.855,-0.63,-0.085,-12.19,-15.91,-12.51,-13.705,-6.73,-0.58,1.715,2.87,3.625,4.22,3.66,2.195,-1.87,-9.095,-11.845,-14.905,-15.535,-9.065,2.105,3.6,5.575
5,28,2014,3,-1.615,-1.91,-0.85,1.34,-0.14,1.34,2.005,1.45,1.855,-0.63,-0.085,-12.19,-15.91,-12.51,-13.705,-6.73,-0.58,1.715,2.87,3.625,4.22,3.66,2.195,-1.87,-9.095,-11.845,-14.905,-15.535,-9.065,2.105,3.6
5,29,2014,4,-0.995,-1.615,-1.91,-0.85,1.34,-0.14,1.34,2.005,1.45,1.855,-0.63,-0.085,-12.19,-15.91,-12.51,-13.705,-6.73,-0.58,1.715,2.87,3.625,4.22,3.66,2.195,-1.87,-9.095,-11.845,-14.905,-15.535,-9.065,2.105
5,30,2014,5,-1.025,-0.995,-1.615,-1.91,-0.85,1.34,-0.14,1.34,2.005,1.45,1.855,-0.63,-0.085,-12.19,-15.91,-12.51,-13.705,-6.73,-0.58,1.715,2.87,3.625,4.22,3.66,2.195,-1.87,-9.095,-11.845,-14.905,-15.535,-9.065
5,31,2014,6,-0.76,-1.025,-0.995,-1.615,-1.91,-0.85,1.34,-0.14,1.34,2.005,1.45,1.855,-0.63,-0.085,-12.19,-15.91,-12.51,-13.705,-6.73,-0.58,1.715,2.87,3.625,4.22,3.66,2.195,-1.87,-9.095,-11.845,-14.905,-15.535
6,1,2014,7,-1.825,-0.76,-1.025,-0.995,-1.615,-1.91,-0.85,1.34,-0.14,1.34,2.005,1.45,1.855,-0.63,-0.085,-12.19,-15.91,-12.51,-13.705,-6.73,-0.58,1.715,2.87,3.625,4.22,3.66,2.195,-1.87,-9.095,-11.845,-14.905
6,2,2014,1,-1.67,-1.825,-0.76,-1.025,-0.995,-1.615,-1.91,-0.85,1.34,-0.14,1.34,2.005,1.45,1.855,-0.63,-0.085,-12.19,-15.91,-12.51,-13.705,-6.73,-0.58,1.715,2.87,3.625,4.22,3.66,2.195,-1.87,-9.095,-11.845
6,3,2014,2,-1.675,-1.67,-1.825,-0.76,-1.025,-0.995,-1.615,-1.91,-0.85,1.34,-0.14,1.34,2.005,1.45,1.855,-0.63,-0.085,-12.19,-15.91,-12.51,-13.705,-6.73,-0.58,1.715,2.87,3.625,4.22,3.66,2.195,-1.87,-9.095
6,4,2014,3,-2.14,-1.675,-1.67,-1.825,-0.76,-1.025,-0.995,-1.615,-1.91,-0.85,1.34,-0.14,1.34,2.005,1.45,1.855,-0.63,-0.085,-12.19,-15.91,-12.51,-13.705,-6.73,-0.58,1.715,2.87,3.625,4.22,3.66,2.195,-1.87
6,5,2014,4,-2.055,-2.14,-1.675,-1.67,-1.825,-0.76,-1.025,-0.995,-1.615,-1.91,-0.85,1.34,-0.14,1.34,2.005,1.45,1.855,-0.63,-0.085,-12.19,-15.91,-12.51,-13.705,-6.73,-0.58,1.715,2.87,3.625,4.22,3.66,2.195
6,6,2014,5,-0.615,-2.055,-2.14,-1.675,-1.67,-1.825,-0.76,-1.025,-0.995,-1.615,-1.91,-0.85,1.34,-0.14,1.34,2.005,1.45,1.855,-0.63,-0.085,-12.19,-15.91,-12.51,-13.705,-6.73,-0.58,1.715,2.87,3.625,4.22,3.66
6,7,2014,6,0.12,-0.615,-2.055,-2.14,-1.675,-1.67,-1.825,-0.76,-1.025,-0.995,-1.615,-1.91,-0.85,1.34,-0.14,1.34,2.005,1.45,1.855,-0.63,-0.085,-12.19,-15.91,-12.51,-13.705,-6.73,-0.58,1.715,2.87,3.625,4.22
6,8,2014,7,0.47,0.12,-0.615,-2.055,-2.14,-1.675,-1.67,-1.825,-0.76,-1.025,-0.995,-1.615,-1.91,-0.85,1.34,-0.14,1.34,2.005,1.45,1.855,-0.63,-0.085,-12.19,-15.91,-12.51,-13.705,-6.73,-0.58,1.715,2.87,3.625
6,9,2014,1,-0.765,0.47,0.12,-0.615,-2.055,-2.14,-1.675,-1.67,-1.825,-0.76,-1.025,-0.995,-1.615,-1.91,-0.85,1.34,-0.14,1.34,2.005,1.45,1.855,-0.63,-0.085,-12.19,-15.91,-12.51,-13.705,-6.73,-0.58,1.715,2.87
6,10,2014,2,-1.09,-0.765,0.47,0.12,-0.615,-2.055,-2.14,-1.675,-1.67,-1.825,-0.76,-1.025,-0.995,-1.615,-1.91,-0.85,1.34,-0.14,1.34,2.005,1.45,1.855,-0.63,-0.085,-12.19,-15.91,-12.51,-13.705,-6.73,-0.58,1.715
6,11,2014,3,-0.32,-1.09,-0.765,0.47,0.12,-0.615,-2.055,-2.14,-1.675,-1.67,-1.825,-0.76,-1.025,-0.995,-1.615,-1.91,-0.85,1.34,-0.14,1.34,2.005,1.45,1.855,-0.63,-0.085,-12.19,-15.91,-12.51,-13.705,-6.73,-0.58
6,12,2014,4,-2.06,-0.32,-1.09,-0.765,0.47,0.12,-0.615,-2.055,-2.14,-1.675,-1.67,-1.825,-0.76,-1.025,-0.995,-1.615,-1.91,-0.85,1.34,-0.14,1.34,2.005,1.45,1.855,-0.63,-0.085,-12.19,-15.91,-12.51,-13.705,-6.73
6,13,2014,5,-3.995,-2.06,-0.32,-1.09,-0.765,0.47,0.12,-0.615,-2.055,-2.14,-1.675,-1.67,-1.825,-0.76,-1.025,-0.995,-1.615,-1.91,-0.85,1.34,-0.14,1.34,2.005,1.45,1.855,-0.63,-0.085,-12.19,-15.91,-12.51,-13.705
6,14,2014,6,-2.91,-3.995,-2.06,-0.32,-1.09,-0.765,0.47,0.12,-0.615,-2.055,-2.14,-1.675,-1.67,-1.825,-0.76,-1.025,-0.995,-1.615,-1.91,-0.85,1.34,-0.14,1.34,2.005,1.45,1.855,-0.63,-0.085,-12.19,-15.91,-12.51
6,15,2014,7,-1.205,-2.91,-3.995,-2.06,-0.32,-1.09,-0.765,0.47,0.12,-0.615,-2.055,-2.14,-1.675,-1.67,-1.825,-0.76,-1.025,-0.995,-1.615,-1.91,-0.85,1.34,-0.14,1.34,2.005,1.45,1.855,-0.63,-0.085,-12.19,-15.91
6,16,2014,1,-1.465,-1.205,-2.91,-3.995,-2.06,-0.32,-1.09,-0.765,0.47,0.12,-0.615,-2.055,-2.14,-1.675,-1.67,-1.825,-0.76,-1.025,-0.995,-1.615,-1.91,-0.85,1.34,-0.14,1.34,2.005,1.45,1.855,-0.63,-0.085,-12.19
6,17,2014,2,-1.12,-1.465,-1.205,-2.91,-3.995,-2.06,-0.32,-1.09,-0.765,0.47,0.12,-0.615,-2.055,-2.14,-1.675,-1.67,-1.825,-0.76,-1.025,-0.995,-1.615,-1.91,-0.85,1.34,-0.14,1.34,2.005,1.45,1.855,-0.63,-0.085
6,18,2014,3,-1.915,-1.12,-1.465,-1.205,-2.91,-3.995,-2.06,-0.32,-1.09,-0.765,0.47,0.12,-0.615,-2.055,-2.14,-1.675,-1.67,-1.825,-0.76,-1.025,-0.995,-1.615,-1.91,-0.85,1.34,-0.14,1.34,2.005,1.45,1.855,-0.63
6,19,2014,4,-0.7,-1.915,-1.12,-1.465,-1.205,-2.91,-3.995,-2.06,-0.32,-1.09,-0.765,0.47,0.12,-0.615,-2.055,-2.14,-1.675,-1.67,-1.825,-0.76,-1.025,-0.995,-1.615,-1.91,-0.85,1.34,-0.14,1.34,2.005,1.45,1.855
6,20,2014,5,-0.905,-0.7,-1.915,-1.12,-1.465,-1.205,-2.91,-3.995,-2.06,-0.32,-1.09,-0.765,0.47,0.12,-0.615,-2.055,-2.14,-1.675,-1.67,-1.825,-0.76,-1.025,-0.995,-1.615,-1.91,-0.85,1.34,-0.14,1.34,2.005,1.45
6,21,2014,6,-1.905,-0.905,-0.7,-1.915,-1.12,-1.465,-1.205,-2.91,-3.995,-2.06,-0.32,-1.09,-0.765,0.47,0.12,-0.615,-2.055,-2.14,-1.675,-1.67,-1.825,-0.76,-1.025,-0.995,-1.615,-1.91,-0.85,1.34,-0.14,1.34,2.005
6,22,2014,7,-1.245,-1.905,-0.905,-0.7,-1.915,-1.12,-1.465,-1.205,-2.91,-3.995,-2.06,-0.32,-1.09,-0.765,0.47,0.12,-0.615,-2.055,-2.14,-1.675,-1.67,-1.825,-0.76,-1.025,-0.995,-1.615,-1.91,-0.85,1.34,-0.14,1.34
6,23,2014,1,-1.265,-1.245,-1.905,-0.905,-0.7,-1.915,-1.12,-1.465,-1.205,-2.91,-3.995,-2.06,-0.32,-1.09,-0.765,0.47,0.12,-0.615,-2.055,-2.14,-1.675,-1.67,-1.825,-0.76,-1.025,-0.995,-1.615,-1.91,-0.85,1.34,-0.14
6,24,2014,2,-1.5,-1.265,-1.245,-1.905,-0.905,-0.7,-1.915,-1.12,-1.465,-1.205,-2.91,-3.995,-2.06,-0.32,-1.09,-0.765,0.47,0.12,-0.615,-2.055,-2.14,-1.675,-1.67,-1.825,-0.76,-1.025,-0.995,-1.615,-1.91,-0.85,1.34
6,25,2014,3,-1.845,-1.5,-1.265,-1.245,-1.905,-0.905,-0.7,-1.915,-1.12,-1.465,-1.205,-2.91,-3.995,-2.06,-0.32,-1.09,-0.765,0.47,0.12,-0.615,-2.055,-2.14,-1.675,-1.67,-1.825,-0.76,-1.025,-0.995,-1.615,-1.91,-0.85
6,26,2014,4,-1.94,-1.845,-1.5,-1.265,-1.245,-1.905,-0.905,-0.7,-1.915,-1.12,-1.465,-1.205,-2.91,-3.995,-2.06,-0.32,-1.09,-0.765,0.47,0.12,-0.615,-2.055,-2.14,-1.675,-1.67,-1.825,-0.76,-1.025,-0.995,-1.615,-1.91
6,27,2014,5,-3.41,-1.94,-1.845,-1.5,-1.265,-1.245,-1.905,-0.905,-0.7,-1.915,-1.12,-1.465,-1.205,-2.91,-3.995,-2.06,-0.32,-1.09,-0.765,0.47,0.12,-0.615,-2.055,-2.14,-1.675,-1.67,-1.825,-0.76,-1.025,-0.995,-1.615
6,28,2014,6,-1.905,-3.41,-1.94,-1.845,-1.5,-1.265,-1.245,-1.905,-0.905,-0.7,-1.915,-1.12,-1.465,-1.205,-2.91,-3.995,-2.06,-0.32,-1.09,-0.765,0.47,0.12,-0.615,-2.055,-2.14,-1.675,-1.67,-1.825,-0.76,-1.025,-0.995
6,29,2014,7,-2.095,-1.905,-3.41,-1.94,-1.845,-1.5,-1.265,-1.245,-1.905,-0.905,-0.7,-1.915,-1.12,-1.465,-1.205,-2.91,-3.995,-2.06,-0.32,-1.09,-0.765,0.47,0.12,-0.615,-2.055,-2.14,-1.675,-1.67,-1.825,-0.76,-1.025
6,30,2014,1,-2.555,-2.095,-1.905,-3.41,-1.94,-1.845,-1.5,-1.265,-1.245,-1.905,-0.905,-0.7,-1.915,-1.12,-1.465,-1.205,-2.91,-3.995,-2.06,-0.32,-1.09,-0.765,0.47,0.12,-0.615,-2.055,-2.14,-1.675,-1.67,-1.825,-0.76
7,1,2014,2,-2.85,-2.555,-2.095,-1.905,-3.41,-1.94,-1.845,-1.5,-1.265,-1.245,-1.905,-0.905,-0.7,-1.915,-1.12,-1.465,-1.205,-2.91,-3.995,-2.06,-0.32,-1.09,-0.765,0.47,0.12,-0.615,-2.055,-2.14,-1.675,-1.67,-1.825
7,2,2014,3,-3.35,-2.85,-2.555,-2.095,-1.905,-3.41,-1.94,-1.845,-1.5,-1.265,-1.245,-1.905,-0.905,-0.7,-1.915,-1.12,-1.465,-1.205,-2.91,-3.995,-2.06,-0.32,-1.09,-0.765,0.47,0.12,-0.615,-2.055,-2.14,-1.675,-1.67
7,3,2014,4,-3.83,-3.35,-2.85,-2.555,-2.095,-1.905,-3.41,-1.94,-1.845,-1.5,-1.265,-1.245,-1.905,-0.905,-0.7,-1.915,-1.12,-1.465,-1.205,-2.91,-3.995,-2.06,-0.32,-1.09,-0.765,0.47,0.12,-0.615,-2.055,-2.14,-1.675
7,4,2014,5,-4.565,-3.83,-3.35,-2.85,-2.555,-2.095,-1.905,-3.41,-1.94,-1.845,-1.5,-1.265,-1.245,-1.905,-0.905,-0.7,-1.915,-1.12,-1.465,-1.205,-2.91,-3.995,-2.06,-0.32,-1.09,-0.765,0.47,0.12,-0.615,-2.055,-2.14
7,5,2014,6,-6.235,-4.565,-3.83,-3.35,-2.85,-2.555,-2.095,-1.905,-3.41,-1.94,-1.845,-1.5,-1.265,-1.245,-1.905,-0.905,-0.7,-1.915,-1.12,-1.465,-1.205,-2.91,-3.995,-2.06,-0.32,-1.09,-0.765,0.47,0.12,-0.615,-2.055
7,6,2014,7,-9.035,-6.235,-4.565,-3.83,-3.35,-2.85,-2.555,-2.095,-1.905,-3.41,-1.94,-1.845,-1.5,-1.265,-1.245,-1.905,-0.905,-0.7,-1.915,-1.12,-1.465,-1.205,-2.91,-3.995,-2.06,-0.32,-1.09,-0.765,0.47,0.12,-0.615
7,7,2014,1,-10.09,-9.035,-6.235,-4.565,-3.83,-3.35,-2.85,-2.555,-2.095,-1.905,-3.41,-1.94,-1.845,-1.5,-1.265,-1.245,-1.905,-0.905,-0.7,-1.915,-1.12,-1.465,-1.205,-2.91,-3.995,-2.06,-0.32,-1.09,-0.765,0.47,0.12
7,8,2014,2,-7.945,-10.09,-9.035,-6.235,-4.565,-3.83,-3.35,-2.85,-2.555,-2.095,-1.905,-3.41,-1.94,-1.845,-1.5,-1.265,-1.245,-1.905,-0.905,-0.7,-1.915,-1.12,-1.465,-1.205,-2.91,-3.995,-2.06,-0.32,-1.09,-0.765,0.47
7,9,2014,3,-6.175,-7.945,-10.09,-9.035,-6.235,-4.565,-3.83,-3.35,-2.85,-2.555,-2.095,-1.905,-3.41,-1.94,-1.845,-1.5,-1.265,-1.245,-1.905,-0.905,-0.7,-1.915,-1.12,-1.465,-1.205,-2.91,-3.995,-2.06,-0.32,-1.09,-0.765
7,10,2014,4,-5.295,-6.175,-7.945,-10.09,-9.035,-6.235,-4.565,-3.83,-3.35,-2.85,-2.555,-2.095,-1.905,-3.41,-1.94,-1.845,-1.5,-1.265,-1.245,-1.905,-0.905,-0.7,-1.915,-1.12,-1.465,-1.205,-2.91,-3.995,-2.06,-0.32,-1.09
7,11,2014,5,-6.475,-5.295,-6.175,-7.945,-10.09,-9.035,-6.235,-4.565,-3.83,-3.35,-2.85,-2.555,-2.095,-1.905,-3.41,-1.94,-1.845,-1.5,-1.265,-1.245,-1.905,-0.905,-0.7,-1.915,-1.12,-1.465,-1.205,-2.91,-3.995,-2.06,-0.32
7,12,2014,6,-7.44,-6.475,-5.295,-6.175,-7.945,-10.09,-9.035,-6.235,-4.565,-3.83,-3.35,-2.85,-2.555,-2.095,-1.905,-3.41,-1.94,-1.845,-1.5,-1.265,-1.245,-1.905,-0.905,-0.7,-1.915,-1.12,-1.465,-1.205,-2.91,-3.995,-2.06
7,13,2014,7,-7.955,-7.44,-6.475,-5.295,-6.175,-7.945,-10.09,-9.035,-6.235,-4.565,-3.83,-3.35,-2.85,-2.555,-2.095,-1.905,-3.41,-1.94,-1.845,-1.5,-1.265,-1.245,-1.905,-0.905,-0.7,-1.915,-1.12,-1.465,-1.205,-2.91,-3.995
7,14,2014,1,-6.54,-7.955,-7.44,-6.475,-5.295,-6.175,-7.945,-10.09,-9.035,-6.235,-4.565,-3.83,-3.35,-2.85,-2.555,-2.095,-1.905,-3.41,-1.94,-1.845,-1.5,-1.265,-1.245,-1.905,-0.905,-0.7,-1.915,-1.12,-1.465,-1.205,-2.91
7,15,2014,2,-5.235,-6.54,-7.955,-7.44,-6.475,-5.295,-6.175,-7.945,-10.09,-9.035,-6.235,-4.565,-3.83,-3.35,-2.85,-2.555,-2.095,-1.905,-3.41,-1.94,-1.845,-1.5,-1.265,-1.245,-1.905,-0.905,-0.7,-1.915,-1.12,-1.465,-1.205
7,16,2014,3,-4.4,-5.235,-6.54,-7.955,-7.44,-6.475,-5.295,-6.175,-7.945,-10.09,-9.035,-6.235,-4.565,-3.83,-3.35,-2.85,-2.555,-2.095,-1.905,-3.41,-1.94,-1.845,-1.5,-1.265,-1.245,-1.905,-0.905,-0.7,-1.915,-1.12,-1.465
7,17,2014,4,-5.675,-4.4,-5.235,-6.54,-7.955,-7.44,-6.475,-5.295,-6.175,-7.945,-10.09,-9.035,-6.235,-4.565,-3.83,-3.35,-2.85,-2.555,-2.095,-1.905,-3.41,-1.94,-1.845,-1.5,-1.265,-1.245,-1.905,-0.905,-0.7,-1.915,-1.12
7,18,2014,5,-6.145,-5.675,-4.4,-5.235,-6.54,-7.955,-7.44,-6.475,-5.295,-6.175,-7.945,-10.09,-9.035,-6.235,-4.565,-3.83,-3.35,-2.85,-2.555,-2.095,-1.905,-3.41,-1.94,-1.845,-1.5,-1.265,-1.245,-1.905,-0.905,-0.7,-1.915
7,19,2014,6,-5.88,-6.145,-5.675,-4.4,-5.235,-6.54,-7.955,-7.44,-6.475,-5.295,-6.175,-7.945,-10.09,-9.035,-6.235,-4.565,-3.83,-3.35,-2.85,-2.555,-2.095,-1.905,-3.41,-1.94,-1.845,-1.5,-1.265,-1.245,-1.905,-0.905,-0.7
7,20,2014,7,-5.105,-5.88,-6.145,-5.675,-4.4,-5.235,-6.54,-7.955,-7.44,-6.475,-5.295,-6.175,-7.945,-10.09,-9.035,-6.235,-4.565,-3.83,-3.35,-2.85,-2.555,-2.095,-1.905,-3.41,-1.94,-1.845,-1.5,-1.265,-1.245,-1.905,-0.905
7,21,2014,1,-6.465,-5.105,-5.88,-6.145,-5.675,-4.4,-5.235,-6.54,-7.955,-7.44,-6.475,-5.295,-6.175,-7.945,-10.09,-9.035,-6.235,-4.565,-3.83,-3.35,-2.85,-2.555,-2.095,-1.905,-3.41,-1.94,-1.845,-1.5,-1.265,-1.245,-1.905
7,22,2014,2,-7.14,-6.465,-5.105,-5.88,-6.145,-5.675,-4.4,-5.235,-6.54,-7.955,-7.44,-6.475,-5.295,-6.175,-7.945,-10.09,-9.035,-6.235,-4.565,-3.83,-3.35,-2.85,-2.555,-2.095,-1.905,-3.41,-1.94,-1.845,-1.5,-1.265,-1.245
7,23,2014,3,-6.5,-7.14,-6.465,-5.105,-5.88,-6.145,-5.675,-4.4,-5.235,-6.54,-7.955,-7.44,-6.475,-5.295,-6.175,-7.945,-10.09,-9.035,-6.235,-4.565,-3.83,-3.35,-2.85,-2.555,-2.095,-1.905,-3.41,-1.94,-1.845,-1.5,-1.265
7,24,2014,4,-6.885,-6.5,-7.14,-6.465,-5.105,-5.88,-6.145,-5.675,-4.4,-5.235,-6.54,-7.955,-7.44,-6.475,-5.295,-6.175,-7.945,-10.09,-9.035,-6.235,-4.565,-3.83,-3.35,-2.85,-2.555,-2.095,-1.905,-3.41,-1.94,-1.845,-1.5
7,25,2014,5,-8.235,-6.885,-6.5,-7.14,-6.465,-5.105,-5.88,-6.145,-5.675,-4.4,-5.235,-6.54,-7.955,-7.44,-6.475,-5.295,-6.175,-7.945,-10.09,-9.035,-6.235,-4.565,-3.83,-3.35,-2.85,-2.555,-2.095,-1.905,-3.41,-1.94,-1.845
7,26,2014,6,-6.055,-8.235,-6.885,-6.5,-7.14,-6.465,-5.105,-5.88,-6.145,-5.675,-4.4,-5.235,-6.54,-7.955,-7.44,-6.475,-5.295,-6.175,-7.945,-10.09,-9.035,-6.235,-4.565,-3.83,-3.35,-2.85,-2.555,-2.095,-1.905,-3.41,-1.94
7,27,2014,7,-6.685,-6.055,-8.235,-6.885,-6.5,-7.14,-6.465,-5.105,-5.88,-6.145,-5.675,-4.4,-5.235,-6.54,-7.955,-7.44,-6.475,-5.295,-6.175,-7.945,-10.09,-9.035,-6.235,-4.565,-3.83,-3.35,-2.85,-2.555,-2.095,-1.905,-3.41
7,28,2014,1,-8.56,-6.685,-6.055,-8.235,-6.885,-6.5,-7.14,-6.465,-5.105,-5.88,-6.145,-5.675,-4.4,-5.235,-6.54,-7.955,-7.44,-6.475,-5.295,-6.175,-7.945,-10.09,-9.035,-6.235,-4.565,-3.83,-3.35,-2.85,-2.555,-2.095,-1.905
7,29,2014,2,-9.91,-8.56,-6.685,-6.055,-8.235,-6.885,-6.5,-7.14,-6.465,-5.105,-5.88,-6.145,-5.675,-4.4,-5.235,-6.54,-7.955,-7.44,-6.475,-5.295,-6.175,-7.945,-10.09,-9.035,-6.235,-4.565,-3.83,-3.35,-2.85,-2.555,-2.095
7,30,2014,3,-10.82,-9.91,-8.56,-6.685,-6.055,-8.235,-6.885,-6.5,-7.14,-6.465,-5.105,-5.88,-6.145,-5.675,-4.4,-5.235,-6.54,-7.955,-7.44,-6.475,-5.295,-6.175,-7.945,-10.09,-9.035,-6.235,-4.565,-3.83,-3.35,-2.85,-2.555
7,31,2014,4,-8.045,-10.82,-9.91,-8.56,-6.685,-6.055,-8.235,-6.885,-6.5,-7.14,-6.465,-5.105,-5.88,-6.145,-5.675,-4.4,-5.235,-6.54,-7.955,-7.44,-6.475,-5.295,-6.175,-7.945,-10.09,-9.035,-6.235,-4.565,-3.83,-3.35,-2.85
8,1,2014,5,-8.195,-8.045,-10.82,-9.91,-8.56,-6.685,-6.055,-8.235,-6.885,-6.5,-7.14,-6.465,-5.105,-5.88,-6.145,-5.675,-4.4,-5.235,-6.54,-7.955,-7.44,-6.475,-5.295,-6.175,-7.945,-10.09,-9.035,-6.235,-4.565,-3.83,-3.35
8,2,2014,6,-6.365,-8.195,-8.045,-10.82,-9.91,-8.56,-6.685,-6.055,-8.235,-6.885,-6.5,-7.14,-6.465,-5.105,-5.88,-6.145,-5.675,-4.4,-5.235,-6.54,-7.955,-7.44,-6.475,-5.295,-6.175,-7.945,-10.09,-9.035,-6.235,-4.565,-3.83
8,3,2014,7,-7.1,-6.365,-8.195,-8.045,-10.82,-9.91,-8.56,-6.685,-6.055,-8.235,-6.885,-6.5,-7.14,-6.465,-5.105,-5.88,-6.145,-5.675,-4.4,-5.235,-6.54,-7.955,-7.44,-6.475,-5.295,-6.175,-7.945,-10.09,-9.035,-6.235,-4.565
8,4,2014,1,-7.565,-7.1,-6.365,-8.195,-8.045,-10.82,-9.91,-8.56,-6.685,-6.055,-8.235,-6.885,-6.5,-7.14,-6.465,-5.105,-5.88,-6.145,-5.675,-4.4,-5.235,-6.54,-7.955,-7.44,-6.475,-5.295,-6.175,-7.945,-10.09,-9.035,-6.235
8,5,2014,2,-8.89,-7.565,-7.1,-6.365,-8.195,-8.045,-10.82,-9.91,-8.56,-6.685,-6.055,-8.235,-6.885,-6.5,-7.14,-6.465,-5.105,-5.88,-6.145,-5.675,-4.4,-5.235,-6.54,-7.955,-7.44,-6.475,-5.295,-6.175,-7.945,-10.09,-9.035
8,6,2014,3,-5.685,-8.89,-7.565,-7.1,-6.365,-8.195,-8.045,-10.82,-9.91,-8.56,-6.685,-6.055,-8.235,-6.885,-6.5,-7.14,-6.465,-5.105,-5.88,-6.145,-5.675,-4.4,-5.235,-6.54,-7.955,-7.44,-6.475,-5.295,-6.175,-7.945,-10.09
8,7,2014,4,-5.245,-5.685,-8.89,-7.565,-7.1,-6.365,-8.195,-8.045,-10.82,-9.91,-8.56,-6.685,-6.055,-8.235,-6.885,-6.5,-7.14,-6.465,-5.105,-5.88,-6.145,-5.675,-4.4,-5.235,-6.54,-7.955,-7.44,-6.475,-5.295,-6.175,-7.945
8,8,2014,5,-4.745,-5.245,-5.685,-8.89,-7.565,-7.1,-6.365,-8.195,-8.045,-10.82,-9.91,-8.56,-6.685,-6.055,-8.235,-6.885,-6.5,-7.14,-6.465,-5.105,-5.88,-6.145,-5.675,-4.4,-5.235,-6.54,-7.955,-7.44,-6.475,-5.295,-6.175
8,9,2014,6,-5.63,-4.745,-5.245,-5.685,-8.89,-7.565,-7.1,-6.365,-8.195,-8.045,-10.82,-9.91,-8.56,-6.685,-6.055,-8.235,-6.885,-6.5,-7.14,-6.465,-5.105,-5.88,-6.145,-5.675,-4.4,-5.235,-6.54,-7.955,-7.44,-6.475,-5.295
8,10,2014,7,-6.105,-5.63,-4.745,-5.245,-5.685,-8.89,-7.565,-7.1,-6.365,-8.195,-8.045,-10.82,-9.91,-8.56,-6.685,-6.055,-8.235,-6.885,-6.5,-7.14,-6.465,-5.105,-5.88,-6.145,-5.675,-4.4,-5.235,-6.54,-7.955,-7.44,-6.475
8,11,2014,1,-5.45,-6.105,-5.63,-4.745,-5.245,-5.685,-8.89,-7.565,-7.1,-6.365,-8.195,-8.045,-10.82,-9.91,-8.56,-6.685,-6.055,-8.235,-6.885,-6.5,-7.14,-6.465,-5.105,-5.88,-6.145,-5.675,-4.4,-5.235,-6.54,-7.955,-7.44
8,12,2014,2,-7.545,-5.45,-6.105,-5.63,-4.745,-5.245,-5.685,-8.89,-7.565,-7.1,-6.365,-8.195,-8.045,-10.82,-9.91,-8.56,-6.685,-6.055,-8.235,-6.885,-6.5,-7.14,-6.465,-5.105,-5.88,-6.145,-5.675,-4.4,-5.235,-6.54,-7.955
8,13,2014,3,-7.19,-7.545,-5.45,-6.105,-5.63,-4.745,-5.245,-5.685,-8.89,-7.565,-7.1,-6.365,-8.195,-8.045,-10.82,-9.91,-8.56,-6.685,-6.055,-8.235,-6.885,-6.5,-7.14,-6.465,-5.105,-5.88,-6.145,-5.675,-4.4,-5.235,-6.54
8,14,2014,4,-6.605,-7.19,-7.545,-5.45,-6.105,-5.63,-4.745,-5.245,-5.685,-8.89,-7.565,-7.1,-6.365,-8.195,-8.045,-10.82,-9.91,-8.56,-6.685,-6.055,-8.235,-6.885,-6.5,-7.14,-6.465,-5.105,-5.88,-6.145,-5.675,-4.4,-5.235
8,15,2014,5,-7.245,-6.605,-7.19,-7.545,-5.45,-6.105,-5.63,-4.745,-5.245,-5.685,-8.89,-7.565,-7.1,-6.365,-8.195,-8.045,-10.82,-9.91,-8.56,-6.685,-6.055,-8.235,-6.885,-6.5,-7.14,-6.465,-5.105,-5.88,-6.145,-5.675,-4.4
8,16,2014,6,-8.185,-7.245,-6.605,-7.19,-7.545,-5.45,-6.105,-5.63,-4.745,-5.245,-5.685,-8.89,-7.565,-7.1,-6.365,-8.195,-8.045,-10.82,-9.91,-8.56,-6.685,-6.055,-8.235,-6.885,-6.5,-7.14,-6.465,-5.105,-5.88,-6.145,-5.675
8,17,2014,7,-9.04,-8.185,-7.245,-6.605,-7.19,-7.545,-5.45,-6.105,-5.63,-4.745,-5.245,-5.685,-8.89,-7.565,-7.1,-6.365,-8.195,-8.045,-10.82,-9.91,-8.56,-6.685,-6.055,-8.235,-6.885,-6.5,-7.14,-6.465,-5.105,-5.88,-6.145
8,18,2014,1,-8.255,-9.04,-8.185,-7.245,-6.605,-7.19,-7.545,-5.45,-6.105,-5.63,-4.745,-5.245,-5.685,-8.89,-7.565,-7.1,-6.365,-8.195,-8.045,-10.82,-9.91,-8.56,-6.685,-6.055,-8.235,-6.885,-6.5,-7.14,-6.465,-5.105,-5.88
8,19,2014,2,-6.31,-8.255,-9.04,-8.185,-7.245,-6.605,-7.19,-7.545,-5.45,-6.105,-5.63,-4.745,-5.245,-5.685,-8.89,-7.565,-7.1,-6.365,-8.195,-8.045,-10.82,-9.91,-8.56,-6.685,-6.055,-8.235,-6.885,-6.5,-7.14,-6.465,-5.105
8,20,2014,3,-4.45,-6.31,-8.255,-9.04,-8.185,-7.245,-6.605,-7.19,-7.545,-5.45,-6.105,-5.63,-4.745,-5.245,-5.685,-8.89,-7.565,-7.1,-6.365,-8.195,-8.045,-10.82,-9.91,-8.56,-6.685,-6.055,-8.235,-6.885,-6.5,-7.14,-6.465
8,21,2014,4,-5.455,-4.45,-6.31,-8.255,-9.04,-8.185,-7.245,-6.605,-7.19,-7.545,-5.45,-6.105,-5.63,-4.745,-5.245,-5.685,-8.89,-7.565,-7.1,-6.365,-8.195,-8.045,-10.82,-9.91,-8.56,-6.685,-6.055,-8.235,-6.885,-6.5,-7.14
8,22,2014,5,-6.985,-5.455,-4.45,-6.31,-8.255,-9.04,-8.185,-7.245,-6.605,-7.19,-7.545,-5.45,-6.105,-5.63,-4.745,-5.245,-5.685,-8.89,-7.565,-7.1,-6.365,-8.195,-8.045,-10.82,-9.91,-8.56,-6.685,-6.055,-8.235,-6.885,-6.5
8,23,2014,6,-6.9,-6.985,-5.455,-4.45,-6.31,-8.255,-9.04,-8.185,-7.245,-6.605,-7.19,-7.545,-5.45,-6.105,-5.63,-4.745,-5.245,-5.685,-8.89,-7.565,-7.1,-6.365,-8.195,-8.045,-10.82,-9.91,-8.56,-6.685,-6.055,-8.235,-6.885
8,24,2014,7,-5.315,-6.9,-6.985,-5.455,-4.45,-6.31,-8.255,-9.04,-8.185,-7.245,-6.605,-7.19,-7.545,-5.45,-6.105,-5.63,-4.745,-5.245,-5.685,-8.89,-7.565,-7.1,-6.365,-8.195,-8.045,-10.82,-9.91,-8.56,-6.685,-6.055,-8.235
8,25,2014,1,-4.96,-5.315,-6.9,-6.985,-5.455,-4.45,-6.31,-8.255,-9.04,-8.185,-7.245,-6.605,-7.19,-7.545,-5.45,-6.105,-5.63,-4.745,-5.245,-5.685,-8.89,-7.565,-7.1,-6.365,-8.195,-8.045,-10.82,-9.91,-8.56,-6.685,-6.055
8,26,2014,2,-7.215,-4.96,-5.315,-6.9,-6.985,-5.455,-4.45,-6.31,-8.255,-9.04,-8.185,-7.245,-6.605,-7.19,-7.545,-5.45,-6.105,-5.63,-4.745,-5.245,-5.685,-8.89,-7.565,-7.1,-6.365,-8.195,-8.045,-10.82,-9.91,-8.56,-6.685
8,27,2014,3,-7.27,-7.215,-4.96,-5.315,-6.9,-6.985,-5.455,-4.45,-6.31,-8.255,-9.04,-8.185,-7.245,-6.605,-7.19,-7.545,-5.45,-6.105,-5.63,-4.745,-5.245,-5.685,-8.89,-7.565,-7.1,-6.365,-8.195,-8.045,-10.82,-9.91,-8.56
8,28,2014,4,-10.715,-7.27,-7.215,-4.96,-5.315,-6.9,-6.985,-5.455,-4.45,-6.31,-8.255,-9.04,-8.185,-7.245,-6.605,-7.19,-7.545,-5.45,-6.105,-5.63,-4.745,-5.245,-5.685,-8.89,-7.565,-7.1,-6.365,-8.195,-8.045,-10.82,-9.91
8,29,2014,5,-12.23,-10.715,-7.27,-7.215,-4.96,-5.315,-6.9,-6.985,-5.455,-4.45,-6.31,-8.255,-9.04,-8.185,-7.245,-6.605,-7.19,-7.545,-5.45,-6.105,-5.63,-4.745,-5.245,-5.685,-8.89,-7.565,-7.1,-6.365,-8.195,-8.045,-10.82
8,30,2014,6,-7.54,-12.23,-10.715,-7.27,-7.215,-4.96,-5.315,-6.9,-6.985,-5.455,-4.45,-6.31,-8.255,-9.04,-8.185,-7.245,-6.605,-7.19,-7.545,-5.45,-6.105,-5.63,-4.745,-5.245,-5.685,-8.89,-7.565,-7.1,-6.365,-8.195,-8.045
8,31,2014,7,-6.41,-7.54,-12.23,-10.715,-7.27,-7.215,-4.96,-5.315,-6.9,-6.985,-5.455,-4.45,-6.31,-8.255,-9.04,-8.185,-7.245,-6.605,-7.19,-7.545,-5.45,-6.105,-5.63,-4.745,-5.245,-5.685,-8.89,-7.565,-7.1,-6.365,-8.195
9,1,2014,1,-5.285,-6.41,-7.54,-12.23,-10.715,-7.27,-7.215,-4.96,-5.315,-6.9,-6.985,-5.455,-4.45,-6.31,-8.255,-9.04,-8.185,-7.245,-6.605,-7.19,-7.545,-5.45,-6.105,-5.63,-4.745,-5.245,-5.685,-8.89,-7.565,-7.1,-6.365
9,2,2014,2,-4.515,-5.285,-6.41,-7.54,-12.23,-10.715,-7.27,-7.215,-4.96,-5.315,-6.9,-6.985,-5.455,-4.45,-6.31,-8.255,-9.04,-8.185,-7.245,-6.605,-7.19,-7.545,-5.45,-6.105,-5.63,-4.745,-5.245,-5.685,-8.89,-7.565,-7.1
9,3,2014,3,-6.815,-4.515,-5.285,-6.41,-7.54,-12.23,-10.715,-7.27,-7.215,-4.96,-5.315,-6.9,-6.985,-5.455,-4.45,-6.31,-8.255,-9.04,-8.185,-7.245,-6.605,-7.19,-7.545,-5.45,-6.105,-5.63,-4.745,-5.245,-5.685,-8.89,-7.565
9,4,2014,4,-7.105,-6.815,-4.515,-5.285,-6.41,-7.54,-12.23,-10.715,-7.27,-7.215,-4.96,-5.315,-6.9,-6.985,-5.455,-4.45,-6.31,-8.255,-9.04,-8.185,-7.245,-6.605,-7.19,-7.545,-5.45,-6.105,-5.63,-4.745,-5.245,-5.685,-8.89
9,5,2014,5,-7.07,-7.105,-6.815,-4.515,-5.285,-6.41,-7.54,-12.23,-10.715,-7.27,-7.215,-4.96,-5.315,-6.9,-6.985,-5.455,-4.45,-6.31,-8.255,-9.04,-8.185,-7.245,-6.605,-7.19,-7.545,-5.45,-6.105,-5.63,-4.745,-5.245,-5.685
9,6,2014,6,-6.54,-7.07,-7.105,-6.815,-4.515,-5.285,-6.41,-7.54,-12.23,-10.715,-7.27,-7.215,-4.96,-5.315,-6.9,-6.985,-5.455,-4.45,-6.31,-8.255,-9.04,-8.185,-7.245,-6.605,-7.19,-7.545,-5.45,-6.105,-5.63,-4.745,-5.245
9,7,2014,7,-8.775,-6.54,-7.07,-7.105,-6.815,-4.515,-5.285,-6.41,-7.54,-12.23,-10.715,-7.27,-7.215,-4.96,-5.315,-6.9,-6.985,-5.455,-4.45,-6.31,-8.255,-9.04,-8.185,-7.245,-6.605,-7.19,-7.545,-5.45,-6.105,-5.63,-4.745
9,8,2014,1,-12.255,-8.775,-6.54,-7.07,-7.105,-6.815,-4.515,-5.285,-6.41,-7.54,-12.23,-10.715,-7.27,-7.215,-4.96,-5.315,-6.9,-6.985,-5.455,-4.45,-6.31,-8.255,-9.04,-8.185,-7.245,-6.605,-7.19,-7.545,-5.45,-6.105,-5.63
9,9,2014,2,-14.345,-12.255,-8.775,-6.54,-7.07,-7.105,-6.815,-4.515,-5.285,-6.41,-7.54,-12.23,-10.715,-7.27,-7.215,-4.96,-5.315,-6.9,-6.985,-5.455,-4.45,-6.31,-8.255,-9.04,-8.185,-7.245,-6.605,-7.19,-7.545,-5.45,-6.105
9,10,2014,3,-13.04,-14.345,-12.255,-8.775,-6.54,-7.07,-7.105,-6.815,-4.515,-5.285,-6.41,-7.54,-12.23,-10.715,-7.27,-7.215,-4.96,-5.315,-6.9,-6.985,-5.455,-4.45,-6.31,-8.255,-9.04,-8.185,-7.245,-6.605,-7.19,-7.545,-5.45
9,11,2014,4,-9.3,-13.04,-14.345,-12.255,-8.775,-6.54,-7.07,-7.105,-6.815,-4.515,-5.285,-6.41,-7.54,-12.23,-10.715,-7.27,-7.215,-4.96,-5.315,-6.9,-6.985,-5.455,-4.45,-6.31,-8.255,-9.04,-8.185,-7.245,-6.605,-7.19,-7.545
9,12,2014,5,-10.305,-9.3,-13.04,-14.345,-12.255,-8.775,-6.54,-7.07,-7.105,-6.815,-4.515,-5.285,-6.41,-7.54,-12.23,-10.715,-7.27,-7.215,-4.96,-5.315,-6.9,-6.985,-5.455,-4.45,-6.31,-8.255,-9.04,-8.185,-7.245,-6.605,-7.19
9,13,2014,6,-10.3,-10.305,-9.3,-13.04,-14.345,-12.255,-8.775,-6.54,-7.07,-7.105,-6.815,-4.515,-5.285,-6.41,-7.54,-12.23,-10.715,-7.27,-7.215,-4.96,-5.315,-6.9,-6.985,-5.455,-4.45,-6.31,-8.255,-9.04,-8.185,-7.245,-6.605
9,14,2014,7,-10.215,-10.3,-10.305,-9.3,-13.04,-14.345,-12.255,-8.775,-6.54,-7.07,-7.105,-6.815,-4.515,-5.285,-6.41,-7.54,-12.23,-10.715,-7.27,-7.215,-4.96,-5.315,-6.9,-6.985,-5.455,-4.45,-6.31,-8.255,-9.04,-8.185,-7.245
9,15,2014,1,-12.335,-10.215,-10.3,-10.305,-9.3,-13.04,-14.345,-12.255,-8.775,-6.54,-7.07,-7.105,-6.815,-4.515,-5.285,-6.41,-7.54,-12.23,-10.715,-7.27,-7.215,-4.96,-5.315,-6.9,-6.985,-5.455,-4.45,-6.31,-8.255,-9.04,-8.185
9,16,2014,2,-13.875,-12.335,-10.215,-10.3,-10.305,-9.3,-13.04,-14.345,-12.255,-8.775,-6.54,-7.07,-7.105,-6.815,-4.515,-5.285,-6.41,-7.54,-12.23,-10.715,-7.27,-7.215,-4.96,-5.315,-6.9,-6.985,-5.455,-4.45,-6.31,-8.255,-9.04
9,17,2014,3,-17.11,-13.875,-12.335,-10.215,-10.3,-10.305,-9.3,-13.04,-14.345,-12.255,-8.775,-6.54,-7.07,-7.105,-6.815,-4.515,-5.285,-6.41,-7.54,-12.23,-10.715,-7.27,-7.215,-4.96,-5.315,-6.9,-6.985,-5.455,-4.45,-6.31,-8.255
9,18,2014,4,-14.52,-17.11,-13.875,-12.335,-10.215,-10.3,-10.305,-9.3,-13.04,-14.345,-12.255,-8.775,-6.54,-7.07,-7.105,-6.815,-4.515,-5.285,-6.41,-7.54,-12.23,-10.715,-7.27,-7.215,-4.96,-5.315,-6.9,-6.985,-5.455,-4.45,-6.31
9,19,2014,5,-8.985,-14.52,-17.11,-13.875,-12.335,-10.215,-10.3,-10.305,-9.3,-13.04,-14.345,-12.255,-8.775,-6.54,-7.07,-7.105,-6.815,-4.515,-5.285,-6.41,-7.54,-12.23,-10.715,-7.27,-7.215,-4.96,-5.315,-6.9,-6.985,-5.455,-4.45
9,20,2014,6,-6.485,-8.985,-14.52,-17.11,-13.875,-12.335,-10.215,-10.3,-10.305,-9.3,-13.04,-14.345,-12.255,-8.775,-6.54,-7.07,-7.105,-6.815,-4.515,-5.285,-6.41,-7.54,-12.23,-10.715,-7.27,-7.215,-4.96,-5.315,-6.9,-6.985,-5.455
9,21,2014,7,-6.625,-6.485,-8.985,-14.52,-17.11,-13.875,-12.335,-10.215,-10.3,-10.305,-9.3,-13.04,-14.345,-12.255,-8.775,-6.54,-7.07,-7.105,-6.815,-4.515,-5.285,-6.41,-7.54,-12.23,-10.715,-7.27,-7.215,-4.96,-5.315,-6.9,-6.985
9,22,2014,1,-7.01,-6.625,-6.485,-8.985,-14.52,-17.11,-13.875,-12.335,-10.215,-10.3,-10.305,-9.3,-13.04,-14.345,-12.255,-8.775,-6.54,-7.07,-7.105,-6.815,-4.515,-5.285,-6.41,-7.54,-12.23,-10.715,-7.27,-7.215,-4.96,-5.315,-6.9
9,23,2014,2,-6.325,-7.01,-6.625,-6.485,-8.985,-14.52,-17.11,-13.875,-12.335,-10.215,-10.3,-10.305,-9.3,-13.04,-14.345,-12.255,-8.775,-6.54,-7.07,-7.105,-6.815,-4.515,-5.285,-6.41,-7.54,-12.23,-10.715,-7.27,-7.215,-4.96,-5.315
9,24,2014,3,-6.42,-6.325,-7.01,-6.625,-6.485,-8.985,-14.52,-17.11,-13.875,-12.335,-10.215,-10.3,-10.305,-9.3,-13.04,-14.345,-12.255,-8.775,-6.54,-7.07,-7.105,-6.815,-4.515,-5.285,-6.41,-7.54,-12.23,-10.715,-7.27,-7.215,-4.96
9,25,2014,4,-8.125,-6.42,-6.325,-7.01,-6.625,-6.485,-8.985,-14.52,-17.11,-13.875,-12.335,-10.215,-10.3,-10.305,-9.3,-13.04,-14.345,-12.255,-8.775,-6.54,-7.07,-7.105,-6.815,-4.515,-5.285,-6.41,-7.54,-12.23,-10.715,-7.27,-7.215
9,26,2014,5,-10.81,-8.125,-6.42,-6.325,-7.01,-6.625,-6.485,-8.985,-14.52,-17.11,-13.875,-12.335,-10.215,-10.3,-10.305,-9.3,-13.04,-14.345,-12.255,-8.775,-6.54,-7.07,-7.105,-6.815,-4.515,-5.285,-6.41,-7.54,-12.23,-10.715,-7.27
9,27,2014,6,-6.78,-10.81,-8.125,-6.42,-6.325,-7.01,-6.625,-6.485,-8.985,-14.52,-17.11,-13.875,-12.335,-10.215,-10.3,-10.305,-9.3,-13.04,-14.345,-12.255,-8.775,-6.54,-7.07,-7.105,-6.815,-4.515,-5.285,-6.41,-7.54,-12.23,-10.715
9,28,2014,7,-3.92,-6.78,-10.81,-8.125,-6.42,-6.325,-7.01,-6.625,-6.485,-8.985,-14.52,-17.11,-13.875,-12.335,-10.215,-10.3,-10.305,-9.3,-13.04,-14.345,-12.255,-8.775,-6.54,-7.07,-7.105,-6.815,-4.515,-5.285,-6.41,-7.54,-12.23
9,29,2014,1,-3.355,-3.92,-6.78,-10.81,-8.125,-6.42,-6.325,-7.01,-6.625,-6.485,-8.985,-14.52,-17.11,-13.875,-12.335,-10.215,-10.3,-10.305,-9.3,-13.04,-14.345,-12.255,-8.775,-6.54,-7.07,-7.105,-6.815,-4.515,-5.285,-6.41,-7.54
9,30,2014,2,-3.445,-3.355,-3.92,-6.78,-10.81,-8.125,-6.42,-6.325,-7.01,-6.625,-6.485,-8.985,-14.52,-17.11,-13.875,-12.335,-10.215,-10.3,-10.305,-9.3,-13.04,-14.345,-12.255,-8.775,-6.54,-7.07,-7.105,-6.815,-4.515,-5.285,-6.41
10,1,2014,3,-4.605,-3.445,-3.355,-3.92,-6.78,-10.81,-8.125,-6.42,-6.325,-7.01,-6.625,-6.485,-8.985,-14.52,-17.11,-13.875,-12.335,-10.215,-10.3,-10.305,-9.3,-13.04,-14.345,-12.255,-8.775,-6.54,-7.07,-7.105,-6.815,-4.515,-5.285
10,2,2014,4,-3.925,-4.605,-3.445,-3.355,-3.92,-6.78,-10.81,-8.125,-6.42,-6.325,-7.01,-6.625,-6.485,-8.985,-14.52,-17.11,-13.875,-12.335,-10.215,-10.3,-10.305,-9.3,-13.04,-14.345,-12.255,-8.775,-6.54,-7.07,-7.105,-6.815,-4.515
10,3,2014,5,-11.415,-3.925,-4.605,-3.445,-3.355,-3.92,-6.78,-10.81,-8.125,-6.42,-6.325,-7.01,-6.625,-6.485,-8.985,-14.52,-17.11,-13.875,-12.335,-10.215,-10.3,-10.305,-9.3,-13.04,-14.345,-12.255,-8.775,-6.54,-7.07,-7.105,-6.815
10,4,2014,6,-13.49,-11.415,-3.925,-4.605,-3.445,-3.355,-3.92,-6.78,-10.81,-8.125,-6.42,-6.325,-7.01,-6.625,-6.485,-8.985,-14.52,-17.11,-13.875,-12.335,-10.215,-10.3,-10.305,-9.3,-13.04,-14.345,-12.255,-8.775,-6.54,-7.07,-7.105
10,5,2014,7,-11.925,-13.49,-11.415,-3.925,-4.605,-3.445,-3.355,-3.92,-6.78,-10.81,-8.125,-6.42,-6.325,-7.01,-6.625,-6.485,-8.985,-14.52,-17.11,-13.875,-12.335,-10.215,-10.3,-10.305,-9.3,-13.04,-14.345,-12.255,-8.775,-6.54,-7.07
10,6,2014,1,-9.55,-11.925,-13.49,-11.415,-3.925,-4.605,-3.445,-3.355,-3.92,-6.78,-10.81,-8.125,-6.42,-6.325,-7.01,-6.625,-6.485,-8.985,-14.52,-17.11,-13.875,-12.335,-10.215,-10.3,-10.305,-9.3,-13.04,-14.345,-12.255,-8.775,-6.54
10,7,2014,2,-10.835,-9.55,-11.925,-13.49,-11.415,-3.925,-4.605,-3.445,-3.355,-3.92,-6.78,-10.81,-8.125,-6.42,-6.325,-7.01,-6.625,-6.485,-8.985,-14.52,-17.11,-13.875,-12.335,-10.215,-10.3,-10.305,-9.3,-13.04,-14.345,-12.255,-8.775
10,8,2014,3,-12.815,-10.835,-9.55,-11.925,-13.49,-11.415,-3.925,-4.605,-3.445,-3.355,-3.92,-6.78,-10.81,-8.125,-6.42,-6.325,-7.01,-6.625,-6.485,-8.985,-14.52,-17.11,-13.875,-12.335,-10.215,-10.3,-10.305,-9.3,-13.04,-14.345,-12.255
10,9,2014,4,-4.945,-12.815,-10.835,-9.55,-11.925,-13.49,-11.415,-3.925,-4.605,-3.445,-3.355,-3.92,-6.78,-10.81,-8.125,-6.42,-6.325,-7.01,-6.625,-6.485,-8.985,-14.52,-17.11,-13.875,-12.335,-10.215,-10.3,-10.305,-9.3,-13.04,-14.345
10,10,2014,5,-4.72,-4.945,-12.815,-10.835,-9.55,-11.925,-13.49,-11.415,-3.925,-4.605,-3.445,-3.355,-3.92,-6.78,-10.81,-8.125,-6.42,-6.325,-7.01,-6.625,-6.485,-8.985,-14.52,-17.11,-13.875,-12.335,-10.215,-10.3,-10.305,-9.3,-13.04
10,11,2014,6,-4.745,-4.72,-4.945,-12.815,-10.835,-9.55,-11.925,-13.49,-11.415,-3.925,-4.605,-3.445,-3.355,-3.92,-6.78,-10.81,-8.125,-6.42,-6.325,-7.01,-6.625,-6.485,-8.985,-14.52,-17.11,-13.875,-12.335,-10.215,-10.3,-10.305,-9.3
10,12,2014,7,-4.42,-4.745,-4.72,-4.945,-12.815,-10.835,-9.55,-11.925,-13.49,-11.415,-3.925,-4.605,-3.445,-3.355,-3.92,-6.78,-10.81,-8.125,-6.42,-6.325,-7.01,-6.625,-6.485,-8.985,-14.52,-17.11,-13.875,-12.335,-10.215,-10.3,-10.305
10,13,2014,1,-3.87,-4.42,-4.745,-4.72,-4.945,-12.815,-10.835,-9.55,-11.925,-13.49,-11.415,-3.925,-4.605,-3.445,-3.355,-3.92,-6.78,-10.81,-8.125,-6.42,-6.325,-7.01,-6.625,-6.485,-8.985,-14.52,-17.11,-13.875,-12.335,-10.215,-10.3
10,14,2014,2,-3.91,-3.87,-4.42,-4.745,-4.72,-4.945,-12.815,-10.835,-9.55,-11.925,-13.49,-11.415,-3.925,-4.605,-3.445,-3.355,-3.92,-6.78,-10.81,-8.125,-6.42,-6.325,-7.01,-6.625,-6.485,-8.985,-14.52,-17.11,-13.875,-12.335,-10.215
10,15,2014,3,-3.22,-3.91,-3.87,-4.42,-4.745,-4.72,-4.945,-12.815,-10.835,-9.55,-11.925,-13.49,-11.415,-3.925,-4.605,-3.445,-3.355,-3.92,-6.78,-10.81,-8.125,-6.42,-6.325,-7.01,-6.625,-6.485,-8.985,-14.52,-17.11,-13.875,-12.335
10,16,2014,4,-4.71,-3.22,-3.91,-3.87,-4.42,-4.745,-4.72,-4.945,-12.815,-10.835,-9.55,-11.925,-13.49,-11.415,-3.925,-4.605,-3.445,-3.355,-3.92,-6.78,-10.81,-8.125,-6.42,-6.325,-7.01,-6.625,-6.485,-8.985,-14.52,-17.11,-13.875
10,17,2014,5,-3.115,-4.71,-3.22,-3.91,-3.87,-4.42,-4.745,-4.72,-4.945,-12.815,-10.835,-9.55,-11.925,-13.49,-11.415,-3.925,-4.605,-3.445,-3.355,-3.92,-6.78,-10.81,-8.125,-6.42,-6.325,-7.01,-6.625,-6.485,-8.985,-14.52,-17.11
10,18,2014,6,-3.595,-3.115,-4.71,-3.22,-3.91,-3.87,-4.42,-4.745,-4.72,-4.945,-12.815,-10.835,-9.55,-11.925,-13.49,-11.415,-3.925,-4.605,-3.445,-3.355,-3.92,-6.78,-10.81,-8.125,-6.42,-6.325,-7.01,-6.625,-6.485,-8.985,-14.52
10,19,2014,7,-3.36,-3.595,-3.115,-4.71,-3.22,-3.91,-3.87,-4.42,-4.745,-4.72,-4.945,-12.815,-10.835,-9.55,-11.925,-13.49,-11.415,-3.925,-4.605,-3.445,-3.355,-3.92,-6.78,-10.81,-8.125,-6.42,-6.325,-7.01,-6.625,-6.485,-8.985
10,20,2014,1,-3.42,-3.36,-3.595,-3.115,-4.71,-3.22,-3.91,-3.87,-4.42,-4.745,-4.72,-4.945,-12.815,-10.835,-9.55,-11.925,-13.49,-11.415,-3.925,-4.605,-3.445,-3.355,-3.92,-6.78,-10.81,-8.125,-6.42,-6.325,-7.01,-6.625,-6.485
10,21,2014,2,-3.53,-3.42,-3.36,-3.595,-3.115,-4.71,-3.22,-3.91,-3.87,-4.42,-4.745,-4.72,-4.945,-12.815,-10.835,-9.55,-11.925,-13.49,-11.415,-3.925,-4.605,-3.445,-3.355,-3.92,-6.78,-10.81,-8.125,-6.42,-6.325,-7.01,-6.625
10,22,2014,3,-3.68,-3.53,-3.42,-3.36,-3.595,-3.115,-4.71,-3.22,-3.91,-3.87,-4.42,-4.745,-4.72,-4.945,-12.815,-10.835,-9.55,-11.925,-13.49,-11.415,-3.925,-4.605,-3.445,-3.355,-3.92,-6.78,-10.81,-8.125,-6.42,-6.325,-7.01
10,23,2014,4,-4.06,-3.68,-3.53,-3.42,-3.36,-3.595,-3.115,-4.71,-3.22,-3.91,-3.87,-4.42,-4.745,-4.72,-4.945,-12.815,-10.835,-9.55,-11.925,-13.49,-11.415,-3.925,-4.605,-3.445,-3.355,-3.92,-6.78,-10.81,-8.125,-6.42,-6.325
10,24,2014,5,-3.955,-4.06,-3.68,-3.53,-3.42,-3.36,-3.595,-3.115,-4.71,-3.22,-3.91,-3.87,-4.42,-4.745,-4.72,-4.945,-12.815,-10.835,-9.55,-11.925,-13.49,-11.415,-3.925,-4.605,-3.445,-3.355,-3.92,-6.78,-10.81,-8.125,-6.42
10,25,2014,6,-6.8,-3.955,-4.06,-3.68,-3.53,-3.42,-3.36,-3.595,-3.115,-4.71,-3.22,-3.91,-3.87,-4.42,-4.745,-4.72,-4.945,-12.815,-10.835,-9.55,-11.925,-13.49,-11.415,-3.925,-4.605,-3.445,-3.355,-3.92,-6.78,-10.81,-8.125
10,26,2014,7,-4.835,-7.01,-4.53,-3.955,-3.63,-3.48,-3.33,-2.985,-3.595,-3.115,-4.71,-3.22,-3.91,-3.6,-5.065,-4.745,-4.72,-4.945,-12.815,-10.835,-9.55,-11.925,-13.49,-11.415,-3.925,-4.605,-3.445,-3.355,-3.92,-6.78,-10.81
11,1,2014,6,-2.085,-2.34,-4.73,-1.24,0.305,-2.365,-5.03,-7.12,-4.5,-3.575,-3.32,-2.965,-2.835,-2.96,-4.8,-4.33,-6.09,-4.625,-3.42,-4.355,-5.065,-4.745,-4.72,-4.945,-12.815,-10.835,-9.55,-11.925,-13.49,-11.415,-3.925
