10,25,2013,5,17.065,17.285,14.21,15.465,15.96,16.99,15.07,11.285,11.92,14.835,13.755,12.35,12.105,11.925,11.645,14.25,11.65,8.135,5.75,8.66,12.99,12.05,12.875,12.0,11.46,9.57,7.0,10.025,10.69,9.11,7.72
10,26,2013,6,14.555,17.065,17.285,14.21,15.465,15.96,16.99,15.07,11.285,11.92,14.835,13.755,12.35,12.105,11.925,11.645,14.25,11.65,8.135,5.75,8.66,12.99,12.05,12.875,12.0,11.46,9.57,7.0,10.025,10.69,9.11
10,27,2013,7,13.395,14.555,17.065,17.285,14.21,15.465,15.96,16.99,15.07,11.285,11.92,14.835,13.755,12.35,12.105,11.925,11.645,14.25,11.65,8.135,5.75,8.66,12.99,12.05,12.875,12.0,11.46,9.57,7.0,10.025,10.69
10,28,2013,1,13.04,13.395,14.555,17.065,17.285,14.21,15.465,15.96,16.99,15.07,11.285,11.92,14.835,13.755,12.35,12.105,11.925,11.645,14.25,11.65,8.135,5.75,8.66,12.99,12.05,12.875,12.0,11.46,9.57,7.0,10.025
10,29,2013,2,11.725,13.04,13.395,14.555,17.065,17.285,14.21,15.465,15.96,16.99,15.07,11.285,11.92,14.835,13.755,12.35,12.105,11.925,11.645,14.25,11.65,8.135,5.75,8.66,12.99,12.05,12.875,12.0,11.46,9.57,7.0
10,30,2013,3,16.785,11.725,13.04,13.395,14.555,17.065,17.285,14.21,15.465,15.96,16.99,15.07,11.285,11.92,14.835,13.755,12.35,12.105,11.925,11.645,14.25,11.65,8.135,5.75,8.66,12.99,12.05,12.875,12.0,11.46,9.57
10,31,2013,4,15.11,16.785,11.725,13.04,13.395,14.555,17.065,17.285,14.21,15.465,15.96,16.99,15.07,11.285,11.92,14.835,13.755,12.35,12.105,11.925,11.645,14.25,11.65,8.135,5.75,8.66,12.99,12.05,12.875,12.0,11.46
11,1,2013,5,12.08,15.11,16.785,11.725,13.04,13.395,14.555,17.065,17.285,14.21,15.465,15.96,16.99,15.07,11.285,11.92,14.835,13.755,12.35,12.105,11.925,11.645,14.25,11.65,8.135,5.75,8.66,12.99,12.05,12.875,12.0
11,2,2013,6,8.56,12.08,15.11,16.785,11.725,13.04,13.395,14.555,17.065,17.285,14.21,15.465,15.96,16.99,15.07,11.285,11.92,14.835,13.755,12.35,12.105,11.925,11.645,14.25,11.65,8.135,5.75,8.66,12.99,12.05,12.875
11,3,2013,7,13.93,8.56,12.08,15.11,16.785,11.725,13.04,13.395,14.555,17.065,17.285,14.21,15.465,15.96,16.99,15.07,11.285,11.92,14.835,13.755,12.35,12.105,11.925,11.645,14.25,11.65,8.135,5.75,8.66,12.99,12.05
11,4,2013,1,18.425,13.93,8.56,12.08,15.11,16.785,11.725,13.04,13.395,14.555,17.065,17.285,14.21,15.465,15.96,16.99,15.07,11.285,11.92,14.835,13.755,12.35,12.105,11.925,11.645,14.25,11.65,8.135,5.75,8.66,12.99
11,5,2013,2,19.865,18.425,13.93,8.56,12.08,15.11,16.785,11.725,13.04,13.395,14.555,17.065,17.285,14.21,15.465,15.96,16.99,15.07,11.285,11.92,14.835,13.755,12.35,12.105,11.925,11.645,14.25,11.65,8.135,5.75,8.66
11,6,2013,3,15.605,19.865,18.425,13.93,8.56,12.08,15.11,16.785,11.725,13.04,13.395,14.555,17.065,17.285,14.21,15.465,15.96,16.99,15.07,11.285,11.92,14.835,13.755,12.35,12.105,11.925,11.645,14.25,11.65,8.135,5.75
11,7,2013,4,15.605,15.605,19.865,18.425,13.93,8.56,12.08,15.11,16.785,11.725,13.04,13.395,14.555,17.065,17.285,14.21,15.465,15.96,16.99,15.07,11.285,11.92,14.835,13.755,12.35,12.105,11.925,11.645,14.25,11.65,8.135
11,8,2013,5,12.155,15.605,15.605,19.865,18.425,13.93,8.56,12.08,15.11,16.785,11.725,13.04,13.395,14.555,17.065,17.285,14.21,15.465,15.96,16.99,15.07,11.285,11.92,14.835,13.755,12.35,12.105,11.925,11.645,14.25,11.65
11,9,2013,6,13.7,12.155,15.605,15.605,19.865,18.425,13.93,8.56,12.08,15.11,16.785,11.725,13.04,13.395,14.555,17.065,17.285,14.21,15.465,15.96,16.99,15.07,11.285,11.92,14.835,13.755,12.35,12.105,11.925,11.645,14.25
11,10,2013,7,18.095,13.7,12.155,15.605,15.605,19.865,18.425,13.93,8.56,12.08,15.11,16.785,11.725,13.04,13.395,14.555,17.065,17.285,14.21,15.465,15.96,16.99,15.07,11.285,11.92,14.835,13.755,12.35,12.105,11.925,11.645
11,11,2013,1,16.445,18.095,13.7,12.155,15.605,15.605,19.865,18.425,13.93,8.56,12.08,15.11,16.785,11.725,13.04,13.395,14.555,17.065,17.285,14.21,15.465,15.96,16.99,15.07,11.285,11.92,14.835,13.755,12.35,12.105,11.925
11,12,2013,2,15.29,16.445,18.095,13.7,12.155,15.605,15.605,19.865,18.425,13.93,8.56,12.08,15.11,16.785,11.725,13.04,13.395,14.555,17.065,17.285,14.21,15.465,15.96,16.99,15.07,11.285,11.92,14.835,13.755,12.35,12.105
11,13,2013,3,11.185,15.29,16.445,18.095,13.7,12.155,15.605,15.605,19.865,18.425,13.93,8.56,12.08,15.11,16.785,11.725,13.04,13.395,14.555,17.065,17.285,14.21,15.465,15.96,16.99,15.07,11.285,11.92,14.835,13.755,12.35
11,14,2013,4,11.88,11.185,15.29,16.445,18.095,13.7,12.155,15.605,15.605,19.865,18.425,13.93,8.56,12.08,15.11,16.785,11.725,13.04,13.395,14.555,17.065,17.285,14.21,15.465,15.96,16.99,15.07,11.285,11.92,14.835,13.755
11,15,2013,5,17.055,11.88,11.185,15.29,16.445,18.095,13.7,12.155,15.605,15.605,19.865,18.425,13.93,8.56,12.08,15.11,16.785,11.725,13.04,13.395,14.555,17.065,17.285,14.21,15.465,15.96,16.99,15.07,11.285,11.92,14.835
11,16,2013,6,17.465,17.055,11.88,11.185,15.29,16.445,18.095,13.7,12.155,15.605,15.605,19.865,18.425,13.93,8.56,12.08,15.11,16.785,11.725,13.04,13.395,14.555,17.065,17.285,14.21,15.465,15.96,16.99,15.07,11.285,11.92
11,17,2013,7,18.835,17.465,17.055,11.88,11.185,15.29,16.445,18.095,13.7,12.155,15.605,15.605,19.865,18.425,13.93,8.56,12.08,15.11,16.785,11.725,13.04,13.395,14.555,17.065,17.285,14.21,15.465,15.96,16.99,15.07,11.285
11,18,2013,1,16.765,18.835,17.465,17.055,11.88,11.185,15.29,16.445,18.095,13.7,12.155,15.605,15.605,19.865,18.425,13.93,8.56,12.08,15.11,16.785,11.725,13.04,13.395,14.555,17.065,17.285,14.21,15.465,15.96,16.99,15.07
11,19,2013,2,13.87,16.765,18.835,17.465,17.055,11.88,11.185,15.29,16.445,18.095,13.7,12.155,15.605,15.605,19.865,18.425,13.93,8.56,12.08,15.11,16.785,11.725,13.04,13.395,14.555,17.065,17.285,14.21,15.465,15.96,16.99
11,20,2013,3,16.99,13.87,16.765,18.835,17.465,17.055,11.88,11.185,15.29,16.445,18.095,13.7,12.155,15.605,15.605,19.865,18.425,13.93,8.56,12.08,15.11,16.785,11.725,13.04,13.395,14.555,17.065,17.285,14.21,15.465,15.96
11,21,2013,4,24.55,16.99,13.87,16.765,18.835,17.465,17.055,11.88,11.185,15.29,16.445,18.095,13.7,12.155,15.605,15.605,19.865,18.425,13.93,8.56,12.08,15.11,16.785,11.725,13.04,13.395,14.555,17.065,17.285,14.21,15.465
11,22,2013,5,25.71,24.55,16.99,13.87,16.765,18.835,17.465,17.055,11.88,11.185,15.29,16.445,18.095,13.7,12.155,15.605,15.605,19.865,18.425,13.93,8.56,12.08,15.11,16.785,11.725,13.04,13.395,14.555,17.065,17.285,14.21
11,23,2013,6,24.645,25.71,24.55,16.99,13.87,16.765,18.835,17.465,17.055,11.88,11.185,15.29,16.445,18.095,13.7,12.155,15.605,15.605,19.865,18.425,13.93,8.56,12.08,15.11,16.785,11.725,13.04,13.395,14.555,17.065,17.285
11,24,2013,7,21.865,24.645,25.71,24.55,16.99,13.87,16.765,18.835,17.465,17.055,11.88,11.185,15.29,16.445,18.095,13.7,12.155,15.605,15.605,19.865,18.425,13.93,8.56,12.08,15.11,16.785,11.725,13.04,13.395,14.555,17.065
11,25,2013,1,23.05,21.865,24.645,25.71,24.55,16.99,13.87,16.765,18.835,17.465,17.055,11.88,11.185,15.29,16.445,18.095,13.7,12.155,15.605,15.605,19.865,18.425,13.93,8.56,12.08,15.11,16.785,11.725,13.04,13.395,14.555
11,26,2013,2,21.11,23.05,21.865,24.645,25.71,24.55,16.99,13.87,16.765,18.835,17.465,17.055,11.88,11.185,15.29,16.445,18.095,13.7,12.155,15.605,15.605,19.865,18.425,13.93,8.56,12.08,15.11,16.785,11.725,13.04,13.395
11,27,2013,3,20.775,21.11,23.05,21.865,24.645,25.71,24.55,16.99,13.87,16.765,18.835,17.465,17.055,11.88,11.185,15.29,16.445,18.095,13.7,12.155,15.605,15.605,19.865,18.425,13.93,8.56,12.08,15.11,16.785,11.725,13.04
11,28,2013,4,16.365,20.775,21.11,23.05,21.865,24.645,25.71,24.55,16.99,13.87,16.765,18.835,17.465,17.055,11.88,11.185,15.29,16.445,18.095,13.7,12.155,15.605,15.605,19.865,18.425,13.93,8.56,12.08,15.11,16.785,11.725
11,29,2013,5,24.025,16.365,20.775,21.11,23.05,21.865,24.645,25.71,24.55,16.99,13.87,16.765,18.835,17.465,17.055,11.88,11.185,15.29,16.445,18.095,13.7,12.155,15.605,15.605,19.865,18.425,13.93,8.56,12.08,15.11,16.785
11,30,2013,6,20.185,24.025,16.365,20.775,21.11,23.05,21.865,24.645,25.71,24.55,16.99,13.87,16.765,18.835,17.465,17.055,11.88,11.185,15.29,16.445,18.095,13.7,12.155,15.605,15.605,19.865,18.425,13.93,8.56,12.08,15.11
12,1,2013,7,16.39,20.185,24.025,16.365,20.775,21.11,23.05,21.865,24.645,25.71,24.55,16.99,13.87,16.765,18.835,17.465,17.055,11.88,11.185,15.29,16.445,18.095,13.7,12.155,15.605,15.605,19.865,18.425,13.93,8.56,12.08
12,2,2013,1,13.645,16.39,20.185,24.025,16.365,20.775,21.11,23.05,21.865,24.645,25.71,24.55,16.99,13.87,16.765,18.835,17.465,17.055,11.88,11.185,15.29,16.445,18.095,13.7,12.155,15.605,15.605,19.865,18.425,13.93,8.56
12,3,2013,2,23.06,13.645,16.39,20.185,24.025,16.365,20.775,21.11,23.05,21.865,24.645,25.71,24.55,16.99,13.87,16.765,18.835,17.465,17.055,11.88,11.185,15.29,16.445,18.095,13.7,12.155,15.605,15.605,19.865,18.425,13.93
12,4,2013,3,27.58,23.06,13.645,16.39,20.185,24.025,16.365,20.775,21.11,23.05,21.865,24.645,25.71,24.55,16.99,13.87,16.765,18.835,17.465,17.055,11.88,11.185,15.29,16.445,18.095,13.7,12.155,15.605,15.605,19.865,18.425
12,5,2013,4,31.79,27.58,23.06,13.645,16.39,20.185,24.025,16.365,20.775,21.11,23.05,21.865,24.645,25.71,24.55,16.99,13.87,16.765,18.835,17.465,17.055,11.88,11.185,15.29,16.445,18.095,13.7,12.155,15.605,15.605,19.865
12,6,2013,5,34.135,31.79,27.58,23.06,13.645,16.39,20.185,24.025,16.365,20.775,21.11,23.05,21.865,24.645,25.71,24.55,16.99,13.87,16.765,18.835,17.465,17.055,11.88,11.185,15.29,16.445,18.095,13.7,12.155,15.605,15.605
12,7,2013,6,34.58,34.135,31.79,27.58,23.06,13.645,16.39,20.185,24.025,16.365,20.775,21.11,23.05,21.865,24.645,25.71,24.55,16.99,13.87,16.765,18.835,17.465,17.055,11.88,11.185,15.29,16.445,18.095,13.7,12.155,15.605
12,8,2013,7,38.2,34.58,34.135,31.79,27.58,23.06,13.645,16.39,20.185,24.025,16.365,20.775,21.11,23.05,21.865,24.645,25.71,24.55,16.99,13.87,16.765,18.835,17.465,17.055,11.88,11.185,15.29,16.445,18.095,13.7,12.155
12,9,2013,1,38.15,38.2,34.58,34.135,31.79,27.58,23.06,13.645,16.39,20.185,24.025,16.365,20.775,21.11,23.05,21.865,24.645,25.71,24.55,16.99,13.87,16.765,18.835,17.465,17.055,11.88,11.185,15.29,16.445,18.095,13.7
12,10,2013,2,36.1,38.15,38.2,34.58,34.135,31.79,27.58,23.06,13.645,16.39,20.185,24.025,16.365,20.775,21.11,23.05,21.865,24.645,25.71,24.55,16.99,13.87,16.765,18.835,17.465,17.055,11.88,11.185,15.29,16.445,18.095
12,11,2013,3,28.525,36.1,38.15,38.2,34.58,34.135,31.79,27.58,23.06,13.645,16.39,20.185,24.025,16.365,20.775,21.11,23.05,21.865,24.645,25.71,24.55,16.99,13.87,16.765,18.835,17.465,17.055,11.88,11.185,15.29,16.445
12,12,2013,4,28.56,28.525,36.1,38.15,38.2,34.58,34.135,31.79,27.58,23.06,13.645,16.39,20.185,24.025,16.365,20.775,21.11,23.05,21.865,24.645,25.71,24.55,16.99,13.87,16.765,18.835,17.465,17.055,11.88,11.185,15.29
12,13,2013,5,26.43,28.56,28.525,36.1,38.15,38.2,34.58,34.135,31.79,27.58,23.06,13.645,16.39,20.185,24.025,16.365,20.775,21.11,23.05,21.865,24.645,25.71,24.55,16.99,13.87,16.765,18.835,17.465,17.055,11.88,11.185
12,14,2013,6,19.065,26.43,28.56,28.525,36.1,38.15,38.2,34.58,34.135,31.79,27.58,23.06,13.645,16.39,20.185,24.025,16.365,20.775,21.11,23.05,21.865,24.645,25.71,24.55,16.99,13.87,16.765,18.835,17.465,17.055,11.88
12,15,2013,7,18.025,19.065,26.43,28.56,28.525,36.1,38.15,38.2,34.58,34.135,31.79,27.58,23.06,13.645,16.39,20.185,24.025,16.365,20.775,21.11,23.05,21.865,24.645,25.71,24.55,16.99,13.87,16.765,18.835,17.465,17.055
12,16,2013,1,15.895,18.025,19.065,26.43,28.56,28.525,36.1,38.15,38.2,34.58,34.135,31.79,27.58,23.06,13.645,16.39,20.185,24.025,16.365,20.775,21.11,23.05,21.865,24.645,25.71,24.55,16.99,13.87,16.765,18.835,17.465
12,17,2013,2,19.605,15.895,18.025,19.065,26.43,28.56,28.525,36.1,38.15,38.2,34.58,34.135,31.79,27.58,23.06,13.645,16.39,20.185,24.025,16.365,20.775,21.11,23.05,21.865,24.645,25.71,24.55,16.99,13.87,16.765,18.835
12,18,2013,3,21.97,19.605,15.895,18.025,19.065,26.43,28.56,28.525,36.1,38.15,38.2,34.58,34.135,31.79,27.58,23.06,13.645,16.39,20.185,24.025,16.365,20.775,21.11,23.05,21.865,24.645,25.71,24.55,16.99,13.87,16.765
12,19,2013,4,22.175,21.97,19.605,15.895,18.025,19.065,26.43,28.56,28.525,36.1,38.15,38.2,34.58,34.135,31.79,27.58,23.06,13.645,16.39,20.185,24.025,16.365,20.775,21.11,23.05,21.865,24.645,25.71,24.55,16.99,13.87
12,20,2013,5,27.185,22.175,21.97,19.605,15.895,18.025,19.065,26.43,28.56,28.525,36.1,38.15,38.2,34.58,34.135,31.79,27.58,23.06,13.645,16.39,20.185,24.025,16.365,20.775,21.11,23.05,21.865,24.645,25.71,24.55,16.99
12,21,2013,6,26.51,27.185,22.175,21.97,19.605,15.895,18.025,19.065,26.43,28.56,28.525,36.1,38.15,38.2,34.58,34.135,31.79,27.58,23.06,13.645,16.39,20.185,24.025,16.365,20.775,21.11,23.05,21.865,24.645,25.71,24.55
12,22,2013,7,21.04,26.51,27.185,22.175,21.97,19.605,15.895,18.025,19.065,26.43,28.56,28.525,36.1,38.15,38.2,34.58,34.135,31.79,27.58,23.06,13.645,16.39,20.185,24.025,16.365,20.775,21.11,23.05,21.865,24.645,25.71
12,23,2013,1,17.01,21.04,26.51,27.185,22.175,21.97,19.605,15.895,18.025,19.065,26.43,28.56,28.525,36.1,38.15,38.2,34.58,34.135,31.79,27.58,23.06,13.645,16.39,20.185,24.025,16.365,20.775,21.11,23.05,21.865,24.645
12,24,2013,2,15.62,17.01,21.04,26.51,27.185,22.175,21.97,19.605,15.895,18.025,19.065,26.43,28.56,28.525,36.1,38.15,38.2,34.58,34.135,31.79,27.58,23.06,13.645,16.39,20.185,24.025,16.365,20.775,21.11,23.05,21.865
12,25,2013,3,20.455,15.62,17.01,21.04,26.51,27.185,22.175,21.97,19.605,15.895,18.025,19.065,26.43,28.56,28.525,36.1,38.15,38.2,34.58,34.135,31.79,27.58,23.06,13.645,16.39,20.185,24.025,16.365,20.775,21.11,23.05
12,26,2013,4,26.53,20.455,15.62,17.01,21.04,26.51,27.185,22.175,21.97,19.605,15.895,18.025,19.065,26.43,28.56,28.525,36.1,38.15,38.2,34.58,34.135,31.79,27.58,23.06,13.645,16.39,20.185,24.025,16.365,20.775,21.11
12,27,2013,5,25.44,26.53,20.455,15.62,17.01,21.04,26.51,27.185,22.175,21.97,19.605,15.895,18.025,19.065,26.43,28.56,28.525,36.1,38.15,38.2,34.58,34.135,31.79,27.58,23.06,13.645,16.39,20.185,24.025,16.365,20.775
12,28,2013,6,24.065,25.44,26.53,20.455,15.62,17.01,21.04,26.51,27.185,22.175,21.97,19.605,15.895,18.025,19.065,26.43,28.56,28.525,36.1,38.15,38.2,34.58,34.135,31.79,27.58,23.06,13.645,16.39,20.185,24.025,16.365
12,29,2013,7,20.74,24.065,25.44,26.53,20.455,15.62,17.01,21.04,26.51,27.185,22.175,21.97,19.605,15.895,18.025,19.065,26.43,28.56,28.525,36.1,38.15,38.2,34.58,34.135,31.79,27.58,23.06,13.645,16.39,20.185,24.025
12,30,2013,1,24.095,20.74,24.065,25.44,26.53,20.455,15.62,17.01,21.04,26.51,27.185,22.175,21.97,19.605,15.895,18.025,19.065,26.43,28.56,28.525,36.1,38.15,38.2,34.58,34.135,31.79,27.58,23.06,13.645,16.39,20.185
12,31,2013,2,21.55,24.095,20.74,24.065,25.44,26.53,20.455,15.62,17.01,21.04,26.51,27.185,22.175,21.97,19.605,15.895,18.025,19.065,26.43,28.56,28.525,36.1,38.15,38.2,34.58,34.135,31.79,27.58,23.06,13.645,16.39
1,1,2014,3,20.485,21.55,24.095,20.74,24.065,25.44,26.53,20.455,15.62,17.01,21.04,26.51,27.185,22.175,21.97,19.605,15.895,18.025,19.065,26.43,28.56,28.525,36.1,38.15,38.2,34.58,34.135,31.79,27.58,23.06,13.645
1,2,2014,4,22.45,20.485,21.55,24.095,20.74,24.065,25.44,26.53,20.455,15.62,17.01,21.04,26.51,27.185,22.175,21.97,19.605,15.895,18.025,19.065,26.43,28.56,28.525,36.1,38.15,38.2,34.58,34.135,31.79,27.58,23.06
1,3,2014,5,17.965,22.45,20.485,21.55,24.095,20.74,24.065,25.44,26.53,20.455,15.62,17.01,21.04,26.51,27.185,22.175,21.97,19.605,15.895,18.025,19.065,26.43,28.56,28.525,36.1,38.15,38.2,34.58,34.135,31.79,27.58
1,4,2014,6,20.755,17.965,22.45,20.485,21.55,24.095,20.74,24.065,25.44,26.53,20.455,15.62,17.01,21.04,26.51,27.185,22.175,21.97,19.605,15.895,18.025,19.065,26.43,28.56,28.525,36.1,38.15,38.2,34.58,34.135,31.79
1,5,2014,7,23.37,20.755,17.965,22.45,20.485,21.55,24.095,20.74,24.065,25.44,26.53,20.455,15.62,17.01,21.04,26.51,27.185,22.175,21.97,19.605,15.895,18.025,19.065,26.43,28.56,28.525,36.1,38.15,38.2,34.58,34.135
1,6,2014,1,25.68,23.37,20.755,17.965,22.45,20.485,21.55,24.095,20.74,24.065,25.44,26.53,20.455,15.62,17.01,21.04,26.51,27.185,22.175,21.97,19.605,15.895,18.025,19.065,26.43,28.56,28.525,36.1,38.15,38.2,34.58
1,7,2014,2,25.195,25.68,23.37,20.755,17.965,22.45,20.485,21.55,24.095,20.74,24.065,25.44,26.53,20.455,15.62,17.01,21.04,26.51,27.185,22.175,21.97,19.605,15.895,18.025,19.065,26.43,28.56,28.525,36.1,38.15,38.2
1,8,2014,3,20.995,25.195,25.68,23.37,20.755,17.965,22.45,20.485,21.55,24.095,20.74,24.065,25.44,26.53,20.455,15.62,17.01,21.04,26.51,27.185,22.175,21.97,19.605,15.895,18.025,19.065,26.43,28.56,28.525,36.1,38.15
1,9,2014,4,17.475,20.995,25.195,25.68,23.37,20.755,17.965,22.45,20.485,21.55,24.095,20.74,24.065,25.44,26.53,20.455,15.62,17.01,21.04,26.51,27.185,22.175,21.97,19.605,15.895,18.025,19.065,26.43,28.56,28.525,36.1
1,10,2014,5,18.995,17.475,20.995,25.195,25.68,23.37,20.755,17.965,22.45,20.485,21.55,24.095,20.74,24.065,25.44,26.53,20.455,15.62,17.01,21.04,26.51,27.185,22.175,21.97,19.605,15.895,18.025,19.065,26.43,28.56,28.525
1,11,2014,6,16.56,18.995,17.475,20.995,25.195,25.68,23.37,20.755,17.965,22.45,20.485,21.55,24.095,20.74,24.065,25.44,26.53,20.455,15.62,17.01,21.04,26.51,27.185,22.175,21.97,19.605,15.895,18.025,19.065,26.43,28.56
1,12,2014,7,16.575,16.56,18.995,17.475,20.995,25.195,25.68,23.37,20.755,17.965,22.45,20.485,21.55,24.095,20.74,24.065,25.44,26.53,20.455,15.62,17.01,21.04,26.51,27.185,22.175,21.97,19.605,15.895,18.025,19.065,26.43
1,13,2014,1,18.415,16.575,16.56,18.995,17.475,20.995,25.195,25.68,23.37,20.755,17.965,22.45,20.485,21.55,24.095,20.74,24.065,25.44,26.53,20.455,15.62,17.01,21.04,26.51,27.185,22.175,21.97,19.605,15.895,18.025,19.065
1,14,2014,2,13.585,18.415,16.575,16.56,18.995,17.475,20.995,25.195,25.68,23.37,20.755,17.965,22.45,20.485,21.55,24.095,20.74,24.065,25.44,26.53,20.455,15.62,17.01,21.04,26.51,27.185,22.175,21.97,19.605,15.895,18.025
1,15,2014,3,16.41,13.585,18.415,16.575,16.56,18.995,17.475,20.995,25.195,25.68,23.37,20.755,17.965,22.45,20.485,21.55,24.095,20.74,24.065,25.44,26.53,20.455,15.62,17.01,21.04,26.51,27.185,22.175,21.97,19.605,15.895
1,16,2014,4,18.93,16.41,13.585,18.415,16.575,16.56,18.995,17.475,20.995,25.195,25.68,23.37,20.755,17.965,22.45,20.485,21.55,24.095,20.74,24.065,25.44,26.53,20.455,15.62,17.01,21.04,26.51,27.185,22.175,21.97,19.605
1,17,2014,5,21.895,18.93,16.41,13.585,18.415,16.575,16.56,18.995,17.475,20.995,25.195,25.68,23.37,20.755,17.965,22.45,20.485,21.55,24.095,20.74,24.065,25.44,26.53,20.455,15.62,17.01,21.04,26.51,27.185,22.175,21.97
1,18,2014,6,22.97,21.895,18.93,16.41,13.585,18.415,16.575,16.56,18.995,17.475,20.995,25.195,25.68,23.37,20.755,17.965,22.45,20.485,21.55,24.095,20.74,24.065,25.44,26.53,20.455,15.62,17.01,21.04,26.51,27.185,22.175
1,19,2014,7,24.675,22.97,21.895,18.93,16.41,13.585,18.415,16.575,16.56,18.995,17.475,20.995,25.195,25.68,23.37,20.755,17.965,22.45,20.485,21.55,24.095,20.74,24.065,25.44,26.53,20.455,15.62,17.01,21.04,26.51,27.185
1,20,2014,1,24.025,24.675,22.97,21.895,18.93,16.41,13.585,18.415,16.575,16.56,18.995,17.475,20.995,25.195,25.68,23.37,20.755,17.965,22.45,20.485,21.55,24.095,20.74,24.065,25.44,26.53,20.455,15.62,17.01,21.04,26.51
1,21,2014,2,21.265,24.025,24.675,22.97,21.895,18.93,16.41,13.585,18.415,16.575,16.56,18.995,17.475,20.995,25.195,25.68,23.37,20.755,17.965,22.45,20.485,21.55,24.095,20.74,24.065,25.44,26.53,20.455,15.62,17.01,21.04
1,22,2014,3,23.5,21.265,24.025,24.675,22.97,21.895,18.93,16.41,13.585,18.415,16.575,16.56,18.995,17.475,20.995,25.195,25.68,23.37,20.755,17.965,22.45,20.485,21.55,24.095,20.74,24.065,25.44,26.53,20.455,15.62,17.01
1,23,2014,4,19.035,23.5,21.265,24.025,24.675,22.97,21.895,18.93,16.41,13.585,18.415,16.575,16.56,18.995,17.475,20.995,25.195,25.68,23.37,20.755,17.965,22.45,20.485,21.55,24.095,20.74,24.065,25.44,26.53,20.455,15.62
1,24,2014,5,19.695,19.035,23.5,21.265,24.025,24.675,22.97,21.895,18.93,16.41,13.585,18.415,16.575,16.56,18.995,17.475,20.995,25.195,25.68,23.37,20.755,17.965,22.45,20.485,21.55,24.095,20.74,24.065,25.44,26.53,20.455
1,25,2014,6,19.965,19.695,19.035,23.5,21.265,24.025,24.675,22.97,21.895,18.93,16.41,13.585,18.415,16.575,16.56,18.995,17.475,20.995,25.195,25.68,23.37,20.755,17.965,22.45,20.485,21.55,24.095,20.74,24.065,25.44,26.53
1,26,2014,7,22.8,19.965,19.695,19.035,23.5,21.265,24.025,24.675,22.97,21.895,18.93,16.41,13.585,18.415,16.575,16.56,18.995,17.475,20.995,25.195,25.68,23.37,20.755,17.965,22.45,20.485,21.55,24.095,20.74,24.065,25.44
1,27,2014,1,24.67,22.8,19.965,19.695,19.035,23.5,21.265,24.025,24.675,22.97,21.895,18.93,16.41,13.585,18.415,16.575,16.56,18.995,17.475,20.995,25.195,25.68,23.37,20.755,17.965,22.45,20.485,21.55,24.095,20.74,24.065
1,28,2014,2,24.2,24.67,22.8,19.965,19.695,19.035,23.5,21.265,24.025,24.675,22.97,21.895,18.93,16.41,13.585,18.415,16.575,16.56,18.995,17.475,20.995,25.195,25.68,23.37,20.755,17.965,22.45,20.485,21.55,24.095,20.74
1,29,2014,3,18.71,24.2,24.67,22.8,19.965,19.695,19.035,23.5,21.265,24.025,24.675,22.97,21.895,18.93,16.41,13.585,18.415,16.575,16.56,18.995,17.475,20.995,25.195,25.68,23.37,20.755,17.965,22.45,20.485,21.55,24.095
1,30,2014,4,17.01,18.71,24.2,24.67,22.8,19.965,19.695,19.035,23.5,21.265,24.025,24.675,22.97,21.895,18.93,16.41,13.585,18.415,16.575,16.56,18.995,17.475,20.995,25.195,25.68,23.37,20.755,17.965,22.45,20.485,21.55
1,31,2014,5,19.925,17.01,18.71,24.2,24.67,22.8,19.965,19.695,19.035,23.5,21.265,24.025,24.675,22.97,21.895,18.93,16.41,13.585,18.415,16.575,16.56,18.995,17.475,20.995,25.195,25.68,23.37,20.755,17.965,22.45,20.485
2,1,2014,6,22.425,19.925,17.01,18.71,24.2,24.67,22.8,19.965,19.695,19.035,23.5,21.265,24.025,24.675,22.97,21.895,18.93,16.41,13.585,18.415,16.575,16.56,18.995,17.475,20.995,25.195,25.68,23.37,20.755,17.965,22.45
2,2,2014,7,23.15,22.425,19.925,17.01,18.71,24.2,24.67,22.8,19.965,19.695,19.035,23.5,21.265,24.025,24.675,22.97,21.895,18.93,16.41,13.585,18.415,16.575,16.56,18.995,17.475,20.995,25.195,25.68,23.37,20.755,17.965
2,3,2014,1,25.89,23.15,22.425,19.925,17.01,18.71,24.2,24.67,22.8,19.965,19.695,19.035,23.5,21.265,24.025,24.675,22.97,21.895,18.93,16.41,13.585,18.415,16.575,16.56,18.995,17.475,20.995,25.195,25.68,23.37,20.755
2,4,2014,2,27.075,25.89,23.15,22.425,19.925,17.01,18.71,24.2,24.67,22.8,19.965,19.695,19.035,23.5,21.265,24.025,24.675,22.97,21.895,18.93,16.41,13.585,18.415,16.575,16.56,18.995,17.475,20.995,25.195,25.68,23.37
2,5,2014,3,31.52,27.075,25.89,23.15,22.425,19.925,17.01,18.71,24.2,24.67,22.8,19.965,19.695,19.035,23.5,21.265,24.025,24.675,22.97,21.895,18.93,16.41,13.585,18.415,16.575,16.56,18.995,17.475,20.995,25.195,25.68
2,6,2014,4,37.655,31.52,27.075,25.89,23.15,22.425,19.925,17.01,18.71,24.2,24.67,22.8,19.965,19.695,19.035,23.5,21.265,24.025,24.675,22.97,21.895,18.93,16.41,13.585,18.415,16.575,16.56,18.995,17.475,20.995,25.195
2,7,2014,5,38.61,37.655,31.52,27.075,25.89,23.15,22.425,19.925,17.01,18.71,24.2,24.67,22.8,19.965,19.695,19.035,23.5,21.265,24.025,24.675,22.97,21.895,18.93,16.41,13.585,18.415,16.575,16.56,18.995,17.475,20.995
2,8,2014,6,34.07,38.61,37.655,31.52,27.075,25.89,23.15,22.425,19.925,17.01,18.71,24.2,24.67,22.8,19.965,19.695,19.035,23.5,21.265,24.025,24.675,22.97,21.895,18.93,16.41,13.585,18.415,16.575,16.56,18.995,17.475
2,9,2014,7,29.1,34.07,38.61,37.655,31.52,27.075,25.89,23.15,22.425,19.925,17.01,18.71,24.2,24.67,22.8,19.965,19.695,19.035,23.5,21.265,24.025,24.675,22.97,21.895,18.93,16.41,13.585,18.415,16.575,16.56,18.995
2,10,2014,1,29.9,29.1,34.07,38.61,37.655,31.52,27.075,25.89,23.15,22.425,19.925,17.01,18.71,24.2,24.67,22.8,19.965,19.695,19.035,23.5,21.265,24.025,24.675,22.97,21.895,18.93,16.41,13.585,18.415,16.575,16.56
2,11,2014,2,21.525,29.9,29.1,34.07,38.61,37.655,31.52,27.075,25.89,23.15,22.425,19.925,17.01,18.71,24.2,24.67,22.8,19.965,19.695,19.035,23.5,21.265,24.025,24.675,22.97,21.895,18.93,16.41,13.585,18.415,16.575
2,12,2014,3,16.54,21.525,29.9,29.1,34.07,38.61,37.655,31.52,27.075,25.89,23.15,22.425,19.925,17.01,18.71,24.2,24.67,22.8,19.965,19.695,19.035,23.5,21.265,24.025,24.675,22.97,21.895,18.93,16.41,13.585,18.415
2,13,2014,4,15.555,16.54,21.525,29.9,29.1,34.07,38.61,37.655,31.52,27.075,25.89,23.15,22.425,19.925,17.01,18.71,24.2,24.67,22.8,19.965,19.695,19.035,23.5,21.265,24.025,24.675,22.97,21.895,18.93,16.41,13.585
2,14,2014,5,14.14,15.555,16.54,21.525,29.9,29.1,34.07,38.61,37.655,31.52,27.075,25.89,23.15,22.425,19.925,17.01,18.71,24.2,24.67,22.8,19.965,19.695,19.035,23.5,21.265,24.025,24.675,22.97,21.895,18.93,16.41
2,15,2014,6,16.54,14.14,15.555,16.54,21.525,29.9,29.1,34.07,38.61,37.655,31.52,27.075,25.89,23.15,22.425,19.925,17.01,18.71,24.2,24.67,22.8,19.965,19.695,19.035,23.5,21.265,24.025,24.675,22.97,21.895,18.93
2,16,2014,7,19.695,16.54,14.14,15.555,16.54,21.525,29.9,29.1,34.07,38.61,37.655,31.52,27.075,25.89,23.15,22.425,19.925,17.01,18.71,24.2,24.67,22.8,19.965,19.695,19.035,23.5,21.265,24.025,24.675,22.97,21.895
2,17,2014,1,21.37,19.695,16.54,14.14,15.555,16.54,21.525,29.9,29.1,34.07,38.61,37.655,31.52,27.075,25.89,23.15,22.425,19.925,17.01,18.71,24.2,24.67,22.8,19.965,19.695,19.035,23.5,21.265,24.025,24.675,22.97
2,18,2014,2,21.415,21.37,19.695,16.54,14.14,15.555,16.54,21.525,29.9,29.1,34.07,38.61,37.655,31.52,27.075,25.89,23.15,22.425,19.925,17.01,18.71,24.2,24.67,22.8,19.965,19.695,19.035,23.5,21.265,24.025,24.675
2,19,2014,3,19.92,21.415,21.37,19.695,16.54,14.14,15.555,16.54,21.525,29.9,29.1,34.07,38.61,37.655,31.52,27.075,25.89,23.15,22.425,19.925,17.01,18.71,24.2,24.67,22.8,19.965,19.695,19.035,23.5,21.265,24.025
2,20,2014,4,21.495,19.92,21.415,21.37,19.695,16.54,14.14,15.555,16.54,21.525,29.9,29.1,34.07,38.61,37.655,31.52,27.075,25.89,23.15,22.425,19.925,17.01,18.71,24.2,24.67,22.8,19.965,19.695,19.035,23.5,21.265
2,21,2014,5,19.035,21.495,19.92,21.415,21.37,19.695,16.54,14.14,15.555,16.54,21.525,29.9,29.1,34.07,38.61,37.655,31.52,27.075,25.89,23.15,22.425,19.925,17.01,18.71,24.2,24.67,22.8,19.965,19.695,19.035,23.5
2,22,2014,6,22.97,19.035,21.495,19.92,21.415,21.37,19.695,16.54,14.14,15.555,16.54,21.525,29.9,29.1,34.07,38.61,37.655,31.52,27.075,25.89,23.15,22.425,19.925,17.01,18.71,24.2,24.67,22.8,19.965,19.695,19.035
2,23,2014,7,25.97,22.97,19.035,21.495,19.92,21.415,21.37,19.695,16.54,14.14,15.555,16.54,21.525,29.9,29.1,34.07,38.61,37.655,31.52,27.075,25.89,23.15,22.425,19.925,17.01,18.71,24.2,24.67,22.8,19.965,19.695
2,24,2014,1,23.985,25.97,22.97,19.035,21.495,19.92,21.415,21.37,19.695,16.54,14.14,15.555,16.54,21.525,29.9,29.1,34.07,38.61,37.655,31.52,27.075,25.89,23.15,22.425,19.925,17.01,18.71,24.2,24.67,22.8,19.965
2,25,2014,2,24.955,23.985,25.97,22.97,19.035,21.495,19.92,21.415,21.37,19.695,16.54,14.14,15.555,16.54,21.525,29.9,29.1,34.07,38.61,37.655,31.52,27.075,25.89,23.15,22.425,19.925,17.01,18.71,24.2,24.67,22.8
2,26,2014,3,20.01,24.955,23.985,25.97,22.97,19.035,21.495,19.92,21.415,21.37,19.695,16.54,14.14,15.555,16.54,21.525,29.9,29.1,34.07,38.61,37.655,31.52,27.075,25.89,23.15,22.425,19.925,17.01,18.71,24.2,24.67
2,27,2014,4,18.085,20.01,24.955,23.985,25.97,22.97,19.035,21.495,19.92,21.415,21.37,19.695,16.54,14.14,15.555,16.54,21.525,29.9,29.1,34.07,38.61,37.655,31.52,27.075,25.89,23.15,22.425,19.925,17.01,18.71,24.2
2,28,2014,5,17.76,18.085,20.01,24.955,23.985,25.97,22.97,19.035,21.495,19.92,21.415,21.37,19.695,16.54,14.14,15.555,16.54,21.525,29.9,29.1,34.07,38.61,37.655,31.52,27.075,25.89,23.15,22.425,19.925,17.01,18.71
3,1,2014,6,16.195,17.76,18.085,20.01,24.955,23.985,25.97,22.97,19.035,21.495,19.92,21.415,21.37,19.695,16.54,14.14,15.555,16.54,21.525,29.9,29.1,34.07,38.61,37.655,31.52,27.075,25.89,23.15,22.425,19.925,17.01
3,2,2014,7,22.125,16.195,17.76,18.085,20.01,24.955,23.985,25.97,22.97,19.035,21.495,19.92,21.415,21.37,19.695,16.54,14.14,15.555,16.54,21.525,29.9,29.1,34.07,38.61,37.655,31.52,27.075,25.89,23.15,22.425,19.925
3,3,2014,1,21.915,22.125,16.195,17.76,18.085,20.01,24.955,23.985,25.97,22.97,19.035,21.495,19.92,21.415,21.37,19.695,16.54,14.14,15.555,16.54,21.525,29.9,29.1,34.07,38.61,37.655,31.52,27.075,25.89,23.15,22.425
3,4,2014,2,13.085,21.915,22.125,16.195,17.76,18.085,20.01,24.955,23.985,25.97,22.97,19.035,21.495,19.92,21.415,21.37,19.695,16.54,14.14,15.555,16.54,21.525,29.9,29.1,34.07,38.61,37.655,31.52,27.075,25.89,23.15
3,5,2014,3,16.525,13.085,21.915,22.125,16.195,17.76,18.085,20.01,24.955,23.985,25.97,22.97,19.035,21.495,19.92,21.415,21.37,19.695,16.54,14.14,15.555,16.54,21.525,29.9,29.1,34.07,38.61,37.655,31.52,27.075,25.89
3,6,2014,4,11.22,16.525,13.085,21.915,22.125,16.195,17.76,18.085,20.01,24.955,23.985,25.97,22.97,19.035,21.495,19.92,21.415,21.37,19.695,16.54,14.14,15.555,16.54,21.525,29.9,29.1,34.07,38.61,37.655,31.52,27.075
3,7,2014,5,12.47,11.22,16.525,13.085,21.915,22.125,16.195,17.76,18.085,20.01,24.955,23.985,25.97,22.97,19.035,21.495,19.92,21.415,21.37,19.695,16.54,14.14,15.555,16.54,21.525,29.9,29.1,34.07,38.61,37.655,31.52
3,8,2014,6,11.6,12.47,11.22,16.525,13.085,21.915,22.125,16.195,17.76,18.085,20.01,24.955,23.985,25.97,22.97,19.035,21.495,19.92,21.415,21.37,19.695,16.54,14.14,15.555,16.54,21.525,29.9,29.1,34.07,38.61,37.655
3,9,2014,7,15.16,11.6,12.47,11.22,16.525,13.085,21.915,22.125,16.195,17.76,18.085,20.01,24.955,23.985,25.97,22.97,19.035,21.495,19.92,21.415,21.37,19.695,16.54,14.14,15.555,16.54,21.525,29.9,29.1,34.07,38.61
3,10,2014,1,11.535,15.16,11.6,12.47,11.22,16.525,13.085,21.915,22.125,16.195,17.76,18.085,20.01,24.955,23.985,25.97,22.97,19.035,21.495,19.92,21.415,21.37,19.695,16.54,14.14,15.555,16.54,21.525,29.9,29.1,34.07
3,11,2014,2,16.485,11.535,15.16,11.6,12.47,11.22,16.525,13.085,21.915,22.125,16.195,17.76,18.085,20.01,24.955,23.985,25.97,22.97,19.035,21.495,19.92,21.415,21.37,19.695,16.54,14.14,15.555,16.54,21.525,29.9,29.1
3,12,2014,3,17.015,16.485,11.535,15.16,11.6,12.47,11.22,16.525,13.085,21.915,22.125,16.195,17.76,18.085,20.01,24.955,23.985,25.97,22.97,19.035,21.495,19.92,21.415,21.37,19.695,16.54,14.14,15.555,16.54,21.525,29.9
3,13,2014,4,16.35,17.015,16.485,11.535,15.16,11.6,12.47,11.22,16.525,13.085,21.915,22.125,16.195,17.76,18.085,20.01,24.955,23.985,25.97,22.97,19.035,21.495,19.92,21.415,21.37,19.695,16.54,14.14,15.555,16.54,21.525
3,14,2014,5,15.07,16.35,17.015,16.485,11.535,15.16,11.6,12.47,11.22,16.525,13.085,21.915,22.125,16.195,17.76,18.085,20.01,24.955,23.985,25.97,22.97,19.035,21.495,19.92,21.415,21.37,19.695,16.54,14.14,15.555,16.54
3,15,2014,6,12.11,15.07,16.35,17.015,16.485,11.535,15.16,11.6,12.47,11.22,16.525,13.085,21.915,22.125,16.195,17.76,18.085,20.01,24.955,23.985,25.97,22.97,19.035,21.495,19.92,21.415,21.37,19.695,16.54,14.14,15.555
3,16,2014,7,12.175,12.11,15.07,16.35,17.015,16.485,11.535,15.16,11.6,12.47,11.22,16.525,13.085,21.915,22.125,16.195,17.76,18.085,20.01,24.955,23.985,25.97,22.97,19.035,21.495,19.92,21.415,21.37,19.695,16.54,14.14
3,17,2014,1,17.535,12.175,12.11,15.07,16.35,17.015,16.485,11.535,15.16,11.6,12.47,11.22,16.525,13.085,21.915,22.125,16.195,17.76,18.085,20.01,24.955,23.985,25.97,22.97,19.035,21.495,19.92,21.415,21.37,19.695,16.54
3,18,2014,2,20.08,17.535,12.175,12.11,15.07,16.35,17.015,16.485,11.535,15.16,11.6,12.47,11.22,16.525,13.085,21.915,22.125,16.195,17.76,18.085,20.01,24.955,23.985,25.97,22.97,19.035,21.495,19.92,21.415,21.37,19.695
3,19,2014,3,19.96,20.08,17.535,12.175,12.11,15.07,16.35,17.015,16.485,11.535,15.16,11.6,12.47,11.22,16.525,13.085,21.915,22.125,16.195,17.76,18.085,20.01,24.955,23.985,25.97,22.97,19.035,21.495,19.92,21.415,21.37
3,20,2014,4,19.925,19.96,20.08,17.535,12.175,12.11,15.07,16.35,17.015,16.485,11.535,15.16,11.6,12.47,11.22,16.525,13.085,21.915,22.125,16.195,17.76,18.085,20.01,24.955,23.985,25.97,22.97,19.035,21.495,19.92,21.415
3,21,2014,5,20.635,19.925,19.96,20.08,17.535,12.175,12.11,15.07,16.35,17.015,16.485,11.535,15.16,11.6,12.47,11.22,16.525,13.085,21.915,22.125,16.195,17.76,18.085,20.01,24.955,23.985,25.97,22.97,19.035,21.495,19.92
3,22,2014,6,20.555,20.635,19.925,19.96,20.08,17.535,12.175,12.11,15.07,16.35,17.015,16.485,11.535,15.16,11.6,12.47,11.22,16.525,13.085,21.915,22.125,16.195,17.76,18.085,20.01,24.955,23.985,25.97,22.97,19.035,21.495
3,23,2014,7,21.745,20.555,20.635,19.925,19.96,20.08,17.535,12.175,12.11,15.07,16.35,17.015,16.485,11.535,15.16,11.6,12.47,11.22,16.525,13.085,21.915,22.125,16.195,17.76,18.085,20.01,24.955,23.985,25.97,22.97,19.035
3,24,2014,1,17.92,21.745,20.555,20.635,19.925,19.96,20.08,17.535,12.175,12.11,15.07,16.35,17.015,16.485,11.535,15.16,11.6,12.47,11.22,16.525,13.085,21.915,22.125,16.195,17.76,18.085,20.01,24.955,23.985,25.97,22.97
3,25,2014,2,12.385,17.92,21.745,20.555,20.635,19.925,19.96,20.08,17.535,12.175,12.11,15.07,16.35,17.015,16.485,11.535,15.16,11.6,12.47,11.22,16.525,13.085,21.915,22.125,16.195,17.76,18.085,20.01,24.955,23.985,25.97
3,26,2014,3,11.66,12.385,17.92,21.745,20.555,20.635,19.925,19.96,20.08,17.535,12.175,12.11,15.07,16.35,17.015,16.485,11.535,15.16,11.6,12.47,11.22,16.525,13.085,21.915,22.125,16.195,17.76,18.085,20.01,24.955,23.985
3,27,2014,4,17.205,11.66,12.385,17.92,21.745,20.555,20.635,19.925,19.96,20.08,17.535,12.175,12.11,15.07,16.35,17.015,16.485,11.535,15.16,11.6,12.47,11.22,16.525,13.085,21.915,22.125,16.195,17.76,18.085,20.01,24.955
3,28,2014,5,14.62,17.205,11.66,12.385,17.92,21.745,20.555,20.635,19.925,19.96,20.08,17.535,12.175,12.11,15.07,16.35,17.015,16.485,11.535,15.16,11.6,12.47,11.22,16.525,13.085,21.915,22.125,16.195,17.76,18.085,20.01
3,29,2014,6,15.125,14.62,17.205,11.66,12.385,17.92,21.745,20.555,20.635,19.925,19.96,20.08,17.535,12.175,12.11,15.07,16.35,17.015,16.485,11.535,15.16,11.6,12.47,11.22,16.525,13.085,21.915,22.125,16.195,17.76,18.085
3,30,2014,7,15.495,15.125,14.62,17.205,11.66,12.385,17.92,21.745,20.555,20.635,19.925,19.96,20.08,17.535,12.175,12.11,15.07,16.35,17.015,16.485,11.535,15.16,11.6,12.47,11.22,16.525,13.085,21.915,22.125,16.195,17.76
3,31,2014,1,16.505,15.495,15.125,14.62,17.205,11.66,12.385,17.92,21.745,20.555,20.635,19.925,19.96,20.08,17.535,12.175,12.11,15.07,16.35,17.015,16.485,11.535,15.16,11.6,12.47,11.22,16.525,13.085,21.915,22.125,16.195
4,1,2014,2,15.765,16.505,15.495,15.125,14.62,17.205,11.66,12.385,17.92,21.745,20.555,20.635,19.925,19.96,20.08,17.535,12.175,12.11,15.07,16.35,17.015,16.485,11.535,15.16,11.6,12.47,11.22,16.525,13.085,21.915,22.125
4,2,2014,3,14.865,15.765,16.505,15.495,15.125,14.62,17.205,11.66,12.385,17.92,21.745,20.555,20.635,19.925,19.96,20.08,17.535,12.175,12.11,15.07,16.35,17.015,16.485,11.535,15.16,11.6,12.47,11.22,16.525,13.085,21.915
4,3,2014,4,12.61,14.865,15.765,16.505,15.495,15.125,14.62,17.205,11.66,12.385,17.92,21.745,20.555,20.635,19.925,19.96,20.08,17.535,12.175,12.11,15.07,16.35,17.015,16.485,11.535,15.16,11.6,12.47,11.22,16.525,13.085
4,4,2014,5,14.11,12.61,14.865,15.765,16.505,15.495,15.125,14.62,17.205,11.66,12.385,17.92,21.745,20.555,20.635,19.925,19.96,20.08,17.535,12.175,12.11,15.07,16.35,17.015,16.485,11.535,15.16,11.6,12.47,11.22,16.525
4,5,2014,6,14.59,14.11,12.61,14.865,15.765,16.505,15.495,15.125,14.62,17.205,11.66,12.385,17.92,21.745,20.555,20.635,19.925,19.96,20.08,17.535,12.175,12.11,15.07,16.35,17.015,16.485,11.535,15.16,11.6,12.47,11.22
4,6,2014,7,14.545,14.59,14.11,12.61,14.865,15.765,16.505,15.495,15.125,14.62,17.205,11.66,12.385,17.92,21.745,20.555,20.635,19.925,19.96,20.08,17.535,12.175,12.11,15.07,16.35,17.015,16.485,11.535,15.16,11.6,12.47
4,7,2014,1,12.675,14.545,14.59,14.11,12.61,14.865,15.765,16.505,15.495,15.125,14.62,17.205,11.66,12.385,17.92,21.745,20.555,20.635,19.925,19.96,20.08,17.535,12.175,12.11,15.07,16.35,17.015,16.485,11.535,15.16,11.6
4,8,2014,2,3.85,12.675,14.545,14.59,14.11,12.61,14.865,15.765,16.505,15.495,15.125,14.62,17.205,11.66,12.385,17.92,21.745,20.555,20.635,19.925,19.96,20.08,17.535,12.175,12.11,15.07,16.35,17.015,16.485,11.535,15.16
4,9,2014,3,11.065,3.85,12.675,14.545,14.59,14.11,12.61,14.865,15.765,16.505,15.495,15.125,14.62,17.205,11.66,12.385,17.92,21.745,20.555,20.635,19.925,19.96,20.08,17.535,12.175,12.11,15.07,16.35,17.015,16.485,11.535
4,10,2014,4,13.38,11.065,3.85,12.675,14.545,14.59,14.11,12.61,14.865,15.765,16.505,15.495,15.125,14.62,17.205,11.66,12.385,17.92,21.745,20.555,20.635,19.925,19.96,20.08,17.535,12.175,12.11,15.07,16.35,17.015,16.485
4,11,2014,5,14.1,13.38,11.065,3.85,12.675,14.545,14.59,14.11,12.61,14.865,15.765,16.505,15.495,15.125,14.62,17.205,11.66,12.385,17.92,21.745,20.555,20.635,19.925,19.96,20.08,17.535,12.175,12.11,15.07,16.35,17.015
4,12,2014,6,12.375,14.1,13.38,11.065,3.85,12.675,14.545,14.59,14.11,12.61,14.865,15.765,16.505,15.495,15.125,14.62,17.205,11.66,12.385,17.92,21.745,20.555,20.635,19.925,19.96,20.08,17.535,12.175,12.11,15.07,16.35
4,13,2014,7,12.59,12.375,14.1,13.38,11.065,3.85,12.675,14.545,14.59,14.11,12.61,14.865,15.765,16.505,15.495,15.125,14.62,17.205,11.66,12.385,17.92,21.745,20.555,20.635,19.925,19.96,20.08,17.535,12.175,12.11,15.07
4,14,2014,1,8.815,12.59,12.375,14.1,13.38,11.065,3.85,12.675,14.545,14.59,14.11,12.61,14.865,15.765,16.505,15.495,15.125,14.62,17.205,11.66,12.385,17.92,21.745,20.555,20.635,19.925,19.96,20.08,17.535,12.175,12.11
4,15,2014,2,8.53,8.815,12.59,12.375,14.1,13.38,11.065,3.85,12.675,14.545,14.59,14.11,12.61,14.865,15.765,16.505,15.495,15.125,14.62,17.205,11.66,12.385,17.92,21.745,20.555,20.635,19.925,19.96,20.08,17.535,12.175
4,16,2014,3,11.21,8.53,8.815,12.59,12.375,14.1,13.38,11.065,3.85,12.675,14.545,14.59,14.11,12.61,14.865,15.765,16.505,15.495,15.125,14.62,17.205,11.66,12.385,17.92,21.745,20.555,20.635,19.925,19.96,20.08,17.535
4,17,2014,4,13.98,11.21,8.53,8.815,12.59,12.375,14.1,13.38,11.065,3.85,12.675,14.545,14.59,14.11,12.61,14.865,15.765,16.505,15.495,15.125,14.62,17.205,11.66,12.385,17.92,21.745,20.555,20.635,19.925,19.96,20.08
4,18,2014,5,14.91,13.98,11.21,8.53,8.815,12.59,12.375,14.1,13.38,11.065,3.85,12.675,14.545,14.59,14.11,12.61,14.865,15.765,16.505,15.495,15.125,14.62,17.205,11.66,12.385,17.92,21.745,20.555,20.635,19.925,19.96
4,19,2014,6,15.51,14.91,13.98,11.21,8.53,8.815,12.59,12.375,14.1,13.38,11.065,3.85,12.675,14.545,14.59,14.11,12.61,14.865,15.765,16.505,15.495,15.125,14.62,17.205,11.66,12.385,17.92,21.745,20.555,20.635,19.925
4,20,2014,7,15.625,15.51,14.91,13.98,11.21,8.53,8.815,12.59,12.375,14.1,13.38,11.065,3.85,12.675,14.545,14.59,14.11,12.61,14.865,15.765,16.505,15.495,15.125,14.62,17.205,11.66,12.385,17.92,21.745,20.555,20.635
4,21,2014,1,11.645,15.625,15.51,14.91,13.98,11.21,8.53,8.815,12.59,12.375,14.1,13.38,11.065,3.85,12.675,14.545,14.59,14.11,12.61,14.865,15.765,16.505,15.495,15.125,14.62,17.205,11.66,12.385,17.92,21.745,20.555
4,22,2014,2,10.595,11.645,15.625,15.51,14.91,13.98,11.21,8.53,8.815,12.59,12.375,14.1,13.38,11.065,3.85,12.675,14.545,14.59,14.11,12.61,14.865,15.765,16.505,15.495,15.125,14.62,17.205,11.66,12.385,17.92,21.745
4,23,2014,3,17.055,10.595,11.645,15.625,15.51,14.91,13.98,11.21,8.53,8.815,12.59,12.375,14.1,13.38,11.065,3.85,12.675,14.545,14.59,14.11,12.61,14.865,15.765,16.505,15.495,15.125,14.62,17.205,11.66,12.385,17.92
4,24,2014,4,16.035,17.055,10.595,11.645,15.625,15.51,14.91,13.98,11.21,8.53,8.815,12.59,12.375,14.1,13.38,11.065,3.85,12.675,14.545,14.59,14.11,12.61,14.865,15.765,16.505,15.495,15.125,14.62,17.205,11.66,12.385
4,25,2014,5,13.02,16.035,17.055,10.595,11.645,15.625,15.51,14.91,13.98,11.21,8.53,8.815,12.59,12.375,14.1,13.38,11.065,3.85,12.675,14.545,14.59,14.11,12.61,14.865,15.765,16.505,15.495,15.125,14.62,17.205,11.66
4,26,2014,6,14.945,13.02,16.035,17.055,10.595,11.645,15.625,15.51,14.91,13.98,11.21,8.53,8.815,12.59,12.375,14.1,13.38,11.065,3.85,12.675,14.545,14.59,14.11,12.61,14.865,15.765,16.505,15.495,15.125,14.62,17.205
4,27,2014,7,13.65,14.945,13.02,16.035,17.055,10.595,11.645,15.625,15.51,14.91,13.98,11.21,8.53,8.815,12.59,12.375,14.1,13.38,11.065,3.85,12.675,14.545,14.59,14.11,12.61,14.865,15.765,16.505,15.495,15.125,14.62
4,28,2014,1,15.59,13.65,14.945,13.02,16.035,17.055,10.595,11.645,15.625,15.51,14.91,13.98,11.21,8.53,8.815,12.59,12.375,14.1,13.38,11.065,3.85,12.675,14.545,14.59,14.11,12.61,14.865,15.765,16.505,15.495,15.125
4,29,2014,2,13.455,15.59,13.65,14.945,13.02,16.035,17.055,10.595,11.645,15.625,15.51,14.91,13.98,11.21,8.53,8.815,12.59,12.375,14.1,13.38,11.065,3.85,12.675,14.545,14.59,14.11,12.61,14.865,15.765,16.505,15.495
4,30,2014,3,2.915,13.455,15.59,13.65,14.945,13.02,16.035,17.055,10.595,11.645,15.625,15.51,14.91,13.98,11.21,8.53,8.815,12.59,12.375,14.1,13.38,11.065,3.85,12.675,14.545,14.59,14.11,12.61,14.865,15.765,16.505
5,1,2014,4,0.315,2.915,13.455,15.59,13.65,14.945,13.02,16.035,17.055,10.595,11.645,15.625,15.51,14.91,13.98,11.21,8.53,8.815,12.59,12.375,14.1,13.38,11.065,3.85,12.675,14.545,14.59,14.11,12.61,14.865,15.765
5,2,2014,5,-1.775,0.315,2.915,13.455,15.59,13.65,14.945,13.02,16.035,17.055,10.595,11.645,15.625,15.51,14.91,13.98,11.21,8.53,8.815,12.59,12.375,14.1,13.38,11.065,3.85,12.675,14.545,14.59,14.11,12.61,14.865
5,3,2014,6,1.035,-1.775,0.315,2.915,13.455,15.59,13.65,14.945,13.02,16.035,17.055,10.595,11.645,15.625,15.51,14.91,13.98,11.21,8.53,8.815,12.59,12.375,14.1,13.38,11.065,3.85,12.675,14.545,14.59,14.11,12.61
5,4,2014,7,10.85,1.035,-1.775,0.315,2.915,13.455,15.59,13.65,14.945,13.02,16.035,17.055,10.595,11.645,15.625,15.51,14.91,13.98,11.21,8.53,8.815,12.59,12.375,14.1,13.38,11.065,3.85,12.675,14.545,14.59,14.11
5,5,2014,1,11.435,10.85,1.035,-1.775,0.315,2.915,13.455,15.59,13.65,14.945,13.02,16.035,17.055,10.595,11.645,15.625,15.51,14.91,13.98,11.21,8.53,8.815,12.59,12.375,14.1,13.38,11.065,3.85,12.675,14.545,14.59
5,6,2014,2,10.61,11.435,10.85,1.035,-1.775,0.315,2.915,13.455,15.59,13.65,14.945,13.02,16.035,17.055,10.595,11.645,15.625,15.51,14.91,13.98,11.21,8.53,8.815,12.59,12.375,14.1,13.38,11.065,3.85,12.675,14.545
5,7,2014,3,10.545,10.61,11.435,10.85,1.035,-1.775,0.315,2.915,13.455,15.59,13.65,14.945,13.02,16.035,17.055,10.595,11.645,15.625,15.51,14.91,13.98,11.21,8.53,8.815,12.59,12.375,14.1,13.38,11.065,3.85,12.675
5,8,2014,4,10.385,10.545,10.61,11.435,10.85,1.035,-1.775,0.315,2.915,13.455,15.59,13.65,14.945,13.02,16.035,17.055,10.595,11.645,15.625,15.51,14.91,13.98,11.21,8.53,8.815,12.59,12.375,14.1,13.38,11.065,3.85
5,9,2014,5,11.0,10.385,10.545,10.61,11.435,10.85,1.035,-1.775,0.315,2.915,13.455,15.59,13.65,14.945,13.02,16.035,17.055,10.595,11.645,15.625,15.51,14.91,13.98,11.21,8.53,8.815,12.59,12.375,14.1,13.38,11.065
5,10,2014,6,13.47,11.0,10.385,10.545,10.61,11.435,10.85,1.035,-1.775,0.315,2.915,13.455,15.59,13.65,14.945,13.02,16.035,17.055,10.595,11.645,15.625,15.51,14.91,13.98,11.21,8.53,8.815,12.59,12.375,14.1,13.38
5,11,2014,7,11.34,13.47,11.0,10.385,10.545,10.61,11.435,10.85,1.035,-1.775,0.315,2.915,13.455,15.59,13.65,14.945,13.02,16.035,17.055,10.595,11.645,15.625,15.51,14.91,13.98,11.21,8.53,8.815,12.59,12.375,14.1
5,12,2014,1,9.12,11.34,13.47,11.0,10.385,10.545,10.61,11.435,10.85,1.035,-1.775,0.315,2.915,13.455,15.59,13.65,14.945,13.02,16.035,17.055,10.595,11.645,15.625,15.51,14.91,13.98,11.21,8.53,8.815,12.59,12.375
5,13,2014,2,3.265,9.12,11.34,13.47,11.0,10.385,10.545,10.61,11.435,10.85,1.035,-1.775,0.315,2.915,13.455,15.59,13.65,14.945,13.02,16.035,17.055,10.595,11.645,15.625,15.51,14.91,13.98,11.21,8.53,8.815,12.59
5,14,2014,3,-1.315,3.265,9.12,11.34,13.47,11.0,10.385,10.545,10.61,11.435,10.85,1.035,-1.775,0.315,2.915,13.455,15.59,13.65,14.945,13.02,16.035,17.055,10.595,11.645,15.625,15.51,14.91,13.98,11.21,8.53,8.815
5,15,2014,4,-1.83,-1.315,3.265,9.12,11.34,13.47,11.0,10.385,10.545,10.61,11.435,10.85,1.035,-1.775,0.315,2.915,13.455,15.59,13.65,14.945,13.02,16.035,17.055,10.595,11.645,15.625,15.51,14.91,13.98,11.21,8.53
5,16,2014,5,-0.3,-1.83,-1.315,3.265,9.12,11.34,13.47,11.0,10.385,10.545,10.61,11.435,10.85,1.035,-1.775,0.315,2.915,13.455,15.59,13.65,14.945,13.02,16.035,17.055,10.595,11.645,15.625,15.51,14.91,13.98,11.21
5,17,2014,6,3.13,-0.3,-1.83,-1.315,3.265,9.12,11.34,13.47,11.0,10.385,10.545,10.61,11.435,10.85,1.035,-1.775,0.315,2.915,13.455,15.59,13.65,14.945,13.02,16.035,17.055,10.595,11.645,15.625,15.51,14.91,13.98
5,18,2014,7,4.96,3.13,-0.3,-1.83,-1.315,3.265,9.12,11.34,13.47,11.0,10.385,10.545,10.61,11.435,10.85,1.035,-1.775,0.315,2.915,13.455,15.59,13.65,14.945,13.02,16.035,17.055,10.595,11.645,15.625,15.51,14.91
5,19,2014,1,8.135,4.96,3.13,-0.3,-1.83,-1.315,3.265,9.12,11.34,13.47,11.0,10.385,10.545,10.61,11.435,10.85,1.035,-1.775,0.315,2.915,13.455,15.59,13.65,14.945,13.02,16.035,17.055,10.595,11.645,15.625,15.51
5,20,2014,2,5.235,8.135,4.96,3.13,-0.3,-1.83,-1.315,3.265,9.12,11.34,13.47,11.0,10.385,10.545,10.61,11.435,10.85,1.035,-1.775,0.315,2.915,13.455,15.59,13.65,14.945,13.02,16.035,17.055,10.595,11.645,15.625
5,21,2014,3,4.775,5.235,8.135,4.96,3.13,-0.3,-1.83,-1.315,3.265,9.12,11.34,13.47,11.0,10.385,10.545,10.61,11.435,10.85,1.035,-1.775,0.315,2.915,13.455,15.59,13.65,14.945,13.02,16.035,17.055,10.595,11.645
5,22,2014,4,6.225,4.775,5.235,8.135,4.96,3.13,-0.3,-1.83,-1.315,3.265,9.12,11.34,13.47,11.0,10.385,10.545,10.61,11.435,10.85,1.035,-1.775,0.315,2.915,13.455,15.59,13.65,14.945,13.02,16.035,17.055,10.595
5,23,2014,5,2.045,6.225,4.775,5.235,8.135,4.96,3.13,-0.3,-1.83,-1.315,3.265,9.12,11.34,13.47,11.0,10.385,10.545,10.61,11.435,10.85,1.035,-1.775,0.315,2.915,13.455,15.59,13.65,14.945,13.02,16.035,17.055
5,24,2014,6,3.02,2.045,6.225,4.775,5.235,8.135,4.96,3.13,-0.3,-1.83,-1.315,3.265,9.12,11.34,13.47,11.0,10.385,10.545,10.61,11.435,10.85,1.035,-1.775,0.315,2.915,13.455,15.59,13.65,14.945,13.02,16.035
5,25,2014,7,6.765,3.02,2.045,6.225,4.775,5.235,8.135,4.96,3.13,-0.3,-1.83,-1.315,3.265,9.12,11.34,13.47,11.0,10.385,10.545,10.61,11.435,10.85,1.035,-1.775,0.315,2.915,13.455,15.59,13.65,14.945,13.02
5,26,2014,1,8.905,6.765,3.02,2.045,6.225,4.775,5.235,8.135,4.96,3.13,-0.3,-1.83,-1.315,3.265,9.12,11.34,13.47,11.0,10.385,10.545,10.61,11.435,10.85,1.035,-1.775,0.315,2.915,13.455,15.59,13.65,14.945
5,27,2014,2,6.15,8.905,6.765,3.02,2.045,6.225,4.775,5.235,8.135,4.96,3.13,-0.3,-1.83,-1.315,3.265,9.12,11.34,13.47,11.0,10.385,10.545,10.61,11.435,10.85,1.035,-1.775,0.315,2.915,13.455,15.59,13.65
5,28,2014,3,6.93,6.15,8.905,6.765,3.02,2.045,6.225,4.775,5.235,8.135,4.96,3.13,-0.3,-1.83,-1.315,3.265,9.12,11.34,13.47,11.0,10.385,10.545,10.61,11.435,10.85,1.035,-1.775,0.315,2.915,13.455,15.59
5,29,2014,4,7.78,6.93,6.15,8.905,6.765,3.02,2.045,6.225,4.775,5.235,8.135,4.96,3.13,-0.3,-1.83,-1.315,3.265,9.12,11.34,13.47,11.0,10.385,10.545,10.61,11.435,10.85,1.035,-1.775,0.315,2.915,13.455
5,30,2014,5,7.895,7.78,6.93,6.15,8.905,6.765,3.02,2.045,6.225,4.775,5.235,8.135,4.96,3.13,-0.3,-1.83,-1.315,3.265,9.12,11.34,13.47,11.0,10.385,10.545,10.61,11.435,10.85,1.035,-1.775,0.315,2.915
5,31,2014,6,6.965,7.895,7.78,6.93,6.15,8.905,6.765,3.02,2.045,6.225,4.775,5.235,8.135,4.96,3.13,-0.3,-1.83,-1.315,3.265,9.12,11.34,13.47,11.0,10.385,10.545,10.61,11.435,10.85,1.035,-1.775,0.315
6,1,2014,7,5.085,6.965,7.895,7.78,6.93,6.15,8.905,6.765,3.02,2.045,6.225,4.775,5.235,8.135,4.96,3.13,-0.3,-1.83,-1.315,3.265,9.12,11.34,13.47,11.0,10.385,10.545,10.61,11.435,10.85,1.035,-1.775
6,2,2014,1,4.085,5.085,6.965,7.895,7.78,6.93,6.15,8.905,6.765,3.02,2.045,6.225,4.775,5.235,8.135,4.96,3.13,-0.3,-1.83,-1.315,3.265,9.12,11.34,13.47,11.0,10.385,10.545,10.61,11.435,10.85,1.035
6,3,2014,2,4.56,4.085,5.085,6.965,7.895,7.78,6.93,6.15,8.905,6.765,3.02,2.045,6.225,4.775,5.235,8.135,4.96,3.13,-0.3,-1.83,-1.315,3.265,9.12,11.34,13.47,11.0,10.385,10.545,10.61,11.435,10.85
6,4,2014,3,5.68,4.56,4.085,5.085,6.965,7.895,7.78,6.93,6.15,8.905,6.765,3.02,2.045,6.225,4.775,5.235,8.135,4.96,3.13,-0.3,-1.83,-1.315,3.265,9.12,11.34,13.47,11.0,10.385,10.545,10.61,11.435
6,5,2014,4,7.43,5.68,4.56,4.085,5.085,6.965,7.895,7.78,6.93,6.15,8.905,6.765,3.02,2.045,6.225,4.775,5.235,8.135,4.96,3.13,-0.3,-1.83,-1.315,3.265,9.12,11.34,13.47,11.0,10.385,10.545,10.61
6,6,2014,5,5.055,7.43,5.68,4.56,4.085,5.085,6.965,7.895,7.78,6.93,6.15,8.905,6.765,3.02,2.045,6.225,4.775,5.235,8.135,4.96,3.13,-0.3,-1.83,-1.315,3.265,9.12,11.34,13.47,11.0,10.385,10.545
6,7,2014,6,2.61,5.055,7.43,5.68,4.56,4.085,5.085,6.965,7.895,7.78,6.93,6.15,8.905,6.765,3.02,2.045,6.225,4.775,5.235,8.135,4.96,3.13,-0.3,-1.83,-1.315,3.265,9.12,11.34,13.47,11.0,10.385
6,8,2014,7,2.065,2.61,5.055,7.43,5.68,4.56,4.085,5.085,6.965,7.895,7.78,6.93,6.15,8.905,6.765,3.02,2.045,6.225,4.775,5.235,8.135,4.96,3.13,-0.3,-1.83,-1.315,3.265,9.12,11.34,13.47,11.0
6,9,2014,1,2.715,2.065,2.61,5.055,7.43,5.68,4.56,4.085,5.085,6.965,7.895,7.78,6.93,6.15,8.905,6.765,3.02,2.045,6.225,4.775,5.235,8.135,4.96,3.13,-0.3,-1.83,-1.315,3.265,9.12,11.34,13.47
6,10,2014,2,4.46,2.715,2.065,2.61,5.055,7.43,5.68,4.56,4.085,5.085,6.965,7.895,7.78,6.93,6.15,8.905,6.765,3.02,2.045,6.225,4.775,5.235,8.135,4.96,3.13,-0.3,-1.83,-1.315,3.265,9.12,11.34
6,11,2014,3,5.835,4.46,2.715,2.065,2.61,5.055,7.43,5.68,4.56,4.085,5.085,6.965,7.895,7.78,6.93,6.15,8.905,6.765,3.02,2.045,6.225,4.775,5.235,8.135,4.96,3.13,-0.3,-1.83,-1.315,3.265,9.12
6,12,2014,4,2.61,5.835,4.46,2.715,2.065,2.61,5.055,7.43,5.68,4.56,4.085,5.085,6.965,7.895,7.78,6.93,6.15,8.905,6.765,3.02,2.045,6.225,4.775,5.235,8.135,4.96,3.13,-0.3,-1.83,-1.315,3.265
6,13,2014,5,3.315,2.61,5.835,4.46,2.715,2.065,2.61,5.055,7.43,5.68,4.56,4.085,5.085,6.965,7.895,7.78,6.93,6.15,8.905,6.765,3.02,2.045,6.225,4.775,5.235,8.135,4.96,3.13,-0.3,-1.83,-1.315
6,14,2014,6,7.415,3.315,2.61,5.835,4.46,2.715,2.065,2.61,5.055,7.43,5.68,4.56,4.085,5.085,6.965,7.895,7.78,6.93,6.15,8.905,6.765,3.02,2.045,6.225,4.775,5.235,8.135,4.96,3.13,-0.3,-1.83
6,15,2014,7,6.715,7.415,3.315,2.61,5.835,4.46,2.715,2.065,2.61,5.055,7.43,5.68,4.56,4.085,5.085,6.965,7.895,7.78,6.93,6.15,8.905,6.765,3.02,2.045,6.225,4.775,5.235,8.135,4.96,3.13,-0.3
6,16,2014,1,9.185,6.715,7.415,3.315,2.61,5.835,4.46,2.715,2.065,2.61,5.055,7.43,5.68,4.56,4.085,5.085,6.965,7.895,7.78,6.93,6.15,8.905,6.765,3.02,2.045,6.225,4.775,5.235,8.135,4.96,3.13
6,17,2014,2,9.555,9.185,6.715,7.415,3.315,2.61,5.835,4.46,2.715,2.065,2.61,5.055,7.43,5.68,4.56,4.085,5.085,6.965,7.895,7.78,6.93,6.15,8.905,6.765,3.02,2.045,6.225,4.775,5.235,8.135,4.96
6,18,2014,3,7.125,9.555,9.185,6.715,7.415,3.315,2.61,5.835,4.46,2.715,2.065,2.61,5.055,7.43,5.68,4.56,4.085,5.085,6.965,7.895,7.78,6.93,6.15,8.905,6.765,3.02,2.045,6.225,4.775,5.235,8.135
6,19,2014,4,6.46,7.125,9.555,9.185,6.715,7.415,3.315,2.61,5.835,4.46,2.715,2.065,2.61,5.055,7.43,5.68,4.56,4.085,5.085,6.965,7.895,7.78,6.93,6.15,8.905,6.765,3.02,2.045,6.225,4.775,5.235
6,20,2014,5,1.725,6.46,7.125,9.555,9.185,6.715,7.415,3.315,2.61,5.835,4.46,2.715,2.065,2.61,5.055,7.43,5.68,4.56,4.085,5.085,6.965,7.895,7.78,6.93,6.15,8.905,6.765,3.02,2.045,6.225,4.775
6,21,2014,6,6.095,1.725,6.46,7.125,9.555,9.185,6.715,7.415,3.315,2.61,5.835,4.46,2.715,2.065,2.61,5.055,7.43,5.68,4.56,4.085,5.085,6.965,7.895,7.78,6.93,6.15,8.905,6.765,3.02,2.045,6.225
6,22,2014,7,4.225,6.095,1.725,6.46,7.125,9.555,9.185,6.715,7.415,3.315,2.61,5.835,4.46,2.715,2.065,2.61,5.055,7.43,5.68,4.56,4.085,5.085,6.965,7.895,7.78,6.93,6.15,8.905,6.765,3.02,2.045
6,23,2014,1,1.765,4.225,6.095,1.725,6.46,7.125,9.555,9.185,6.715,7.415,3.315,2.61,5.835,4.46,2.715,2.065,2.61,5.055,7.43,5.68,4.56,4.085,5.085,6.965,7.895,7.78,6.93,6.15,8.905,6.765,3.02
6,24,2014,2,1.19,1.765,4.225,6.095,1.725,6.46,7.125,9.555,9.185,6.715,7.415,3.315,2.61,5.835,4.46,2.715,2.065,2.61,5.055,7.43,5.68,4.56,4.085,5.085,6.965,7.895,7.78,6.93,6.15,8.905,6.765
6,25,2014,3,0.655,1.19,1.765,4.225,6.095,1.725,6.46,7.125,9.555,9.185,6.715,7.415,3.315,2.61,5.835,4.46,2.715,2.065,2.61,5.055,7.43,5.68,4.56,4.085,5.085,6.965,7.895,7.78,6.93,6.15,8.905
6,26,2014,4,0.29,0.655,1.19,1.765,4.225,6.095,1.725,6.46,7.125,9.555,9.185,6.715,7.415,3.315,2.61,5.835,4.46,2.715,2.065,2.61,5.055,7.43,5.68,4.56,4.085,5.085,6.965,7.895,7.78,6.93,6.15
6,27,2014,5,1.815,0.29,0.655,1.19,1.765,4.225,6.095,1.725,6.46,7.125,9.555,9.185,6.715,7.415,3.315,2.61,5.835,4.46,2.715,2.065,2.61,5.055,7.43,5.68,4.56,4.085,5.085,6.965,7.895,7.78,6.93
6,28,2014,6,3.27,1.815,0.29,0.655,1.19,1.765,4.225,6.095,1.725,6.46,7.125,9.555,9.185,6.715,7.415,3.315,2.61,5.835,4.46,2.715,2.065,2.61,5.055,7.43,5.68,4.56,4.085,5.085,6.965,7.895,7.78
6,29,2014,7,2.57,3.27,1.815,0.29,0.655,1.19,1.765,4.225,6.095,1.725,6.46,7.125,9.555,9.185,6.715,7.415,3.315,2.61,5.835,4.46,2.715,2.065,2.61,5.055,7.43,5.68,4.56,4.085,5.085,6.965,7.895
6,30,2014,1,4.06,2.57,3.27,1.815,0.29,0.655,1.19,1.765,4.225,6.095,1.725,6.46,7.125,9.555,9.185,6.715,7.415,3.315,2.61,5.835,4.46,2.715,2.065,2.61,5.055,7.43,5.68,4.56,4.085,5.085,6.965
7,1,2014,2,1.035,4.06,2.57,3.27,1.815,0.29,0.655,1.19,1.765,4.225,6.095,1.725,6.46,7.125,9.555,9.185,6.715,7.415,3.315,2.61,5.835,4.46,2.715,2.065,2.61,5.055,7.43,5.68,4.56,4.085,5.085
7,2,2014,3,-8.46,1.035,4.06,2.57,3.27,1.815,0.29,0.655,1.19,1.765,4.225,6.095,1.725,6.46,7.125,9.555,9.185,6.715,7.415,3.315,2.61,5.835,4.46,2.715,2.065,2.61,5.055,7.43,5.68,4.56,4.085
7,3,2014,4,-4.815,-8.46,1.035,4.06,2.57,3.27,1.815,0.29,0.655,1.19,1.765,4.225,6.095,1.725,6.46,7.125,9.555,9.185,6.715,7.415,3.315,2.61,5.835,4.46,2.715,2.065,2.61,5.055,7.43,5.68,4.56
7,4,2014,5,2.79,-4.815,-8.46,1.035,4.06,2.57,3.27,1.815,0.29,0.655,1.19,1.765,4.225,6.095,1.725,6.46,7.125,9.555,9.185,6.715,7.415,3.315,2.61,5.835,4.46,2.715,2.065,2.61,5.055,7.43,5.68
7,5,2014,6,1.725,2.79,-4.815,-8.46,1.035,4.06,2.57,3.27,1.815,0.29,0.655,1.19,1.765,4.225,6.095,1.725,6.46,7.125,9.555,9.185,6.715,7.415,3.315,2.61,5.835,4.46,2.715,2.065,2.61,5.055,7.43
7,6,2014,7,0.865,1.725,2.79,-4.815,-8.46,1.035,4.06,2.57,3.27,1.815,0.29,0.655,1.19,1.765,4.225,6.095,1.725,6.46,7.125,9.555,9.185,6.715,7.415,3.315,2.61,5.835,4.46,2.715,2.065,2.61,5.055
7,7,2014,1,-4.24,0.865,1.725,2.79,-4.815,-8.46,1.035,4.06,2.57,3.27,1.815,0.29,0.655,1.19,1.765,4.225,6.095,1.725,6.46,7.125,9.555,9.185,6.715,7.415,3.315,2.61,5.835,4.46,2.715,2.065,2.61
7,8,2014,2,-5.06,-4.24,0.865,1.725,2.79,-4.815,-8.46,1.035,4.06,2.57,3.27,1.815,0.29,0.655,1.19,1.765,4.225,6.095,1.725,6.46,7.125,9.555,9.185,6.715,7.415,3.315,2.61,5.835,4.46,2.715,2.065
7,9,2014,3,-5.41,-5.06,-4.24,0.865,1.725,2.79,-4.815,-8.46,1.035,4.06,2.57,3.27,1.815,0.29,0.655,1.19,1.765,4.225,6.095,1.725,6.46,7.125,9.555,9.185,6.715,7.415,3.315,2.61,5.835,4.46,2.715
7,10,2014,4,-1.41,-5.41,-5.06,-4.24,0.865,1.725,2.79,-4.815,-8.46,1.035,4.06,2.57,3.27,1.815,0.29,0.655,1.19,1.765,4.225,6.095,1.725,6.46,7.125,9.555,9.185,6.715,7.415,3.315,2.61,5.835,4.46
7,11,2014,5,-3.335,-1.41,-5.41,-5.06,-4.24,0.865,1.725,2.79,-4.815,-8.46,1.035,4.06,2.57,3.27,1.815,0.29,0.655,1.19,1.765,4.225,6.095,1.725,6.46,7.125,9.555,9.185,6.715,7.415,3.315,2.61,5.835
7,12,2014,6,-5.82,-3.335,-1.41,-5.41,-5.06,-4.24,0.865,1.725,2.79,-4.815,-8.46,1.035,4.06,2.57,3.27,1.815,0.29,0.655,1.19,1.765,4.225,6.095,1.725,6.46,7.125,9.555,9.185,6.715,7.415,3.315,2.61
7,13,2014,7,-7.18,-5.82,-3.335,-1.41,-5.41,-5.06,-4.24,0.865,1.725,2.79,-4.815,-8.46,1.035,4.06,2.57,3.27,1.815,0.29,0.655,1.19,1.765,4.225,6.095,1.725,6.46,7.125,9.555,9.185,6.715,7.415,3.315
7,14,2014,1,-8.575,-7.18,-5.82,-3.335,-1.41,-5.41,-5.06,-4.24,0.865,1.725,2.79,-4.815,-8.46,1.035,4.06,2.57,3.27,1.815,0.29,0.655,1.19,1.765,4.225,6.095,1.725,6.46,7.125,9.555,9.185,6.715,7.415
7,15,2014,2,-2.625,-8.575,-7.18,-5.82,-3.335,-1.41,-5.41,-5.06,-4.24,0.865,1.725,2.79,-4.815,-8.46,1.035,4.06,2.57,3.27,1.815,0.29,0.655,1.19,1.765,4.225,6.095,1.725,6.46,7.125,9.555,9.185,6.715
7,16,2014,3,-3.655,-2.625,-8.575,-7.18,-5.82,-3.335,-1.41,-5.41,-5.06,-4.24,0.865,1.725,2.79,-4.815,-8.46,1.035,4.06,2.57,3.27,1.815,0.29,0.655,1.19,1.765,4.225,6.095,1.725,6.46,7.125,9.555,9.185
7,17,2014,4,-3.43,-3.655,-2.625,-8.575,-7.18,-5.82,-3.335,-1.41,-5.41,-5.06,-4.24,0.865,1.725,2.79,-4.815,-8.46,1.035,4.06,2.57,3.27,1.815,0.29,0.655,1.19,1.765,4.225,6.095,1.725,6.46,7.125,9.555
7,18,2014,5,-0.975,-3.43,-3.655,-2.625,-8.575,-7.18,-5.82,-3.335,-1.41,-5.41,-5.06,-4.24,0.865,1.725,2.79,-4.815,-8.46,1.035,4.06,2.57,3.27,1.815,0.29,0.655,1.19,1.765,4.225,6.095,1.725,6.46,7.125
7,19,2014,6,1.06,-0.975,-3.43,-3.655,-2.625,-8.575,-7.18,-5.82,-3.335,-1.41,-5.41,-5.06,-4.24,0.865,1.725,2.79,-4.815,-8.46,1.035,4.06,2.57,3.27,1.815,0.29,0.655,1.19,1.765,4.225,6.095,1.725,6.46
7,20,2014,7,-0.875,1.06,-0.975,-3.43,-3.655,-2.625,-8.575,-7.18,-5.82,-3.335,-1.41,-5.41,-5.06,-4.24,0.865,1.725,2.79,-4.815,-8.46,1.035,4.06,2.57,3.27,1.815,0.29,0.655,1.19,1.765,4.225,6.095,1.725
7,21,2014,1,4.03,-0.875,1.06,-0.975,-3.43,-3.655,-2.625,-8.575,-7.18,-5.82,-3.335,-1.41,-5.41,-5.06,-4.24,0.865,1.725,2.79,-4.815,-8.46,1.035,4.06,2.57,3.27,1.815,0.29,0.655,1.19,1.765,4.225,6.095
7,22,2014,2,1.515,4.03,-0.875,1.06,-0.975,-3.43,-3.655,-2.625,-8.575,-7.18,-5.82,-3.335,-1.41,-5.41,-5.06,-4.24,0.865,1.725,2.79,-4.815,-8.46,1.035,4.06,2.57,3.27,1.815,0.29,0.655,1.19,1.765,4.225
7,23,2014,3,4.945,1.515,4.03,-0.875,1.06,-0.975,-3.43,-3.655,-2.625,-8.575,-7.18,-5.82,-3.335,-1.41,-5.41,-5.06,-4.24,0.865,1.725,2.79,-4.815,-8.46,1.035,4.06,2.57,3.27,1.815,0.29,0.655,1.19,1.765
7,24,2014,4,4.355,4.945,1.515,4.03,-0.875,1.06,-0.975,-3.43,-3.655,-2.625,-8.575,-7.18,-5.82,-3.335,-1.41,-5.41,-5.06,-4.24,0.865,1.725,2.79,-4.815,-8.46,1.035,4.06,2.57,3.27,1.815,0.29,0.655,1.19
7,25,2014,5,3.615,4.355,4.945,1.515,4.03,-0.875,1.06,-0.975,-3.43,-3.655,-2.625,-8.575,-7.18,-5.82,-3.335,-1.41,-5.41,-5.06,-4.24,0.865,1.725,2.79,-4.815,-8.46,1.035,4.06,2.57,3.27,1.815,0.29,0.655
7,26,2014,6,0.875,3.615,4.355,4.945,1.515,4.03,-0.875,1.06,-0.975,-3.43,-3.655,-2.625,-8.575,-7.18,-5.82,-3.335,-1.41,-5.41,-5.06,-4.24,0.865,1.725,2.79,-4.815,-8.46,1.035,4.06,2.57,3.27,1.815,0.29
7,27,2014,7,-0.03,0.875,3.615,4.355,4.945,1.515,4.03,-0.875,1.06,-0.975,-3.43,-3.655,-2.625,-8.575,-7.18,-5.82,-3.335,-1.41,-5.41,-5.06,-4.24,0.865,1.725,2.79,-4.815,-8.46,1.035,4.06,2.57,3.27,1.815
7,28,2014,1,-2.62,-0.03,0.875,3.615,4.355,4.945,1.515,4.03,-0.875,1.06,-0.975,-3.43,-3.655,-2.625,-8.575,-7.18,-5.82,-3.335,-1.41,-5.41,-5.06,-4.24,0.865,1.725,2.79,-4.815,-8.46,1.035,4.06,2.57,3.27
7,29,2014,2,-4.12,-2.62,-0.03,0.875,3.615,4.355,4.945,1.515,4.03,-0.875,1.06,-0.975,-3.43,-3.655,-2.625,-8.575,-7.18,-5.82,-3.335,-1.41,-5.41,-5.06,-4.24,0.865,1.725,2.79,-4.815,-8.46,1.035,4.06,2.57
7,30,2014,3,-4.26,-4.12,-2.62,-0.03,0.875,3.615,4.355,4.945,1.515,4.03,-0.875,1.06,-0.975,-3.43,-3.655,-2.625,-8.575,-7.18,-5.82,-3.335,-1.41,-5.41,-5.06,-4.24,0.865,1.725,2.79,-4.815,-8.46,1.035,4.06
7,31,2014,4,-4.205,-4.26,-4.12,-2.62,-0.03,0.875,3.615,4.355,4.945,1.515,4.03,-0.875,1.06,-0.975,-3.43,-3.655,-2.625,-8.575,-7.18,-5.82,-3.335,-1.41,-5.41,-5.06,-4.24,0.865,1.725,2.79,-4.815,-8.46,1.035
8,1,2014,5,-4.89,-4.205,-4.26,-4.12,-2.62,-0.03,0.875,3.615,4.355,4.945,1.515,4.03,-0.875,1.06,-0.975,-3.43,-3.655,-2.625,-8.575,-7.18,-5.82,-3.335,-1.41,-5.41,-5.06,-4.24,0.865,1.725,2.79,-4.815,-8.46
8,2,2014,6,-2.145,-4.89,-4.205,-4.26,-4.12,-2.62,-0.03,0.875,3.615,4.355,4.945,1.515,4.03,-0.875,1.06,-0.975,-3.43,-3.655,-2.625,-8.575,-7.18,-5.82,-3.335,-1.41,-5.41,-5.06,-4.24,0.865,1.725,2.79,-4.815
8,3,2014,7,-0.265,-2.145,-4.89,-4.205,-4.26,-4.12,-2.62,-0.03,0.875,3.615,4.355,4.945,1.515,4.03,-0.875,1.06,-0.975,-3.43,-3.655,-2.625,-8.575,-7.18,-5.82,-3.335,-1.41,-5.41,-5.06,-4.24,0.865,1.725,2.79
8,4,2014,1,-4.63,-0.265,-2.145,-4.89,-4.205,-4.26,-4.12,-2.62,-0.03,0.875,3.615,4.355,4.945,1.515,4.03,-0.875,1.06,-0.975,-3.43,-3.655,-2.625,-8.575,-7.18,-5.82,-3.335,-1.41,-5.41,-5.06,-4.24,0.865,1.725
8,5,2014,2,-6.455,-4.63,-0.265,-2.145,-4.89,-4.205,-4.26,-4.12,-2.62,-0.03,0.875,3.615,4.355,4.945,1.515,4.03,-0.875,1.06,-0.975,-3.43,-3.655,-2.625,-8.575,-7.18,-5.82,-3.335,-1.41,-5.41,-5.06,-4.24,0.865
8,6,2014,3,-3.555,-6.455,-4.63,-0.265,-2.145,-4.89,-4.205,-4.26,-4.12,-2.62,-0.03,0.875,3.615,4.355,4.945,1.515,4.03,-0.875,1.06,-0.975,-3.43,-3.655,-2.625,-8.575,-7.18,-5.82,-3.335,-1.41,-5.41,-5.06,-4.24
8,7,2014,4,-5.19,-3.555,-6.455,-4.63,-0.265,-2.145,-4.89,-4.205,-4.26,-4.12,-2.62,-0.03,0.875,3.615,4.355,4.945,1.515,4.03,-0.875,1.06,-0.975,-3.43,-3.655,-2.625,-8.575,-7.18,-5.82,-3.335,-1.41,-5.41,-5.06
8,8,2014,5,-1.57,-5.19,-3.555,-6.455,-4.63,-0.265,-2.145,-4.89,-4.205,-4.26,-4.12,-2.62,-0.03,0.875,3.615,4.355,4.945,1.515,4.03,-0.875,1.06,-0.975,-3.43,-3.655,-2.625,-8.575,-7.18,-5.82,-3.335,-1.41,-5.41
8,9,2014,6,-0.38,-1.57,-5.19,-3.555,-6.455,-4.63,-0.265,-2.145,-4.89,-4.205,-4.26,-4.12,-2.62,-0.03,0.875,3.615,4.355,4.945,1.515,4.03,-0.875,1.06,-0.975,-3.43,-3.655,-2.625,-8.575,-7.18,-5.82,-3.335,-1.41
8,10,2014,7,-1.69,-0.38,-1.57,-5.19,-3.555,-6.455,-4.63,-0.265,-2.145,-4.89,-4.205,-4.26,-4.12,-2.62,-0.03,0.875,3.615,4.355,4.945,1.515,4.03,-0.875,1.06,-0.975,-3.43,-3.655,-2.625,-8.575,-7.18,-5.82,-3.335
8,11,2014,1,-3.515,-1.69,-0.38,-1.57,-5.19,-3.555,-6.455,-4.63,-0.265,-2.145,-4.89,-4.205,-4.26,-4.12,-2.62,-0.03,0.875,3.615,4.355,4.945,1.515,4.03,-0.875,1.06,-0.975,-3.43,-3.655,-2.625,-8.575,-7.18,-5.82
8,12,2014,2,-5.12,-3.515,-1.69,-0.38,-1.57,-5.19,-3.555,-6.455,-4.63,-0.265,-2.145,-4.89,-4.205,-4.26,-4.12,-2.62,-0.03,0.875,3.615,4.355,4.945,1.515,4.03,-0.875,1.06,-0.975,-3.43,-3.655,-2.625,-8.575,-7.18
8,13,2014,3,-4.72,-5.12,-3.515,-1.69,-0.38,-1.57,-5.19,-3.555,-6.455,-4.63,-0.265,-2.145,-4.89,-4.205,-4.26,-4.12,-2.62,-0.03,0.875,3.615,4.355,4.945,1.515,4.03,-0.875,1.06,-0.975,-3.43,-3.655,-2.625,-8.575
8,14,2014,4,0.43,-4.72,-5.12,-3.515,-1.69,-0.38,-1.57,-5.19,-3.555,-6.455,-4.63,-0.265,-2.145,-4.89,-4.205,-4.26,-4.12,-2.62,-0.03,0.875,3.615,4.355,4.945,1.515,4.03,-0.875,1.06,-0.975,-3.43,-3.655,-2.625
8,15,2014,5,3.555,0.43,-4.72,-5.12,-3.515,-1.69,-0.38,-1.57,-5.19,-3.555,-6.455,-4.63,-0.265,-2.145,-4.89,-4.205,-4.26,-4.12,-2.62,-0.03,0.875,3.615,4.355,4.945,1.515,4.03,-0.875,1.06,-0.975,-3.43,-3.655
8,16,2014,6,-1.1,3.555,0.43,-4.72,-5.12,-3.515,-1.69,-0.38,-1.57,-5.19,-3.555,-6.455,-4.63,-0.265,-2.145,-4.89,-4.205,-4.26,-4.12,-2.62,-0.03,0.875,3.615,4.355,4.945,1.515,4.03,-0.875,1.06,-0.975,-3.43
8,17,2014,7,-1.22,-1.1,3.555,0.43,-4.72,-5.12,-3.515,-1.69,-0.38,-1.57,-5.19,-3.555,-6.455,-4.63,-0.265,-2.145,-4.89,-4.205,-4.26,-4.12,-2.62,-0.03,0.875,3.615,4.355,4.945,1.515,4.03,-0.875,1.06,-0.975
8,18,2014,1,-2.07,-1.22,-1.1,3.555,0.43,-4.72,-5.12,-3.515,-1.69,-0.38,-1.57,-5.19,-3.555,-6.455,-4.63,-0.265,-2.145,-4.89,-4.205,-4.26,-4.12,-2.62,-0.03,0.875,3.615,4.355,4.945,1.515,4.03,-0.875,1.06
8,19,2014,2,-3.695,-2.07,-1.22,-1.1,3.555,0.43,-4.72,-5.12,-3.515,-1.69,-0.38,-1.57,-5.19,-3.555,-6.455,-4.63,-0.265,-2.145,-4.89,-4.205,-4.26,-4.12,-2.62,-0.03,0.875,3.615,4.355,4.945,1.515,4.03,-0.875
8,20,2014,3,-2.71,-3.695,-2.07,-1.22,-1.1,3.555,0.43,-4.72,-5.12,-3.515,-1.69,-0.38,-1.57,-5.19,-3.555,-6.455,-4.63,-0.265,-2.145,-4.89,-4.205,-4.26,-4.12,-2.62,-0.03,0.875,3.615,4.355,4.945,1.515,4.03
8,21,2014,4,0.1,-2.71,-3.695,-2.07,-1.22,-1.1,3.555,0.43,-4.72,-5.12,-3.515,-1.69,-0.38,-1.57,-5.19,-3.555,-6.455,-4.63,-0.265,-2.145,-4.89,-4.205,-4.26,-4.12,-2.62,-0.03,0.875,3.615,4.355,4.945,1.515
8,22,2014,5,2.92,0.1,-2.71,-3.695,-2.07,-1.22,-1.1,3.555,0.43,-4.72,-5.12,-3.515,-1.69,-0.38,-1.57,-5.19,-3.555,-6.455,-4.63,-0.265,-2.145,-4.89,-4.205,-4.26,-4.12,-2.62,-0.03,0.875,3.615,4.355,4.945
8,23,2014,6,-0.185,2.92,0.1,-2.71,-3.695,-2.07,-1.22,-1.1,3.555,0.43,-4.72,-5.12,-3.515,-1.69,-0.38,-1.57,-5.19,-3.555,-6.455,-4.63,-0.265,-2.145,-4.89,-4.205,-4.26,-4.12,-2.62,-0.03,0.875,3.615,4.355
8,24,2014,7,-0.405,-0.185,2.92,0.1,-2.71,-3.695,-2.07,-1.22,-1.1,3.555,0.43,-4.72,-5.12,-3.515,-1.69,-0.38,-1.57,-5.19,-3.555,-6.455,-4.63,-0.265,-2.145,-4.89,-4.205,-4.26,-4.12,-2.62,-0.03,0.875,3.615
8,25,2014,1,-0.605,-0.405,-0.185,2.92,0.1,-2.71,-3.695,-2.07,-1.22,-1.1,3.555,0.43,-4.72,-5.12,-3.515,-1.69,-0.38,-1.57,-5.19,-3.555,-6.455,-4.63,-0.265,-2.145,-4.89,-4.205,-4.26,-4.12,-2.62,-0.03,0.875
8,26,2014,2,-0.995,-0.605,-0.405,-0.185,2.92,0.1,-2.71,-3.695,-2.07,-1.22,-1.1,3.555,0.43,-4.72,-5.12,-3.515,-1.69,-0.38,-1.57,-5.19,-3.555,-6.455,-4.63,-0.265,-2.145,-4.89,-4.205,-4.26,-4.12,-2.62,-0.03
8,27,2014,3,-1.6,-0.995,-0.605,-0.405,-0.185,2.92,0.1,-2.71,-3.695,-2.07,-1.22,-1.1,3.555,0.43,-4.72,-5.12,-3.515,-1.69,-0.38,-1.57,-5.19,-3.555,-6.455,-4.63,-0.265,-2.145,-4.89,-4.205,-4.26,-4.12,-2.62
8,28,2014,4,-2.81,-1.6,-0.995,-0.605,-0.405,-0.185,2.92,0.1,-2.71,-3.695,-2.07,-1.22,-1.1,3.555,0.43,-4.72,-5.12,-3.515,-1.69,-0.38,-1.57,-5.19,-3.555,-6.455,-4.63,-0.265,-2.145,-4.89,-4.205,-4.26,-4.12
8,29,2014,5,-0.595,-2.81,-1.6,-0.995,-0.605,-0.405,-0.185,2.92,0.1,-2.71,-3.695,-2.07,-1.22,-1.1,3.555,0.43,-4.72,-5.12,-3.515,-1.69,-0.38,-1.57,-5.19,-3.555,-6.455,-4.63,-0.265,-2.145,-4.89,-4.205,-4.26
8,30,2014,6,-0.44,-0.595,-2.81,-1.6,-0.995,-0.605,-0.405,-0.185,2.92,0.1,-2.71,-3.695,-2.07,-1.22,-1.1,3.555,0.43,-4.72,-5.12,-3.515,-1.69,-0.38,-1.57,-5.19,-3.555,-6.455,-4.63,-0.265,-2.145,-4.89,-4.205
8,31,2014,7,3.855,-0.44,-0.595,-2.81,-1.6,-0.995,-0.605,-0.405,-0.185,2.92,0.1,-2.71,-3.695,-2.07,-1.22,-1.1,3.555,0.43,-4.72,-5.12,-3.515,-1.69,-0.38,-1.57,-5.19,-3.555,-6.455,-4.63,-0.265,-2.145,-4.89
9,1,2014,1,3.615,3.855,-0.44,-0.595,-2.81,-1.6,-0.995,-0.605,-0.405,-0.185,2.92,0.1,-2.71,-3.695,-2.07,-1.22,-1.1,3.555,0.43,-4.72,-5.12,-3.515,-1.69,-0.38,-1.57,-5.19,-3.555,-6.455,-4.63,-0.265,-2.145
9,2,2014,2,0.195,3.615,3.855,-0.44,-0.595,-2.81,-1.6,-0.995,-0.605,-0.405,-0.185,2.92,0.1,-2.71,-3.695,-2.07,-1.22,-1.1,3.555,0.43,-4.72,-5.12,-3.515,-1.69,-0.38,-1.57,-5.19,-3.555,-6.455,-4.63,-0.265
9,3,2014,3,2.6,0.195,3.615,3.855,-0.44,-0.595,-2.81,-1.6,-0.995,-0.605,-0.405,-0.185,2.92,0.1,-2.71,-3.695,-2.07,-1.22,-1.1,3.555,0.43,-4.72,-5.12,-3.515,-1.69,-0.38,-1.57,-5.19,-3.555,-6.455,-4.63
9,4,2014,4,4.325,2.6,0.195,3.615,3.855,-0.44,-0.595,-2.81,-1.6,-0.995,-0.605,-0.405,-0.185,2.92,0.1,-2.71,-3.695,-2.07,-1.22,-1.1,3.555,0.43,-4.72,-5.12,-3.515,-1.69,-0.38,-1.57,-5.19,-3.555,-6.455
9,5,2014,5,2.61,4.325,2.6,0.195,3.615,3.855,-0.44,-0.595,-2.81,-1.6,-0.995,-0.605,-0.405,-0.185,2.92,0.1,-2.71,-3.695,-2.07,-1.22,-1.1,3.555,0.43,-4.72,-5.12,-3.515,-1.69,-0.38,-1.57,-5.19,-3.555
9,6,2014,6,-3.715,2.61,4.325,2.6,0.195,3.615,3.855,-0.44,-0.595,-2.81,-1.6,-0.995,-0.605,-0.405,-0.185,2.92,0.1,-2.71,-3.695,-2.07,-1.22,-1.1,3.555,0.43,-4.72,-5.12,-3.515,-1.69,-0.38,-1.57,-5.19
9,7,2014,7,-3.665,-3.715,2.61,4.325,2.6,0.195,3.615,3.855,-0.44,-0.595,-2.81,-1.6,-0.995,-0.605,-0.405,-0.185,2.92,0.1,-2.71,-3.695,-2.07,-1.22,-1.1,3.555,0.43,-4.72,-5.12,-3.515,-1.69,-0.38,-1.57
9,8,2014,1,0.445,-3.665,-3.715,2.61,4.325,2.6,0.195,3.615,3.855,-0.44,-0.595,-2.81,-1.6,-0.995,-0.605,-0.405,-0.185,2.92,0.1,-2.71,-3.695,-2.07,-1.22,-1.1,3.555,0.43,-4.72,-5.12,-3.515,-1.69,-0.38
9,9,2014,2,4.095,0.445,-3.665,-3.715,2.61,4.325,2.6,0.195,3.615,3.855,-0.44,-0.595,-2.81,-1.6,-0.995,-0.605,-0.405,-0.185,2.92,0.1,-2.71,-3.695,-2.07,-1.22,-1.1,3.555,0.43,-4.72,-5.12,-3.515,-1.69
9,10,2014,3,1.72,4.095,0.445,-3.665,-3.715,2.61,4.325,2.6,0.195,3.615,3.855,-0.44,-0.595,-2.81,-1.6,-0.995,-0.605,-0.405,-0.185,2.92,0.1,-2.71,-3.695,-2.07,-1.22,-1.1,3.555,0.43,-4.72,-5.12,-3.515
9,11,2014,4,3.03,1.72,4.095,0.445,-3.665,-3.715,2.61,4.325,2.6,0.195,3.615,3.855,-0.44,-0.595,-2.81,-1.6,-0.995,-0.605,-0.405,-0.185,2.92,0.1,-2.71,-3.695,-2.07,-1.22,-1.1,3.555,0.43,-4.72,-5.12
9,12,2014,5,-0.675,3.03,1.72,4.095,0.445,-3.665,-3.715,2.61,4.325,2.6,0.195,3.615,3.855,-0.44,-0.595,-2.81,-1.6,-0.995,-0.605,-0.405,-0.185,2.92,0.1,-2.71,-3.695,-2.07,-1.22,-1.1,3.555,0.43,-4.72
9,13,2014,6,1.28,-0.675,3.03,1.72,4.095,0.445,-3.665,-3.715,2.61,4.325,2.6,0.195,3.615,3.855,-0.44,-0.595,-2.81,-1.6,-0.995,-0.605,-0.405,-0.185,2.92,0.1,-2.71,-3.695,-2.07,-1.22,-1.1,3.555,0.43
9,14,2014,7,-1.935,1.28,-0.675,3.03,1.72,4.095,0.445,-3.665,-3.715,2.61,4.325,2.6,0.195,3.615,3.855,-0.44,-0.595,-2.81,-1.6,-0.995,-0.605,-0.405,-0.185,2.92,0.1,-2.71,-3.695,-2.07,-1.22,-1.1,3.555
9,15,2014,1,-2.895,-1.935,1.28,-0.675,3.03,1.72,4.095,0.445,-3.665,-3.715,2.61,4.325,2.6,0.195,3.615,3.855,-0.44,-0.595,-2.81,-1.6,-0.995,-0.605,-0.405,-0.185,2.92,0.1,-2.71,-3.695,-2.07,-1.22,-1.1
9,16,2014,2,0.665,-2.895,-1.935,1.28,-0.675,3.03,1.72,4.095,0.445,-3.665,-3.715,2.61,4.325,2.6,0.195,3.615,3.855,-0.44,-0.595,-2.81,-1.6,-0.995,-0.605,-0.405,-0.185,2.92,0.1,-2.71,-3.695,-2.07,-1.22
9,17,2014,3,-0.45,0.665,-2.895,-1.935,1.28,-0.675,3.03,1.72,4.095,0.445,-3.665,-3.715,2.61,4.325,2.6,0.195,3.615,3.855,-0.44,-0.595,-2.81,-1.6,-0.995,-0.605,-0.405,-0.185,2.92,0.1,-2.71,-3.695,-2.07
9,18,2014,4,1.4,-0.45,0.665,-2.895,-1.935,1.28,-0.675,3.03,1.72,4.095,0.445,-3.665,-3.715,2.61,4.325,2.6,0.195,3.615,3.855,-0.44,-0.595,-2.81,-1.6,-0.995,-0.605,-0.405,-0.185,2.92,0.1,-2.71,-3.695
9,19,2014,5,1.78,1.4,-0.45,0.665,-2.895,-1.935,1.28,-0.675,3.03,1.72,4.095,0.445,-3.665,-3.715,2.61,4.325,2.6,0.195,3.615,3.855,-0.44,-0.595,-2.81,-1.6,-0.995,-0.605,-0.405,-0.185,2.92,0.1,-2.71
9,20,2014,6,-3.425,1.78,1.4,-0.45,0.665,-2.895,-1.935,1.28,-0.675,3.03,1.72,4.095,0.445,-3.665,-3.715,2.61,4.325,2.6,0.195,3.615,3.855,-0.44,-0.595,-2.81,-1.6,-0.995,-0.605,-0.405,-0.185,2.92,0.1
9,21,2014,7,0.57,-3.425,1.78,1.4,-0.45,0.665,-2.895,-1.935,1.28,-0.675,3.03,1.72,4.095,0.445,-3.665,-3.715,2.61,4.325,2.6,0.195,3.615,3.855,-0.44,-0.595,-2.81,-1.6,-0.995,-0.605,-0.405,-0.185,2.92
9,22,2014,1,-3.755,0.57,-3.425,1.78,1.4,-0.45,0.665,-2.895,-1.935,1.28,-0.675,3.03,1.72,4.095,0.445,-3.665,-3.715,2.61,4.325,2.6,0.195,3.615,3.855,-0.44,-0.595,-2.81,-1.6,-0.995,-0.605,-0.405,-0.185
9,23,2014,2,-0.885,-3.755,0.57,-3.425,1.78,1.4,-0.45,0.665,-2.895,-1.935,1.28,-0.675,3.03,1.72,4.095,0.445,-3.665,-3.715,2.61,4.325,2.6,0.195,3.615,3.855,-0.44,-0.595,-2.81,-1.6,-0.995,-0.605,-0.405
9,24,2014,3,1.91,-0.885,-3.755,0.57,-3.425,1.78,1.4,-0.45,0.665,-2.895,-1.935,1.28,-0.675,3.03,1.72,4.095,0.445,-3.665,-3.715,2.61,4.325,2.6,0.195,3.615,3.855,-0.44,-0.595,-2.81,-1.6,-0.995,-0.605
9,25,2014,4,1.5,1.91,-0.885,-3.755,0.57,-3.425,1.78,1.4,-0.45,0.665,-2.895,-1.935,1.28,-0.675,3.03,1.72,4.095,0.445,-3.665,-3.715,2.61,4.325,2.6,0.195,3.615,3.855,-0.44,-0.595,-2.81,-1.6,-0.995
9,26,2014,5,0.105,1.5,1.91,-0.885,-3.755,0.57,-3.425,1.78,1.4,-0.45,0.665,-2.895,-1.935,1.28,-0.675,3.03,1.72,4.095,0.445,-3.665,-3.715,2.61,4.325,2.6,0.195,3.615,3.855,-0.44,-0.595,-2.81,-1.6
9,27,2014,6,2.58,0.105,1.5,1.91,-0.885,-3.755,0.57,-3.425,1.78,1.4,-0.45,0.665,-2.895,-1.935,1.28,-0.675,3.03,1.72,4.095,0.445,-3.665,-3.715,2.61,4.325,2.6,0.195,3.615,3.855,-0.44,-0.595,-2.81
9,28,2014,7,3.57,2.58,0.105,1.5,1.91,-0.885,-3.755,0.57,-3.425,1.78,1.4,-0.45,0.665,-2.895,-1.935,1.28,-0.675,3.03,1.72,4.095,0.445,-3.665,-3.715,2.61,4.325,2.6,0.195,3.615,3.855,-0.44,-0.595
9,29,2014,1,6.715,3.57,2.58,0.105,1.5,1.91,-0.885,-3.755,0.57,-3.425,1.78,1.4,-0.45,0.665,-2.895,-1.935,1.28,-0.675,3.03,1.72,4.095,0.445,-3.665,-3.715,2.61,4.325,2.6,0.195,3.615,3.855,-0.44
9,30,2014,2,7.03,6.715,3.57,2.58,0.105,1.5,1.91,-0.885,-3.755,0.57,-3.425,1.78,1.4,-0.45,0.665,-2.895,-1.935,1.28,-0.675,3.03,1.72,4.095,0.445,-3.665,-3.715,2.61,4.325,2.6,0.195,3.615,3.855
10,1,2014,3,4.98,7.03,6.715,3.57,2.58,0.105,1.5,1.91,-0.885,-3.755,0.57,-3.425,1.78,1.4,-0.45,0.665,-2.895,-1.935,1.28,-0.675,3.03,1.72,4.095,0.445,-3.665,-3.715,2.61,4.325,2.6,0.195,3.615
10,2,2014,4,6.405,4.98,7.03,6.715,3.57,2.58,0.105,1.5,1.91,-0.885,-3.755,0.57,-3.425,1.78,1.4,-0.45,0.665,-2.895,-1.935,1.28,-0.675,3.03,1.72,4.095,0.445,-3.665,-3.715,2.61,4.325,2.6,0.195
10,3,2014,5,6.095,6.405,4.98,7.03,6.715,3.57,2.58,0.105,1.5,1.91,-0.885,-3.755,0.57,-3.425,1.78,1.4,-0.45,0.665,-2.895,-1.935,1.28,-0.675,3.03,1.72,4.095,0.445,-3.665,-3.715,2.61,4.325,2.6
10,4,2014,6,5.63,6.095,6.405,4.98,7.03,6.715,3.57,2.58,0.105,1.5,1.91,-0.885,-3.755,0.57,-3.425,1.78,1.4,-0.45,0.665,-2.895,-1.935,1.28,-0.675,3.03,1.72,4.095,0.445,-3.665,-3.715,2.61,4.325
10,5,2014,7,5.4,5.63,6.095,6.405,4.98,7.03,6.715,3.57,2.58,0.105,1.5,1.91,-0.885,-3.755,0.57,-3.425,1.78,1.4,-0.45,0.665,-2.895,-1.935,1.28,-0.675,3.03,1.72,4.095,0.445,-3.665,-3.715,2.61
10,6,2014,1,2.27,5.4,5.63,6.095,6.405,4.98,7.03,6.715,3.57,2.58,0.105,1.5,1.91,-0.885,-3.755,0.57,-3.425,1.78,1.4,-0.45,0.665,-2.895,-1.935,1.28,-0.675,3.03,1.72,4.095,0.445,-3.665,-3.715
10,7,2014,2,0.535,2.27,5.4,5.63,6.095,6.405,4.98,7.03,6.715,3.57,2.58,0.105,1.5,1.91,-0.885,-3.755,0.57,-3.425,1.78,1.4,-0.45,0.665,-2.895,-1.935,1.28,-0.675,3.03,1.72,4.095,0.445,-3.665
10,8,2014,3,4.505,0.535,2.27,5.4,5.63,6.095,6.405,4.98,7.03,6.715,3.57,2.58,0.105,1.5,1.91,-0.885,-3.755,0.57,-3.425,1.78,1.4,-0.45,0.665,-2.895,-1.935,1.28,-0.675,3.03,1.72,4.095,0.445
10,9,2014,4,5.79,4.505,0.535,2.27,5.4,5.63,6.095,6.405,4.98,7.03,6.715,3.57,2.58,0.105,1.5,1.91,-0.885,-3.755,0.57,-3.425,1.78,1.4,-0.45,0.665,-2.895,-1.935,1.28,-0.675,3.03,1.72,4.095
10,10,2014,5,7.815,5.79,4.505,0.535,2.27,5.4,5.63,6.095,6.405,4.98,7.03,6.715,3.57,2.58,0.105,1.5,1.91,-0.885,-3.755,0.57,-3.425,1.78,1.4,-0.45,0.665,-2.895,-1.935,1.28,-0.675,3.03,1.72
10,11,2014,6,6.14,7.815,5.79,4.505,0.535,2.27,5.4,5.63,6.095,6.405,4.98,7.03,6.715,3.57,2.58,0.105,1.5,1.91,-0.885,-3.755,0.57,-3.425,1.78,1.4,-0.45,0.665,-2.895,-1.935,1.28,-0.675,3.03
10,12,2014,7,6.18,6.14,7.815,5.79,4.505,0.535,2.27,5.4,5.63,6.095,6.405,4.98,7.03,6.715,3.57,2.58,0.105,1.5,1.91,-0.885,-3.755,0.57,-3.425,1.78,1.4,-0.45,0.665,-2.895,-1.935,1.28,-0.675
10,13,2014,1,6.845,6.18,6.14,7.815,5.79,4.505,0.535,2.27,5.4,5.63,6.095,6.405,4.98,7.03,6.715,3.57,2.58,0.105,1.5,1.91,-0.885,-3.755,0.57,-3.425,1.78,1.4,-0.45,0.665,-2.895,-1.935,1.28
10,14,2014,2,4.975,6.845,6.18,6.14,7.815,5.79,4.505,0.535,2.27,5.4,5.63,6.095,6.405,4.98,7.03,6.715,3.57,2.58,0.105,1.5,1.91,-0.885,-3.755,0.57,-3.425,1.78,1.4,-0.45,0.665,-2.895,-1.935
10,15,2014,3,8.025,4.975,6.845,6.18,6.14,7.815,5.79,4.505,0.535,2.27,5.4,5.63,6.095,6.405,4.98,7.03,6.715,3.57,2.58,0.105,1.5,1.91,-0.885,-3.755,0.57,-3.425,1.78,1.4,-0.45,0.665,-2.895
10,16,2014,4,8.855,8.025,4.975,6.845,6.18,6.14,7.815,5.79,4.505,0.535,2.27,5.4,5.63,6.095,6.405,4.98,7.03,6.715,3.57,2.58,0.105,1.5,1.91,-0.885,-3.755,0.57,-3.425,1.78,1.4,-0.45,0.665
10,17,2014,5,6.005,8.855,8.025,4.975,6.845,6.18,6.14,7.815,5.79,4.505,0.535,2.27,5.4,5.63,6.095,6.405,4.98,7.03,6.715,3.57,2.58,0.105,1.5,1.91,-0.885,-3.755,0.57,-3.425,1.78,1.4,-0.45
10,18,2014,6,8.145,6.005,8.855,8.025,4.975,6.845,6.18,6.14,7.815,5.79,4.505,0.535,2.27,5.4,5.63,6.095,6.405,4.98,7.03,6.715,3.57,2.58,0.105,1.5,1.91,-0.885,-3.755,0.57,-3.425,1.78,1.4
10,19,2014,7,3.5,8.145,6.005,8.855,8.025,4.975,6.845,6.18,6.14,7.815,5.79,4.505,0.535,2.27,5.4,5.63,6.095,6.405,4.98,7.03,6.715,3.57,2.58,0.105,1.5,1.91,-0.885,-3.755,0.57,-3.425,1.78
10,20,2014,1,1.31,3.5,8.145,6.005,8.855,8.025,4.975,6.845,6.18,6.14,7.815,5.79,4.505,0.535,2.27,5.4,5.63,6.095,6.405,4.98,7.03,6.715,3.57,2.58,0.105,1.5,1.91,-0.885,-3.755,0.57,-3.425
10,21,2014,2,5.65,1.31,3.5,8.145,6.005,8.855,8.025,4.975,6.845,6.18,6.14,7.815,5.79,4.505,0.535,2.27,5.4,5.63,6.095,6.405,4.98,7.03,6.715,3.57,2.58,0.105,1.5,1.91,-0.885,-3.755,0.57
10,22,2014,3,7.89,5.65,1.31,3.5,8.145,6.005,8.855,8.025,4.975,6.845,6.18,6.14,7.815,5.79,4.505,0.535,2.27,5.4,5.63,6.095,6.405,4.98,7.03,6.715,3.57,2.58,0.105,1.5,1.91,-0.885,-3.755
10,23,2014,4,8.46,7.89,5.65,1.31,3.5,8.145,6.005,8.855,8.025,4.975,6.845,6.18,6.14,7.815,5.79,4.505,0.535,2.27,5.4,5.63,6.095,6.405,4.98,7.03,6.715,3.57,2.58,0.105,1.5,1.91,-0.885
10,24,2014,5,11.56,8.46,7.89,5.65,1.31,3.5,8.145,6.005,8.855,8.025,4.975,6.845,6.18,6.14,7.815,5.79,4.505,0.535,2.27,5.4,5.63,6.095,6.405,4.98,7.03,6.715,3.57,2.58,0.105,1.5,1.91
10,25,2014,6,11.64,11.56,8.46,7.89,5.65,1.31,3.5,8.145,6.005,8.855,8.025,4.975,6.845,6.18,6.14,7.815,5.79,4.505,0.535,2.27,5.4,5.63,6.095,6.405,4.98,7.03,6.715,3.57,2.58,0.105,1.5
10,26,2014,7,10.595,11.95,11.515,8.53,7.905,5.71,1.335,3.99,8.145,6.005,8.855,8.025,4.975,6.025,4.645,6.14,7.815,5.79,4.505,0.535,2.27,5.4,5.63,6.095,6.405,4.98,7.03,6.715,3.57,2.58,0.105
11,1,2014,6,13.145,9.705,7.735,10.91,13.51,13.66,10.22,12.78,12.49,8.94,8.32,6.31,1.705,3.845,7.095,5.345,7.55,8.505,3.7,5.6,4.645,6.14,7.815,5.79,4.505,0.535,2.27,5.4,5.63,6.095,6.405
