10,25,2013,5,25.675,25.925,21.675,19.125,19.265,9.24,15.69,12.075,10.82,13.48,2.315,8.175,5.68,-0.755,-1.72,-0.235,5.965,4.97,4.94,11.29,-1.765,-11.515,-11.045,-10.09,-6.245,1.585,0.15,-6.15,-5.23,-5.855,-7.235
10,26,2013,6,14.155,25.675,25.925,21.675,19.125,19.265,9.24,15.69,12.075,10.82,13.48,2.315,8.175,5.68,-0.755,-1.72,-0.235,5.965,4.97,4.94,11.29,-1.765,-11.515,-11.045,-10.09,-6.245,1.585,0.15,-6.15,-5.23,-5.855
10,27,2013,7,21.335,14.155,25.675,25.925,21.675,19.125,19.265,9.24,15.69,12.075,10.82,13.48,2.315,8.175,5.68,-0.755,-1.72,-0.235,5.965,4.97,4.94,11.29,-1.765,-11.515,-11.045,-10.09,-6.245,1.585,0.15,-6.15,-5.23
10,28,2013,1,14.8,21.335,14.155,25.675,25.925,21.675,19.125,19.265,9.24,15.69,12.075,10.82,13.48,2.315,8.175,5.68,-0.755,-1.72,-0.235,5.965,4.97,4.94,11.29,-1.765,-11.515,-11.045,-10.09,-6.245,1.585,0.15,-6.15
10,29,2013,2,13.965,14.8,21.335,14.155,25.675,25.925,21.675,19.125,19.265,9.24,15.69,12.075,10.82,13.48,2.315,8.175,5.68,-0.755,-1.72,-0.235,5.965,4.97,4.94,11.29,-1.765,-11.515,-11.045,-10.09,-6.245,1.585,0.15
10,30,2013,3,0.495,13.965,14.8,21.335,14.155,25.675,25.925,21.675,19.125,19.265,9.24,15.69,12.075,10.82,13.48,2.315,8.175,5.68,-0.755,-1.72,-0.235,5.965,4.97,4.94,11.29,-1.765,-11.515,-11.045,-10.09,-6.245,1.585
10,31,2013,4,6.57,0.495,13.965,14.8,21.335,14.155,25.675,25.925,21.675,19.125,19.265,9.24,15.69,12.075,10.82,13.48,2.315,8.175,5.68,-0.755,-1.72,-0.235,5.965,4.97,4.94,11.29,-1.765,-11.515,-11.045,-10.09,-6.245
11,1,2013,5,10.775,6.57,0.495,13.965,14.8,21.335,14.155,25.675,25.925,21.675,19.125,19.265,9.24,15.69,12.075,10.82,13.48,2.315,8.175,5.68,-0.755,-1.72,-0.235,5.965,4.97,4.94,11.29,-1.765,-11.515,-11.045,-10.09
11,2,2013,6,18.27,10.775,6.57,0.495,13.965,14.8,21.335,14.155,25.675,25.925,21.675,19.125,19.265,9.24,15.69,12.075,10.82,13.48,2.315,8.175,5.68,-0.755,-1.72,-0.235,5.965,4.97,4.94,11.29,-1.765,-11.515,-11.045
11,3,2013,7,21.13,18.27,10.775,6.57,0.495,13.965,14.8,21.335,14.155,25.675,25.925,21.675,19.125,19.265,9.24,15.69,12.075,10.82,13.48,2.315,8.175,5.68,-0.755,-1.72,-0.235,5.965,4.97,4.94,11.29,-1.765,-11.515
11,4,2013,1,12.93,21.13,18.27,10.775,6.57,0.495,13.965,14.8,21.335,14.155,25.675,25.925,21.675,19.125,19.265,9.24,15.69,12.075,10.82,13.48,2.315,8.175,5.68,-0.755,-1.72,-0.235,5.965,4.97,4.94,11.29,-1.765
11,5,2013,2,9.93,12.93,21.13,18.27,10.775,6.57,0.495,13.965,14.8,21.335,14.155,25.675,25.925,21.675,19.125,19.265,9.24,15.69,12.075,10.82,13.48,2.315,8.175,5.68,-0.755,-1.72,-0.235,5.965,4.97,4.94,11.29
11,6,2013,3,17.32,9.93,12.93,21.13,18.27,10.775,6.57,0.495,13.965,14.8,21.335,14.155,25.675,25.925,21.675,19.125,19.265,9.24,15.69,12.075,10.82,13.48,2.315,8.175,5.68,-0.755,-1.72,-0.235,5.965,4.97,4.94
11,7,2013,4,21.59,17.32,9.93,12.93,21.13,18.27,10.775,6.57,0.495,13.965,14.8,21.335,14.155,25.675,25.925,21.675,19.125,19.265,9.24,15.69,12.075,10.82,13.48,2.315,8.175,5.68,-0.755,-1.72,-0.235,5.965,4.97
11,8,2013,5,22.125,21.59,17.32,9.93,12.93,21.13,18.27,10.775,6.57,0.495,13.965,14.8,21.335,14.155,25.675,25.925,21.675,19.125,19.265,9.24,15.69,12.075,10.82,13.48,2.315,8.175,5.68,-0.755,-1.72,-0.235,5.965
11,9,2013,6,9.8,22.125,21.59,17.32,9.93,12.93,21.13,18.27,10.775,6.57,0.495,13.965,14.8,21.335,14.155,25.675,25.925,21.675,19.125,19.265,9.24,15.69,12.075,10.82,13.48,2.315,8.175,5.68,-0.755,-1.72,-0.235
11,10,2013,7,20.135,9.8,22.125,21.59,17.32,9.93,12.93,21.13,18.27,10.775,6.57,0.495,13.965,14.8,21.335,14.155,25.675,25.925,21.675,19.125,19.265,9.24,15.69,12.075,10.82,13.48,2.315,8.175,5.68,-0.755,-1.72
11,11,2013,1,14.955,20.135,9.8,22.125,21.59,17.32,9.93,12.93,21.13,18.27,10.775,6.57,0.495,13.965,14.8,21.335,14.155,25.675,25.925,21.675,19.125,19.265,9.24,15.69,12.075,10.82,13.48,2.315,8.175,5.68,-0.755
11,12,2013,2,36.26,14.955,20.135,9.8,22.125,21.59,17.32,9.93,12.93,21.13,18.27,10.775,6.57,0.495,13.965,14.8,21.335,14.155,25.675,25.925,21.675,19.125,19.265,9.24,15.69,12.075,10.82,13.48,2.315,8.175,5.68
11,13,2013,3,32.89,36.26,14.955,20.135,9.8,22.125,21.59,17.32,9.93,12.93,21.13,18.27,10.775,6.57,0.495,13.965,14.8,21.335,14.155,25.675,25.925,21.675,19.125,19.265,9.24,15.69,12.075,10.82,13.48,2.315,8.175
11,14,2013,4,23.055,32.89,36.26,14.955,20.135,9.8,22.125,21.59,17.32,9.93,12.93,21.13,18.27,10.775,6.57,0.495,13.965,14.8,21.335,14.155,25.675,25.925,21.675,19.125,19.265,9.24,15.69,12.075,10.82,13.48,2.315
11,15,2013,5,14.755,23.055,32.89,36.26,14.955,20.135,9.8,22.125,21.59,17.32,9.93,12.93,21.13,18.27,10.775,6.57,0.495,13.965,14.8,21.335,14.155,25.675,25.925,21.675,19.125,19.265,9.24,15.69,12.075,10.82,13.48
11,16,2013,6,8.665,14.755,23.055,32.89,36.26,14.955,20.135,9.8,22.125,21.59,17.32,9.93,12.93,21.13,18.27,10.775,6.57,0.495,13.965,14.8,21.335,14.155,25.675,25.925,21.675,19.125,19.265,9.24,15.69,12.075,10.82
11,17,2013,7,3.0,8.665,14.755,23.055,32.89,36.26,14.955,20.135,9.8,22.125,21.59,17.32,9.93,12.93,21.13,18.27,10.775,6.57,0.495,13.965,14.8,21.335,14.155,25.675,25.925,21.675,19.125,19.265,9.24,15.69,12.075
11,18,2013,1,20.845,3.0,8.665,14.755,23.055,32.89,36.26,14.955,20.135,9.8,22.125,21.59,17.32,9.93,12.93,21.13,18.27,10.775,6.57,0.495,13.965,14.8,21.335,14.155,25.675,25.925,21.675,19.125,19.265,9.24,15.69
11,19,2013,2,26.565,20.845,3.0,8.665,14.755,23.055,32.89,36.26,14.955,20.135,9.8,22.125,21.59,17.32,9.93,12.93,21.13,18.27,10.775,6.57,0.495,13.965,14.8,21.335,14.155,25.675,25.925,21.675,19.125,19.265,9.24
11,20,2013,3,25.21,26.565,20.845,3.0,8.665,14.755,23.055,32.89,36.26,14.955,20.135,9.8,22.125,21.59,17.32,9.93,12.93,21.13,18.27,10.775,6.57,0.495,13.965,14.8,21.335,14.155,25.675,25.925,21.675,19.125,19.265
11,21,2013,4,16.265,25.21,26.565,20.845,3.0,8.665,14.755,23.055,32.89,36.26,14.955,20.135,9.8,22.125,21.59,17.32,9.93,12.93,21.13,18.27,10.775,6.57,0.495,13.965,14.8,21.335,14.155,25.675,25.925,21.675,19.125
11,22,2013,5,22.505,16.265,25.21,26.565,20.845,3.0,8.665,14.755,23.055,32.89,36.26,14.955,20.135,9.8,22.125,21.59,17.32,9.93,12.93,21.13,18.27,10.775,6.57,0.495,13.965,14.8,21.335,14.155,25.675,25.925,21.675
11,23,2013,6,38.355,22.505,16.265,25.21,26.565,20.845,3.0,8.665,14.755,23.055,32.89,36.26,14.955,20.135,9.8,22.125,21.59,17.32,9.93,12.93,21.13,18.27,10.775,6.57,0.495,13.965,14.8,21.335,14.155,25.675,25.925
11,24,2013,7,42.595,38.355,22.505,16.265,25.21,26.565,20.845,3.0,8.665,14.755,23.055,32.89,36.26,14.955,20.135,9.8,22.125,21.59,17.32,9.93,12.93,21.13,18.27,10.775,6.57,0.495,13.965,14.8,21.335,14.155,25.675
11,25,2013,1,34.075,42.595,38.355,22.505,16.265,25.21,26.565,20.845,3.0,8.665,14.755,23.055,32.89,36.26,14.955,20.135,9.8,22.125,21.59,17.32,9.93,12.93,21.13,18.27,10.775,6.57,0.495,13.965,14.8,21.335,14.155
11,26,2013,2,32.895,34.075,42.595,38.355,22.505,16.265,25.21,26.565,20.845,3.0,8.665,14.755,23.055,32.89,36.26,14.955,20.135,9.8,22.125,21.59,17.32,9.93,12.93,21.13,18.27,10.775,6.57,0.495,13.965,14.8,21.335
11,27,2013,3,41.49,32.895,34.075,42.595,38.355,22.505,16.265,25.21,26.565,20.845,3.0,8.665,14.755,23.055,32.89,36.26,14.955,20.135,9.8,22.125,21.59,17.32,9.93,12.93,21.13,18.27,10.775,6.57,0.495,13.965,14.8
11,28,2013,4,31.72,41.49,32.895,34.075,42.595,38.355,22.505,16.265,25.21,26.565,20.845,3.0,8.665,14.755,23.055,32.89,36.26,14.955,20.135,9.8,22.125,21.59,17.32,9.93,12.93,21.13,18.27,10.775,6.57,0.495,13.965
11,29,2013,5,32.63,31.72,41.49,32.895,34.075,42.595,38.355,22.505,16.265,25.21,26.565,20.845,3.0,8.665,14.755,23.055,32.89,36.26,14.955,20.135,9.8,22.125,21.59,17.32,9.93,12.93,21.13,18.27,10.775,6.57,0.495
11,30,2013,6,24.135,32.63,31.72,41.49,32.895,34.075,42.595,38.355,22.505,16.265,25.21,26.565,20.845,3.0,8.665,14.755,23.055,32.89,36.26,14.955,20.135,9.8,22.125,21.59,17.32,9.93,12.93,21.13,18.27,10.775,6.57
12,1,2013,7,21.59,24.135,32.63,31.72,41.49,32.895,34.075,42.595,38.355,22.505,16.265,25.21,26.565,20.845,3.0,8.665,14.755,23.055,32.89,36.26,14.955,20.135,9.8,22.125,21.59,17.32,9.93,12.93,21.13,18.27,10.775
12,2,2013,1,18.685,21.59,24.135,32.63,31.72,41.49,32.895,34.075,42.595,38.355,22.505,16.265,25.21,26.565,20.845,3.0,8.665,14.755,23.055,32.89,36.26,14.955,20.135,9.8,22.125,21.59,17.32,9.93,12.93,21.13,18.27
12,3,2013,2,15.995,18.685,21.59,24.135,32.63,31.72,41.49,32.895,34.075,42.595,38.355,22.505,16.265,25.21,26.565,20.845,3.0,8.665,14.755,23.055,32.89,36.26,14.955,20.135,9.8,22.125,21.59,17.32,9.93,12.93,21.13
12,4,2013,3,9.485,15.995,18.685,21.59,24.135,32.63,31.72,41.49,32.895,34.075,42.595,38.355,22.505,16.265,25.21,26.565,20.845,3.0,8.665,14.755,23.055,32.89,36.26,14.955,20.135,9.8,22.125,21.59,17.32,9.93,12.93
12,5,2013,4,33.16,9.485,15.995,18.685,21.59,24.135,32.63,31.72,41.49,32.895,34.075,42.595,38.355,22.505,16.265,25.21,26.565,20.845,3.0,8.665,14.755,23.055,32.89,36.26,14.955,20.135,9.8,22.125,21.59,17.32,9.93
12,6,2013,5,44.9,33.16,9.485,15.995,18.685,21.59,24.135,32.63,31.72,41.49,32.895,34.075,42.595,38.355,22.505,16.265,25.21,26.565,20.845,3.0,8.665,14.755,23.055,32.89,36.26,14.955,20.135,9.8,22.125,21.59,17.32
12,7,2013,6,48.655,44.9,33.16,9.485,15.995,18.685,21.59,24.135,32.63,31.72,41.49,32.895,34.075,42.595,38.355,22.505,16.265,25.21,26.565,20.845,3.0,8.665,14.755,23.055,32.89,36.26,14.955,20.135,9.8,22.125,21.59
12,8,2013,7,41.05,48.655,44.9,33.16,9.485,15.995,18.685,21.59,24.135,32.63,31.72,41.49,32.895,34.075,42.595,38.355,22.505,16.265,25.21,26.565,20.845,3.0,8.665,14.755,23.055,32.89,36.26,14.955,20.135,9.8,22.125
12,9,2013,1,40.11,41.05,48.655,44.9,33.16,9.485,15.995,18.685,21.59,24.135,32.63,31.72,41.49,32.895,34.075,42.595,38.355,22.505,16.265,25.21,26.565,20.845,3.0,8.665,14.755,23.055,32.89,36.26,14.955,20.135,9.8
12,10,2013,2,39.52,40.11,41.05,48.655,44.9,33.16,9.485,15.995,18.685,21.59,24.135,32.63,31.72,41.49,32.895,34.075,42.595,38.355,22.505,16.265,25.21,26.565,20.845,3.0,8.665,14.755,23.055,32.89,36.26,14.955,20.135
12,11,2013,3,42.285,39.52,40.11,41.05,48.655,44.9,33.16,9.485,15.995,18.685,21.59,24.135,32.63,31.72,41.49,32.895,34.075,42.595,38.355,22.505,16.265,25.21,26.565,20.845,3.0,8.665,14.755,23.055,32.89,36.26,14.955
12,12,2013,4,44.015,42.285,39.52,40.11,41.05,48.655,44.9,33.16,9.485,15.995,18.685,21.59,24.135,32.63,31.72,41.49,32.895,34.075,42.595,38.355,22.505,16.265,25.21,26.565,20.845,3.0,8.665,14.755,23.055,32.89,36.26
12,13,2013,5,39.46,44.015,42.285,39.52,40.11,41.05,48.655,44.9,33.16,9.485,15.995,18.685,21.59,24.135,32.63,31.72,41.49,32.895,34.075,42.595,38.355,22.505,16.265,25.21,26.565,20.845,3.0,8.665,14.755,23.055,32.89
12,14,2013,6,33.93,39.46,44.015,42.285,39.52,40.11,41.05,48.655,44.9,33.16,9.485,15.995,18.685,21.59,24.135,32.63,31.72,41.49,32.895,34.075,42.595,38.355,22.505,16.265,25.21,26.565,20.845,3.0,8.665,14.755,23.055
12,15,2013,7,36.645,33.93,39.46,44.015,42.285,39.52,40.11,41.05,48.655,44.9,33.16,9.485,15.995,18.685,21.59,24.135,32.63,31.72,41.49,32.895,34.075,42.595,38.355,22.505,16.265,25.21,26.565,20.845,3.0,8.665,14.755
12,16,2013,1,34.545,36.645,33.93,39.46,44.015,42.285,39.52,40.11,41.05,48.655,44.9,33.16,9.485,15.995,18.685,21.59,24.135,32.63,31.72,41.49,32.895,34.075,42.595,38.355,22.505,16.265,25.21,26.565,20.845,3.0,8.665
12,17,2013,2,32.455,34.545,36.645,33.93,39.46,44.015,42.285,39.52,40.11,41.05,48.655,44.9,33.16,9.485,15.995,18.685,21.59,24.135,32.63,31.72,41.49,32.895,34.075,42.595,38.355,22.505,16.265,25.21,26.565,20.845,3.0
12,18,2013,3,30.385,32.455,34.545,36.645,33.93,39.46,44.015,42.285,39.52,40.11,41.05,48.655,44.9,33.16,9.485,15.995,18.685,21.59,24.135,32.63,31.72,41.49,32.895,34.075,42.595,38.355,22.505,16.265,25.21,26.565,20.845
12,19,2013,4,16.2,30.385,32.455,34.545,36.645,33.93,39.46,44.015,42.285,39.52,40.11,41.05,48.655,44.9,33.16,9.485,15.995,18.685,21.59,24.135,32.63,31.72,41.49,32.895,34.075,42.595,38.355,22.505,16.265,25.21,26.565
12,20,2013,5,13.39,16.2,30.385,32.455,34.545,36.645,33.93,39.46,44.015,42.285,39.52,40.11,41.05,48.655,44.9,33.16,9.485,15.995,18.685,21.59,24.135,32.63,31.72,41.49,32.895,34.075,42.595,38.355,22.505,16.265,25.21
12,21,2013,6,30.02,13.39,16.2,30.385,32.455,34.545,36.645,33.93,39.46,44.015,42.285,39.52,40.11,41.05,48.655,44.9,33.16,9.485,15.995,18.685,21.59,24.135,32.63,31.72,41.49,32.895,34.075,42.595,38.355,22.505,16.265
12,22,2013,7,32.755,30.02,13.39,16.2,30.385,32.455,34.545,36.645,33.93,39.46,44.015,42.285,39.52,40.11,41.05,48.655,44.9,33.16,9.485,15.995,18.685,21.59,24.135,32.63,31.72,41.49,32.895,34.075,42.595,38.355,22.505
12,23,2013,1,44.73,32.755,30.02,13.39,16.2,30.385,32.455,34.545,36.645,33.93,39.46,44.015,42.285,39.52,40.11,41.05,48.655,44.9,33.16,9.485,15.995,18.685,21.59,24.135,32.63,31.72,41.49,32.895,34.075,42.595,38.355
12,24,2013,2,49.495,44.73,32.755,30.02,13.39,16.2,30.385,32.455,34.545,36.645,33.93,39.46,44.015,42.285,39.52,40.11,41.05,48.655,44.9,33.16,9.485,15.995,18.685,21.59,24.135,32.63,31.72,41.49,32.895,34.075,42.595
12,25,2013,3,35.75,49.495,44.73,32.755,30.02,13.39,16.2,30.385,32.455,34.545,36.645,33.93,39.46,44.015,42.285,39.52,40.11,41.05,48.655,44.9,33.16,9.485,15.995,18.685,21.59,24.135,32.63,31.72,41.49,32.895,34.075
12,26,2013,4,29.585,35.75,49.495,44.73,32.755,30.02,13.39,16.2,30.385,32.455,34.545,36.645,33.93,39.46,44.015,42.285,39.52,40.11,41.05,48.655,44.9,33.16,9.485,15.995,18.685,21.59,24.135,32.63,31.72,41.49,32.895
12,27,2013,5,25.0,29.585,35.75,49.495,44.73,32.755,30.02,13.39,16.2,30.385,32.455,34.545,36.645,33.93,39.46,44.015,42.285,39.52,40.11,41.05,48.655,44.9,33.16,9.485,15.995,18.685,21.59,24.135,32.63,31.72,41.49
12,28,2013,6,21.955,25.0,29.585,35.75,49.495,44.73,32.755,30.02,13.39,16.2,30.385,32.455,34.545,36.645,33.93,39.46,44.015,42.285,39.52,40.11,41.05,48.655,44.9,33.16,9.485,15.995,18.685,21.59,24.135,32.63,31.72
12,29,2013,7,35.935,21.955,25.0,29.585,35.75,49.495,44.73,32.755,30.02,13.39,16.2,30.385,32.455,34.545,36.645,33.93,39.46,44.015,42.285,39.52,40.11,41.05,48.655,44.9,33.16,9.485,15.995,18.685,21.59,24.135,32.63
12,30,2013,1,46.73,35.935,21.955,25.0,29.585,35.75,49.495,44.73,32.755,30.02,13.39,16.2,30.385,32.455,34.545,36.645,33.93,39.46,44.015,42.285,39.52,40.11,41.05,48.655,44.9,33.16,9.485,15.995,18.685,21.59,24.135
12,31,2013,2,32.615,46.73,35.935,21.955,25.0,29.585,35.75,49.495,44.73,32.755,30.02,13.39,16.2,30.385,32.455,34.545,36.645,33.93,39.46,44.015,42.285,39.52,40.11,41.05,48.655,44.9,33.16,9.485,15.995,18.685,21.59
1,1,2014,3,29.465,32.615,46.73,35.935,21.955,25.0,29.585,35.75,49.495,44.73,32.755,30.02,13.39,16.2,30.385,32.455,34.545,36.645,33.93,39.46,44.015,42.285,39.52,40.11,41.05,48.655,44.9,33.16,9.485,15.995,18.685
1,2,2014,4,47.43,29.465,32.615,46.73,35.935,21.955,25.0,29.585,35.75,49.495,44.73,32.755,30.02,13.39,16.2,30.385,32.455,34.545,36.645,33.93,39.46,44.015,42.285,39.52,40.11,41.05,48.655,44.9,33.16,9.485,15.995
1,3,2014,5,50.415,47.43,29.465,32.615,46.73,35.935,21.955,25.0,29.585,35.75,49.495,44.73,32.755,30.02,13.39,16.2,30.385,32.455,34.545,36.645,33.93,39.46,44.015,42.285,39.52,40.11,41.05,48.655,44.9,33.16,9.485
1,4,2014,6,30.235,50.415,47.43,29.465,32.615,46.73,35.935,21.955,25.0,29.585,35.75,49.495,44.73,32.755,30.02,13.39,16.2,30.385,32.455,34.545,36.645,33.93,39.46,44.015,42.285,39.52,40.11,41.05,48.655,44.9,33.16
1,5,2014,7,46.495,30.235,50.415,47.43,29.465,32.615,46.73,35.935,21.955,25.0,29.585,35.75,49.495,44.73,32.755,30.02,13.39,16.2,30.385,32.455,34.545,36.645,33.93,39.46,44.015,42.285,39.52,40.11,41.05,48.655,44.9
1,6,2014,1,67.93,46.495,30.235,50.415,47.43,29.465,32.615,46.73,35.935,21.955,25.0,29.585,35.75,49.495,44.73,32.755,30.02,13.39,16.2,30.385,32.455,34.545,36.645,33.93,39.46,44.015,42.285,39.52,40.11,41.05,48.655
1,7,2014,2,59.67,67.93,46.495,30.235,50.415,47.43,29.465,32.615,46.73,35.935,21.955,25.0,29.585,35.75,49.495,44.73,32.755,30.02,13.39,16.2,30.385,32.455,34.545,36.645,33.93,39.46,44.015,42.285,39.52,40.11,41.05
1,8,2014,3,41.84,59.67,67.93,46.495,30.235,50.415,47.43,29.465,32.615,46.73,35.935,21.955,25.0,29.585,35.75,49.495,44.73,32.755,30.02,13.39,16.2,30.385,32.455,34.545,36.645,33.93,39.46,44.015,42.285,39.52,40.11
1,9,2014,4,38.72,41.84,59.67,67.93,46.495,30.235,50.415,47.43,29.465,32.615,46.73,35.935,21.955,25.0,29.585,35.75,49.495,44.73,32.755,30.02,13.39,16.2,30.385,32.455,34.545,36.645,33.93,39.46,44.015,42.285,39.52
1,10,2014,5,26.685,38.72,41.84,59.67,67.93,46.495,30.235,50.415,47.43,29.465,32.615,46.73,35.935,21.955,25.0,29.585,35.75,49.495,44.73,32.755,30.02,13.39,16.2,30.385,32.455,34.545,36.645,33.93,39.46,44.015,42.285
1,11,2014,6,22.735,26.685,38.72,41.84,59.67,67.93,46.495,30.235,50.415,47.43,29.465,32.615,46.73,35.935,21.955,25.0,29.585,35.75,49.495,44.73,32.755,30.02,13.39,16.2,30.385,32.455,34.545,36.645,33.93,39.46,44.015
1,12,2014,7,23.505,22.735,26.685,38.72,41.84,59.67,67.93,46.495,30.235,50.415,47.43,29.465,32.615,46.73,35.935,21.955,25.0,29.585,35.75,49.495,44.73,32.755,30.02,13.39,16.2,30.385,32.455,34.545,36.645,33.93,39.46
1,13,2014,1,21.435,23.505,22.735,26.685,38.72,41.84,59.67,67.93,46.495,30.235,50.415,47.43,29.465,32.615,46.73,35.935,21.955,25.0,29.585,35.75,49.495,44.73,32.755,30.02,13.39,16.2,30.385,32.455,34.545,36.645,33.93
1,14,2014,2,27.72,21.435,23.505,22.735,26.685,38.72,41.84,59.67,67.93,46.495,30.235,50.415,47.43,29.465,32.615,46.73,35.935,21.955,25.0,29.585,35.75,49.495,44.73,32.755,30.02,13.39,16.2,30.385,32.455,34.545,36.645
1,15,2014,3,38.765,27.72,21.435,23.505,22.735,26.685,38.72,41.84,59.67,67.93,46.495,30.235,50.415,47.43,29.465,32.615,46.73,35.935,21.955,25.0,29.585,35.75,49.495,44.73,32.755,30.02,13.39,16.2,30.385,32.455,34.545
1,16,2014,4,28.865,38.765,27.72,21.435,23.505,22.735,26.685,38.72,41.84,59.67,67.93,46.495,30.235,50.415,47.43,29.465,32.615,46.73,35.935,21.955,25.0,29.585,35.75,49.495,44.73,32.755,30.02,13.39,16.2,30.385,32.455
1,17,2014,5,43.95,28.865,38.765,27.72,21.435,23.505,22.735,26.685,38.72,41.84,59.67,67.93,46.495,30.235,50.415,47.43,29.465,32.615,46.73,35.935,21.955,25.0,29.585,35.75,49.495,44.73,32.755,30.02,13.39,16.2,30.385
1,18,2014,6,36.93,43.95,28.865,38.765,27.72,21.435,23.505,22.735,26.685,38.72,41.84,59.67,67.93,46.495,30.235,50.415,47.43,29.465,32.615,46.73,35.935,21.955,25.0,29.585,35.75,49.495,44.73,32.755,30.02,13.39,16.2
1,19,2014,7,27.75,36.93,43.95,28.865,38.765,27.72,21.435,23.505,22.735,26.685,38.72,41.84,59.67,67.93,46.495,30.235,50.415,47.43,29.465,32.615,46.73,35.935,21.955,25.0,29.585,35.75,49.495,44.73,32.755,30.02,13.39
1,20,2014,1,23.015,27.75,36.93,43.95,28.865,38.765,27.72,21.435,23.505,22.735,26.685,38.72,41.84,59.67,67.93,46.495,30.235,50.415,47.43,29.465,32.615,46.73,35.935,21.955,25.0,29.585,35.75,49.495,44.73,32.755,30.02
1,21,2014,2,39.275,23.015,27.75,36.93,43.95,28.865,38.765,27.72,21.435,23.505,22.735,26.685,38.72,41.84,59.67,67.93,46.495,30.235,50.415,47.43,29.465,32.615,46.73,35.935,21.955,25.0,29.585,35.75,49.495,44.73,32.755
1,22,2014,3,43.76,39.275,23.015,27.75,36.93,43.95,28.865,38.765,27.72,21.435,23.505,22.735,26.685,38.72,41.84,59.67,67.93,46.495,30.235,50.415,47.43,29.465,32.615,46.73,35.935,21.955,25.0,29.585,35.75,49.495,44.73
1,23,2014,4,57.165,43.76,39.275,23.015,27.75,36.93,43.95,28.865,38.765,27.72,21.435,23.505,22.735,26.685,38.72,41.84,59.67,67.93,46.495,30.235,50.415,47.43,29.465,32.615,46.73,35.935,21.955,25.0,29.585,35.75,49.495
1,24,2014,5,46.335,57.165,43.76,39.275,23.015,27.75,36.93,43.95,28.865,38.765,27.72,21.435,23.505,22.735,26.685,38.72,41.84,59.67,67.93,46.495,30.235,50.415,47.43,29.465,32.615,46.73,35.935,21.955,25.0,29.585,35.75
1,25,2014,6,32.64,46.335,57.165,43.76,39.275,23.015,27.75,36.93,43.95,28.865,38.765,27.72,21.435,23.505,22.735,26.685,38.72,41.84,59.67,67.93,46.495,30.235,50.415,47.43,29.465,32.615,46.73,35.935,21.955,25.0,29.585
1,26,2014,7,22.76,32.64,46.335,57.165,43.76,39.275,23.015,27.75,36.93,43.95,28.865,38.765,27.72,21.435,23.505,22.735,26.685,38.72,41.84,59.67,67.93,46.495,30.235,50.415,47.43,29.465,32.615,46.73,35.935,21.955,25.0
1,27,2014,1,48.53,22.76,32.64,46.335,57.165,43.76,39.275,23.015,27.75,36.93,43.95,28.865,38.765,27.72,21.435,23.505,22.735,26.685,38.72,41.84,59.67,67.93,46.495,30.235,50.415,47.43,29.465,32.615,46.73,35.935,21.955
1,28,2014,2,54.25,48.53,22.76,32.64,46.335,57.165,43.76,39.275,23.015,27.75,36.93,43.95,28.865,38.765,27.72,21.435,23.505,22.735,26.685,38.72,41.84,59.67,67.93,46.495,30.235,50.415,47.43,29.465,32.615,46.73,35.935
1,29,2014,3,44.535,54.25,48.53,22.76,32.64,46.335,57.165,43.76,39.275,23.015,27.75,36.93,43.95,28.865,38.765,27.72,21.435,23.505,22.735,26.685,38.72,41.84,59.67,67.93,46.495,30.235,50.415,47.43,29.465,32.615,46.73
1,30,2014,4,30.915,44.535,54.25,48.53,22.76,32.64,46.335,57.165,43.76,39.275,23.015,27.75,36.93,43.95,28.865,38.765,27.72,21.435,23.505,22.735,26.685,38.72,41.84,59.67,67.93,46.495,30.235,50.415,47.43,29.465,32.615
1,31,2014,5,32.26,30.915,44.535,54.25,48.53,22.76,32.64,46.335,57.165,43.76,39.275,23.015,27.75,36.93,43.95,28.865,38.765,27.72,21.435,23.505,22.735,26.685,38.72,41.84,59.67,67.93,46.495,30.235,50.415,47.43,29.465
2,1,2014,6,32.465,32.26,30.915,44.535,54.25,48.53,22.76,32.64,46.335,57.165,43.76,39.275,23.015,27.75,36.93,43.95,28.865,38.765,27.72,21.435,23.505,22.735,26.685,38.72,41.84,59.67,67.93,46.495,30.235,50.415,47.43
2,2,2014,7,43.14,32.465,32.26,30.915,44.535,54.25,48.53,22.76,32.64,46.335,57.165,43.76,39.275,23.015,27.75,36.93,43.95,28.865,38.765,27.72,21.435,23.505,22.735,26.685,38.72,41.84,59.67,67.93,46.495,30.235,50.415
2,3,2014,1,46.22,43.14,32.465,32.26,30.915,44.535,54.25,48.53,22.76,32.64,46.335,57.165,43.76,39.275,23.015,27.75,36.93,43.95,28.865,38.765,27.72,21.435,23.505,22.735,26.685,38.72,41.84,59.67,67.93,46.495,30.235
2,4,2014,2,39.57,46.22,43.14,32.465,32.26,30.915,44.535,54.25,48.53,22.76,32.64,46.335,57.165,43.76,39.275,23.015,27.75,36.93,43.95,28.865,38.765,27.72,21.435,23.505,22.735,26.685,38.72,41.84,59.67,67.93,46.495
2,5,2014,3,47.3,39.57,46.22,43.14,32.465,32.26,30.915,44.535,54.25,48.53,22.76,32.64,46.335,57.165,43.76,39.275,23.015,27.75,36.93,43.95,28.865,38.765,27.72,21.435,23.505,22.735,26.685,38.72,41.84,59.67,67.93
2,6,2014,4,59.67,47.3,39.57,46.22,43.14,32.465,32.26,30.915,44.535,54.25,48.53,22.76,32.64,46.335,57.165,43.76,39.275,23.015,27.75,36.93,43.95,28.865,38.765,27.72,21.435,23.505,22.735,26.685,38.72,41.84,59.67
2,7,2014,5,58.825,59.67,47.3,39.57,46.22,43.14,32.465,32.26,30.915,44.535,54.25,48.53,22.76,32.64,46.335,57.165,43.76,39.275,23.015,27.75,36.93,43.95,28.865,38.765,27.72,21.435,23.505,22.735,26.685,38.72,41.84
2,8,2014,6,42.92,58.825,59.67,47.3,39.57,46.22,43.14,32.465,32.26,30.915,44.535,54.25,48.53,22.76,32.64,46.335,57.165,43.76,39.275,23.015,27.75,36.93,43.95,28.865,38.765,27.72,21.435,23.505,22.735,26.685,38.72
2,9,2014,7,41.82,42.92,58.825,59.67,47.3,39.57,46.22,43.14,32.465,32.26,30.915,44.535,54.25,48.53,22.76,32.64,46.335,57.165,43.76,39.275,23.015,27.75,36.93,43.95,28.865,38.765,27.72,21.435,23.505,22.735,26.685
2,10,2014,1,53.155,41.82,42.92,58.825,59.67,47.3,39.57,46.22,43.14,32.465,32.26,30.915,44.535,54.25,48.53,22.76,32.64,46.335,57.165,43.76,39.275,23.015,27.75,36.93,43.95,28.865,38.765,27.72,21.435,23.505,22.735
2,11,2014,2,56.15,53.155,41.82,42.92,58.825,59.67,47.3,39.57,46.22,43.14,32.465,32.26,30.915,44.535,54.25,48.53,22.76,32.64,46.335,57.165,43.76,39.275,23.015,27.75,36.93,43.95,28.865,38.765,27.72,21.435,23.505
2,12,2014,3,48.405,56.15,53.155,41.82,42.92,58.825,59.67,47.3,39.57,46.22,43.14,32.465,32.26,30.915,44.535,54.25,48.53,22.76,32.64,46.335,57.165,43.76,39.275,23.015,27.75,36.93,43.95,28.865,38.765,27.72,21.435
2,13,2014,4,36.83,48.405,56.15,53.155,41.82,42.92,58.825,59.67,47.3,39.57,46.22,43.14,32.465,32.26,30.915,44.535,54.25,48.53,22.76,32.64,46.335,57.165,43.76,39.275,23.015,27.75,36.93,43.95,28.865,38.765,27.72
2,14,2014,5,37.555,36.83,48.405,56.15,53.155,41.82,42.92,58.825,59.67,47.3,39.57,46.22,43.14,32.465,32.26,30.915,44.535,54.25,48.53,22.76,32.64,46.335,57.165,43.76,39.275,23.015,27.75,36.93,43.95,28.865,38.765
2,15,2014,6,44.825,37.555,36.83,48.405,56.15,53.155,41.82,42.92,58.825,59.67,47.3,39.57,46.22,43.14,32.465,32.26,30.915,44.535,54.25,48.53,22.76,32.64,46.335,57.165,43.76,39.275,23.015,27.75,36.93,43.95,28.865
2,16,2014,7,37.98,44.825,37.555,36.83,48.405,56.15,53.155,41.82,42.92,58.825,59.67,47.3,39.57,46.22,43.14,32.465,32.26,30.915,44.535,54.25,48.53,22.76,32.64,46.335,57.165,43.76,39.275,23.015,27.75,36.93,43.95
2,17,2014,1,30.28,37.98,44.825,37.555,36.83,48.405,56.15,53.155,41.82,42.92,58.825,59.67,47.3,39.57,46.22,43.14,32.465,32.26,30.915,44.535,54.25,48.53,22.76,32.64,46.335,57.165,43.76,39.275,23.015,27.75,36.93
2,18,2014,2,19.01,30.28,37.98,44.825,37.555,36.83,48.405,56.15,53.155,41.82,42.92,58.825,59.67,47.3,39.57,46.22,43.14,32.465,32.26,30.915,44.535,54.25,48.53,22.76,32.64,46.335,57.165,43.76,39.275,23.015,27.75
2,19,2014,3,20.43,19.01,30.28,37.98,44.825,37.555,36.83,48.405,56.15,53.155,41.82,42.92,58.825,59.67,47.3,39.57,46.22,43.14,32.465,32.26,30.915,44.535,54.25,48.53,22.76,32.64,46.335,57.165,43.76,39.275,23.015
2,20,2014,4,11.555,20.43,19.01,30.28,37.98,44.825,37.555,36.83,48.405,56.15,53.155,41.82,42.92,58.825,59.67,47.3,39.57,46.22,43.14,32.465,32.26,30.915,44.535,54.25,48.53,22.76,32.64,46.335,57.165,43.76,39.275
2,21,2014,5,20.135,11.555,20.43,19.01,30.28,37.98,44.825,37.555,36.83,48.405,56.15,53.155,41.82,42.92,58.825,59.67,47.3,39.57,46.22,43.14,32.465,32.26,30.915,44.535,54.25,48.53,22.76,32.64,46.335,57.165,43.76
2,22,2014,6,20.01,20.135,11.555,20.43,19.01,30.28,37.98,44.825,37.555,36.83,48.405,56.15,53.155,41.82,42.92,58.825,59.67,47.3,39.57,46.22,43.14,32.465,32.26,30.915,44.535,54.25,48.53,22.76,32.64,46.335,57.165
2,23,2014,7,32.945,20.01,20.135,11.555,20.43,19.01,30.28,37.98,44.825,37.555,36.83,48.405,56.15,53.155,41.82,42.92,58.825,59.67,47.3,39.57,46.22,43.14,32.465,32.26,30.915,44.535,54.25,48.53,22.76,32.64,46.335
2,24,2014,1,35.12,32.945,20.01,20.135,11.555,20.43,19.01,30.28,37.98,44.825,37.555,36.83,48.405,56.15,53.155,41.82,42.92,58.825,59.67,47.3,39.57,46.22,43.14,32.465,32.26,30.915,44.535,54.25,48.53,22.76,32.64
2,25,2014,2,39.565,35.12,32.945,20.01,20.135,11.555,20.43,19.01,30.28,37.98,44.825,37.555,36.83,48.405,56.15,53.155,41.82,42.92,58.825,59.67,47.3,39.57,46.22,43.14,32.465,32.26,30.915,44.535,54.25,48.53,22.76
2,26,2014,3,46.01,39.565,35.12,32.945,20.01,20.135,11.555,20.43,19.01,30.28,37.98,44.825,37.555,36.83,48.405,56.15,53.155,41.82,42.92,58.825,59.67,47.3,39.57,46.22,43.14,32.465,32.26,30.915,44.535,54.25,48.53
2,27,2014,4,42.245,46.01,39.565,35.12,32.945,20.01,20.135,11.555,20.43,19.01,30.28,37.98,44.825,37.555,36.83,48.405,56.15,53.155,41.82,42.92,58.825,59.67,47.3,39.57,46.22,43.14,32.465,32.26,30.915,44.535,54.25
2,28,2014,5,33.485,42.245,46.01,39.565,35.12,32.945,20.01,20.135,11.555,20.43,19.01,30.28,37.98,44.825,37.555,36.83,48.405,56.15,53.155,41.82,42.92,58.825,59.67,47.3,39.57,46.22,43.14,32.465,32.26,30.915,44.535
3,1,2014,6,30.725,33.485,42.245,46.01,39.565,35.12,32.945,20.01,20.135,11.555,20.43,19.01,30.28,37.98,44.825,37.555,36.83,48.405,56.15,53.155,41.82,42.92,58.825,59.67,47.3,39.57,46.22,43.14,32.465,32.26,30.915
3,2,2014,7,48.98,30.725,33.485,42.245,46.01,39.565,35.12,32.945,20.01,20.135,11.555,20.43,19.01,30.28,37.98,44.825,37.555,36.83,48.405,56.15,53.155,41.82,42.92,58.825,59.67,47.3,39.57,46.22,43.14,32.465,32.26
3,3,2014,1,51.87,48.98,30.725,33.485,42.245,46.01,39.565,35.12,32.945,20.01,20.135,11.555,20.43,19.01,30.28,37.98,44.825,37.555,36.83,48.405,56.15,53.155,41.82,42.92,58.825,59.67,47.3,39.57,46.22,43.14,32.465
3,4,2014,2,40.675,51.87,48.98,30.725,33.485,42.245,46.01,39.565,35.12,32.945,20.01,20.135,11.555,20.43,19.01,30.28,37.98,44.825,37.555,36.83,48.405,56.15,53.155,41.82,42.92,58.825,59.67,47.3,39.57,46.22,43.14
3,5,2014,3,33.88,40.675,51.87,48.98,30.725,33.485,42.245,46.01,39.565,35.12,32.945,20.01,20.135,11.555,20.43,19.01,30.28,37.98,44.825,37.555,36.83,48.405,56.15,53.155,41.82,42.92,58.825,59.67,47.3,39.57,46.22
3,6,2014,4,29.78,33.88,40.675,51.87,48.98,30.725,33.485,42.245,46.01,39.565,35.12,32.945,20.01,20.135,11.555,20.43,19.01,30.28,37.98,44.825,37.555,36.83,48.405,56.15,53.155,41.82,42.92,58.825,59.67,47.3,39.57
3,7,2014,5,23.555,29.78,33.88,40.675,51.87,48.98,30.725,33.485,42.245,46.01,39.565,35.12,32.945,20.01,20.135,11.555,20.43,19.01,30.28,37.98,44.825,37.555,36.83,48.405,56.15,53.155,41.82,42.92,58.825,59.67,47.3
3,8,2014,6,26.325,23.555,29.78,33.88,40.675,51.87,48.98,30.725,33.485,42.245,46.01,39.565,35.12,32.945,20.01,20.135,11.555,20.43,19.01,30.28,37.98,44.825,37.555,36.83,48.405,56.15,53.155,41.82,42.92,58.825,59.67
3,9,2014,7,22.125,26.325,23.555,29.78,33.88,40.675,51.87,48.98,30.725,33.485,42.245,46.01,39.565,35.12,32.945,20.01,20.135,11.555,20.43,19.01,30.28,37.98,44.825,37.555,36.83,48.405,56.15,53.155,41.82,42.92,58.825
3,10,2014,1,5.31,22.125,26.325,23.555,29.78,33.88,40.675,51.87,48.98,30.725,33.485,42.245,46.01,39.565,35.12,32.945,20.01,20.135,11.555,20.43,19.01,30.28,37.98,44.825,37.555,36.83,48.405,56.15,53.155,41.82,42.92
3,11,2014,2,1.04,5.31,22.125,26.325,23.555,29.78,33.88,40.675,51.87,48.98,30.725,33.485,42.245,46.01,39.565,35.12,32.945,20.01,20.135,11.555,20.43,19.01,30.28,37.98,44.825,37.555,36.83,48.405,56.15,53.155,41.82
3,12,2014,3,24.135,1.04,5.31,22.125,26.325,23.555,29.78,33.88,40.675,51.87,48.98,30.725,33.485,42.245,46.01,39.565,35.12,32.945,20.01,20.135,11.555,20.43,19.01,30.28,37.98,44.825,37.555,36.83,48.405,56.15,53.155
3,13,2014,4,22.125,24.135,1.04,5.31,22.125,26.325,23.555,29.78,33.88,40.675,51.87,48.98,30.725,33.485,42.245,46.01,39.565,35.12,32.945,20.01,20.135,11.555,20.43,19.01,30.28,37.98,44.825,37.555,36.83,48.405,56.15
3,14,2014,5,8.985,22.125,24.135,1.04,5.31,22.125,26.325,23.555,29.78,33.88,40.675,51.87,48.98,30.725,33.485,42.245,46.01,39.565,35.12,32.945,20.01,20.135,11.555,20.43,19.01,30.28,37.98,44.825,37.555,36.83,48.405
3,15,2014,6,14.64,8.985,22.125,24.135,1.04,5.31,22.125,26.325,23.555,29.78,33.88,40.675,51.87,48.98,30.725,33.485,42.245,46.01,39.565,35.12,32.945,20.01,20.135,11.555,20.43,19.01,30.28,37.98,44.825,37.555,36.83
3,16,2014,7,25.745,14.64,8.985,22.125,24.135,1.04,5.31,22.125,26.325,23.555,29.78,33.88,40.675,51.87,48.98,30.725,33.485,42.245,46.01,39.565,35.12,32.945,20.01,20.135,11.555,20.43,19.01,30.28,37.98,44.825,37.555
3,17,2014,1,31.455,25.745,14.64,8.985,22.125,24.135,1.04,5.31,22.125,26.325,23.555,29.78,33.88,40.675,51.87,48.98,30.725,33.485,42.245,46.01,39.565,35.12,32.945,20.01,20.135,11.555,20.43,19.01,30.28,37.98,44.825
3,18,2014,2,20.28,31.455,25.745,14.64,8.985,22.125,24.135,1.04,5.31,22.125,26.325,23.555,29.78,33.88,40.675,51.87,48.98,30.725,33.485,42.245,46.01,39.565,35.12,32.945,20.01,20.135,11.555,20.43,19.01,30.28,37.98
3,19,2014,3,20.865,20.28,31.455,25.745,14.64,8.985,22.125,24.135,1.04,5.31,22.125,26.325,23.555,29.78,33.88,40.675,51.87,48.98,30.725,33.485,42.245,46.01,39.565,35.12,32.945,20.01,20.135,11.555,20.43,19.01,30.28
3,20,2014,4,17.145,20.865,20.28,31.455,25.745,14.64,8.985,22.125,24.135,1.04,5.31,22.125,26.325,23.555,29.78,33.88,40.675,51.87,48.98,30.725,33.485,42.245,46.01,39.565,35.12,32.945,20.01,20.135,11.555,20.43,19.01
3,21,2014,5,3.635,17.145,20.865,20.28,31.455,25.745,14.64,8.985,22.125,24.135,1.04,5.31,22.125,26.325,23.555,29.78,33.88,40.675,51.87,48.98,30.725,33.485,42.245,46.01,39.565,35.12,32.945,20.01,20.135,11.555,20.43
3,22,2014,6,19.12,3.635,17.145,20.865,20.28,31.455,25.745,14.64,8.985,22.125,24.135,1.04,5.31,22.125,26.325,23.555,29.78,33.88,40.675,51.87,48.98,30.725,33.485,42.245,46.01,39.565,35.12,32.945,20.01,20.135,11.555
3,23,2014,7,30.28,19.12,3.635,17.145,20.865,20.28,31.455,25.745,14.64,8.985,22.125,24.135,1.04,5.31,22.125,26.325,23.555,29.78,33.88,40.675,51.87,48.98,30.725,33.485,42.245,46.01,39.565,35.12,32.945,20.01,20.135
3,24,2014,1,34.93,30.28,19.12,3.635,17.145,20.865,20.28,31.455,25.745,14.64,8.985,22.125,24.135,1.04,5.31,22.125,26.325,23.555,29.78,33.88,40.675,51.87,48.98,30.725,33.485,42.245,46.01,39.565,35.12,32.945,20.01
3,25,2014,2,32.23,34.93,30.28,19.12,3.635,17.145,20.865,20.28,31.455,25.745,14.64,8.985,22.125,24.135,1.04,5.31,22.125,26.325,23.555,29.78,33.88,40.675,51.87,48.98,30.725,33.485,42.245,46.01,39.565,35.12,32.945
3,26,2014,3,30.87,32.23,34.93,30.28,19.12,3.635,17.145,20.865,20.28,31.455,25.745,14.64,8.985,22.125,24.135,1.04,5.31,22.125,26.325,23.555,29.78,33.88,40.675,51.87,48.98,30.725,33.485,42.245,46.01,39.565,35.12
3,27,2014,4,15.7,30.87,32.23,34.93,30.28,19.12,3.635,17.145,20.865,20.28,31.455,25.745,14.64,8.985,22.125,24.135,1.04,5.31,22.125,26.325,23.555,29.78,33.88,40.675,51.87,48.98,30.725,33.485,42.245,46.01,39.565
3,28,2014,5,16.71,15.7,30.87,32.23,34.93,30.28,19.12,3.635,17.145,20.865,20.28,31.455,25.745,14.64,8.985,22.125,24.135,1.04,5.31,22.125,26.325,23.555,29.78,33.88,40.675,51.87,48.98,30.725,33.485,42.245,46.01
3,29,2014,6,26.215,16.71,15.7,30.87,32.23,34.93,30.28,19.12,3.635,17.145,20.865,20.28,31.455,25.745,14.64,8.985,22.125,24.135,1.04,5.31,22.125,26.325,23.555,29.78,33.88,40.675,51.87,48.98,30.725,33.485,42.245
3,30,2014,7,19.88,26.215,16.71,15.7,30.87,32.23,34.93,30.28,19.12,3.635,17.145,20.865,20.28,31.455,25.745,14.64,8.985,22.125,24.135,1.04,5.31,22.125,26.325,23.555,29.78,33.88,40.675,51.87,48.98,30.725,33.485
3,31,2014,1,8.81,19.88,26.215,16.71,15.7,30.87,32.23,34.93,30.28,19.12,3.635,17.145,20.865,20.28,31.455,25.745,14.64,8.985,22.125,24.135,1.04,5.31,22.125,26.325,23.555,29.78,33.88,40.675,51.87,48.98,30.725
4,1,2014,2,12.7,8.81,19.88,26.215,16.71,15.7,30.87,32.23,34.93,30.28,19.12,3.635,17.145,20.865,20.28,31.455,25.745,14.64,8.985,22.125,24.135,1.04,5.31,22.125,26.325,23.555,29.78,33.88,40.675,51.87,48.98
4,2,2014,3,15.37,12.7,8.81,19.88,26.215,16.71,15.7,30.87,32.23,34.93,30.28,19.12,3.635,17.145,20.865,20.28,31.455,25.745,14.64,8.985,22.125,24.135,1.04,5.31,22.125,26.325,23.555,29.78,33.88,40.675,51.87
4,3,2014,4,5.91,15.37,12.7,8.81,19.88,26.215,16.71,15.7,30.87,32.23,34.93,30.28,19.12,3.635,17.145,20.865,20.28,31.455,25.745,14.64,8.985,22.125,24.135,1.04,5.31,22.125,26.325,23.555,29.78,33.88,40.675
4,4,2014,5,14.805,5.91,15.37,12.7,8.81,19.88,26.215,16.71,15.7,30.87,32.23,34.93,30.28,19.12,3.635,17.145,20.865,20.28,31.455,25.745,14.64,8.985,22.125,24.135,1.04,5.31,22.125,26.325,23.555,29.78,33.88
4,5,2014,6,19.83,14.805,5.91,15.37,12.7,8.81,19.88,26.215,16.71,15.7,30.87,32.23,34.93,30.28,19.12,3.635,17.145,20.865,20.28,31.455,25.745,14.64,8.985,22.125,24.135,1.04,5.31,22.125,26.325,23.555,29.78
4,6,2014,7,18.245,19.83,14.805,5.91,15.37,12.7,8.81,19.88,26.215,16.71,15.7,30.87,32.23,34.93,30.28,19.12,3.635,17.145,20.865,20.28,31.455,25.745,14.64,8.985,22.125,24.135,1.04,5.31,22.125,26.325,23.555
4,7,2014,1,17.16,18.245,19.83,14.805,5.91,15.37,12.7,8.81,19.88,26.215,16.71,15.7,30.87,32.23,34.93,30.28,19.12,3.635,17.145,20.865,20.28,31.455,25.745,14.64,8.985,22.125,24.135,1.04,5.31,22.125,26.325
4,8,2014,2,11.36,17.16,18.245,19.83,14.805,5.91,15.37,12.7,8.81,19.88,26.215,16.71,15.7,30.87,32.23,34.93,30.28,19.12,3.635,17.145,20.865,20.28,31.455,25.745,14.64,8.985,22.125,24.135,1.04,5.31,22.125
4,9,2014,3,12.52,11.36,17.16,18.245,19.83,14.805,5.91,15.37,12.7,8.81,19.88,26.215,16.71,15.7,30.87,32.23,34.93,30.28,19.12,3.635,17.145,20.865,20.28,31.455,25.745,14.64,8.985,22.125,24.135,1.04,5.31
4,10,2014,4,-1.775,12.52,11.36,17.16,18.245,19.83,14.805,5.91,15.37,12.7,8.81,19.88,26.215,16.71,15.7,30.87,32.23,34.93,30.28,19.12,3.635,17.145,20.865,20.28,31.455,25.745,14.64,8.985,22.125,24.135,1.04
4,11,2014,5,4.38,-1.775,12.52,11.36,17.16,18.245,19.83,14.805,5.91,15.37,12.7,8.81,19.88,26.215,16.71,15.7,30.87,32.23,34.93,30.28,19.12,3.635,17.145,20.865,20.28,31.455,25.745,14.64,8.985,22.125,24.135
4,12,2014,6,-2.005,4.38,-1.775,12.52,11.36,17.16,18.245,19.83,14.805,5.91,15.37,12.7,8.81,19.88,26.215,16.71,15.7,30.87,32.23,34.93,30.28,19.12,3.635,17.145,20.865,20.28,31.455,25.745,14.64,8.985,22.125
4,13,2014,7,-1.5,-2.005,4.38,-1.775,12.52,11.36,17.16,18.245,19.83,14.805,5.91,15.37,12.7,8.81,19.88,26.215,16.71,15.7,30.87,32.23,34.93,30.28,19.12,3.635,17.145,20.865,20.28,31.455,25.745,14.64,8.985
4,14,2014,1,17.84,-1.5,-2.005,4.38,-1.775,12.52,11.36,17.16,18.245,19.83,14.805,5.91,15.37,12.7,8.81,19.88,26.215,16.71,15.7,30.87,32.23,34.93,30.28,19.12,3.635,17.145,20.865,20.28,31.455,25.745,14.64
4,15,2014,2,25.395,17.84,-1.5,-2.005,4.38,-1.775,12.52,11.36,17.16,18.245,19.83,14.805,5.91,15.37,12.7,8.81,19.88,26.215,16.71,15.7,30.87,32.23,34.93,30.28,19.12,3.635,17.145,20.865,20.28,31.455,25.745
4,16,2014,3,19.275,25.395,17.84,-1.5,-2.005,4.38,-1.775,12.52,11.36,17.16,18.245,19.83,14.805,5.91,15.37,12.7,8.81,19.88,26.215,16.71,15.7,30.87,32.23,34.93,30.28,19.12,3.635,17.145,20.865,20.28,31.455
4,17,2014,4,11.765,19.275,25.395,17.84,-1.5,-2.005,4.38,-1.775,12.52,11.36,17.16,18.245,19.83,14.805,5.91,15.37,12.7,8.81,19.88,26.215,16.71,15.7,30.87,32.23,34.93,30.28,19.12,3.635,17.145,20.865,20.28
4,18,2014,5,7.465,11.765,19.275,25.395,17.84,-1.5,-2.005,4.38,-1.775,12.52,11.36,17.16,18.245,19.83,14.805,5.91,15.37,12.7,8.81,19.88,26.215,16.71,15.7,30.87,32.23,34.93,30.28,19.12,3.635,17.145,20.865
4,19,2014,6,4.295,7.465,11.765,19.275,25.395,17.84,-1.5,-2.005,4.38,-1.775,12.52,11.36,17.16,18.245,19.83,14.805,5.91,15.37,12.7,8.81,19.88,26.215,16.71,15.7,30.87,32.23,34.93,30.28,19.12,3.635,17.145
4,20,2014,7,1.34,4.295,7.465,11.765,19.275,25.395,17.84,-1.5,-2.005,4.38,-1.775,12.52,11.36,17.16,18.245,19.83,14.805,5.91,15.37,12.7,8.81,19.88,26.215,16.71,15.7,30.87,32.23,34.93,30.28,19.12,3.635
4,21,2014,1,-1.08,1.34,4.295,7.465,11.765,19.275,25.395,17.84,-1.5,-2.005,4.38,-1.775,12.52,11.36,17.16,18.245,19.83,14.805,5.91,15.37,12.7,8.81,19.88,26.215,16.71,15.7,30.87,32.23,34.93,30.28,19.12
4,22,2014,2,5.1,-1.08,1.34,4.295,7.465,11.765,19.275,25.395,17.84,-1.5,-2.005,4.38,-1.775,12.52,11.36,17.16,18.245,19.83,14.805,5.91,15.37,12.7,8.81,19.88,26.215,16.71,15.7,30.87,32.23,34.93,30.28
4,23,2014,3,10.17,5.1,-1.08,1.34,4.295,7.465,11.765,19.275,25.395,17.84,-1.5,-2.005,4.38,-1.775,12.52,11.36,17.16,18.245,19.83,14.805,5.91,15.37,12.7,8.81,19.88,26.215,16.71,15.7,30.87,32.23,34.93
4,24,2014,4,1.09,10.17,5.1,-1.08,1.34,4.295,7.465,11.765,19.275,25.395,17.84,-1.5,-2.005,4.38,-1.775,12.52,11.36,17.16,18.245,19.83,14.805,5.91,15.37,12.7,8.81,19.88,26.215,16.71,15.7,30.87,32.23
4,25,2014,5,2.32,1.09,10.17,5.1,-1.08,1.34,4.295,7.465,11.765,19.275,25.395,17.84,-1.5,-2.005,4.38,-1.775,12.52,11.36,17.16,18.245,19.83,14.805,5.91,15.37,12.7,8.81,19.88,26.215,16.71,15.7,30.87
4,26,2014,6,-0.83,2.32,1.09,10.17,5.1,-1.08,1.34,4.295,7.465,11.765,19.275,25.395,17.84,-1.5,-2.005,4.38,-1.775,12.52,11.36,17.16,18.245,19.83,14.805,5.91,15.37,12.7,8.81,19.88,26.215,16.71,15.7
4,27,2014,7,-3.435,-0.83,2.32,1.09,10.17,5.1,-1.08,1.34,4.295,7.465,11.765,19.275,25.395,17.84,-1.5,-2.005,4.38,-1.775,12.52,11.36,17.16,18.245,19.83,14.805,5.91,15.37,12.7,8.81,19.88,26.215,16.71
4,28,2014,1,-1.98,-3.435,-0.83,2.32,1.09,10.17,5.1,-1.08,1.34,4.295,7.465,11.765,19.275,25.395,17.84,-1.5,-2.005,4.38,-1.775,12.52,11.36,17.16,18.245,19.83,14.805,5.91,15.37,12.7,8.81,19.88,26.215
4,29,2014,2,5.18,-1.98,-3.435,-0.83,2.32,1.09,10.17,5.1,-1.08,1.34,4.295,7.465,11.765,19.275,25.395,17.84,-1.5,-2.005,4.38,-1.775,12.52,11.36,17.16,18.245,19.83,14.805,5.91,15.37,12.7,8.81,19.88
4,30,2014,3,13.14,5.18,-1.98,-3.435,-0.83,2.32,1.09,10.17,5.1,-1.08,1.34,4.295,7.465,11.765,19.275,25.395,17.84,-1.5,-2.005,4.38,-1.775,12.52,11.36,17.16,18.245,19.83,14.805,5.91,15.37,12.7,8.81
5,1,2014,4,16.645,13.14,5.18,-1.98,-3.435,-0.83,2.32,1.09,10.17,5.1,-1.08,1.34,4.295,7.465,11.765,19.275,25.395,17.84,-1.5,-2.005,4.38,-1.775,12.52,11.36,17.16,18.245,19.83,14.805,5.91,15.37,12.7
5,2,2014,5,11.105,16.645,13.14,5.18,-1.98,-3.435,-0.83,2.32,1.09,10.17,5.1,-1.08,1.34,4.295,7.465,11.765,19.275,25.395,17.84,-1.5,-2.005,4.38,-1.775,12.52,11.36,17.16,18.245,19.83,14.805,5.91,15.37
5,3,2014,6,-0.48,11.105,16.645,13.14,5.18,-1.98,-3.435,-0.83,2.32,1.09,10.17,5.1,-1.08,1.34,4.295,7.465,11.765,19.275,25.395,17.84,-1.5,-2.005,4.38,-1.775,12.52,11.36,17.16,18.245,19.83,14.805,5.91
5,4,2014,7,-0.235,-0.48,11.105,16.645,13.14,5.18,-1.98,-3.435,-0.83,2.32,1.09,10.17,5.1,-1.08,1.34,4.295,7.465,11.765,19.275,25.395,17.84,-1.5,-2.005,4.38,-1.775,12.52,11.36,17.16,18.245,19.83,14.805
5,5,2014,1,-5.67,-0.235,-0.48,11.105,16.645,13.14,5.18,-1.98,-3.435,-0.83,2.32,1.09,10.17,5.1,-1.08,1.34,4.295,7.465,11.765,19.275,25.395,17.84,-1.5,-2.005,4.38,-1.775,12.52,11.36,17.16,18.245,19.83
5,6,2014,2,-7.205,-5.67,-0.235,-0.48,11.105,16.645,13.14,5.18,-1.98,-3.435,-0.83,2.32,1.09,10.17,5.1,-1.08,1.34,4.295,7.465,11.765,19.275,25.395,17.84,-1.5,-2.005,4.38,-1.775,12.52,11.36,17.16,18.245
5,7,2014,3,-10.74,-7.205,-5.67,-0.235,-0.48,11.105,16.645,13.14,5.18,-1.98,-3.435,-0.83,2.32,1.09,10.17,5.1,-1.08,1.34,4.295,7.465,11.765,19.275,25.395,17.84,-1.5,-2.005,4.38,-1.775,12.52,11.36,17.16
5,8,2014,4,-12.805,-10.74,-7.205,-5.67,-0.235,-0.48,11.105,16.645,13.14,5.18,-1.98,-3.435,-0.83,2.32,1.09,10.17,5.1,-1.08,1.34,4.295,7.465,11.765,19.275,25.395,17.84,-1.5,-2.005,4.38,-1.775,12.52,11.36
5,9,2014,5,-5.53,-12.805,-10.74,-7.205,-5.67,-0.235,-0.48,11.105,16.645,13.14,5.18,-1.98,-3.435,-0.83,2.32,1.09,10.17,5.1,-1.08,1.34,4.295,7.465,11.765,19.275,25.395,17.84,-1.5,-2.005,4.38,-1.775,12.52
5,10,2014,6,-5.065,-5.53,-12.805,-10.74,-7.205,-5.67,-0.235,-0.48,11.105,16.645,13.14,5.18,-1.98,-3.435,-0.83,2.32,1.09,10.17,5.1,-1.08,1.34,4.295,7.465,11.765,19.275,25.395,17.84,-1.5,-2.005,4.38,-1.775
5,11,2014,7,-9.99,-5.065,-5.53,-12.805,-10.74,-7.205,-5.67,-0.235,-0.48,11.105,16.645,13.14,5.18,-1.98,-3.435,-0.83,2.32,1.09,10.17,5.1,-1.08,1.34,4.295,7.465,11.765,19.275,25.395,17.84,-1.5,-2.005,4.38
5,12,2014,1,-12.98,-9.99,-5.065,-5.53,-12.805,-10.74,-7.205,-5.67,-0.235,-0.48,11.105,16.645,13.14,5.18,-1.98,-3.435,-0.83,2.32,1.09,10.17,5.1,-1.08,1.34,4.295,7.465,11.765,19.275,25.395,17.84,-1.5,-2.005
5,13,2014,2,3.28,-12.98,-9.99,-5.065,-5.53,-12.805,-10.74,-7.205,-5.67,-0.235,-0.48,11.105,16.645,13.14,5.18,-1.98,-3.435,-0.83,2.32,1.09,10.17,5.1,-1.08,1.34,4.295,7.465,11.765,19.275,25.395,17.84,-1.5
5,14,2014,3,14.435,3.28,-12.98,-9.99,-5.065,-5.53,-12.805,-10.74,-7.205,-5.67,-0.235,-0.48,11.105,16.645,13.14,5.18,-1.98,-3.435,-0.83,2.32,1.09,10.17,5.1,-1.08,1.34,4.295,7.465,11.765,19.275,25.395,17.84
5,15,2014,4,10.63,14.435,3.28,-12.98,-9.99,-5.065,-5.53,-12.805,-10.74,-7.205,-5.67,-0.235,-0.48,11.105,16.645,13.14,5.18,-1.98,-3.435,-0.83,2.32,1.09,10.17,5.1,-1.08,1.34,4.295,7.465,11.765,19.275,25.395
5,16,2014,5,14.82,10.63,14.435,3.28,-12.98,-9.99,-5.065,-5.53,-12.805,-10.74,-7.205,-5.67,-0.235,-0.48,11.105,16.645,13.14,5.18,-1.98,-3.435,-0.83,2.32,1.09,10.17,5.1,-1.08,1.34,4.295,7.465,11.765,19.275
5,17,2014,6,14.245,14.82,10.63,14.435,3.28,-12.98,-9.99,-5.065,-5.53,-12.805,-10.74,-7.205,-5.67,-0.235,-0.48,11.105,16.645,13.14,5.18,-1.98,-3.435,-0.83,2.32,1.09,10.17,5.1,-1.08,1.34,4.295,7.465,11.765
5,18,2014,7,9.79,14.245,14.82,10.63,14.435,3.28,-12.98,-9.99,-5.065,-5.53,-12.805,-10.74,-7.205,-5.67,-0.235,-0.48,11.105,16.645,13.14,5.18,-1.98,-3.435,-0.83,2.32,1.09,10.17,5.1,-1.08,1.34,4.295,7.465
5,19,2014,1,1.245,9.79,14.245,14.82,10.63,14.435,3.28,-12.98,-9.99,-5.065,-5.53,-12.805,-10.74,-7.205,-5.67,-0.235,-0.48,11.105,16.645,13.14,5.18,-1.98,-3.435,-0.83,2.32,1.09,10.17,5.1,-1.08,1.34,4.295
5,20,2014,2,-9.67,1.245,9.79,14.245,14.82,10.63,14.435,3.28,-12.98,-9.99,-5.065,-5.53,-12.805,-10.74,-7.205,-5.67,-0.235,-0.48,11.105,16.645,13.14,5.18,-1.98,-3.435,-0.83,2.32,1.09,10.17,5.1,-1.08,1.34
5,21,2014,3,-13.31,-9.67,1.245,9.79,14.245,14.82,10.63,14.435,3.28,-12.98,-9.99,-5.065,-5.53,-12.805,-10.74,-7.205,-5.67,-0.235,-0.48,11.105,16.645,13.14,5.18,-1.98,-3.435,-0.83,2.32,1.09,10.17,5.1,-1.08
5,22,2014,4,-9.61,-13.31,-9.67,1.245,9.79,14.245,14.82,10.63,14.435,3.28,-12.98,-9.99,-5.065,-5.53,-12.805,-10.74,-7.205,-5.67,-0.235,-0.48,11.105,16.645,13.14,5.18,-1.98,-3.435,-0.83,2.32,1.09,10.17,5.1
5,23,2014,5,-7.77,-9.61,-13.31,-9.67,1.245,9.79,14.245,14.82,10.63,14.435,3.28,-12.98,-9.99,-5.065,-5.53,-12.805,-10.74,-7.205,-5.67,-0.235,-0.48,11.105,16.645,13.14,5.18,-1.98,-3.435,-0.83,2.32,1.09,10.17
5,24,2014,6,-4.085,-7.77,-9.61,-13.31,-9.67,1.245,9.79,14.245,14.82,10.63,14.435,3.28,-12.98,-9.99,-5.065,-5.53,-12.805,-10.74,-7.205,-5.67,-0.235,-0.48,11.105,16.645,13.14,5.18,-1.98,-3.435,-0.83,2.32,1.09
5,25,2014,7,-7.43,-4.085,-7.77,-9.61,-13.31,-9.67,1.245,9.79,14.245,14.82,10.63,14.435,3.28,-12.98,-9.99,-5.065,-5.53,-12.805,-10.74,-7.205,-5.67,-0.235,-0.48,11.105,16.645,13.14,5.18,-1.98,-3.435,-0.83,2.32
5,26,2014,1,-10.73,-7.43,-4.085,-7.77,-9.61,-13.31,-9.67,1.245,9.79,14.245,14.82,10.63,14.435,3.28,-12.98,-9.99,-5.065,-5.53,-12.805,-10.74,-7.205,-5.67,-0.235,-0.48,11.105,16.645,13.14,5.18,-1.98,-3.435,-0.83
5,27,2014,2,-8.665,-10.73,-7.43,-4.085,-7.77,-9.61,-13.31,-9.67,1.245,9.79,14.245,14.82,10.63,14.435,3.28,-12.98,-9.99,-5.065,-5.53,-12.805,-10.74,-7.205,-5.67,-0.235,-0.48,11.105,16.645,13.14,5.18,-1.98,-3.435
5,28,2014,3,-9.14,-8.665,-10.73,-7.43,-4.085,-7.77,-9.61,-13.31,-9.67,1.245,9.79,14.245,14.82,10.63,14.435,3.28,-12.98,-9.99,-5.065,-5.53,-12.805,-10.74,-7.205,-5.67,-0.235,-0.48,11.105,16.645,13.14,5.18,-1.98
5,29,2014,4,-11.17,-9.14,-8.665,-10.73,-7.43,-4.085,-7.77,-9.61,-13.31,-9.67,1.245,9.79,14.245,14.82,10.63,14.435,3.28,-12.98,-9.99,-5.065,-5.53,-12.805,-10.74,-7.205,-5.67,-0.235,-0.48,11.105,16.645,13.14,5.18
5,30,2014,5,-10.555,-11.17,-9.14,-8.665,-10.73,-7.43,-4.085,-7.77,-9.61,-13.31,-9.67,1.245,9.79,14.245,14.82,10.63,14.435,3.28,-12.98,-9.99,-5.065,-5.53,-12.805,-10.74,-7.205,-5.67,-0.235,-0.48,11.105,16.645,13.14
5,31,2014,6,-12.13,-10.555,-11.17,-9.14,-8.665,-10.73,-7.43,-4.085,-7.77,-9.61,-13.31,-9.67,1.245,9.79,14.245,14.82,10.63,14.435,3.28,-12.98,-9.99,-5.065,-5.53,-12.805,-10.74,-7.205,-5.67,-0.235,-0.48,11.105,16.645
6,1,2014,7,-13.04,-12.13,-10.555,-11.17,-9.14,-8.665,-10.73,-7.43,-4.085,-7.77,-9.61,-13.31,-9.67,1.245,9.79,14.245,14.82,10.63,14.435,3.28,-12.98,-9.99,-5.065,-5.53,-12.805,-10.74,-7.205,-5.67,-0.235,-0.48,11.105
6,2,2014,1,-13.885,-13.04,-12.13,-10.555,-11.17,-9.14,-8.665,-10.73,-7.43,-4.085,-7.77,-9.61,-13.31,-9.67,1.245,9.79,14.245,14.82,10.63,14.435,3.28,-12.98,-9.99,-5.065,-5.53,-12.805,-10.74,-7.205,-5.67,-0.235,-0.48
6,3,2014,2,-15.605,-13.885,-13.04,-12.13,-10.555,-11.17,-9.14,-8.665,-10.73,-7.43,-4.085,-7.77,-9.61,-13.31,-9.67,1.245,9.79,14.245,14.82,10.63,14.435,3.28,-12.98,-9.99,-5.065,-5.53,-12.805,-10.74,-7.205,-5.67,-0.235
6,4,2014,3,-10.915,-15.605,-13.885,-13.04,-12.13,-10.555,-11.17,-9.14,-8.665,-10.73,-7.43,-4.085,-7.77,-9.61,-13.31,-9.67,1.245,9.79,14.245,14.82,10.63,14.435,3.28,-12.98,-9.99,-5.065,-5.53,-12.805,-10.74,-7.205,-5.67
6,5,2014,4,-4.47,-10.915,-15.605,-13.885,-13.04,-12.13,-10.555,-11.17,-9.14,-8.665,-10.73,-7.43,-4.085,-7.77,-9.61,-13.31,-9.67,1.245,9.79,14.245,14.82,10.63,14.435,3.28,-12.98,-9.99,-5.065,-5.53,-12.805,-10.74,-7.205
6,6,2014,5,-7.04,-4.47,-10.915,-15.605,-13.885,-13.04,-12.13,-10.555,-11.17,-9.14,-8.665,-10.73,-7.43,-4.085,-7.77,-9.61,-13.31,-9.67,1.245,9.79,14.245,14.82,10.63,14.435,3.28,-12.98,-9.99,-5.065,-5.53,-12.805,-10.74
6,7,2014,6,-6.055,-7.04,-4.47,-10.915,-15.605,-13.885,-13.04,-12.13,-10.555,-11.17,-9.14,-8.665,-10.73,-7.43,-4.085,-7.77,-9.61,-13.31,-9.67,1.245,9.79,14.245,14.82,10.63,14.435,3.28,-12.98,-9.99,-5.065,-5.53,-12.805
6,8,2014,7,-5.995,-6.055,-7.04,-4.47,-10.915,-15.605,-13.885,-13.04,-12.13,-10.555,-11.17,-9.14,-8.665,-10.73,-7.43,-4.085,-7.77,-9.61,-13.31,-9.67,1.245,9.79,14.245,14.82,10.63,14.435,3.28,-12.98,-9.99,-5.065,-5.53
6,9,2014,1,-5.34,-5.995,-6.055,-7.04,-4.47,-10.915,-15.605,-13.885,-13.04,-12.13,-10.555,-11.17,-9.14,-8.665,-10.73,-7.43,-4.085,-7.77,-9.61,-13.31,-9.67,1.245,9.79,14.245,14.82,10.63,14.435,3.28,-12.98,-9.99,-5.065
6,10,2014,2,-6.065,-5.34,-5.995,-6.055,-7.04,-4.47,-10.915,-15.605,-13.885,-13.04,-12.13,-10.555,-11.17,-9.14,-8.665,-10.73,-7.43,-4.085,-7.77,-9.61,-13.31,-9.67,1.245,9.79,14.245,14.82,10.63,14.435,3.28,-12.98,-9.99
6,11,2014,3,-2.955,-6.065,-5.34,-5.995,-6.055,-7.04,-4.47,-10.915,-15.605,-13.885,-13.04,-12.13,-10.555,-11.17,-9.14,-8.665,-10.73,-7.43,-4.085,-7.77,-9.61,-13.31,-9.67,1.245,9.79,14.245,14.82,10.63,14.435,3.28,-12.98
6,12,2014,4,-4.825,-2.955,-6.065,-5.34,-5.995,-6.055,-7.04,-4.47,-10.915,-15.605,-13.885,-13.04,-12.13,-10.555,-11.17,-9.14,-8.665,-10.73,-7.43,-4.085,-7.77,-9.61,-13.31,-9.67,1.245,9.79,14.245,14.82,10.63,14.435,3.28
6,13,2014,5,-2.565,-4.825,-2.955,-6.065,-5.34,-5.995,-6.055,-7.04,-4.47,-10.915,-15.605,-13.885,-13.04,-12.13,-10.555,-11.17,-9.14,-8.665,-10.73,-7.43,-4.085,-7.77,-9.61,-13.31,-9.67,1.245,9.79,14.245,14.82,10.63,14.435
6,14,2014,6,-1.31,-2.565,-4.825,-2.955,-6.065,-5.34,-5.995,-6.055,-7.04,-4.47,-10.915,-15.605,-13.885,-13.04,-12.13,-10.555,-11.17,-9.14,-8.665,-10.73,-7.43,-4.085,-7.77,-9.61,-13.31,-9.67,1.245,9.79,14.245,14.82,10.63
6,15,2014,7,-8.78,-1.31,-2.565,-4.825,-2.955,-6.065,-5.34,-5.995,-6.055,-7.04,-4.47,-10.915,-15.605,-13.885,-13.04,-12.13,-10.555,-11.17,-9.14,-8.665,-10.73,-7.43,-4.085,-7.77,-9.61,-13.31,-9.67,1.245,9.79,14.245,14.82
6,16,2014,1,-16.335,-8.78,-1.31,-2.565,-4.825,-2.955,-6.065,-5.34,-5.995,-6.055,-7.04,-4.47,-10.915,-15.605,-13.885,-13.04,-12.13,-10.555,-11.17,-9.14,-8.665,-10.73,-7.43,-4.085,-7.77,-9.61,-13.31,-9.67,1.245,9.79,14.245
6,17,2014,2,-17.655,-16.335,-8.78,-1.31,-2.565,-4.825,-2.955,-6.065,-5.34,-5.995,-6.055,-7.04,-4.47,-10.915,-15.605,-13.885,-13.04,-12.13,-10.555,-11.17,-9.14,-8.665,-10.73,-7.43,-4.085,-7.77,-9.61,-13.31,-9.67,1.245,9.79
6,18,2014,3,-18.19,-17.655,-16.335,-8.78,-1.31,-2.565,-4.825,-2.955,-6.065,-5.34,-5.995,-6.055,-7.04,-4.47,-10.915,-15.605,-13.885,-13.04,-12.13,-10.555,-11.17,-9.14,-8.665,-10.73,-7.43,-4.085,-7.77,-9.61,-13.31,-9.67,1.245
6,19,2014,4,-17.305,-18.19,-17.655,-16.335,-8.78,-1.31,-2.565,-4.825,-2.955,-6.065,-5.34,-5.995,-6.055,-7.04,-4.47,-10.915,-15.605,-13.885,-13.04,-12.13,-10.555,-11.17,-9.14,-8.665,-10.73,-7.43,-4.085,-7.77,-9.61,-13.31,-9.67
6,20,2014,5,-17.31,-17.305,-18.19,-17.655,-16.335,-8.78,-1.31,-2.565,-4.825,-2.955,-6.065,-5.34,-5.995,-6.055,-7.04,-4.47,-10.915,-15.605,-13.885,-13.04,-12.13,-10.555,-11.17,-9.14,-8.665,-10.73,-7.43,-4.085,-7.77,-9.61,-13.31
6,21,2014,6,-14.465,-17.31,-17.305,-18.19,-17.655,-16.335,-8.78,-1.31,-2.565,-4.825,-2.955,-6.065,-5.34,-5.995,-6.055,-7.04,-4.47,-10.915,-15.605,-13.885,-13.04,-12.13,-10.555,-11.17,-9.14,-8.665,-10.73,-7.43,-4.085,-7.77,-9.61
6,22,2014,7,-11.765,-14.465,-17.31,-17.305,-18.19,-17.655,-16.335,-8.78,-1.31,-2.565,-4.825,-2.955,-6.065,-5.34,-5.995,-6.055,-7.04,-4.47,-10.915,-15.605,-13.885,-13.04,-12.13,-10.555,-11.17,-9.14,-8.665,-10.73,-7.43,-4.085,-7.77
6,23,2014,1,-13.13,-11.765,-14.465,-17.31,-17.305,-18.19,-17.655,-16.335,-8.78,-1.31,-2.565,-4.825,-2.955,-6.065,-5.34,-5.995,-6.055,-7.04,-4.47,-10.915,-15.605,-13.885,-13.04,-12.13,-10.555,-11.17,-9.14,-8.665,-10.73,-7.43,-4.085
6,24,2014,2,-13.15,-13.13,-11.765,-14.465,-17.31,-17.305,-18.19,-17.655,-16.335,-8.78,-1.31,-2.565,-4.825,-2.955,-6.065,-5.34,-5.995,-6.055,-7.04,-4.47,-10.915,-15.605,-13.885,-13.04,-12.13,-10.555,-11.17,-9.14,-8.665,-10.73,-7.43
6,25,2014,3,-12.175,-13.15,-13.13,-11.765,-14.465,-17.31,-17.305,-18.19,-17.655,-16.335,-8.78,-1.31,-2.565,-4.825,-2.955,-6.065,-5.34,-5.995,-6.055,-7.04,-4.47,-10.915,-15.605,-13.885,-13.04,-12.13,-10.555,-11.17,-9.14,-8.665,-10.73
6,26,2014,4,-13.01,-12.175,-13.15,-13.13,-11.765,-14.465,-17.31,-17.305,-18.19,-17.655,-16.335,-8.78,-1.31,-2.565,-4.825,-2.955,-6.065,-5.34,-5.995,-6.055,-7.04,-4.47,-10.915,-15.605,-13.885,-13.04,-12.13,-10.555,-11.17,-9.14,-8.665
6,27,2014,5,-12.395,-13.01,-12.175,-13.15,-13.13,-11.765,-14.465,-17.31,-17.305,-18.19,-17.655,-16.335,-8.78,-1.31,-2.565,-4.825,-2.955,-6.065,-5.34,-5.995,-6.055,-7.04,-4.47,-10.915,-15.605,-13.885,-13.04,-12.13,-10.555,-11.17,-9.14
6,28,2014,6,-14.52,-12.395,-13.01,-12.175,-13.15,-13.13,-11.765,-14.465,-17.31,-17.305,-18.19,-17.655,-16.335,-8.78,-1.31,-2.565,-4.825,-2.955,-6.065,-5.34,-5.995,-6.055,-7.04,-4.47,-10.915,-15.605,-13.885,-13.04,-12.13,-10.555,-11.17
6,29,2014,7,-12.075,-14.52,-12.395,-13.01,-12.175,-13.15,-13.13,-11.765,-14.465,-17.31,-17.305,-18.19,-17.655,-16.335,-8.78,-1.31,-2.565,-4.825,-2.955,-6.065,-5.34,-5.995,-6.055,-7.04,-4.47,-10.915,-15.605,-13.885,-13.04,-12.13,-10.555
6,30,2014,1,-18.195,-12.075,-14.52,-12.395,-13.01,-12.175,-13.15,-13.13,-11.765,-14.465,-17.31,-17.305,-18.19,-17.655,-16.335,-8.78,-1.31,-2.565,-4.825,-2.955,-6.065,-5.34,-5.995,-6.055,-7.04,-4.47,-10.915,-15.605,-13.885,-13.04,-12.13
7,1,2014,2,-15.81,-18.195,-12.075,-14.52,-12.395,-13.01,-12.175,-13.15,-13.13,-11.765,-14.465,-17.31,-17.305,-18.19,-17.655,-16.335,-8.78,-1.31,-2.565,-4.825,-2.955,-6.065,-5.34,-5.995,-6.055,-7.04,-4.47,-10.915,-15.605,-13.885,-13.04
7,2,2014,3,-6.515,-15.81,-18.195,-12.075,-14.52,-12.395,-13.01,-12.175,-13.15,-13.13,-11.765,-14.465,-17.31,-17.305,-18.19,-17.655,-16.335,-8.78,-1.31,-2.565,-4.825,-2.955,-6.065,-5.34,-5.995,-6.055,-7.04,-4.47,-10.915,-15.605,-13.885
7,3,2014,4,-4.785,-6.515,-15.81,-18.195,-12.075,-14.52,-12.395,-13.01,-12.175,-13.15,-13.13,-11.765,-14.465,-17.31,-17.305,-18.19,-17.655,-16.335,-8.78,-1.31,-2.565,-4.825,-2.955,-6.065,-5.34,-5.995,-6.055,-7.04,-4.47,-10.915,-15.605
7,4,2014,5,-4.53,-4.785,-6.515,-15.81,-18.195,-12.075,-14.52,-12.395,-13.01,-12.175,-13.15,-13.13,-11.765,-14.465,-17.31,-17.305,-18.19,-17.655,-16.335,-8.78,-1.31,-2.565,-4.825,-2.955,-6.065,-5.34,-5.995,-6.055,-7.04,-4.47,-10.915
7,5,2014,6,-4.39,-4.53,-4.785,-6.515,-15.81,-18.195,-12.075,-14.52,-12.395,-13.01,-12.175,-13.15,-13.13,-11.765,-14.465,-17.31,-17.305,-18.19,-17.655,-16.335,-8.78,-1.31,-2.565,-4.825,-2.955,-6.065,-5.34,-5.995,-6.055,-7.04,-4.47
7,6,2014,7,-13.795,-4.39,-4.53,-4.785,-6.515,-15.81,-18.195,-12.075,-14.52,-12.395,-13.01,-12.175,-13.15,-13.13,-11.765,-14.465,-17.31,-17.305,-18.19,-17.655,-16.335,-8.78,-1.31,-2.565,-4.825,-2.955,-6.065,-5.34,-5.995,-6.055,-7.04
7,7,2014,1,-17.405,-13.795,-4.39,-4.53,-4.785,-6.515,-15.81,-18.195,-12.075,-14.52,-12.395,-13.01,-12.175,-13.15,-13.13,-11.765,-14.465,-17.31,-17.305,-18.19,-17.655,-16.335,-8.78,-1.31,-2.565,-4.825,-2.955,-6.065,-5.34,-5.995,-6.055
7,8,2014,2,-11.925,-17.405,-13.795,-4.39,-4.53,-4.785,-6.515,-15.81,-18.195,-12.075,-14.52,-12.395,-13.01,-12.175,-13.15,-13.13,-11.765,-14.465,-17.31,-17.305,-18.19,-17.655,-16.335,-8.78,-1.31,-2.565,-4.825,-2.955,-6.065,-5.34,-5.995
7,9,2014,3,-9.305,-11.925,-17.405,-13.795,-4.39,-4.53,-4.785,-6.515,-15.81,-18.195,-12.075,-14.52,-12.395,-13.01,-12.175,-13.15,-13.13,-11.765,-14.465,-17.31,-17.305,-18.19,-17.655,-16.335,-8.78,-1.31,-2.565,-4.825,-2.955,-6.065,-5.34
7,10,2014,4,-7.045,-9.305,-11.925,-17.405,-13.795,-4.39,-4.53,-4.785,-6.515,-15.81,-18.195,-12.075,-14.52,-12.395,-13.01,-12.175,-13.15,-13.13,-11.765,-14.465,-17.31,-17.305,-18.19,-17.655,-16.335,-8.78,-1.31,-2.565,-4.825,-2.955,-6.065
7,11,2014,5,-10.035,-7.045,-9.305,-11.925,-17.405,-13.795,-4.39,-4.53,-4.785,-6.515,-15.81,-18.195,-12.075,-14.52,-12.395,-13.01,-12.175,-13.15,-13.13,-11.765,-14.465,-17.31,-17.305,-18.19,-17.655,-16.335,-8.78,-1.31,-2.565,-4.825,-2.955
7,12,2014,6,-20.365,-10.035,-7.045,-9.305,-11.925,-17.405,-13.795,-4.39,-4.53,-4.785,-6.515,-15.81,-18.195,-12.075,-14.52,-12.395,-13.01,-12.175,-13.15,-13.13,-11.765,-14.465,-17.31,-17.305,-18.19,-17.655,-16.335,-8.78,-1.31,-2.565,-4.825
7,13,2014,7,-17.1,-20.365,-10.035,-7.045,-9.305,-11.925,-17.405,-13.795,-4.39,-4.53,-4.785,-6.515,-15.81,-18.195,-12.075,-14.52,-12.395,-13.01,-12.175,-13.15,-13.13,-11.765,-14.465,-17.31,-17.305,-18.19,-17.655,-16.335,-8.78,-1.31,-2.565
7,14,2014,1,-13.475,-17.1,-20.365,-10.035,-7.045,-9.305,-11.925,-17.405,-13.795,-4.39,-4.53,-4.785,-6.515,-15.81,-18.195,-12.075,-14.52,-12.395,-13.01,-12.175,-13.15,-13.13,-11.765,-14.465,-17.31,-17.305,-18.19,-17.655,-16.335,-8.78,-1.31
7,15,2014,2,-1.9,-13.475,-17.1,-20.365,-10.035,-7.045,-9.305,-11.925,-17.405,-13.795,-4.39,-4.53,-4.785,-6.515,-15.81,-18.195,-12.075,-14.52,-12.395,-13.01,-12.175,-13.15,-13.13,-11.765,-14.465,-17.31,-17.305,-18.19,-17.655,-16.335,-8.78
7,16,2014,3,-1.54,-1.9,-13.475,-17.1,-20.365,-10.035,-7.045,-9.305,-11.925,-17.405,-13.795,-4.39,-4.53,-4.785,-6.515,-15.81,-18.195,-12.075,-14.52,-12.395,-13.01,-12.175,-13.15,-13.13,-11.765,-14.465,-17.31,-17.305,-18.19,-17.655,-16.335
7,17,2014,4,-2.86,-1.54,-1.9,-13.475,-17.1,-20.365,-10.035,-7.045,-9.305,-11.925,-17.405,-13.795,-4.39,-4.53,-4.785,-6.515,-15.81,-18.195,-12.075,-14.52,-12.395,-13.01,-12.175,-13.15,-13.13,-11.765,-14.465,-17.31,-17.305,-18.19,-17.655
7,18,2014,5,-6.425,-2.86,-1.54,-1.9,-13.475,-17.1,-20.365,-10.035,-7.045,-9.305,-11.925,-17.405,-13.795,-4.39,-4.53,-4.785,-6.515,-15.81,-18.195,-12.075,-14.52,-12.395,-13.01,-12.175,-13.15,-13.13,-11.765,-14.465,-17.31,-17.305,-18.19
7,19,2014,6,-5.225,-6.425,-2.86,-1.54,-1.9,-13.475,-17.1,-20.365,-10.035,-7.045,-9.305,-11.925,-17.405,-13.795,-4.39,-4.53,-4.785,-6.515,-15.81,-18.195,-12.075,-14.52,-12.395,-13.01,-12.175,-13.15,-13.13,-11.765,-14.465,-17.31,-17.305
7,20,2014,7,-7.015,-5.225,-6.425,-2.86,-1.54,-1.9,-13.475,-17.1,-20.365,-10.035,-7.045,-9.305,-11.925,-17.405,-13.795,-4.39,-4.53,-4.785,-6.515,-15.81,-18.195,-12.075,-14.52,-12.395,-13.01,-12.175,-13.15,-13.13,-11.765,-14.465,-17.31
7,21,2014,1,-10.975,-7.015,-5.225,-6.425,-2.86,-1.54,-1.9,-13.475,-17.1,-20.365,-10.035,-7.045,-9.305,-11.925,-17.405,-13.795,-4.39,-4.53,-4.785,-6.515,-15.81,-18.195,-12.075,-14.52,-12.395,-13.01,-12.175,-13.15,-13.13,-11.765,-14.465
7,22,2014,2,-13.39,-10.975,-7.015,-5.225,-6.425,-2.86,-1.54,-1.9,-13.475,-17.1,-20.365,-10.035,-7.045,-9.305,-11.925,-17.405,-13.795,-4.39,-4.53,-4.785,-6.515,-15.81,-18.195,-12.075,-14.52,-12.395,-13.01,-12.175,-13.15,-13.13,-11.765
7,23,2014,3,-11.965,-13.39,-10.975,-7.015,-5.225,-6.425,-2.86,-1.54,-1.9,-13.475,-17.1,-20.365,-10.035,-7.045,-9.305,-11.925,-17.405,-13.795,-4.39,-4.53,-4.785,-6.515,-15.81,-18.195,-12.075,-14.52,-12.395,-13.01,-12.175,-13.15,-13.13
7,24,2014,4,-5.52,-11.965,-13.39,-10.975,-7.015,-5.225,-6.425,-2.86,-1.54,-1.9,-13.475,-17.1,-20.365,-10.035,-7.045,-9.305,-11.925,-17.405,-13.795,-4.39,-4.53,-4.785,-6.515,-15.81,-18.195,-12.075,-14.52,-12.395,-13.01,-12.175,-13.15
7,25,2014,5,-4.605,-5.52,-11.965,-13.39,-10.975,-7.015,-5.225,-6.425,-2.86,-1.54,-1.9,-13.475,-17.1,-20.365,-10.035,-7.045,-9.305,-11.925,-17.405,-13.795,-4.39,-4.53,-4.785,-6.515,-15.81,-18.195,-12.075,-14.52,-12.395,-13.01,-12.175
7,26,2014,6,-18.155,-4.605,-5.52,-11.965,-13.39,-10.975,-7.015,-5.225,-6.425,-2.86,-1.54,-1.9,-13.475,-17.1,-20.365,-10.035,-7.045,-9.305,-11.925,-17.405,-13.795,-4.39,-4.53,-4.785,-6.515,-15.81,-18.195,-12.075,-14.52,-12.395,-13.01
7,27,2014,7,-18.295,-18.155,-4.605,-5.52,-11.965,-13.39,-10.975,-7.015,-5.225,-6.425,-2.86,-1.54,-1.9,-13.475,-17.1,-20.365,-10.035,-7.045,-9.305,-11.925,-17.405,-13.795,-4.39,-4.53,-4.785,-6.515,-15.81,-18.195,-12.075,-14.52,-12.395
7,28,2014,1,-4.925,-18.295,-18.155,-4.605,-5.52,-11.965,-13.39,-10.975,-7.015,-5.225,-6.425,-2.86,-1.54,-1.9,-13.475,-17.1,-20.365,-10.035,-7.045,-9.305,-11.925,-17.405,-13.795,-4.39,-4.53,-4.785,-6.515,-15.81,-18.195,-12.075,-14.52
7,29,2014,2,-2.235,-4.925,-18.295,-18.155,-4.605,-5.52,-11.965,-13.39,-10.975,-7.015,-5.225,-6.425,-2.86,-1.54,-1.9,-13.475,-17.1,-20.365,-10.035,-7.045,-9.305,-11.925,-17.405,-13.795,-4.39,-4.53,-4.785,-6.515,-15.81,-18.195,-12.075
7,30,2014,3,-5.515,-2.235,-4.925,-18.295,-18.155,-4.605,-5.52,-11.965,-13.39,-10.975,-7.015,-5.225,-6.425,-2.86,-1.54,-1.9,-13.475,-17.1,-20.365,-10.035,-7.045,-9.305,-11.925,-17.405,-13.795,-4.39,-4.53,-4.785,-6.515,-15.81,-18.195
7,31,2014,4,-7.27,-5.515,-2.235,-4.925,-18.295,-18.155,-4.605,-5.52,-11.965,-13.39,-10.975,-7.015,-5.225,-6.425,-2.86,-1.54,-1.9,-13.475,-17.1,-20.365,-10.035,-7.045,-9.305,-11.925,-17.405,-13.795,-4.39,-4.53,-4.785,-6.515,-15.81
8,1,2014,5,-8.105,-7.27,-5.515,-2.235,-4.925,-18.295,-18.155,-4.605,-5.52,-11.965,-13.39,-10.975,-7.015,-5.225,-6.425,-2.86,-1.54,-1.9,-13.475,-17.1,-20.365,-10.035,-7.045,-9.305,-11.925,-17.405,-13.795,-4.39,-4.53,-4.785,-6.515
8,2,2014,6,-7.695,-8.105,-7.27,-5.515,-2.235,-4.925,-18.295,-18.155,-4.605,-5.52,-11.965,-13.39,-10.975,-7.015,-5.225,-6.425,-2.86,-1.54,-1.9,-13.475,-17.1,-20.365,-10.035,-7.045,-9.305,-11.925,-17.405,-13.795,-4.39,-4.53,-4.785
8,3,2014,7,-8.53,-7.695,-8.105,-7.27,-5.515,-2.235,-4.925,-18.295,-18.155,-4.605,-5.52,-11.965,-13.39,-10.975,-7.015,-5.225,-6.425,-2.86,-1.54,-1.9,-13.475,-17.1,-20.365,-10.035,-7.045,-9.305,-11.925,-17.405,-13.795,-4.39,-4.53
8,4,2014,1,-11.705,-8.53,-7.695,-8.105,-7.27,-5.515,-2.235,-4.925,-18.295,-18.155,-4.605,-5.52,-11.965,-13.39,-10.975,-7.015,-5.225,-6.425,-2.86,-1.54,-1.9,-13.475,-17.1,-20.365,-10.035,-7.045,-9.305,-11.925,-17.405,-13.795,-4.39
8,5,2014,2,-13.475,-11.705,-8.53,-7.695,-8.105,-7.27,-5.515,-2.235,-4.925,-18.295,-18.155,-4.605,-5.52,-11.965,-13.39,-10.975,-7.015,-5.225,-6.425,-2.86,-1.54,-1.9,-13.475,-17.1,-20.365,-10.035,-7.045,-9.305,-11.925,-17.405,-13.795
8,6,2014,3,-12.81,-13.475,-11.705,-8.53,-7.695,-8.105,-7.27,-5.515,-2.235,-4.925,-18.295,-18.155,-4.605,-5.52,-11.965,-13.39,-10.975,-7.015,-5.225,-6.425,-2.86,-1.54,-1.9,-13.475,-17.1,-20.365,-10.035,-7.045,-9.305,-11.925,-17.405
8,7,2014,4,-7.65,-12.81,-13.475,-11.705,-8.53,-7.695,-8.105,-7.27,-5.515,-2.235,-4.925,-18.295,-18.155,-4.605,-5.52,-11.965,-13.39,-10.975,-7.015,-5.225,-6.425,-2.86,-1.54,-1.9,-13.475,-17.1,-20.365,-10.035,-7.045,-9.305,-11.925
8,8,2014,5,-11.385,-7.65,-12.81,-13.475,-11.705,-8.53,-7.695,-8.105,-7.27,-5.515,-2.235,-4.925,-18.295,-18.155,-4.605,-5.52,-11.965,-13.39,-10.975,-7.015,-5.225,-6.425,-2.86,-1.54,-1.9,-13.475,-17.1,-20.365,-10.035,-7.045,-9.305
8,9,2014,6,-10.38,-11.385,-7.65,-12.81,-13.475,-11.705,-8.53,-7.695,-8.105,-7.27,-5.515,-2.235,-4.925,-18.295,-18.155,-4.605,-5.52,-11.965,-13.39,-10.975,-7.015,-5.225,-6.425,-2.86,-1.54,-1.9,-13.475,-17.1,-20.365,-10.035,-7.045
8,10,2014,7,-12.415,-10.38,-11.385,-7.65,-12.81,-13.475,-11.705,-8.53,-7.695,-8.105,-7.27,-5.515,-2.235,-4.925,-18.295,-18.155,-4.605,-5.52,-11.965,-13.39,-10.975,-7.015,-5.225,-6.425,-2.86,-1.54,-1.9,-13.475,-17.1,-20.365,-10.035
8,11,2014,1,-12.265,-12.415,-10.38,-11.385,-7.65,-12.81,-13.475,-11.705,-8.53,-7.695,-8.105,-7.27,-5.515,-2.235,-4.925,-18.295,-18.155,-4.605,-5.52,-11.965,-13.39,-10.975,-7.015,-5.225,-6.425,-2.86,-1.54,-1.9,-13.475,-17.1,-20.365
8,12,2014,2,-6.445,-12.265,-12.415,-10.38,-11.385,-7.65,-12.81,-13.475,-11.705,-8.53,-7.695,-8.105,-7.27,-5.515,-2.235,-4.925,-18.295,-18.155,-4.605,-5.52,-11.965,-13.39,-10.975,-7.015,-5.225,-6.425,-2.86,-1.54,-1.9,-13.475,-17.1
8,13,2014,3,-5.445,-6.445,-12.265,-12.415,-10.38,-11.385,-7.65,-12.81,-13.475,-11.705,-8.53,-7.695,-8.105,-7.27,-5.515,-2.235,-4.925,-18.295,-18.155,-4.605,-5.52,-11.965,-13.39,-10.975,-7.015,-5.225,-6.425,-2.86,-1.54,-1.9,-13.475
8,14,2014,4,-5.76,-5.445,-6.445,-12.265,-12.415,-10.38,-11.385,-7.65,-12.81,-13.475,-11.705,-8.53,-7.695,-8.105,-7.27,-5.515,-2.235,-4.925,-18.295,-18.155,-4.605,-5.52,-11.965,-13.39,-10.975,-7.015,-5.225,-6.425,-2.86,-1.54,-1.9
8,15,2014,5,-8.63,-5.76,-5.445,-6.445,-12.265,-12.415,-10.38,-11.385,-7.65,-12.81,-13.475,-11.705,-8.53,-7.695,-8.105,-7.27,-5.515,-2.235,-4.925,-18.295,-18.155,-4.605,-5.52,-11.965,-13.39,-10.975,-7.015,-5.225,-6.425,-2.86,-1.54
8,16,2014,6,-10.315,-8.63,-5.76,-5.445,-6.445,-12.265,-12.415,-10.38,-11.385,-7.65,-12.81,-13.475,-11.705,-8.53,-7.695,-8.105,-7.27,-5.515,-2.235,-4.925,-18.295,-18.155,-4.605,-5.52,-11.965,-13.39,-10.975,-7.015,-5.225,-6.425,-2.86
8,17,2014,7,-10.32,-10.315,-8.63,-5.76,-5.445,-6.445,-12.265,-12.415,-10.38,-11.385,-7.65,-12.81,-13.475,-11.705,-8.53,-7.695,-8.105,-7.27,-5.515,-2.235,-4.925,-18.295,-18.155,-4.605,-5.52,-11.965,-13.39,-10.975,-7.015,-5.225,-6.425
8,18,2014,1,-13.22,-10.32,-10.315,-8.63,-5.76,-5.445,-6.445,-12.265,-12.415,-10.38,-11.385,-7.65,-12.81,-13.475,-11.705,-8.53,-7.695,-8.105,-7.27,-5.515,-2.235,-4.925,-18.295,-18.155,-4.605,-5.52,-11.965,-13.39,-10.975,-7.015,-5.225
8,19,2014,2,-13.465,-13.22,-10.32,-10.315,-8.63,-5.76,-5.445,-6.445,-12.265,-12.415,-10.38,-11.385,-7.65,-12.81,-13.475,-11.705,-8.53,-7.695,-8.105,-7.27,-5.515,-2.235,-4.925,-18.295,-18.155,-4.605,-5.52,-11.965,-13.39,-10.975,-7.015
8,20,2014,3,-13.23,-13.465,-13.22,-10.32,-10.315,-8.63,-5.76,-5.445,-6.445,-12.265,-12.415,-10.38,-11.385,-7.65,-12.81,-13.475,-11.705,-8.53,-7.695,-8.105,-7.27,-5.515,-2.235,-4.925,-18.295,-18.155,-4.605,-5.52,-11.965,-13.39,-10.975
8,21,2014,4,-17.96,-13.23,-13.465,-13.22,-10.32,-10.315,-8.63,-5.76,-5.445,-6.445,-12.265,-12.415,-10.38,-11.385,-7.65,-12.81,-13.475,-11.705,-8.53,-7.695,-8.105,-7.27,-5.515,-2.235,-4.925,-18.295,-18.155,-4.605,-5.52,-11.965,-13.39
8,22,2014,5,-18.22,-17.96,-13.23,-13.465,-13.22,-10.32,-10.315,-8.63,-5.76,-5.445,-6.445,-12.265,-12.415,-10.38,-11.385,-7.65,-12.81,-13.475,-11.705,-8.53,-7.695,-8.105,-7.27,-5.515,-2.235,-4.925,-18.295,-18.155,-4.605,-5.52,-11.965
8,23,2014,6,-21.205,-18.22,-17.96,-13.23,-13.465,-13.22,-10.32,-10.315,-8.63,-5.76,-5.445,-6.445,-12.265,-12.415,-10.38,-11.385,-7.65,-12.81,-13.475,-11.705,-8.53,-7.695,-8.105,-7.27,-5.515,-2.235,-4.925,-18.295,-18.155,-4.605,-5.52
8,24,2014,7,-20.68,-21.205,-18.22,-17.96,-13.23,-13.465,-13.22,-10.32,-10.315,-8.63,-5.76,-5.445,-6.445,-12.265,-12.415,-10.38,-11.385,-7.65,-12.81,-13.475,-11.705,-8.53,-7.695,-8.105,-7.27,-5.515,-2.235,-4.925,-18.295,-18.155,-4.605
8,25,2014,1,-21.97,-20.68,-21.205,-18.22,-17.96,-13.23,-13.465,-13.22,-10.32,-10.315,-8.63,-5.76,-5.445,-6.445,-12.265,-12.415,-10.38,-11.385,-7.65,-12.81,-13.475,-11.705,-8.53,-7.695,-8.105,-7.27,-5.515,-2.235,-4.925,-18.295,-18.155
8,26,2014,2,-20.18,-21.97,-20.68,-21.205,-18.22,-17.96,-13.23,-13.465,-13.22,-10.32,-10.315,-8.63,-5.76,-5.445,-6.445,-12.265,-12.415,-10.38,-11.385,-7.65,-12.81,-13.475,-11.705,-8.53,-7.695,-8.105,-7.27,-5.515,-2.235,-4.925,-18.295
8,27,2014,3,-17.11,-20.18,-21.97,-20.68,-21.205,-18.22,-17.96,-13.23,-13.465,-13.22,-10.32,-10.315,-8.63,-5.76,-5.445,-6.445,-12.265,-12.415,-10.38,-11.385,-7.65,-12.81,-13.475,-11.705,-8.53,-7.695,-8.105,-7.27,-5.515,-2.235,-4.925
8,28,2014,4,-15.725,-17.11,-20.18,-21.97,-20.68,-21.205,-18.22,-17.96,-13.23,-13.465,-13.22,-10.32,-10.315,-8.63,-5.76,-5.445,-6.445,-12.265,-12.415,-10.38,-11.385,-7.65,-12.81,-13.475,-11.705,-8.53,-7.695,-8.105,-7.27,-5.515,-2.235
8,29,2014,5,-16.43,-15.725,-17.11,-20.18,-21.97,-20.68,-21.205,-18.22,-17.96,-13.23,-13.465,-13.22,-10.32,-10.315,-8.63,-5.76,-5.445,-6.445,-12.265,-12.415,-10.38,-11.385,-7.65,-12.81,-13.475,-11.705,-8.53,-7.695,-8.105,-7.27,-5.515
8,30,2014,6,-14.05,-16.43,-15.725,-17.11,-20.18,-21.97,-20.68,-21.205,-18.22,-17.96,-13.23,-13.465,-13.22,-10.32,-10.315,-8.63,-5.76,-5.445,-6.445,-12.265,-12.415,-10.38,-11.385,-7.65,-12.81,-13.475,-11.705,-8.53,-7.695,-8.105,-7.27
8,31,2014,7,-14.79,-14.05,-16.43,-15.725,-17.11,-20.18,-21.97,-20.68,-21.205,-18.22,-17.96,-13.23,-13.465,-13.22,-10.32,-10.315,-8.63,-5.76,-5.445,-6.445,-12.265,-12.415,-10.38,-11.385,-7.65,-12.81,-13.475,-11.705,-8.53,-7.695,-8.105
9,1,2014,1,-13.285,-14.79,-14.05,-16.43,-15.725,-17.11,-20.18,-21.97,-20.68,-21.205,-18.22,-17.96,-13.23,-13.465,-13.22,-10.32,-10.315,-8.63,-5.76,-5.445,-6.445,-12.265,-12.415,-10.38,-11.385,-7.65,-12.81,-13.475,-11.705,-8.53,-7.695
9,2,2014,2,-10.605,-13.285,-14.79,-14.05,-16.43,-15.725,-17.11,-20.18,-21.97,-20.68,-21.205,-18.22,-17.96,-13.23,-13.465,-13.22,-10.32,-10.315,-8.63,-5.76,-5.445,-6.445,-12.265,-12.415,-10.38,-11.385,-7.65,-12.81,-13.475,-11.705,-8.53
9,3,2014,3,-10.45,-10.605,-13.285,-14.79,-14.05,-16.43,-15.725,-17.11,-20.18,-21.97,-20.68,-21.205,-18.22,-17.96,-13.23,-13.465,-13.22,-10.32,-10.315,-8.63,-5.76,-5.445,-6.445,-12.265,-12.415,-10.38,-11.385,-7.65,-12.81,-13.475,-11.705
9,4,2014,4,-16.795,-10.45,-10.605,-13.285,-14.79,-14.05,-16.43,-15.725,-17.11,-20.18,-21.97,-20.68,-21.205,-18.22,-17.96,-13.23,-13.465,-13.22,-10.32,-10.315,-8.63,-5.76,-5.445,-6.445,-12.265,-12.415,-10.38,-11.385,-7.65,-12.81,-13.475
9,5,2014,5,-18.32,-16.795,-10.45,-10.605,-13.285,-14.79,-14.05,-16.43,-15.725,-17.11,-20.18,-21.97,-20.68,-21.205,-18.22,-17.96,-13.23,-13.465,-13.22,-10.32,-10.315,-8.63,-5.76,-5.445,-6.445,-12.265,-12.415,-10.38,-11.385,-7.65,-12.81
9,6,2014,6,-2.095,-18.32,-16.795,-10.45,-10.605,-13.285,-14.79,-14.05,-16.43,-15.725,-17.11,-20.18,-21.97,-20.68,-21.205,-18.22,-17.96,-13.23,-13.465,-13.22,-10.32,-10.315,-8.63,-5.76,-5.445,-6.445,-12.265,-12.415,-10.38,-11.385,-7.65
9,7,2014,7,-1.36,-2.095,-18.32,-16.795,-10.45,-10.605,-13.285,-14.79,-14.05,-16.43,-15.725,-17.11,-20.18,-21.97,-20.68,-21.205,-18.22,-17.96,-13.23,-13.465,-13.22,-10.32,-10.315,-8.63,-5.76,-5.445,-6.445,-12.265,-12.415,-10.38,-11.385
9,8,2014,1,-3.02,-1.36,-2.095,-18.32,-16.795,-10.45,-10.605,-13.285,-14.79,-14.05,-16.43,-15.725,-17.11,-20.18,-21.97,-20.68,-21.205,-18.22,-17.96,-13.23,-13.465,-13.22,-10.32,-10.315,-8.63,-5.76,-5.445,-6.445,-12.265,-12.415,-10.38
9,9,2014,2,-10.93,-3.02,-1.36,-2.095,-18.32,-16.795,-10.45,-10.605,-13.285,-14.79,-14.05,-16.43,-15.725,-17.11,-20.18,-21.97,-20.68,-21.205,-18.22,-17.96,-13.23,-13.465,-13.22,-10.32,-10.315,-8.63,-5.76,-5.445,-6.445,-12.265,-12.415
9,10,2014,3,-13.955,-10.93,-3.02,-1.36,-2.095,-18.32,-16.795,-10.45,-10.605,-13.285,-14.79,-14.05,-16.43,-15.725,-17.11,-20.18,-21.97,-20.68,-21.205,-18.22,-17.96,-13.23,-13.465,-13.22,-10.32,-10.315,-8.63,-5.76,-5.445,-6.445,-12.265
9,11,2014,4,1.83,-13.955,-10.93,-3.02,-1.36,-2.095,-18.32,-16.795,-10.45,-10.605,-13.285,-14.79,-14.05,-16.43,-15.725,-17.11,-20.18,-21.97,-20.68,-21.205,-18.22,-17.96,-13.23,-13.465,-13.22,-10.32,-10.315,-8.63,-5.76,-5.445,-6.445
9,12,2014,5,8.92,1.83,-13.955,-10.93,-3.02,-1.36,-2.095,-18.32,-16.795,-10.45,-10.605,-13.285,-14.79,-14.05,-16.43,-15.725,-17.11,-20.18,-21.97,-20.68,-21.205,-18.22,-17.96,-13.23,-13.465,-13.22,-10.32,-10.315,-8.63,-5.76,-5.445
9,13,2014,6,10.245,8.92,1.83,-13.955,-10.93,-3.02,-1.36,-2.095,-18.32,-16.795,-10.45,-10.605,-13.285,-14.79,-14.05,-16.43,-15.725,-17.11,-20.18,-21.97,-20.68,-21.205,-18.22,-17.96,-13.23,-13.465,-13.22,-10.32,-10.315,-8.63,-5.76
9,14,2014,7,7.55,10.245,8.92,1.83,-13.955,-10.93,-3.02,-1.36,-2.095,-18.32,-16.795,-10.45,-10.605,-13.285,-14.79,-14.05,-16.43,-15.725,-17.11,-20.18,-21.97,-20.68,-21.205,-18.22,-17.96,-13.23,-13.465,-13.22,-10.32,-10.315,-8.63
9,15,2014,1,-0.78,7.55,10.245,8.92,1.83,-13.955,-10.93,-3.02,-1.36,-2.095,-18.32,-16.795,-10.45,-10.605,-13.285,-14.79,-14.05,-16.43,-15.725,-17.11,-20.18,-21.97,-20.68,-21.205,-18.22,-17.96,-13.23,-13.465,-13.22,-10.32,-10.315
9,16,2014,2,5.83,-0.78,7.55,10.245,8.92,1.83,-13.955,-10.93,-3.02,-1.36,-2.095,-18.32,-16.795,-10.45,-10.605,-13.285,-14.79,-14.05,-16.43,-15.725,-17.11,-20.18,-21.97,-20.68,-21.205,-18.22,-17.96,-13.23,-13.465,-13.22,-10.32
9,17,2014,3,7.745,5.83,-0.78,7.55,10.245,8.92,1.83,-13.955,-10.93,-3.02,-1.36,-2.095,-18.32,-16.795,-10.45,-10.605,-13.285,-14.79,-14.05,-16.43,-15.725,-17.11,-20.18,-21.97,-20.68,-21.205,-18.22,-17.96,-13.23,-13.465,-13.22
9,18,2014,4,-0.865,7.745,5.83,-0.78,7.55,10.245,8.92,1.83,-13.955,-10.93,-3.02,-1.36,-2.095,-18.32,-16.795,-10.45,-10.605,-13.285,-14.79,-14.05,-16.43,-15.725,-17.11,-20.18,-21.97,-20.68,-21.205,-18.22,-17.96,-13.23,-13.465
9,19,2014,5,-0.22,-0.865,7.745,5.83,-0.78,7.55,10.245,8.92,1.83,-13.955,-10.93,-3.02,-1.36,-2.095,-18.32,-16.795,-10.45,-10.605,-13.285,-14.79,-14.05,-16.43,-15.725,-17.11,-20.18,-21.97,-20.68,-21.205,-18.22,-17.96,-13.23
9,20,2014,6,-7.91,-0.22,-0.865,7.745,5.83,-0.78,7.55,10.245,8.92,1.83,-13.955,-10.93,-3.02,-1.36,-2.095,-18.32,-16.795,-10.45,-10.605,-13.285,-14.79,-14.05,-16.43,-15.725,-17.11,-20.18,-21.97,-20.68,-21.205,-18.22,-17.96
9,21,2014,7,-4.855,-7.91,-0.22,-0.865,7.745,5.83,-0.78,7.55,10.245,8.92,1.83,-13.955,-10.93,-3.02,-1.36,-2.095,-18.32,-16.795,-10.45,-10.605,-13.285,-14.79,-14.05,-16.43,-15.725,-17.11,-20.18,-21.97,-20.68,-21.205,-18.22
9,22,2014,1,3.22,-4.855,-7.91,-0.22,-0.865,7.745,5.83,-0.78,7.55,10.245,8.92,1.83,-13.955,-10.93,-3.02,-1.36,-2.095,-18.32,-16.795,-10.45,-10.605,-13.285,-14.79,-14.05,-16.43,-15.725,-17.11,-20.18,-21.97,-20.68,-21.205
9,23,2014,2,4.135,3.22,-4.855,-7.91,-0.22,-0.865,7.745,5.83,-0.78,7.55,10.245,8.92,1.83,-13.955,-10.93,-3.02,-1.36,-2.095,-18.32,-16.795,-10.45,-10.605,-13.285,-14.79,-14.05,-16.43,-15.725,-17.11,-20.18,-21.97,-20.68
9,24,2014,3,0.85,4.135,3.22,-4.855,-7.91,-0.22,-0.865,7.745,5.83,-0.78,7.55,10.245,8.92,1.83,-13.955,-10.93,-3.02,-1.36,-2.095,-18.32,-16.795,-10.45,-10.605,-13.285,-14.79,-14.05,-16.43,-15.725,-17.11,-20.18,-21.97
9,25,2014,4,-3.61,0.85,4.135,3.22,-4.855,-7.91,-0.22,-0.865,7.745,5.83,-0.78,7.55,10.245,8.92,1.83,-13.955,-10.93,-3.02,-1.36,-2.095,-18.32,-16.795,-10.45,-10.605,-13.285,-14.79,-14.05,-16.43,-15.725,-17.11,-20.18
9,26,2014,5,-6.855,-3.61,0.85,4.135,3.22,-4.855,-7.91,-0.22,-0.865,7.745,5.83,-0.78,7.55,10.245,8.92,1.83,-13.955,-10.93,-3.02,-1.36,-2.095,-18.32,-16.795,-10.45,-10.605,-13.285,-14.79,-14.05,-16.43,-15.725,-17.11
9,27,2014,6,-6.455,-6.855,-3.61,0.85,4.135,3.22,-4.855,-7.91,-0.22,-0.865,7.745,5.83,-0.78,7.55,10.245,8.92,1.83,-13.955,-10.93,-3.02,-1.36,-2.095,-18.32,-16.795,-10.45,-10.605,-13.285,-14.79,-14.05,-16.43,-15.725
9,28,2014,7,-5.165,-6.455,-6.855,-3.61,0.85,4.135,3.22,-4.855,-7.91,-0.22,-0.865,7.745,5.83,-0.78,7.55,10.245,8.92,1.83,-13.955,-10.93,-3.02,-1.36,-2.095,-18.32,-16.795,-10.45,-10.605,-13.285,-14.79,-14.05,-16.43
9,29,2014,1,-5.865,-5.165,-6.455,-6.855,-3.61,0.85,4.135,3.22,-4.855,-7.91,-0.22,-0.865,7.745,5.83,-0.78,7.55,10.245,8.92,1.83,-13.955,-10.93,-3.02,-1.36,-2.095,-18.32,-16.795,-10.45,-10.605,-13.285,-14.79,-14.05
9,30,2014,2,-6.51,-5.865,-5.165,-6.455,-6.855,-3.61,0.85,4.135,3.22,-4.855,-7.91,-0.22,-0.865,7.745,5.83,-0.78,7.55,10.245,8.92,1.83,-13.955,-10.93,-3.02,-1.36,-2.095,-18.32,-16.795,-10.45,-10.605,-13.285,-14.79
10,1,2014,3,-8.715,-6.51,-5.865,-5.165,-6.455,-6.855,-3.61,0.85,4.135,3.22,-4.855,-7.91,-0.22,-0.865,7.745,5.83,-0.78,7.55,10.245,8.92,1.83,-13.955,-10.93,-3.02,-1.36,-2.095,-18.32,-16.795,-10.45,-10.605,-13.285
10,2,2014,4,-6.1,-8.715,-6.51,-5.865,-5.165,-6.455,-6.855,-3.61,0.85,4.135,3.22,-4.855,-7.91,-0.22,-0.865,7.745,5.83,-0.78,7.55,10.245,8.92,1.83,-13.955,-10.93,-3.02,-1.36,-2.095,-18.32,-16.795,-10.45,-10.605
10,3,2014,5,8.695,-6.1,-8.715,-6.51,-5.865,-5.165,-6.455,-6.855,-3.61,0.85,4.135,3.22,-4.855,-7.91,-0.22,-0.865,7.745,5.83,-0.78,7.55,10.245,8.92,1.83,-13.955,-10.93,-3.02,-1.36,-2.095,-18.32,-16.795,-10.45
10,4,2014,6,16.13,8.695,-6.1,-8.715,-6.51,-5.865,-5.165,-6.455,-6.855,-3.61,0.85,4.135,3.22,-4.855,-7.91,-0.22,-0.865,7.745,5.83,-0.78,7.55,10.245,8.92,1.83,-13.955,-10.93,-3.02,-1.36,-2.095,-18.32,-16.795
10,5,2014,7,8.425,16.13,8.695,-6.1,-8.715,-6.51,-5.865,-5.165,-6.455,-6.855,-3.61,0.85,4.135,3.22,-4.855,-7.91,-0.22,-0.865,7.745,5.83,-0.78,7.55,10.245,8.92,1.83,-13.955,-10.93,-3.02,-1.36,-2.095,-18.32
10,6,2014,1,2.39,8.425,16.13,8.695,-6.1,-8.715,-6.51,-5.865,-5.165,-6.455,-6.855,-3.61,0.85,4.135,3.22,-4.855,-7.91,-0.22,-0.865,7.745,5.83,-0.78,7.55,10.245,8.92,1.83,-13.955,-10.93,-3.02,-1.36,-2.095
10,7,2014,2,-0.76,2.39,8.425,16.13,8.695,-6.1,-8.715,-6.51,-5.865,-5.165,-6.455,-6.855,-3.61,0.85,4.135,3.22,-4.855,-7.91,-0.22,-0.865,7.745,5.83,-0.78,7.55,10.245,8.92,1.83,-13.955,-10.93,-3.02,-1.36
10,8,2014,3,2.995,-0.76,2.39,8.425,16.13,8.695,-6.1,-8.715,-6.51,-5.865,-5.165,-6.455,-6.855,-3.61,0.85,4.135,3.22,-4.855,-7.91,-0.22,-0.865,7.745,5.83,-0.78,7.55,10.245,8.92,1.83,-13.955,-10.93,-3.02
10,9,2014,4,5.28,2.995,-0.76,2.39,8.425,16.13,8.695,-6.1,-8.715,-6.51,-5.865,-5.165,-6.455,-6.855,-3.61,0.85,4.135,3.22,-4.855,-7.91,-0.22,-0.865,7.745,5.83,-0.78,7.55,10.245,8.92,1.83,-13.955,-10.93
10,10,2014,5,11.01,5.28,2.995,-0.76,2.39,8.425,16.13,8.695,-6.1,-8.715,-6.51,-5.865,-5.165,-6.455,-6.855,-3.61,0.85,4.135,3.22,-4.855,-7.91,-0.22,-0.865,7.745,5.83,-0.78,7.55,10.245,8.92,1.83,-13.955
10,11,2014,6,11.685,11.01,5.28,2.995,-0.76,2.39,8.425,16.13,8.695,-6.1,-8.715,-6.51,-5.865,-5.165,-6.455,-6.855,-3.61,0.85,4.135,3.22,-4.855,-7.91,-0.22,-0.865,7.745,5.83,-0.78,7.55,10.245,8.92,1.83
10,12,2014,7,9.22,11.685,11.01,5.28,2.995,-0.76,2.39,8.425,16.13,8.695,-6.1,-8.715,-6.51,-5.865,-5.165,-6.455,-6.855,-3.61,0.85,4.135,3.22,-4.855,-7.91,-0.22,-0.865,7.745,5.83,-0.78,7.55,10.245,8.92
10,13,2014,1,0.6,9.22,11.685,11.01,5.28,2.995,-0.76,2.39,8.425,16.13,8.695,-6.1,-8.715,-6.51,-5.865,-5.165,-6.455,-6.855,-3.61,0.85,4.135,3.22,-4.855,-7.91,-0.22,-0.865,7.745,5.83,-0.78,7.55,10.245
10,14,2014,2,7.935,0.6,9.22,11.685,11.01,5.28,2.995,-0.76,2.39,8.425,16.13,8.695,-6.1,-8.715,-6.51,-5.865,-5.165,-6.455,-6.855,-3.61,0.85,4.135,3.22,-4.855,-7.91,-0.22,-0.865,7.745,5.83,-0.78,7.55
10,15,2014,3,10.8,7.935,0.6,9.22,11.685,11.01,5.28,2.995,-0.76,2.39,8.425,16.13,8.695,-6.1,-8.715,-6.51,-5.865,-5.165,-6.455,-6.855,-3.61,0.85,4.135,3.22,-4.855,-7.91,-0.22,-0.865,7.745,5.83,-0.78
10,16,2014,4,6.77,10.8,7.935,0.6,9.22,11.685,11.01,5.28,2.995,-0.76,2.39,8.425,16.13,8.695,-6.1,-8.715,-6.51,-5.865,-5.165,-6.455,-6.855,-3.61,0.85,4.135,3.22,-4.855,-7.91,-0.22,-0.865,7.745,5.83
10,17,2014,5,4.12,6.77,10.8,7.935,0.6,9.22,11.685,11.01,5.28,2.995,-0.76,2.39,8.425,16.13,8.695,-6.1,-8.715,-6.51,-5.865,-5.165,-6.455,-6.855,-3.61,0.85,4.135,3.22,-4.855,-7.91,-0.22,-0.865,7.745
10,18,2014,6,10.765,4.12,6.77,10.8,7.935,0.6,9.22,11.685,11.01,5.28,2.995,-0.76,2.39,8.425,16.13,8.695,-6.1,-8.715,-6.51,-5.865,-5.165,-6.455,-6.855,-3.61,0.85,4.135,3.22,-4.855,-7.91,-0.22,-0.865
10,19,2014,7,13.215,10.765,4.12,6.77,10.8,7.935,0.6,9.22,11.685,11.01,5.28,2.995,-0.76,2.39,8.425,16.13,8.695,-6.1,-8.715,-6.51,-5.865,-5.165,-6.455,-6.855,-3.61,0.85,4.135,3.22,-4.855,-7.91,-0.22
10,20,2014,1,1.775,13.215,10.765,4.12,6.77,10.8,7.935,0.6,9.22,11.685,11.01,5.28,2.995,-0.76,2.39,8.425,16.13,8.695,-6.1,-8.715,-6.51,-5.865,-5.165,-6.455,-6.855,-3.61,0.85,4.135,3.22,-4.855,-7.91
10,21,2014,2,8.45,1.775,13.215,10.765,4.12,6.77,10.8,7.935,0.6,9.22,11.685,11.01,5.28,2.995,-0.76,2.39,8.425,16.13,8.695,-6.1,-8.715,-6.51,-5.865,-5.165,-6.455,-6.855,-3.61,0.85,4.135,3.22,-4.855
10,22,2014,3,13.385,8.45,1.775,13.215,10.765,4.12,6.77,10.8,7.935,0.6,9.22,11.685,11.01,5.28,2.995,-0.76,2.39,8.425,16.13,8.695,-6.1,-8.715,-6.51,-5.865,-5.165,-6.455,-6.855,-3.61,0.85,4.135,3.22
10,23,2014,4,11.995,13.385,8.45,1.775,13.215,10.765,4.12,6.77,10.8,7.935,0.6,9.22,11.685,11.01,5.28,2.995,-0.76,2.39,8.425,16.13,8.695,-6.1,-8.715,-6.51,-5.865,-5.165,-6.455,-6.855,-3.61,0.85,4.135
10,24,2014,5,2.23,11.995,13.385,8.45,1.775,13.215,10.765,4.12,6.77,10.8,7.935,0.6,9.22,11.685,11.01,5.28,2.995,-0.76,2.39,8.425,16.13,8.695,-6.1,-8.715,-6.51,-5.865,-5.165,-6.455,-6.855,-3.61,0.85
10,25,2014,6,-3.245,2.23,11.995,13.385,8.45,1.775,13.215,10.765,4.12,6.77,10.8,7.935,0.6,9.22,11.685,11.01,5.28,2.995,-0.76,2.39,8.425,16.13,8.695,-6.1,-8.715,-6.51,-5.865,-5.165,-6.455,-6.855,-3.61
10,26,2014,7,1.555,-2.39,2.3,12.295,13.36,8.445,1.76,13.74,10.765,4.12,6.77,10.8,7.935,0.6,9.18,11.685,11.01,5.28,2.995,-0.76,2.39,8.425,16.13,8.695,-6.1,-8.715,-6.51,-5.865,-5.165,-6.455,-6.855
11,1,2014,6,24.93,22.815,16.035,14.83,3.025,-7.88,1.955,-2.61,3.565,13.115,13.905,9.05,2.205,13.74,10.1,3.875,5.355,9.91,6.765,0.04,8.965,11.685,11.01,5.28,2.995,-0.76,2.39,8.425,16.13,8.695,-6.1
