10,25,2013,5,17.955,18.075,12.22,7.36,9.08,8.6,7.14,4.665,-3.405,-1.415,1.655,1.34,2.77,-0.015,4.31,7.835,5.93,4.925,-3.125,-12.3,-12.255,-11.39,-7.535,-8.535,-5.69,0.205,1.655,0.155,-0.1,-1.795,1.27
10,26,2013,6,19.41,17.955,18.075,12.22,7.36,9.08,8.6,7.14,4.665,-3.405,-1.415,1.655,1.34,2.77,-0.015,4.31,7.835,5.93,4.925,-3.125,-12.3,-12.255,-11.39,-7.535,-8.535,-5.69,0.205,1.655,0.155,-0.1,-1.795
10,27,2013,7,13.155,19.41,17.955,18.075,12.22,7.36,9.08,8.6,7.14,4.665,-3.405,-1.415,1.655,1.34,2.77,-0.015,4.31,7.835,5.93,4.925,-3.125,-12.3,-12.255,-11.39,-7.535,-8.535,-5.69,0.205,1.655,0.155,-0.1
10,28,2013,1,11.62,13.155,19.41,17.955,18.075,12.22,7.36,9.08,8.6,7.14,4.665,-3.405,-1.415,1.655,1.34,2.77,-0.015,4.31,7.835,5.93,4.925,-3.125,-12.3,-12.255,-11.39,-7.535,-8.535,-5.69,0.205,1.655,0.155
10,29,2013,2,11.105,11.62,13.155,19.41,17.955,18.075,12.22,7.36,9.08,8.6,7.14,4.665,-3.405,-1.415,1.655,1.34,2.77,-0.015,4.31,7.835,5.93,4.925,-3.125,-12.3,-12.255,-11.39,-7.535,-8.535,-5.69,0.205,1.655
10,30,2013,3,7.32,11.105,11.62,13.155,19.41,17.955,18.075,12.22,7.36,9.08,8.6,7.14,4.665,-3.405,-1.415,1.655,1.34,2.77,-0.015,4.31,7.835,5.93,4.925,-3.125,-12.3,-12.255,-11.39,-7.535,-8.535,-5.69,0.205
10,31,2013,4,3.18,7.32,11.105,11.62,13.155,19.41,17.955,18.075,12.22,7.36,9.08,8.6,7.14,4.665,-3.405,-1.415,1.655,1.34,2.77,-0.015,4.31,7.835,5.93,4.925,-3.125,-12.3,-12.255,-11.39,-7.535,-8.535,-5.69
11,1,2013,5,-1.11,3.18,7.32,11.105,11.62,13.155,19.41,17.955,18.075,12.22,7.36,9.08,8.6,7.14,4.665,-3.405,-1.415,1.655,1.34,2.77,-0.015,4.31,7.835,5.93,4.925,-3.125,-12.3,-12.255,-11.39,-7.535,-8.535
11,2,2013,6,4.15,-1.11,3.18,7.32,11.105,11.62,13.155,19.41,17.955,18.075,12.22,7.36,9.08,8.6,7.14,4.665,-3.405,-1.415,1.655,1.34,2.77,-0.015,4.31,7.835,5.93,4.925,-3.125,-12.3,-12.255,-11.39,-7.535
11,3,2013,7,14.365,4.15,-1.11,3.18,7.32,11.105,11.62,13.155,19.41,17.955,18.075,12.22,7.36,9.08,8.6,7.14,4.665,-3.405,-1.415,1.655,1.34,2.77,-0.015,4.31,7.835,5.93,4.925,-3.125,-12.3,-12.255,-11.39
11,4,2013,1,23.85,14.365,4.15,-1.11,3.18,7.32,11.105,11.62,13.155,19.41,17.955,18.075,12.22,7.36,9.08,8.6,7.14,4.665,-3.405,-1.415,1.655,1.34,2.77,-0.015,4.31,7.835,5.93,4.925,-3.125,-12.3,-12.255
11,5,2013,2,16.015,23.85,14.365,4.15,-1.11,3.18,7.32,11.105,11.62,13.155,19.41,17.955,18.075,12.22,7.36,9.08,8.6,7.14,4.665,-3.405,-1.415,1.655,1.34,2.77,-0.015,4.31,7.835,5.93,4.925,-3.125,-12.3
11,6,2013,3,5.755,16.015,23.85,14.365,4.15,-1.11,3.18,7.32,11.105,11.62,13.155,19.41,17.955,18.075,12.22,7.36,9.08,8.6,7.14,4.665,-3.405,-1.415,1.655,1.34,2.77,-0.015,4.31,7.835,5.93,4.925,-3.125
11,7,2013,4,9.945,5.755,16.015,23.85,14.365,4.15,-1.11,3.18,7.32,11.105,11.62,13.155,19.41,17.955,18.075,12.22,7.36,9.08,8.6,7.14,4.665,-3.405,-1.415,1.655,1.34,2.77,-0.015,4.31,7.835,5.93,4.925
11,8,2013,5,20.775,9.945,5.755,16.015,23.85,14.365,4.15,-1.11,3.18,7.32,11.105,11.62,13.155,19.41,17.955,18.075,12.22,7.36,9.08,8.6,7.14,4.665,-3.405,-1.415,1.655,1.34,2.77,-0.015,4.31,7.835,5.93
11,9,2013,6,20.59,20.775,9.945,5.755,16.015,23.85,14.365,4.15,-1.11,3.18,7.32,11.105,11.62,13.155,19.41,17.955,18.075,12.22,7.36,9.08,8.6,7.14,4.665,-3.405,-1.415,1.655,1.34,2.77,-0.015,4.31,7.835
11,10,2013,7,11.535,20.59,20.775,9.945,5.755,16.015,23.85,14.365,4.15,-1.11,3.18,7.32,11.105,11.62,13.155,19.41,17.955,18.075,12.22,7.36,9.08,8.6,7.14,4.665,-3.405,-1.415,1.655,1.34,2.77,-0.015,4.31
11,11,2013,1,17.06,11.535,20.59,20.775,9.945,5.755,16.015,23.85,14.365,4.15,-1.11,3.18,7.32,11.105,11.62,13.155,19.41,17.955,18.075,12.22,7.36,9.08,8.6,7.14,4.665,-3.405,-1.415,1.655,1.34,2.77,-0.015
11,12,2013,2,21.425,17.06,11.535,20.59,20.775,9.945,5.755,16.015,23.85,14.365,4.15,-1.11,3.18,7.32,11.105,11.62,13.155,19.41,17.955,18.075,12.22,7.36,9.08,8.6,7.14,4.665,-3.405,-1.415,1.655,1.34,2.77
11,13,2013,3,27.255,21.425,17.06,11.535,20.59,20.775,9.945,5.755,16.015,23.85,14.365,4.15,-1.11,3.18,7.32,11.105,11.62,13.155,19.41,17.955,18.075,12.22,7.36,9.08,8.6,7.14,4.665,-3.405,-1.415,1.655,1.34
11,14,2013,4,22.84,27.255,21.425,17.06,11.535,20.59,20.775,9.945,5.755,16.015,23.85,14.365,4.15,-1.11,3.18,7.32,11.105,11.62,13.155,19.41,17.955,18.075,12.22,7.36,9.08,8.6,7.14,4.665,-3.405,-1.415,1.655
11,15,2013,5,18.275,22.84,27.255,21.425,17.06,11.535,20.59,20.775,9.945,5.755,16.015,23.85,14.365,4.15,-1.11,3.18,7.32,11.105,11.62,13.155,19.41,17.955,18.075,12.22,7.36,9.08,8.6,7.14,4.665,-3.405,-1.415
11,16,2013,6,15.06,18.275,22.84,27.255,21.425,17.06,11.535,20.59,20.775,9.945,5.755,16.015,23.85,14.365,4.15,-1.11,3.18,7.32,11.105,11.62,13.155,19.41,17.955,18.075,12.22,7.36,9.08,8.6,7.14,4.665,-3.405
11,17,2013,7,6.62,15.06,18.275,22.84,27.255,21.425,17.06,11.535,20.59,20.775,9.945,5.755,16.015,23.85,14.365,4.15,-1.11,3.18,7.32,11.105,11.62,13.155,19.41,17.955,18.075,12.22,7.36,9.08,8.6,7.14,4.665
11,18,2013,1,3.945,6.62,15.06,18.275,22.84,27.255,21.425,17.06,11.535,20.59,20.775,9.945,5.755,16.015,23.85,14.365,4.15,-1.11,3.18,7.32,11.105,11.62,13.155,19.41,17.955,18.075,12.22,7.36,9.08,8.6,7.14
11,19,2013,2,18.72,3.945,6.62,15.06,18.275,22.84,27.255,21.425,17.06,11.535,20.59,20.775,9.945,5.755,16.015,23.85,14.365,4.15,-1.11,3.18,7.32,11.105,11.62,13.155,19.41,17.955,18.075,12.22,7.36,9.08,8.6
11,20,2013,3,23.22,18.72,3.945,6.62,15.06,18.275,22.84,27.255,21.425,17.06,11.535,20.59,20.775,9.945,5.755,16.015,23.85,14.365,4.15,-1.11,3.18,7.32,11.105,11.62,13.155,19.41,17.955,18.075,12.22,7.36,9.08
11,21,2013,4,22.685,23.22,18.72,3.945,6.62,15.06,18.275,22.84,27.255,21.425,17.06,11.535,20.59,20.775,9.945,5.755,16.015,23.85,14.365,4.15,-1.11,3.18,7.32,11.105,11.62,13.155,19.41,17.955,18.075,12.22,7.36
11,22,2013,5,11.83,22.685,23.22,18.72,3.945,6.62,15.06,18.275,22.84,27.255,21.425,17.06,11.535,20.59,20.775,9.945,5.755,16.015,23.85,14.365,4.15,-1.11,3.18,7.32,11.105,11.62,13.155,19.41,17.955,18.075,12.22
11,23,2013,6,17.995,11.83,22.685,23.22,18.72,3.945,6.62,15.06,18.275,22.84,27.255,21.425,17.06,11.535,20.59,20.775,9.945,5.755,16.015,23.85,14.365,4.15,-1.11,3.18,7.32,11.105,11.62,13.155,19.41,17.955,18.075
11,24,2013,7,35.115,17.995,11.83,22.685,23.22,18.72,3.945,6.62,15.06,18.275,22.84,27.255,21.425,17.06,11.535,20.59,20.775,9.945,5.755,16.015,23.85,14.365,4.15,-1.11,3.18,7.32,11.105,11.62,13.155,19.41,17.955
11,25,2013,1,34.77,35.115,17.995,11.83,22.685,23.22,18.72,3.945,6.62,15.06,18.275,22.84,27.255,21.425,17.06,11.535,20.59,20.775,9.945,5.755,16.015,23.85,14.365,4.15,-1.11,3.18,7.32,11.105,11.62,13.155,19.41
11,26,2013,2,24.075,34.77,35.115,17.995,11.83,22.685,23.22,18.72,3.945,6.62,15.06,18.275,22.84,27.255,21.425,17.06,11.535,20.59,20.775,9.945,5.755,16.015,23.85,14.365,4.15,-1.11,3.18,7.32,11.105,11.62,13.155
11,27,2013,3,28.485,24.075,34.77,35.115,17.995,11.83,22.685,23.22,18.72,3.945,6.62,15.06,18.275,22.84,27.255,21.425,17.06,11.535,20.59,20.775,9.945,5.755,16.015,23.85,14.365,4.15,-1.11,3.18,7.32,11.105,11.62
11,28,2013,4,31.2,28.485,24.075,34.77,35.115,17.995,11.83,22.685,23.22,18.72,3.945,6.62,15.06,18.275,22.84,27.255,21.425,17.06,11.535,20.59,20.775,9.945,5.755,16.015,23.85,14.365,4.15,-1.11,3.18,7.32,11.105
11,29,2013,5,29.445,31.2,28.485,24.075,34.77,35.115,17.995,11.83,22.685,23.22,18.72,3.945,6.62,15.06,18.275,22.84,27.255,21.425,17.06,11.535,20.59,20.775,9.945,5.755,16.015,23.85,14.365,4.15,-1.11,3.18,7.32
11,30,2013,6,32.495,29.445,31.2,28.485,24.075,34.77,35.115,17.995,11.83,22.685,23.22,18.72,3.945,6.62,15.06,18.275,22.84,27.255,21.425,17.06,11.535,20.59,20.775,9.945,5.755,16.015,23.85,14.365,4.15,-1.11,3.18
12,1,2013,7,27.01,32.495,29.445,31.2,28.485,24.075,34.77,35.115,17.995,11.83,22.685,23.22,18.72,3.945,6.62,15.06,18.275,22.84,27.255,21.425,17.06,11.535,20.59,20.775,9.945,5.755,16.015,23.85,14.365,4.15,-1.11
12,2,2013,1,20.415,27.01,32.495,29.445,31.2,28.485,24.075,34.77,35.115,17.995,11.83,22.685,23.22,18.72,3.945,6.62,15.06,18.275,22.84,27.255,21.425,17.06,11.535,20.59,20.775,9.945,5.755,16.015,23.85,14.365,4.15
12,3,2013,2,17.28,20.415,27.01,32.495,29.445,31.2,28.485,24.075,34.77,35.115,17.995,11.83,22.685,23.22,18.72,3.945,6.62,15.06,18.275,22.84,27.255,21.425,17.06,11.535,20.59,20.775,9.945,5.755,16.015,23.85,14.365
12,4,2013,3,16.62,17.28,20.415,27.01,32.495,29.445,31.2,28.485,24.075,34.77,35.115,17.995,11.83,22.685,23.22,18.72,3.945,6.62,15.06,18.275,22.84,27.255,21.425,17.06,11.535,20.59,20.775,9.945,5.755,16.015,23.85
12,5,2013,4,5.755,16.62,17.28,20.415,27.01,32.495,29.445,31.2,28.485,24.075,34.77,35.115,17.995,11.83,22.685,23.22,18.72,3.945,6.62,15.06,18.275,22.84,27.255,21.425,17.06,11.535,20.59,20.775,9.945,5.755,16.015
12,6,2013,5,13.58,5.755,16.62,17.28,20.415,27.01,32.495,29.445,31.2,28.485,24.075,34.77,35.115,17.995,11.83,22.685,23.22,18.72,3.945,6.62,15.06,18.275,22.84,27.255,21.425,17.06,11.535,20.59,20.775,9.945,5.755
12,7,2013,6,26.625,13.58,5.755,16.62,17.28,20.415,27.01,32.495,29.445,31.2,28.485,24.075,34.77,35.115,17.995,11.83,22.685,23.22,18.72,3.945,6.62,15.06,18.275,22.84,27.255,21.425,17.06,11.535,20.59,20.775,9.945
12,8,2013,7,34.28,26.625,13.58,5.755,16.62,17.28,20.415,27.01,32.495,29.445,31.2,28.485,24.075,34.77,35.115,17.995,11.83,22.685,23.22,18.72,3.945,6.62,15.06,18.275,22.84,27.255,21.425,17.06,11.535,20.59,20.775
12,9,2013,1,30.21,34.28,26.625,13.58,5.755,16.62,17.28,20.415,27.01,32.495,29.445,31.2,28.485,24.075,34.77,35.115,17.995,11.83,22.685,23.22,18.72,3.945,6.62,15.06,18.275,22.84,27.255,21.425,17.06,11.535,20.59
12,10,2013,2,29.87,30.21,34.28,26.625,13.58,5.755,16.62,17.28,20.415,27.01,32.495,29.445,31.2,28.485,24.075,34.77,35.115,17.995,11.83,22.685,23.22,18.72,3.945,6.62,15.06,18.275,22.84,27.255,21.425,17.06,11.535
12,11,2013,3,29.975,29.87,30.21,34.28,26.625,13.58,5.755,16.62,17.28,20.415,27.01,32.495,29.445,31.2,28.485,24.075,34.77,35.115,17.995,11.83,22.685,23.22,18.72,3.945,6.62,15.06,18.275,22.84,27.255,21.425,17.06
12,12,2013,4,34.87,29.975,29.87,30.21,34.28,26.625,13.58,5.755,16.62,17.28,20.415,27.01,32.495,29.445,31.2,28.485,24.075,34.77,35.115,17.995,11.83,22.685,23.22,18.72,3.945,6.62,15.06,18.275,22.84,27.255,21.425
12,13,2013,5,30.555,34.87,29.975,29.87,30.21,34.28,26.625,13.58,5.755,16.62,17.28,20.415,27.01,32.495,29.445,31.2,28.485,24.075,34.77,35.115,17.995,11.83,22.685,23.22,18.72,3.945,6.62,15.06,18.275,22.84,27.255
12,14,2013,6,27.37,30.555,34.87,29.975,29.87,30.21,34.28,26.625,13.58,5.755,16.62,17.28,20.415,27.01,32.495,29.445,31.2,28.485,24.075,34.77,35.115,17.995,11.83,22.685,23.22,18.72,3.945,6.62,15.06,18.275,22.84
12,15,2013,7,24.73,27.37,30.555,34.87,29.975,29.87,30.21,34.28,26.625,13.58,5.755,16.62,17.28,20.415,27.01,32.495,29.445,31.2,28.485,24.075,34.77,35.115,17.995,11.83,22.685,23.22,18.72,3.945,6.62,15.06,18.275
12,16,2013,1,29.51,24.73,27.37,30.555,34.87,29.975,29.87,30.21,34.28,26.625,13.58,5.755,16.62,17.28,20.415,27.01,32.495,29.445,31.2,28.485,24.075,34.77,35.115,17.995,11.83,22.685,23.22,18.72,3.945,6.62,15.06
12,17,2013,2,28.27,29.51,24.73,27.37,30.555,34.87,29.975,29.87,30.21,34.28,26.625,13.58,5.755,16.62,17.28,20.415,27.01,32.495,29.445,31.2,28.485,24.075,34.77,35.115,17.995,11.83,22.685,23.22,18.72,3.945,6.62
12,18,2013,3,28.5,28.27,29.51,24.73,27.37,30.555,34.87,29.975,29.87,30.21,34.28,26.625,13.58,5.755,16.62,17.28,20.415,27.01,32.495,29.445,31.2,28.485,24.075,34.77,35.115,17.995,11.83,22.685,23.22,18.72,3.945
12,19,2013,4,20.28,28.5,28.27,29.51,24.73,27.37,30.555,34.87,29.975,29.87,30.21,34.28,26.625,13.58,5.755,16.62,17.28,20.415,27.01,32.495,29.445,31.2,28.485,24.075,34.77,35.115,17.995,11.83,22.685,23.22,18.72
12,20,2013,5,13.46,20.28,28.5,28.27,29.51,24.73,27.37,30.555,34.87,29.975,29.87,30.21,34.28,26.625,13.58,5.755,16.62,17.28,20.415,27.01,32.495,29.445,31.2,28.485,24.075,34.77,35.115,17.995,11.83,22.685,23.22
12,21,2013,6,4.27,13.46,20.28,28.5,28.27,29.51,24.73,27.37,30.555,34.87,29.975,29.87,30.21,34.28,26.625,13.58,5.755,16.62,17.28,20.415,27.01,32.495,29.445,31.2,28.485,24.075,34.77,35.115,17.995,11.83,22.685
12,22,2013,7,0.335,4.27,13.46,20.28,28.5,28.27,29.51,24.73,27.37,30.555,34.87,29.975,29.87,30.21,34.28,26.625,13.58,5.755,16.62,17.28,20.415,27.01,32.495,29.445,31.2,28.485,24.075,34.77,35.115,17.995,11.83
12,23,2013,1,12.91,0.335,4.27,13.46,20.28,28.5,28.27,29.51,24.73,27.37,30.555,34.87,29.975,29.87,30.21,34.28,26.625,13.58,5.755,16.62,17.28,20.415,27.01,32.495,29.445,31.2,28.485,24.075,34.77,35.115,17.995
12,24,2013,2,31.445,12.91,0.335,4.27,13.46,20.28,28.5,28.27,29.51,24.73,27.37,30.555,34.87,29.975,29.87,30.21,34.28,26.625,13.58,5.755,16.62,17.28,20.415,27.01,32.495,29.445,31.2,28.485,24.075,34.77,35.115
12,25,2013,3,37.755,31.445,12.91,0.335,4.27,13.46,20.28,28.5,28.27,29.51,24.73,27.37,30.555,34.87,29.975,29.87,30.21,34.28,26.625,13.58,5.755,16.62,17.28,20.415,27.01,32.495,29.445,31.2,28.485,24.075,34.77
12,26,2013,4,29.33,37.755,31.445,12.91,0.335,4.27,13.46,20.28,28.5,28.27,29.51,24.73,27.37,30.555,34.87,29.975,29.87,30.21,34.28,26.625,13.58,5.755,16.62,17.28,20.415,27.01,32.495,29.445,31.2,28.485,24.075
12,27,2013,5,26.11,29.33,37.755,31.445,12.91,0.335,4.27,13.46,20.28,28.5,28.27,29.51,24.73,27.37,30.555,34.87,29.975,29.87,30.21,34.28,26.625,13.58,5.755,16.62,17.28,20.415,27.01,32.495,29.445,31.2,28.485
12,28,2013,6,21.57,26.11,29.33,37.755,31.445,12.91,0.335,4.27,13.46,20.28,28.5,28.27,29.51,24.73,27.37,30.555,34.87,29.975,29.87,30.21,34.28,26.625,13.58,5.755,16.62,17.28,20.415,27.01,32.495,29.445,31.2
12,29,2013,7,19.1,21.57,26.11,29.33,37.755,31.445,12.91,0.335,4.27,13.46,20.28,28.5,28.27,29.51,24.73,27.37,30.555,34.87,29.975,29.87,30.21,34.28,26.625,13.58,5.755,16.62,17.28,20.415,27.01,32.495,29.445
12,30,2013,1,24.29,19.1,21.57,26.11,29.33,37.755,31.445,12.91,0.335,4.27,13.46,20.28,28.5,28.27,29.51,24.73,27.37,30.555,34.87,29.975,29.87,30.21,34.28,26.625,13.58,5.755,16.62,17.28,20.415,27.01,32.495
12,31,2013,2,25.93,24.29,19.1,21.57,26.11,29.33,37.755,31.445,12.91,0.335,4.27,13.46,20.28,28.5,28.27,29.51,24.73,27.37,30.555,34.87,29.975,29.87,30.21,34.28,26.625,13.58,5.755,16.62,17.28,20.415,27.01
1,1,2014,3,26.78,25.93,24.29,19.1,21.57,26.11,29.33,37.755,31.445,12.91,0.335,4.27,13.46,20.28,28.5,28.27,29.51,24.73,27.37,30.555,34.87,29.975,29.87,30.21,34.28,26.625,13.58,5.755,16.62,17.28,20.415
1,2,2014,4,29.995,26.78,25.93,24.29,19.1,21.57,26.11,29.33,37.755,31.445,12.91,0.335,4.27,13.46,20.28,28.5,28.27,29.51,24.73,27.37,30.555,34.87,29.975,29.87,30.21,34.28,26.625,13.58,5.755,16.62,17.28
1,3,2014,5,40.93,29.995,26.78,25.93,24.29,19.1,21.57,26.11,29.33,37.755,31.445,12.91,0.335,4.27,13.46,20.28,28.5,28.27,29.51,24.73,27.37,30.555,34.87,29.975,29.87,30.21,34.28,26.625,13.58,5.755,16.62
1,4,2014,6,40.465,40.93,29.995,26.78,25.93,24.29,19.1,21.57,26.11,29.33,37.755,31.445,12.91,0.335,4.27,13.46,20.28,28.5,28.27,29.51,24.73,27.37,30.555,34.87,29.975,29.87,30.21,34.28,26.625,13.58,5.755
1,5,2014,7,29.605,40.465,40.93,29.995,26.78,25.93,24.29,19.1,21.57,26.11,29.33,37.755,31.445,12.91,0.335,4.27,13.46,20.28,28.5,28.27,29.51,24.73,27.37,30.555,34.87,29.975,29.87,30.21,34.28,26.625,13.58
1,6,2014,1,35.265,29.605,40.465,40.93,29.995,26.78,25.93,24.29,19.1,21.57,26.11,29.33,37.755,31.445,12.91,0.335,4.27,13.46,20.28,28.5,28.27,29.51,24.73,27.37,30.555,34.87,29.975,29.87,30.21,34.28,26.625
1,7,2014,2,52.39,35.265,29.605,40.465,40.93,29.995,26.78,25.93,24.29,19.1,21.57,26.11,29.33,37.755,31.445,12.91,0.335,4.27,13.46,20.28,28.5,28.27,29.51,24.73,27.37,30.555,34.87,29.975,29.87,30.21,34.28
1,8,2014,3,44.5,52.39,35.265,29.605,40.465,40.93,29.995,26.78,25.93,24.29,19.1,21.57,26.11,29.33,37.755,31.445,12.91,0.335,4.27,13.46,20.28,28.5,28.27,29.51,24.73,27.37,30.555,34.87,29.975,29.87,30.21
1,9,2014,4,32.23,44.5,52.39,35.265,29.605,40.465,40.93,29.995,26.78,25.93,24.29,19.1,21.57,26.11,29.33,37.755,31.445,12.91,0.335,4.27,13.46,20.28,28.5,28.27,29.51,24.73,27.37,30.555,34.87,29.975,29.87
1,10,2014,5,30.425,32.23,44.5,52.39,35.265,29.605,40.465,40.93,29.995,26.78,25.93,24.29,19.1,21.57,26.11,29.33,37.755,31.445,12.91,0.335,4.27,13.46,20.28,28.5,28.27,29.51,24.73,27.37,30.555,34.87,29.975
1,11,2014,6,19.595,30.425,32.23,44.5,52.39,35.265,29.605,40.465,40.93,29.995,26.78,25.93,24.29,19.1,21.57,26.11,29.33,37.755,31.445,12.91,0.335,4.27,13.46,20.28,28.5,28.27,29.51,24.73,27.37,30.555,34.87
1,12,2014,7,20.885,19.595,30.425,32.23,44.5,52.39,35.265,29.605,40.465,40.93,29.995,26.78,25.93,24.29,19.1,21.57,26.11,29.33,37.755,31.445,12.91,0.335,4.27,13.46,20.28,28.5,28.27,29.51,24.73,27.37,30.555
1,13,2014,1,21.435,20.885,19.595,30.425,32.23,44.5,52.39,35.265,29.605,40.465,40.93,29.995,26.78,25.93,24.29,19.1,21.57,26.11,29.33,37.755,31.445,12.91,0.335,4.27,13.46,20.28,28.5,28.27,29.51,24.73,27.37
1,14,2014,2,19.11,21.435,20.885,19.595,30.425,32.23,44.5,52.39,35.265,29.605,40.465,40.93,29.995,26.78,25.93,24.29,19.1,21.57,26.11,29.33,37.755,31.445,12.91,0.335,4.27,13.46,20.28,28.5,28.27,29.51,24.73
1,15,2014,3,22.625,19.11,21.435,20.885,19.595,30.425,32.23,44.5,52.39,35.265,29.605,40.465,40.93,29.995,26.78,25.93,24.29,19.1,21.57,26.11,29.33,37.755,31.445,12.91,0.335,4.27,13.46,20.28,28.5,28.27,29.51
1,16,2014,4,29.545,22.625,19.11,21.435,20.885,19.595,30.425,32.23,44.5,52.39,35.265,29.605,40.465,40.93,29.995,26.78,25.93,24.29,19.1,21.57,26.11,29.33,37.755,31.445,12.91,0.335,4.27,13.46,20.28,28.5,28.27
1,17,2014,5,25.855,29.545,22.625,19.11,21.435,20.885,19.595,30.425,32.23,44.5,52.39,35.265,29.605,40.465,40.93,29.995,26.78,25.93,24.29,19.1,21.57,26.11,29.33,37.755,31.445,12.91,0.335,4.27,13.46,20.28,28.5
1,18,2014,6,33.74,25.855,29.545,22.625,19.11,21.435,20.885,19.595,30.425,32.23,44.5,52.39,35.265,29.605,40.465,40.93,29.995,26.78,25.93,24.29,19.1,21.57,26.11,29.33,37.755,31.445,12.91,0.335,4.27,13.46,20.28
1,19,2014,7,28.075,33.74,25.855,29.545,22.625,19.11,21.435,20.885,19.595,30.425,32.23,44.5,52.39,35.265,29.605,40.465,40.93,29.995,26.78,25.93,24.29,19.1,21.57,26.11,29.33,37.755,31.445,12.91,0.335,4.27,13.46
1,20,2014,1,17.51,28.075,33.74,25.855,29.545,22.625,19.11,21.435,20.885,19.595,30.425,32.23,44.5,52.39,35.265,29.605,40.465,40.93,29.995,26.78,25.93,24.29,19.1,21.57,26.11,29.33,37.755,31.445,12.91,0.335,4.27
1,21,2014,2,37.31,17.51,28.075,33.74,25.855,29.545,22.625,19.11,21.435,20.885,19.595,30.425,32.23,44.5,52.39,35.265,29.605,40.465,40.93,29.995,26.78,25.93,24.29,19.1,21.57,26.11,29.33,37.755,31.445,12.91,0.335
1,22,2014,3,51.575,37.31,17.51,28.075,33.74,25.855,29.545,22.625,19.11,21.435,20.885,19.595,30.425,32.23,44.5,52.39,35.265,29.605,40.465,40.93,29.995,26.78,25.93,24.29,19.1,21.57,26.11,29.33,37.755,31.445,12.91
1,23,2014,4,46.44,51.575,37.31,17.51,28.075,33.74,25.855,29.545,22.625,19.11,21.435,20.885,19.595,30.425,32.23,44.5,52.39,35.265,29.605,40.465,40.93,29.995,26.78,25.93,24.29,19.1,21.57,26.11,29.33,37.755,31.445
1,24,2014,5,48.07,46.44,51.575,37.31,17.51,28.075,33.74,25.855,29.545,22.625,19.11,21.435,20.885,19.595,30.425,32.23,44.5,52.39,35.265,29.605,40.465,40.93,29.995,26.78,25.93,24.29,19.1,21.57,26.11,29.33,37.755
1,25,2014,6,37.145,48.07,46.44,51.575,37.31,17.51,28.075,33.74,25.855,29.545,22.625,19.11,21.435,20.885,19.595,30.425,32.23,44.5,52.39,35.265,29.605,40.465,40.93,29.995,26.78,25.93,24.29,19.1,21.57,26.11,29.33
1,26,2014,7,37.925,37.145,48.07,46.44,51.575,37.31,17.51,28.075,33.74,25.855,29.545,22.625,19.11,21.435,20.885,19.595,30.425,32.23,44.5,52.39,35.265,29.605,40.465,40.93,29.995,26.78,25.93,24.29,19.1,21.57,26.11
1,27,2014,1,27.875,37.925,37.145,48.07,46.44,51.575,37.31,17.51,28.075,33.74,25.855,29.545,22.625,19.11,21.435,20.885,19.595,30.425,32.23,44.5,52.39,35.265,29.605,40.465,40.93,29.995,26.78,25.93,24.29,19.1,21.57
1,28,2014,2,47.555,27.875,37.925,37.145,48.07,46.44,51.575,37.31,17.51,28.075,33.74,25.855,29.545,22.625,19.11,21.435,20.885,19.595,30.425,32.23,44.5,52.39,35.265,29.605,40.465,40.93,29.995,26.78,25.93,24.29,19.1
1,29,2014,3,46.355,47.555,27.875,37.925,37.145,48.07,46.44,51.575,37.31,17.51,28.075,33.74,25.855,29.545,22.625,19.11,21.435,20.885,19.595,30.425,32.23,44.5,52.39,35.265,29.605,40.465,40.93,29.995,26.78,25.93,24.29
1,30,2014,4,42.45,46.355,47.555,27.875,37.925,37.145,48.07,46.44,51.575,37.31,17.51,28.075,33.74,25.855,29.545,22.625,19.11,21.435,20.885,19.595,30.425,32.23,44.5,52.39,35.265,29.605,40.465,40.93,29.995,26.78,25.93
1,31,2014,5,29.38,42.45,46.355,47.555,27.875,37.925,37.145,48.07,46.44,51.575,37.31,17.51,28.075,33.74,25.855,29.545,22.625,19.11,21.435,20.885,19.595,30.425,32.23,44.5,52.39,35.265,29.605,40.465,40.93,29.995,26.78
2,1,2014,6,25.495,29.38,42.45,46.355,47.555,27.875,37.925,37.145,48.07,46.44,51.575,37.31,17.51,28.075,33.74,25.855,29.545,22.625,19.11,21.435,20.885,19.595,30.425,32.23,44.5,52.39,35.265,29.605,40.465,40.93,29.995
2,2,2014,7,18.745,25.495,29.38,42.45,46.355,47.555,27.875,37.925,37.145,48.07,46.44,51.575,37.31,17.51,28.075,33.74,25.855,29.545,22.625,19.11,21.435,20.885,19.595,30.425,32.23,44.5,52.39,35.265,29.605,40.465,40.93
2,3,2014,1,24.05,18.745,25.495,29.38,42.45,46.355,47.555,27.875,37.925,37.145,48.07,46.44,51.575,37.31,17.51,28.075,33.74,25.855,29.545,22.625,19.11,21.435,20.885,19.595,30.425,32.23,44.5,52.39,35.265,29.605,40.465
2,4,2014,2,31.84,24.05,18.745,25.495,29.38,42.45,46.355,47.555,27.875,37.925,37.145,48.07,46.44,51.575,37.31,17.51,28.075,33.74,25.855,29.545,22.625,19.11,21.435,20.885,19.595,30.425,32.23,44.5,52.39,35.265,29.605
2,5,2014,3,28.065,31.84,24.05,18.745,25.495,29.38,42.45,46.355,47.555,27.875,37.925,37.145,48.07,46.44,51.575,37.31,17.51,28.075,33.74,25.855,29.545,22.625,19.11,21.435,20.885,19.595,30.425,32.23,44.5,52.39,35.265
2,6,2014,4,32.585,28.065,31.84,24.05,18.745,25.495,29.38,42.45,46.355,47.555,27.875,37.925,37.145,48.07,46.44,51.575,37.31,17.51,28.075,33.74,25.855,29.545,22.625,19.11,21.435,20.885,19.595,30.425,32.23,44.5,52.39
2,7,2014,5,30.725,32.585,28.065,31.84,24.05,18.745,25.495,29.38,42.45,46.355,47.555,27.875,37.925,37.145,48.07,46.44,51.575,37.31,17.51,28.075,33.74,25.855,29.545,22.625,19.11,21.435,20.885,19.595,30.425,32.23,44.5
2,8,2014,6,34.4,30.725,32.585,28.065,31.84,24.05,18.745,25.495,29.38,42.45,46.355,47.555,27.875,37.925,37.145,48.07,46.44,51.575,37.31,17.51,28.075,33.74,25.855,29.545,22.625,19.11,21.435,20.885,19.595,30.425,32.23
2,9,2014,7,34.42,34.4,30.725,32.585,28.065,31.84,24.05,18.745,25.495,29.38,42.45,46.355,47.555,27.875,37.925,37.145,48.07,46.44,51.575,37.31,17.51,28.075,33.74,25.855,29.545,22.625,19.11,21.435,20.885,19.595,30.425
2,10,2014,1,36.045,34.42,34.4,30.725,32.585,28.065,31.84,24.05,18.745,25.495,29.38,42.45,46.355,47.555,27.875,37.925,37.145,48.07,46.44,51.575,37.31,17.51,28.075,33.74,25.855,29.545,22.625,19.11,21.435,20.885,19.595
2,11,2014,2,37.72,36.045,34.42,34.4,30.725,32.585,28.065,31.84,24.05,18.745,25.495,29.38,42.45,46.355,47.555,27.875,37.925,37.145,48.07,46.44,51.575,37.31,17.51,28.075,33.74,25.855,29.545,22.625,19.11,21.435,20.885
2,12,2014,3,41.905,37.72,36.045,34.42,34.4,30.725,32.585,28.065,31.84,24.05,18.745,25.495,29.38,42.45,46.355,47.555,27.875,37.925,37.145,48.07,46.44,51.575,37.31,17.51,28.075,33.74,25.855,29.545,22.625,19.11,21.435
2,13,2014,4,33.485,41.905,37.72,36.045,34.42,34.4,30.725,32.585,28.065,31.84,24.05,18.745,25.495,29.38,42.45,46.355,47.555,27.875,37.925,37.145,48.07,46.44,51.575,37.31,17.51,28.075,33.74,25.855,29.545,22.625,19.11
2,14,2014,5,22.575,33.485,41.905,37.72,36.045,34.42,34.4,30.725,32.585,28.065,31.84,24.05,18.745,25.495,29.38,42.45,46.355,47.555,27.875,37.925,37.145,48.07,46.44,51.575,37.31,17.51,28.075,33.74,25.855,29.545,22.625
2,15,2014,6,30.01,22.575,33.485,41.905,37.72,36.045,34.42,34.4,30.725,32.585,28.065,31.84,24.05,18.745,25.495,29.38,42.45,46.355,47.555,27.875,37.925,37.145,48.07,46.44,51.575,37.31,17.51,28.075,33.74,25.855,29.545
2,16,2014,7,33.245,30.01,22.575,33.485,41.905,37.72,36.045,34.42,34.4,30.725,32.585,28.065,31.84,24.05,18.745,25.495,29.38,42.45,46.355,47.555,27.875,37.925,37.145,48.07,46.44,51.575,37.31,17.51,28.075,33.74,25.855
2,17,2014,1,35.16,33.245,30.01,22.575,33.485,41.905,37.72,36.045,34.42,34.4,30.725,32.585,28.065,31.84,24.05,18.745,25.495,29.38,42.45,46.355,47.555,27.875,37.925,37.145,48.07,46.44,51.575,37.31,17.51,28.075,33.74
2,18,2014,2,22.51,35.16,33.245,30.01,22.575,33.485,41.905,37.72,36.045,34.42,34.4,30.725,32.585,28.065,31.84,24.05,18.745,25.495,29.38,42.45,46.355,47.555,27.875,37.925,37.145,48.07,46.44,51.575,37.31,17.51,28.075
2,19,2014,3,17.41,22.51,35.16,33.245,30.01,22.575,33.485,41.905,37.72,36.045,34.42,34.4,30.725,32.585,28.065,31.84,24.05,18.745,25.495,29.38,42.45,46.355,47.555,27.875,37.925,37.145,48.07,46.44,51.575,37.31,17.51
2,20,2014,4,21.315,17.41,22.51,35.16,33.245,30.01,22.575,33.485,41.905,37.72,36.045,34.42,34.4,30.725,32.585,28.065,31.84,24.05,18.745,25.495,29.38,42.45,46.355,47.555,27.875,37.925,37.145,48.07,46.44,51.575,37.31
2,21,2014,5,13.325,21.315,17.41,22.51,35.16,33.245,30.01,22.575,33.485,41.905,37.72,36.045,34.42,34.4,30.725,32.585,28.065,31.84,24.05,18.745,25.495,29.38,42.45,46.355,47.555,27.875,37.925,37.145,48.07,46.44,51.575
2,22,2014,6,17.07,13.325,21.315,17.41,22.51,35.16,33.245,30.01,22.575,33.485,41.905,37.72,36.045,34.42,34.4,30.725,32.585,28.065,31.84,24.05,18.745,25.495,29.38,42.45,46.355,47.555,27.875,37.925,37.145,48.07,46.44
2,23,2014,7,11.065,17.07,13.325,21.315,17.41,22.51,35.16,33.245,30.01,22.575,33.485,41.905,37.72,36.045,34.42,34.4,30.725,32.585,28.065,31.84,24.05,18.745,25.495,29.38,42.45,46.355,47.555,27.875,37.925,37.145,48.07
2,24,2014,1,24.825,11.065,17.07,13.325,21.315,17.41,22.51,35.16,33.245,30.01,22.575,33.485,41.905,37.72,36.045,34.42,34.4,30.725,32.585,28.065,31.84,24.05,18.745,25.495,29.38,42.45,46.355,47.555,27.875,37.925,37.145
2,25,2014,2,31.68,24.825,11.065,17.07,13.325,21.315,17.41,22.51,35.16,33.245,30.01,22.575,33.485,41.905,37.72,36.045,34.42,34.4,30.725,32.585,28.065,31.84,24.05,18.745,25.495,29.38,42.45,46.355,47.555,27.875,37.925
2,26,2014,3,33.97,31.68,24.825,11.065,17.07,13.325,21.315,17.41,22.51,35.16,33.245,30.01,22.575,33.485,41.905,37.72,36.045,34.42,34.4,30.725,32.585,28.065,31.84,24.05,18.745,25.495,29.38,42.45,46.355,47.555,27.875
2,27,2014,4,34.015,33.97,31.68,24.825,11.065,17.07,13.325,21.315,17.41,22.51,35.16,33.245,30.01,22.575,33.485,41.905,37.72,36.045,34.42,34.4,30.725,32.585,28.065,31.84,24.05,18.745,25.495,29.38,42.45,46.355,47.555
2,28,2014,5,43.605,34.015,33.97,31.68,24.825,11.065,17.07,13.325,21.315,17.41,22.51,35.16,33.245,30.01,22.575,33.485,41.905,37.72,36.045,34.42,34.4,30.725,32.585,28.065,31.84,24.05,18.745,25.495,29.38,42.45,46.355
3,1,2014,6,32.535,43.605,34.015,33.97,31.68,24.825,11.065,17.07,13.325,21.315,17.41,22.51,35.16,33.245,30.01,22.575,33.485,41.905,37.72,36.045,34.42,34.4,30.725,32.585,28.065,31.84,24.05,18.745,25.495,29.38,42.45
3,2,2014,7,21.42,32.535,43.605,34.015,33.97,31.68,24.825,11.065,17.07,13.325,21.315,17.41,22.51,35.16,33.245,30.01,22.575,33.485,41.905,37.72,36.045,34.42,34.4,30.725,32.585,28.065,31.84,24.05,18.745,25.495,29.38
3,3,2014,1,39.24,21.42,32.535,43.605,34.015,33.97,31.68,24.825,11.065,17.07,13.325,21.315,17.41,22.51,35.16,33.245,30.01,22.575,33.485,41.905,37.72,36.045,34.42,34.4,30.725,32.585,28.065,31.84,24.05,18.745,25.495
3,4,2014,2,42.72,39.24,21.42,32.535,43.605,34.015,33.97,31.68,24.825,11.065,17.07,13.325,21.315,17.41,22.51,35.16,33.245,30.01,22.575,33.485,41.905,37.72,36.045,34.42,34.4,30.725,32.585,28.065,31.84,24.05,18.745
3,5,2014,3,31.195,42.72,39.24,21.42,32.535,43.605,34.015,33.97,31.68,24.825,11.065,17.07,13.325,21.315,17.41,22.51,35.16,33.245,30.01,22.575,33.485,41.905,37.72,36.045,34.42,34.4,30.725,32.585,28.065,31.84,24.05
3,6,2014,4,35.215,31.195,42.72,39.24,21.42,32.535,43.605,34.015,33.97,31.68,24.825,11.065,17.07,13.325,21.315,17.41,22.51,35.16,33.245,30.01,22.575,33.485,41.905,37.72,36.045,34.42,34.4,30.725,32.585,28.065,31.84
3,7,2014,5,27.44,35.215,31.195,42.72,39.24,21.42,32.535,43.605,34.015,33.97,31.68,24.825,11.065,17.07,13.325,21.315,17.41,22.51,35.16,33.245,30.01,22.575,33.485,41.905,37.72,36.045,34.42,34.4,30.725,32.585,28.065
3,8,2014,6,17.775,27.44,35.215,31.195,42.72,39.24,21.42,32.535,43.605,34.015,33.97,31.68,24.825,11.065,17.07,13.325,21.315,17.41,22.51,35.16,33.245,30.01,22.575,33.485,41.905,37.72,36.045,34.42,34.4,30.725,32.585
3,9,2014,7,19.47,17.775,27.44,35.215,31.195,42.72,39.24,21.42,32.535,43.605,34.015,33.97,31.68,24.825,11.065,17.07,13.325,21.315,17.41,22.51,35.16,33.245,30.01,22.575,33.485,41.905,37.72,36.045,34.42,34.4,30.725
3,10,2014,1,15.68,19.47,17.775,27.44,35.215,31.195,42.72,39.24,21.42,32.535,43.605,34.015,33.97,31.68,24.825,11.065,17.07,13.325,21.315,17.41,22.51,35.16,33.245,30.01,22.575,33.485,41.905,37.72,36.045,34.42,34.4
3,11,2014,2,7.415,15.68,19.47,17.775,27.44,35.215,31.195,42.72,39.24,21.42,32.535,43.605,34.015,33.97,31.68,24.825,11.065,17.07,13.325,21.315,17.41,22.51,35.16,33.245,30.01,22.575,33.485,41.905,37.72,36.045,34.42
3,12,2014,3,13.055,7.415,15.68,19.47,17.775,27.44,35.215,31.195,42.72,39.24,21.42,32.535,43.605,34.015,33.97,31.68,24.825,11.065,17.07,13.325,21.315,17.41,22.51,35.16,33.245,30.01,22.575,33.485,41.905,37.72,36.045
3,13,2014,4,36.075,13.055,7.415,15.68,19.47,17.775,27.44,35.215,31.195,42.72,39.24,21.42,32.535,43.605,34.015,33.97,31.68,24.825,11.065,17.07,13.325,21.315,17.41,22.51,35.16,33.245,30.01,22.575,33.485,41.905,37.72
3,14,2014,5,22.13,36.075,13.055,7.415,15.68,19.47,17.775,27.44,35.215,31.195,42.72,39.24,21.42,32.535,43.605,34.015,33.97,31.68,24.825,11.065,17.07,13.325,21.315,17.41,22.51,35.16,33.245,30.01,22.575,33.485,41.905
3,15,2014,6,6.785,22.13,36.075,13.055,7.415,15.68,19.47,17.775,27.44,35.215,31.195,42.72,39.24,21.42,32.535,43.605,34.015,33.97,31.68,24.825,11.065,17.07,13.325,21.315,17.41,22.51,35.16,33.245,30.01,22.575,33.485
3,16,2014,7,25.75,6.785,22.13,36.075,13.055,7.415,15.68,19.47,17.775,27.44,35.215,31.195,42.72,39.24,21.42,32.535,43.605,34.015,33.97,31.68,24.825,11.065,17.07,13.325,21.315,17.41,22.51,35.16,33.245,30.01,22.575
3,17,2014,1,36.585,25.75,6.785,22.13,36.075,13.055,7.415,15.68,19.47,17.775,27.44,35.215,31.195,42.72,39.24,21.42,32.535,43.605,34.015,33.97,31.68,24.825,11.065,17.07,13.325,21.315,17.41,22.51,35.16,33.245,30.01
3,18,2014,2,28.48,36.585,25.75,6.785,22.13,36.075,13.055,7.415,15.68,19.47,17.775,27.44,35.215,31.195,42.72,39.24,21.42,32.535,43.605,34.015,33.97,31.68,24.825,11.065,17.07,13.325,21.315,17.41,22.51,35.16,33.245
3,19,2014,3,25.84,28.48,36.585,25.75,6.785,22.13,36.075,13.055,7.415,15.68,19.47,17.775,27.44,35.215,31.195,42.72,39.24,21.42,32.535,43.605,34.015,33.97,31.68,24.825,11.065,17.07,13.325,21.315,17.41,22.51,35.16
3,20,2014,4,14.925,25.84,28.48,36.585,25.75,6.785,22.13,36.075,13.055,7.415,15.68,19.47,17.775,27.44,35.215,31.195,42.72,39.24,21.42,32.535,43.605,34.015,33.97,31.68,24.825,11.065,17.07,13.325,21.315,17.41,22.51
3,21,2014,5,16.875,14.925,25.84,28.48,36.585,25.75,6.785,22.13,36.075,13.055,7.415,15.68,19.47,17.775,27.44,35.215,31.195,42.72,39.24,21.42,32.535,43.605,34.015,33.97,31.68,24.825,11.065,17.07,13.325,21.315,17.41
3,22,2014,6,9.1,16.875,14.925,25.84,28.48,36.585,25.75,6.785,22.13,36.075,13.055,7.415,15.68,19.47,17.775,27.44,35.215,31.195,42.72,39.24,21.42,32.535,43.605,34.015,33.97,31.68,24.825,11.065,17.07,13.325,21.315
3,23,2014,7,20.235,9.1,16.875,14.925,25.84,28.48,36.585,25.75,6.785,22.13,36.075,13.055,7.415,15.68,19.47,17.775,27.44,35.215,31.195,42.72,39.24,21.42,32.535,43.605,34.015,33.97,31.68,24.825,11.065,17.07,13.325
3,24,2014,1,32.25,20.235,9.1,16.875,14.925,25.84,28.48,36.585,25.75,6.785,22.13,36.075,13.055,7.415,15.68,19.47,17.775,27.44,35.215,31.195,42.72,39.24,21.42,32.535,43.605,34.015,33.97,31.68,24.825,11.065,17.07
3,25,2014,2,32.39,32.25,20.235,9.1,16.875,14.925,25.84,28.48,36.585,25.75,6.785,22.13,36.075,13.055,7.415,15.68,19.47,17.775,27.44,35.215,31.195,42.72,39.24,21.42,32.535,43.605,34.015,33.97,31.68,24.825,11.065
3,26,2014,3,31.56,32.39,32.25,20.235,9.1,16.875,14.925,25.84,28.48,36.585,25.75,6.785,22.13,36.075,13.055,7.415,15.68,19.47,17.775,27.44,35.215,31.195,42.72,39.24,21.42,32.535,43.605,34.015,33.97,31.68,24.825
3,27,2014,4,26.02,31.56,32.39,32.25,20.235,9.1,16.875,14.925,25.84,28.48,36.585,25.75,6.785,22.13,36.075,13.055,7.415,15.68,19.47,17.775,27.44,35.215,31.195,42.72,39.24,21.42,32.535,43.605,34.015,33.97,31.68
3,28,2014,5,10.195,26.02,31.56,32.39,32.25,20.235,9.1,16.875,14.925,25.84,28.48,36.585,25.75,6.785,22.13,36.075,13.055,7.415,15.68,19.47,17.775,27.44,35.215,31.195,42.72,39.24,21.42,32.535,43.605,34.015,33.97
3,29,2014,6,7.22,10.195,26.02,31.56,32.39,32.25,20.235,9.1,16.875,14.925,25.84,28.48,36.585,25.75,6.785,22.13,36.075,13.055,7.415,15.68,19.47,17.775,27.44,35.215,31.195,42.72,39.24,21.42,32.535,43.605,34.015
3,30,2014,7,19.73,7.22,10.195,26.02,31.56,32.39,32.25,20.235,9.1,16.875,14.925,25.84,28.48,36.585,25.75,6.785,22.13,36.075,13.055,7.415,15.68,19.47,17.775,27.44,35.215,31.195,42.72,39.24,21.42,32.535,43.605
3,31,2014,1,10.855,19.73,7.22,10.195,26.02,31.56,32.39,32.25,20.235,9.1,16.875,14.925,25.84,28.48,36.585,25.75,6.785,22.13,36.075,13.055,7.415,15.68,19.47,17.775,27.44,35.215,31.195,42.72,39.24,21.42,32.535
4,1,2014,2,11.625,10.855,19.73,7.22,10.195,26.02,31.56,32.39,32.25,20.235,9.1,16.875,14.925,25.84,28.48,36.585,25.75,6.785,22.13,36.075,13.055,7.415,15.68,19.47,17.775,27.44,35.215,31.195,42.72,39.24,21.42
4,2,2014,3,10.455,11.625,10.855,19.73,7.22,10.195,26.02,31.56,32.39,32.25,20.235,9.1,16.875,14.925,25.84,28.48,36.585,25.75,6.785,22.13,36.075,13.055,7.415,15.68,19.47,17.775,27.44,35.215,31.195,42.72,39.24
4,3,2014,4,5.86,10.455,11.625,10.855,19.73,7.22,10.195,26.02,31.56,32.39,32.25,20.235,9.1,16.875,14.925,25.84,28.48,36.585,25.75,6.785,22.13,36.075,13.055,7.415,15.68,19.47,17.775,27.44,35.215,31.195,42.72
4,4,2014,5,9.875,5.86,10.455,11.625,10.855,19.73,7.22,10.195,26.02,31.56,32.39,32.25,20.235,9.1,16.875,14.925,25.84,28.48,36.585,25.75,6.785,22.13,36.075,13.055,7.415,15.68,19.47,17.775,27.44,35.215,31.195
4,5,2014,6,13.225,9.875,5.86,10.455,11.625,10.855,19.73,7.22,10.195,26.02,31.56,32.39,32.25,20.235,9.1,16.875,14.925,25.84,28.48,36.585,25.75,6.785,22.13,36.075,13.055,7.415,15.68,19.47,17.775,27.44,35.215
4,6,2014,7,16.98,13.225,9.875,5.86,10.455,11.625,10.855,19.73,7.22,10.195,26.02,31.56,32.39,32.25,20.235,9.1,16.875,14.925,25.84,28.48,36.585,25.75,6.785,22.13,36.075,13.055,7.415,15.68,19.47,17.775,27.44
4,7,2014,1,17.525,16.98,13.225,9.875,5.86,10.455,11.625,10.855,19.73,7.22,10.195,26.02,31.56,32.39,32.25,20.235,9.1,16.875,14.925,25.84,28.48,36.585,25.75,6.785,22.13,36.075,13.055,7.415,15.68,19.47,17.775
4,8,2014,2,8.03,17.525,16.98,13.225,9.875,5.86,10.455,11.625,10.855,19.73,7.22,10.195,26.02,31.56,32.39,32.25,20.235,9.1,16.875,14.925,25.84,28.48,36.585,25.75,6.785,22.13,36.075,13.055,7.415,15.68,19.47
4,9,2014,3,10.585,8.03,17.525,16.98,13.225,9.875,5.86,10.455,11.625,10.855,19.73,7.22,10.195,26.02,31.56,32.39,32.25,20.235,9.1,16.875,14.925,25.84,28.48,36.585,25.75,6.785,22.13,36.075,13.055,7.415,15.68
4,10,2014,4,8.4,10.585,8.03,17.525,16.98,13.225,9.875,5.86,10.455,11.625,10.855,19.73,7.22,10.195,26.02,31.56,32.39,32.25,20.235,9.1,16.875,14.925,25.84,28.48,36.585,25.75,6.785,22.13,36.075,13.055,7.415
4,11,2014,5,-4.74,8.4,10.585,8.03,17.525,16.98,13.225,9.875,5.86,10.455,11.625,10.855,19.73,7.22,10.195,26.02,31.56,32.39,32.25,20.235,9.1,16.875,14.925,25.84,28.48,36.585,25.75,6.785,22.13,36.075,13.055
4,12,2014,6,-0.485,-4.74,8.4,10.585,8.03,17.525,16.98,13.225,9.875,5.86,10.455,11.625,10.855,19.73,7.22,10.195,26.02,31.56,32.39,32.25,20.235,9.1,16.875,14.925,25.84,28.48,36.585,25.75,6.785,22.13,36.075
4,13,2014,7,-3.76,-0.485,-4.74,8.4,10.585,8.03,17.525,16.98,13.225,9.875,5.86,10.455,11.625,10.855,19.73,7.22,10.195,26.02,31.56,32.39,32.25,20.235,9.1,16.875,14.925,25.84,28.48,36.585,25.75,6.785,22.13
4,14,2014,1,-5.97,-3.76,-0.485,-4.74,8.4,10.585,8.03,17.525,16.98,13.225,9.875,5.86,10.455,11.625,10.855,19.73,7.22,10.195,26.02,31.56,32.39,32.25,20.235,9.1,16.875,14.925,25.84,28.48,36.585,25.75,6.785
4,15,2014,2,12.065,-5.97,-3.76,-0.485,-4.74,8.4,10.585,8.03,17.525,16.98,13.225,9.875,5.86,10.455,11.625,10.855,19.73,7.22,10.195,26.02,31.56,32.39,32.25,20.235,9.1,16.875,14.925,25.84,28.48,36.585,25.75
4,16,2014,3,23.16,12.065,-5.97,-3.76,-0.485,-4.74,8.4,10.585,8.03,17.525,16.98,13.225,9.875,5.86,10.455,11.625,10.855,19.73,7.22,10.195,26.02,31.56,32.39,32.25,20.235,9.1,16.875,14.925,25.84,28.48,36.585
4,17,2014,4,19.68,23.16,12.065,-5.97,-3.76,-0.485,-4.74,8.4,10.585,8.03,17.525,16.98,13.225,9.875,5.86,10.455,11.625,10.855,19.73,7.22,10.195,26.02,31.56,32.39,32.25,20.235,9.1,16.875,14.925,25.84,28.48
4,18,2014,5,18.465,19.68,23.16,12.065,-5.97,-3.76,-0.485,-4.74,8.4,10.585,8.03,17.525,16.98,13.225,9.875,5.86,10.455,11.625,10.855,19.73,7.22,10.195,26.02,31.56,32.39,32.25,20.235,9.1,16.875,14.925,25.84
4,19,2014,6,7.64,18.465,19.68,23.16,12.065,-5.97,-3.76,-0.485,-4.74,8.4,10.585,8.03,17.525,16.98,13.225,9.875,5.86,10.455,11.625,10.855,19.73,7.22,10.195,26.02,31.56,32.39,32.25,20.235,9.1,16.875,14.925
4,20,2014,7,9.265,7.64,18.465,19.68,23.16,12.065,-5.97,-3.76,-0.485,-4.74,8.4,10.585,8.03,17.525,16.98,13.225,9.875,5.86,10.455,11.625,10.855,19.73,7.22,10.195,26.02,31.56,32.39,32.25,20.235,9.1,16.875
4,21,2014,1,9.27,9.265,7.64,18.465,19.68,23.16,12.065,-5.97,-3.76,-0.485,-4.74,8.4,10.585,8.03,17.525,16.98,13.225,9.875,5.86,10.455,11.625,10.855,19.73,7.22,10.195,26.02,31.56,32.39,32.25,20.235,9.1
4,22,2014,2,3.88,9.27,9.265,7.64,18.465,19.68,23.16,12.065,-5.97,-3.76,-0.485,-4.74,8.4,10.585,8.03,17.525,16.98,13.225,9.875,5.86,10.455,11.625,10.855,19.73,7.22,10.195,26.02,31.56,32.39,32.25,20.235
4,23,2014,3,9.07,3.88,9.27,9.265,7.64,18.465,19.68,23.16,12.065,-5.97,-3.76,-0.485,-4.74,8.4,10.585,8.03,17.525,16.98,13.225,9.875,5.86,10.455,11.625,10.855,19.73,7.22,10.195,26.02,31.56,32.39,32.25
4,24,2014,4,10.22,9.07,3.88,9.27,9.265,7.64,18.465,19.68,23.16,12.065,-5.97,-3.76,-0.485,-4.74,8.4,10.585,8.03,17.525,16.98,13.225,9.875,5.86,10.455,11.625,10.855,19.73,7.22,10.195,26.02,31.56,32.39
4,25,2014,5,7.97,10.22,9.07,3.88,9.27,9.265,7.64,18.465,19.68,23.16,12.065,-5.97,-3.76,-0.485,-4.74,8.4,10.585,8.03,17.525,16.98,13.225,9.875,5.86,10.455,11.625,10.855,19.73,7.22,10.195,26.02,31.56
4,26,2014,6,1.035,7.97,10.22,9.07,3.88,9.27,9.265,7.64,18.465,19.68,23.16,12.065,-5.97,-3.76,-0.485,-4.74,8.4,10.585,8.03,17.525,16.98,13.225,9.875,5.86,10.455,11.625,10.855,19.73,7.22,10.195,26.02
4,27,2014,7,6.305,1.035,7.97,10.22,9.07,3.88,9.27,9.265,7.64,18.465,19.68,23.16,12.065,-5.97,-3.76,-0.485,-4.74,8.4,10.585,8.03,17.525,16.98,13.225,9.875,5.86,10.455,11.625,10.855,19.73,7.22,10.195
4,28,2014,1,9.165,6.305,1.035,7.97,10.22,9.07,3.88,9.27,9.265,7.64,18.465,19.68,23.16,12.065,-5.97,-3.76,-0.485,-4.74,8.4,10.585,8.03,17.525,16.98,13.225,9.875,5.86,10.455,11.625,10.855,19.73,7.22
4,29,2014,2,15.575,9.165,6.305,1.035,7.97,10.22,9.07,3.88,9.27,9.265,7.64,18.465,19.68,23.16,12.065,-5.97,-3.76,-0.485,-4.74,8.4,10.585,8.03,17.525,16.98,13.225,9.875,5.86,10.455,11.625,10.855,19.73
4,30,2014,3,6.325,15.575,9.165,6.305,1.035,7.97,10.22,9.07,3.88,9.27,9.265,7.64,18.465,19.68,23.16,12.065,-5.97,-3.76,-0.485,-4.74,8.4,10.585,8.03,17.525,16.98,13.225,9.875,5.86,10.455,11.625,10.855
5,1,2014,4,-2.74,6.325,15.575,9.165,6.305,1.035,7.97,10.22,9.07,3.88,9.27,9.265,7.64,18.465,19.68,23.16,12.065,-5.97,-3.76,-0.485,-4.74,8.4,10.585,8.03,17.525,16.98,13.225,9.875,5.86,10.455,11.625
5,2,2014,5,3.315,-2.74,6.325,15.575,9.165,6.305,1.035,7.97,10.22,9.07,3.88,9.27,9.265,7.64,18.465,19.68,23.16,12.065,-5.97,-3.76,-0.485,-4.74,8.4,10.585,8.03,17.525,16.98,13.225,9.875,5.86,10.455
5,3,2014,6,1.085,3.315,-2.74,6.325,15.575,9.165,6.305,1.035,7.97,10.22,9.07,3.88,9.27,9.265,7.64,18.465,19.68,23.16,12.065,-5.97,-3.76,-0.485,-4.74,8.4,10.585,8.03,17.525,16.98,13.225,9.875,5.86
5,4,2014,7,-0.63,1.085,3.315,-2.74,6.325,15.575,9.165,6.305,1.035,7.97,10.22,9.07,3.88,9.27,9.265,7.64,18.465,19.68,23.16,12.065,-5.97,-3.76,-0.485,-4.74,8.4,10.585,8.03,17.525,16.98,13.225,9.875
5,5,2014,1,8.33,-0.63,1.085,3.315,-2.74,6.325,15.575,9.165,6.305,1.035,7.97,10.22,9.07,3.88,9.27,9.265,7.64,18.465,19.68,23.16,12.065,-5.97,-3.76,-0.485,-4.74,8.4,10.585,8.03,17.525,16.98,13.225
5,6,2014,2,2.215,8.33,-0.63,1.085,3.315,-2.74,6.325,15.575,9.165,6.305,1.035,7.97,10.22,9.07,3.88,9.27,9.265,7.64,18.465,19.68,23.16,12.065,-5.97,-3.76,-0.485,-4.74,8.4,10.585,8.03,17.525,16.98
5,7,2014,3,6.48,2.215,8.33,-0.63,1.085,3.315,-2.74,6.325,15.575,9.165,6.305,1.035,7.97,10.22,9.07,3.88,9.27,9.265,7.64,18.465,19.68,23.16,12.065,-5.97,-3.76,-0.485,-4.74,8.4,10.585,8.03,17.525
5,8,2014,4,-6.575,6.48,2.215,8.33,-0.63,1.085,3.315,-2.74,6.325,15.575,9.165,6.305,1.035,7.97,10.22,9.07,3.88,9.27,9.265,7.64,18.465,19.68,23.16,12.065,-5.97,-3.76,-0.485,-4.74,8.4,10.585,8.03
5,9,2014,5,-2.705,-6.575,6.48,2.215,8.33,-0.63,1.085,3.315,-2.74,6.325,15.575,9.165,6.305,1.035,7.97,10.22,9.07,3.88,9.27,9.265,7.64,18.465,19.68,23.16,12.065,-5.97,-3.76,-0.485,-4.74,8.4,10.585
5,10,2014,6,-7.19,-2.705,-6.575,6.48,2.215,8.33,-0.63,1.085,3.315,-2.74,6.325,15.575,9.165,6.305,1.035,7.97,10.22,9.07,3.88,9.27,9.265,7.64,18.465,19.68,23.16,12.065,-5.97,-3.76,-0.485,-4.74,8.4
5,11,2014,7,-6.65,-7.19,-2.705,-6.575,6.48,2.215,8.33,-0.63,1.085,3.315,-2.74,6.325,15.575,9.165,6.305,1.035,7.97,10.22,9.07,3.88,9.27,9.265,7.64,18.465,19.68,23.16,12.065,-5.97,-3.76,-0.485,-4.74
5,12,2014,1,-8.98,-6.65,-7.19,-2.705,-6.575,6.48,2.215,8.33,-0.63,1.085,3.315,-2.74,6.325,15.575,9.165,6.305,1.035,7.97,10.22,9.07,3.88,9.27,9.265,7.64,18.465,19.68,23.16,12.065,-5.97,-3.76,-0.485
5,13,2014,2,-13.455,-8.98,-6.65,-7.19,-2.705,-6.575,6.48,2.215,8.33,-0.63,1.085,3.315,-2.74,6.325,15.575,9.165,6.305,1.035,7.97,10.22,9.07,3.88,9.27,9.265,7.64,18.465,19.68,23.16,12.065,-5.97,-3.76
5,14,2014,3,2.14,-13.455,-8.98,-6.65,-7.19,-2.705,-6.575,6.48,2.215,8.33,-0.63,1.085,3.315,-2.74,6.325,15.575,9.165,6.305,1.035,7.97,10.22,9.07,3.88,9.27,9.265,7.64,18.465,19.68,23.16,12.065,-5.97
5,15,2014,4,-7.935,2.14,-13.455,-8.98,-6.65,-7.19,-2.705,-6.575,6.48,2.215,8.33,-0.63,1.085,3.315,-2.74,6.325,15.575,9.165,6.305,1.035,7.97,10.22,9.07,3.88,9.27,9.265,7.64,18.465,19.68,23.16,12.065
5,16,2014,5,1.66,-7.935,2.14,-13.455,-8.98,-6.65,-7.19,-2.705,-6.575,6.48,2.215,8.33,-0.63,1.085,3.315,-2.74,6.325,15.575,9.165,6.305,1.035,7.97,10.22,9.07,3.88,9.27,9.265,7.64,18.465,19.68,23.16
5,17,2014,6,4.99,1.66,-7.935,2.14,-13.455,-8.98,-6.65,-7.19,-2.705,-6.575,6.48,2.215,8.33,-0.63,1.085,3.315,-2.74,6.325,15.575,9.165,6.305,1.035,7.97,10.22,9.07,3.88,9.27,9.265,7.64,18.465,19.68
5,18,2014,7,4.97,4.99,1.66,-7.935,2.14,-13.455,-8.98,-6.65,-7.19,-2.705,-6.575,6.48,2.215,8.33,-0.63,1.085,3.315,-2.74,6.325,15.575,9.165,6.305,1.035,7.97,10.22,9.07,3.88,9.27,9.265,7.64,18.465
5,19,2014,1,4.565,4.97,4.99,1.66,-7.935,2.14,-13.455,-8.98,-6.65,-7.19,-2.705,-6.575,6.48,2.215,8.33,-0.63,1.085,3.315,-2.74,6.325,15.575,9.165,6.305,1.035,7.97,10.22,9.07,3.88,9.27,9.265,7.64
5,20,2014,2,-0.5,4.565,4.97,4.99,1.66,-7.935,2.14,-13.455,-8.98,-6.65,-7.19,-2.705,-6.575,6.48,2.215,8.33,-0.63,1.085,3.315,-2.74,6.325,15.575,9.165,6.305,1.035,7.97,10.22,9.07,3.88,9.27,9.265
5,21,2014,3,-5.265,-0.5,4.565,4.97,4.99,1.66,-7.935,2.14,-13.455,-8.98,-6.65,-7.19,-2.705,-6.575,6.48,2.215,8.33,-0.63,1.085,3.315,-2.74,6.325,15.575,9.165,6.305,1.035,7.97,10.22,9.07,3.88,9.27
5,22,2014,4,-10.31,-5.265,-0.5,4.565,4.97,4.99,1.66,-7.935,2.14,-13.455,-8.98,-6.65,-7.19,-2.705,-6.575,6.48,2.215,8.33,-0.63,1.085,3.315,-2.74,6.325,15.575,9.165,6.305,1.035,7.97,10.22,9.07,3.88
5,23,2014,5,-3.615,-10.31,-5.265,-0.5,4.565,4.97,4.99,1.66,-7.935,2.14,-13.455,-8.98,-6.65,-7.19,-2.705,-6.575,6.48,2.215,8.33,-0.63,1.085,3.315,-2.74,6.325,15.575,9.165,6.305,1.035,7.97,10.22,9.07
5,24,2014,6,-0.98,-3.615,-10.31,-5.265,-0.5,4.565,4.97,4.99,1.66,-7.935,2.14,-13.455,-8.98,-6.65,-7.19,-2.705,-6.575,6.48,2.215,8.33,-0.63,1.085,3.315,-2.74,6.325,15.575,9.165,6.305,1.035,7.97,10.22
5,25,2014,7,-4.555,-0.98,-3.615,-10.31,-5.265,-0.5,4.565,4.97,4.99,1.66,-7.935,2.14,-13.455,-8.98,-6.65,-7.19,-2.705,-6.575,6.48,2.215,8.33,-0.63,1.085,3.315,-2.74,6.325,15.575,9.165,6.305,1.035,7.97
5,26,2014,1,-9.06,-4.555,-0.98,-3.615,-10.31,-5.265,-0.5,4.565,4.97,4.99,1.66,-7.935,2.14,-13.455,-8.98,-6.65,-7.19,-2.705,-6.575,6.48,2.215,8.33,-0.63,1.085,3.315,-2.74,6.325,15.575,9.165,6.305,1.035
5,27,2014,2,-13.34,-9.06,-4.555,-0.98,-3.615,-10.31,-5.265,-0.5,4.565,4.97,4.99,1.66,-7.935,2.14,-13.455,-8.98,-6.65,-7.19,-2.705,-6.575,6.48,2.215,8.33,-0.63,1.085,3.315,-2.74,6.325,15.575,9.165,6.305
5,28,2014,3,-9.035,-13.34,-9.06,-4.555,-0.98,-3.615,-10.31,-5.265,-0.5,4.565,4.97,4.99,1.66,-7.935,2.14,-13.455,-8.98,-6.65,-7.19,-2.705,-6.575,6.48,2.215,8.33,-0.63,1.085,3.315,-2.74,6.325,15.575,9.165
5,29,2014,4,6.29,-9.035,-13.34,-9.06,-4.555,-0.98,-3.615,-10.31,-5.265,-0.5,4.565,4.97,4.99,1.66,-7.935,2.14,-13.455,-8.98,-6.65,-7.19,-2.705,-6.575,6.48,2.215,8.33,-0.63,1.085,3.315,-2.74,6.325,15.575
5,30,2014,5,-0.89,6.29,-9.035,-13.34,-9.06,-4.555,-0.98,-3.615,-10.31,-5.265,-0.5,4.565,4.97,4.99,1.66,-7.935,2.14,-13.455,-8.98,-6.65,-7.19,-2.705,-6.575,6.48,2.215,8.33,-0.63,1.085,3.315,-2.74,6.325
5,31,2014,6,-5.07,-0.89,6.29,-9.035,-13.34,-9.06,-4.555,-0.98,-3.615,-10.31,-5.265,-0.5,4.565,4.97,4.99,1.66,-7.935,2.14,-13.455,-8.98,-6.65,-7.19,-2.705,-6.575,6.48,2.215,8.33,-0.63,1.085,3.315,-2.74
6,1,2014,7,-1.105,-5.07,-0.89,6.29,-9.035,-13.34,-9.06,-4.555,-0.98,-3.615,-10.31,-5.265,-0.5,4.565,4.97,4.99,1.66,-7.935,2.14,-13.455,-8.98,-6.65,-7.19,-2.705,-6.575,6.48,2.215,8.33,-0.63,1.085,3.315
6,2,2014,1,-3.465,-1.105,-5.07,-0.89,6.29,-9.035,-13.34,-9.06,-4.555,-0.98,-3.615,-10.31,-5.265,-0.5,4.565,4.97,4.99,1.66,-7.935,2.14,-13.455,-8.98,-6.65,-7.19,-2.705,-6.575,6.48,2.215,8.33,-0.63,1.085
6,3,2014,2,-10.57,-3.465,-1.105,-5.07,-0.89,6.29,-9.035,-13.34,-9.06,-4.555,-0.98,-3.615,-10.31,-5.265,-0.5,4.565,4.97,4.99,1.66,-7.935,2.14,-13.455,-8.98,-6.65,-7.19,-2.705,-6.575,6.48,2.215,8.33,-0.63
6,4,2014,3,-12.88,-10.57,-3.465,-1.105,-5.07,-0.89,6.29,-9.035,-13.34,-9.06,-4.555,-0.98,-3.615,-10.31,-5.265,-0.5,4.565,4.97,4.99,1.66,-7.935,2.14,-13.455,-8.98,-6.65,-7.19,-2.705,-6.575,6.48,2.215,8.33
6,5,2014,4,-7.015,-12.88,-10.57,-3.465,-1.105,-5.07,-0.89,6.29,-9.035,-13.34,-9.06,-4.555,-0.98,-3.615,-10.31,-5.265,-0.5,4.565,4.97,4.99,1.66,-7.935,2.14,-13.455,-8.98,-6.65,-7.19,-2.705,-6.575,6.48,2.215
6,6,2014,5,-5.465,-7.015,-12.88,-10.57,-3.465,-1.105,-5.07,-0.89,6.29,-9.035,-13.34,-9.06,-4.555,-0.98,-3.615,-10.31,-5.265,-0.5,4.565,4.97,4.99,1.66,-7.935,2.14,-13.455,-8.98,-6.65,-7.19,-2.705,-6.575,6.48
6,7,2014,6,-7.315,-5.465,-7.015,-12.88,-10.57,-3.465,-1.105,-5.07,-0.89,6.29,-9.035,-13.34,-9.06,-4.555,-0.98,-3.615,-10.31,-5.265,-0.5,4.565,4.97,4.99,1.66,-7.935,2.14,-13.455,-8.98,-6.65,-7.19,-2.705,-6.575
6,8,2014,7,-8.785,-7.315,-5.465,-7.015,-12.88,-10.57,-3.465,-1.105,-5.07,-0.89,6.29,-9.035,-13.34,-9.06,-4.555,-0.98,-3.615,-10.31,-5.265,-0.5,4.565,4.97,4.99,1.66,-7.935,2.14,-13.455,-8.98,-6.65,-7.19,-2.705
6,9,2014,1,-11.245,-8.785,-7.315,-5.465,-7.015,-12.88,-10.57,-3.465,-1.105,-5.07,-0.89,6.29,-9.035,-13.34,-9.06,-4.555,-0.98,-3.615,-10.31,-5.265,-0.5,4.565,4.97,4.99,1.66,-7.935,2.14,-13.455,-8.98,-6.65,-7.19
6,10,2014,2,-14.275,-11.245,-8.785,-7.315,-5.465,-7.015,-12.88,-10.57,-3.465,-1.105,-5.07,-0.89,6.29,-9.035,-13.34,-9.06,-4.555,-0.98,-3.615,-10.31,-5.265,-0.5,4.565,4.97,4.99,1.66,-7.935,2.14,-13.455,-8.98,-6.65
6,11,2014,3,-13.14,-14.275,-11.245,-8.785,-7.315,-5.465,-7.015,-12.88,-10.57,-3.465,-1.105,-5.07,-0.89,6.29,-9.035,-13.34,-9.06,-4.555,-0.98,-3.615,-10.31,-5.265,-0.5,4.565,4.97,4.99,1.66,-7.935,2.14,-13.455,-8.98
6,12,2014,4,-9.005,-13.14,-14.275,-11.245,-8.785,-7.315,-5.465,-7.015,-12.88,-10.57,-3.465,-1.105,-5.07,-0.89,6.29,-9.035,-13.34,-9.06,-4.555,-0.98,-3.615,-10.31,-5.265,-0.5,4.565,4.97,4.99,1.66,-7.935,2.14,-13.455
6,13,2014,5,-11.53,-9.005,-13.14,-14.275,-11.245,-8.785,-7.315,-5.465,-7.015,-12.88,-10.57,-3.465,-1.105,-5.07,-0.89,6.29,-9.035,-13.34,-9.06,-4.555,-0.98,-3.615,-10.31,-5.265,-0.5,4.565,4.97,4.99,1.66,-7.935,2.14
6,14,2014,6,-6.015,-11.53,-9.005,-13.14,-14.275,-11.245,-8.785,-7.315,-5.465,-7.015,-12.88,-10.57,-3.465,-1.105,-5.07,-0.89,6.29,-9.035,-13.34,-9.06,-4.555,-0.98,-3.615,-10.31,-5.265,-0.5,4.565,4.97,4.99,1.66,-7.935
6,15,2014,7,-5.805,-6.015,-11.53,-9.005,-13.14,-14.275,-11.245,-8.785,-7.315,-5.465,-7.015,-12.88,-10.57,-3.465,-1.105,-5.07,-0.89,6.29,-9.035,-13.34,-9.06,-4.555,-0.98,-3.615,-10.31,-5.265,-0.5,4.565,4.97,4.99,1.66
6,16,2014,1,-12.31,-5.805,-6.015,-11.53,-9.005,-13.14,-14.275,-11.245,-8.785,-7.315,-5.465,-7.015,-12.88,-10.57,-3.465,-1.105,-5.07,-0.89,6.29,-9.035,-13.34,-9.06,-4.555,-0.98,-3.615,-10.31,-5.265,-0.5,4.565,4.97,4.99
6,17,2014,2,-17.465,-12.31,-5.805,-6.015,-11.53,-9.005,-13.14,-14.275,-11.245,-8.785,-7.315,-5.465,-7.015,-12.88,-10.57,-3.465,-1.105,-5.07,-0.89,6.29,-9.035,-13.34,-9.06,-4.555,-0.98,-3.615,-10.31,-5.265,-0.5,4.565,4.97
6,18,2014,3,-20.965,-17.465,-12.31,-5.805,-6.015,-11.53,-9.005,-13.14,-14.275,-11.245,-8.785,-7.315,-5.465,-7.015,-12.88,-10.57,-3.465,-1.105,-5.07,-0.89,6.29,-9.035,-13.34,-9.06,-4.555,-0.98,-3.615,-10.31,-5.265,-0.5,4.565
6,19,2014,4,-13.545,-20.965,-17.465,-12.31,-5.805,-6.015,-11.53,-9.005,-13.14,-14.275,-11.245,-8.785,-7.315,-5.465,-7.015,-12.88,-10.57,-3.465,-1.105,-5.07,-0.89,6.29,-9.035,-13.34,-9.06,-4.555,-0.98,-3.615,-10.31,-5.265,-0.5
6,20,2014,5,-10.92,-13.545,-20.965,-17.465,-12.31,-5.805,-6.015,-11.53,-9.005,-13.14,-14.275,-11.245,-8.785,-7.315,-5.465,-7.015,-12.88,-10.57,-3.465,-1.105,-5.07,-0.89,6.29,-9.035,-13.34,-9.06,-4.555,-0.98,-3.615,-10.31,-5.265
6,21,2014,6,-6.09,-10.92,-13.545,-20.965,-17.465,-12.31,-5.805,-6.015,-11.53,-9.005,-13.14,-14.275,-11.245,-8.785,-7.315,-5.465,-7.015,-12.88,-10.57,-3.465,-1.105,-5.07,-0.89,6.29,-9.035,-13.34,-9.06,-4.555,-0.98,-3.615,-10.31
6,22,2014,7,-8.945,-6.09,-10.92,-13.545,-20.965,-17.465,-12.31,-5.805,-6.015,-11.53,-9.005,-13.14,-14.275,-11.245,-8.785,-7.315,-5.465,-7.015,-12.88,-10.57,-3.465,-1.105,-5.07,-0.89,6.29,-9.035,-13.34,-9.06,-4.555,-0.98,-3.615
6,23,2014,1,-9.11,-8.945,-6.09,-10.92,-13.545,-20.965,-17.465,-12.31,-5.805,-6.015,-11.53,-9.005,-13.14,-14.275,-11.245,-8.785,-7.315,-5.465,-7.015,-12.88,-10.57,-3.465,-1.105,-5.07,-0.89,6.29,-9.035,-13.34,-9.06,-4.555,-0.98
6,24,2014,2,-11.1,-9.11,-8.945,-6.09,-10.92,-13.545,-20.965,-17.465,-12.31,-5.805,-6.015,-11.53,-9.005,-13.14,-14.275,-11.245,-8.785,-7.315,-5.465,-7.015,-12.88,-10.57,-3.465,-1.105,-5.07,-0.89,6.29,-9.035,-13.34,-9.06,-4.555
6,25,2014,3,-15.405,-11.1,-9.11,-8.945,-6.09,-10.92,-13.545,-20.965,-17.465,-12.31,-5.805,-6.015,-11.53,-9.005,-13.14,-14.275,-11.245,-8.785,-7.315,-5.465,-7.015,-12.88,-10.57,-3.465,-1.105,-5.07,-0.89,6.29,-9.035,-13.34,-9.06
6,26,2014,4,-15.14,-15.405,-11.1,-9.11,-8.945,-6.09,-10.92,-13.545,-20.965,-17.465,-12.31,-5.805,-6.015,-11.53,-9.005,-13.14,-14.275,-11.245,-8.785,-7.315,-5.465,-7.015,-12.88,-10.57,-3.465,-1.105,-5.07,-0.89,6.29,-9.035,-13.34
6,27,2014,5,-13.19,-15.14,-15.405,-11.1,-9.11,-8.945,-6.09,-10.92,-13.545,-20.965,-17.465,-12.31,-5.805,-6.015,-11.53,-9.005,-13.14,-14.275,-11.245,-8.785,-7.315,-5.465,-7.015,-12.88,-10.57,-3.465,-1.105,-5.07,-0.89,6.29,-9.035
6,28,2014,6,-10.36,-13.19,-15.14,-15.405,-11.1,-9.11,-8.945,-6.09,-10.92,-13.545,-20.965,-17.465,-12.31,-5.805,-6.015,-11.53,-9.005,-13.14,-14.275,-11.245,-8.785,-7.315,-5.465,-7.015,-12.88,-10.57,-3.465,-1.105,-5.07,-0.89,6.29
6,29,2014,7,-11.035,-10.36,-13.19,-15.14,-15.405,-11.1,-9.11,-8.945,-6.09,-10.92,-13.545,-20.965,-17.465,-12.31,-5.805,-6.015,-11.53,-9.005,-13.14,-14.275,-11.245,-8.785,-7.315,-5.465,-7.015,-12.88,-10.57,-3.465,-1.105,-5.07,-0.89
6,30,2014,1,-13.575,-11.035,-10.36,-13.19,-15.14,-15.405,-11.1,-9.11,-8.945,-6.09,-10.92,-13.545,-20.965,-17.465,-12.31,-5.805,-6.015,-11.53,-9.005,-13.14,-14.275,-11.245,-8.785,-7.315,-5.465,-7.015,-12.88,-10.57,-3.465,-1.105,-5.07
7,1,2014,2,-17.665,-13.575,-11.035,-10.36,-13.19,-15.14,-15.405,-11.1,-9.11,-8.945,-6.09,-10.92,-13.545,-20.965,-17.465,-12.31,-5.805,-6.015,-11.53,-9.005,-13.14,-14.275,-11.245,-8.785,-7.315,-5.465,-7.015,-12.88,-10.57,-3.465,-1.105
7,2,2014,3,-21.97,-17.665,-13.575,-11.035,-10.36,-13.19,-15.14,-15.405,-11.1,-9.11,-8.945,-6.09,-10.92,-13.545,-20.965,-17.465,-12.31,-5.805,-6.015,-11.53,-9.005,-13.14,-14.275,-11.245,-8.785,-7.315,-5.465,-7.015,-12.88,-10.57,-3.465
7,3,2014,4,-16.335,-21.97,-17.665,-13.575,-11.035,-10.36,-13.19,-15.14,-15.405,-11.1,-9.11,-8.945,-6.09,-10.92,-13.545,-20.965,-17.465,-12.31,-5.805,-6.015,-11.53,-9.005,-13.14,-14.275,-11.245,-8.785,-7.315,-5.465,-7.015,-12.88,-10.57
7,4,2014,5,-10.39,-16.335,-21.97,-17.665,-13.575,-11.035,-10.36,-13.19,-15.14,-15.405,-11.1,-9.11,-8.945,-6.09,-10.92,-13.545,-20.965,-17.465,-12.31,-5.805,-6.015,-11.53,-9.005,-13.14,-14.275,-11.245,-8.785,-7.315,-5.465,-7.015,-12.88
7,5,2014,6,-7.905,-10.39,-16.335,-21.97,-17.665,-13.575,-11.035,-10.36,-13.19,-15.14,-15.405,-11.1,-9.11,-8.945,-6.09,-10.92,-13.545,-20.965,-17.465,-12.31,-5.805,-6.015,-11.53,-9.005,-13.14,-14.275,-11.245,-8.785,-7.315,-5.465,-7.015
7,6,2014,7,-10.295,-7.905,-10.39,-16.335,-21.97,-17.665,-13.575,-11.035,-10.36,-13.19,-15.14,-15.405,-11.1,-9.11,-8.945,-6.09,-10.92,-13.545,-20.965,-17.465,-12.31,-5.805,-6.015,-11.53,-9.005,-13.14,-14.275,-11.245,-8.785,-7.315,-5.465
7,7,2014,1,-17.365,-10.295,-7.905,-10.39,-16.335,-21.97,-17.665,-13.575,-11.035,-10.36,-13.19,-15.14,-15.405,-11.1,-9.11,-8.945,-6.09,-10.92,-13.545,-20.965,-17.465,-12.31,-5.805,-6.015,-11.53,-9.005,-13.14,-14.275,-11.245,-8.785,-7.315
7,8,2014,2,-17.39,-17.365,-10.295,-7.905,-10.39,-16.335,-21.97,-17.665,-13.575,-11.035,-10.36,-13.19,-15.14,-15.405,-11.1,-9.11,-8.945,-6.09,-10.92,-13.545,-20.965,-17.465,-12.31,-5.805,-6.015,-11.53,-9.005,-13.14,-14.275,-11.245,-8.785
7,9,2014,3,-14.32,-17.39,-17.365,-10.295,-7.905,-10.39,-16.335,-21.97,-17.665,-13.575,-11.035,-10.36,-13.19,-15.14,-15.405,-11.1,-9.11,-8.945,-6.09,-10.92,-13.545,-20.965,-17.465,-12.31,-5.805,-6.015,-11.53,-9.005,-13.14,-14.275,-11.245
7,10,2014,4,-12.55,-14.32,-17.39,-17.365,-10.295,-7.905,-10.39,-16.335,-21.97,-17.665,-13.575,-11.035,-10.36,-13.19,-15.14,-15.405,-11.1,-9.11,-8.945,-6.09,-10.92,-13.545,-20.965,-17.465,-12.31,-5.805,-6.015,-11.53,-9.005,-13.14,-14.275
7,11,2014,5,-11.99,-12.55,-14.32,-17.39,-17.365,-10.295,-7.905,-10.39,-16.335,-21.97,-17.665,-13.575,-11.035,-10.36,-13.19,-15.14,-15.405,-11.1,-9.11,-8.945,-6.09,-10.92,-13.545,-20.965,-17.465,-12.31,-5.805,-6.015,-11.53,-9.005,-13.14
7,12,2014,6,-15.16,-11.99,-12.55,-14.32,-17.39,-17.365,-10.295,-7.905,-10.39,-16.335,-21.97,-17.665,-13.575,-11.035,-10.36,-13.19,-15.14,-15.405,-11.1,-9.11,-8.945,-6.09,-10.92,-13.545,-20.965,-17.465,-12.31,-5.805,-6.015,-11.53,-9.005
7,13,2014,7,-18.305,-15.16,-11.99,-12.55,-14.32,-17.39,-17.365,-10.295,-7.905,-10.39,-16.335,-21.97,-17.665,-13.575,-11.035,-10.36,-13.19,-15.14,-15.405,-11.1,-9.11,-8.945,-6.09,-10.92,-13.545,-20.965,-17.465,-12.31,-5.805,-6.015,-11.53
7,14,2014,1,-17.59,-18.305,-15.16,-11.99,-12.55,-14.32,-17.39,-17.365,-10.295,-7.905,-10.39,-16.335,-21.97,-17.665,-13.575,-11.035,-10.36,-13.19,-15.14,-15.405,-11.1,-9.11,-8.945,-6.09,-10.92,-13.545,-20.965,-17.465,-12.31,-5.805,-6.015
7,15,2014,2,-14.545,-17.59,-18.305,-15.16,-11.99,-12.55,-14.32,-17.39,-17.365,-10.295,-7.905,-10.39,-16.335,-21.97,-17.665,-13.575,-11.035,-10.36,-13.19,-15.14,-15.405,-11.1,-9.11,-8.945,-6.09,-10.92,-13.545,-20.965,-17.465,-12.31,-5.805
7,16,2014,3,-10.215,-14.545,-17.59,-18.305,-15.16,-11.99,-12.55,-14.32,-17.39,-17.365,-10.295,-7.905,-10.39,-16.335,-21.97,-17.665,-13.575,-11.035,-10.36,-13.19,-15.14,-15.405,-11.1,-9.11,-8.945,-6.09,-10.92,-13.545,-20.965,-17.465,-12.31
7,17,2014,4,-8.465,-10.215,-14.545,-17.59,-18.305,-15.16,-11.99,-12.55,-14.32,-17.39,-17.365,-10.295,-7.905,-10.39,-16.335,-21.97,-17.665,-13.575,-11.035,-10.36,-13.19,-15.14,-15.405,-11.1,-9.11,-8.945,-6.09,-10.92,-13.545,-20.965,-17.465
7,18,2014,5,-9.78,-8.465,-10.215,-14.545,-17.59,-18.305,-15.16,-11.99,-12.55,-14.32,-17.39,-17.365,-10.295,-7.905,-10.39,-16.335,-21.97,-17.665,-13.575,-11.035,-10.36,-13.19,-15.14,-15.405,-11.1,-9.11,-8.945,-6.09,-10.92,-13.545,-20.965
7,19,2014,6,-11.61,-9.78,-8.465,-10.215,-14.545,-17.59,-18.305,-15.16,-11.99,-12.55,-14.32,-17.39,-17.365,-10.295,-7.905,-10.39,-16.335,-21.97,-17.665,-13.575,-11.035,-10.36,-13.19,-15.14,-15.405,-11.1,-9.11,-8.945,-6.09,-10.92,-13.545
7,20,2014,7,-11.7,-11.61,-9.78,-8.465,-10.215,-14.545,-17.59,-18.305,-15.16,-11.99,-12.55,-14.32,-17.39,-17.365,-10.295,-7.905,-10.39,-16.335,-21.97,-17.665,-13.575,-11.035,-10.36,-13.19,-15.14,-15.405,-11.1,-9.11,-8.945,-6.09,-10.92
7,21,2014,1,-12.37,-11.7,-11.61,-9.78,-8.465,-10.215,-14.545,-17.59,-18.305,-15.16,-11.99,-12.55,-14.32,-17.39,-17.365,-10.295,-7.905,-10.39,-16.335,-21.97,-17.665,-13.575,-11.035,-10.36,-13.19,-15.14,-15.405,-11.1,-9.11,-8.945,-6.09
7,22,2014,2,-13.9,-12.37,-11.7,-11.61,-9.78,-8.465,-10.215,-14.545,-17.59,-18.305,-15.16,-11.99,-12.55,-14.32,-17.39,-17.365,-10.295,-7.905,-10.39,-16.335,-21.97,-17.665,-13.575,-11.035,-10.36,-13.19,-15.14,-15.405,-11.1,-9.11,-8.945
7,23,2014,3,-17.725,-13.9,-12.37,-11.7,-11.61,-9.78,-8.465,-10.215,-14.545,-17.59,-18.305,-15.16,-11.99,-12.55,-14.32,-17.39,-17.365,-10.295,-7.905,-10.39,-16.335,-21.97,-17.665,-13.575,-11.035,-10.36,-13.19,-15.14,-15.405,-11.1,-9.11
7,24,2014,4,-11.18,-17.725,-13.9,-12.37,-11.7,-11.61,-9.78,-8.465,-10.215,-14.545,-17.59,-18.305,-15.16,-11.99,-12.55,-14.32,-17.39,-17.365,-10.295,-7.905,-10.39,-16.335,-21.97,-17.665,-13.575,-11.035,-10.36,-13.19,-15.14,-15.405,-11.1
7,25,2014,5,-8.295,-11.18,-17.725,-13.9,-12.37,-11.7,-11.61,-9.78,-8.465,-10.215,-14.545,-17.59,-18.305,-15.16,-11.99,-12.55,-14.32,-17.39,-17.365,-10.295,-7.905,-10.39,-16.335,-21.97,-17.665,-13.575,-11.035,-10.36,-13.19,-15.14,-15.405
7,26,2014,6,-13.54,-8.295,-11.18,-17.725,-13.9,-12.37,-11.7,-11.61,-9.78,-8.465,-10.215,-14.545,-17.59,-18.305,-15.16,-11.99,-12.55,-14.32,-17.39,-17.365,-10.295,-7.905,-10.39,-16.335,-21.97,-17.665,-13.575,-11.035,-10.36,-13.19,-15.14
7,27,2014,7,-13.525,-13.54,-8.295,-11.18,-17.725,-13.9,-12.37,-11.7,-11.61,-9.78,-8.465,-10.215,-14.545,-17.59,-18.305,-15.16,-11.99,-12.55,-14.32,-17.39,-17.365,-10.295,-7.905,-10.39,-16.335,-21.97,-17.665,-13.575,-11.035,-10.36,-13.19
7,28,2014,1,-12.915,-13.525,-13.54,-8.295,-11.18,-17.725,-13.9,-12.37,-11.7,-11.61,-9.78,-8.465,-10.215,-14.545,-17.59,-18.305,-15.16,-11.99,-12.55,-14.32,-17.39,-17.365,-10.295,-7.905,-10.39,-16.335,-21.97,-17.665,-13.575,-11.035,-10.36
7,29,2014,2,-5.35,-12.915,-13.525,-13.54,-8.295,-11.18,-17.725,-13.9,-12.37,-11.7,-11.61,-9.78,-8.465,-10.215,-14.545,-17.59,-18.305,-15.16,-11.99,-12.55,-14.32,-17.39,-17.365,-10.295,-7.905,-10.39,-16.335,-21.97,-17.665,-13.575,-11.035
7,30,2014,3,-3.8,-5.35,-12.915,-13.525,-13.54,-8.295,-11.18,-17.725,-13.9,-12.37,-11.7,-11.61,-9.78,-8.465,-10.215,-14.545,-17.59,-18.305,-15.16,-11.99,-12.55,-14.32,-17.39,-17.365,-10.295,-7.905,-10.39,-16.335,-21.97,-17.665,-13.575
7,31,2014,4,-10.315,-3.8,-5.35,-12.915,-13.525,-13.54,-8.295,-11.18,-17.725,-13.9,-12.37,-11.7,-11.61,-9.78,-8.465,-10.215,-14.545,-17.59,-18.305,-15.16,-11.99,-12.55,-14.32,-17.39,-17.365,-10.295,-7.905,-10.39,-16.335,-21.97,-17.665
8,1,2014,5,-9.37,-10.315,-3.8,-5.35,-12.915,-13.525,-13.54,-8.295,-11.18,-17.725,-13.9,-12.37,-11.7,-11.61,-9.78,-8.465,-10.215,-14.545,-17.59,-18.305,-15.16,-11.99,-12.55,-14.32,-17.39,-17.365,-10.295,-7.905,-10.39,-16.335,-21.97
8,2,2014,6,-8.115,-9.37,-10.315,-3.8,-5.35,-12.915,-13.525,-13.54,-8.295,-11.18,-17.725,-13.9,-12.37,-11.7,-11.61,-9.78,-8.465,-10.215,-14.545,-17.59,-18.305,-15.16,-11.99,-12.55,-14.32,-17.39,-17.365,-10.295,-7.905,-10.39,-16.335
8,3,2014,7,-11.095,-8.115,-9.37,-10.315,-3.8,-5.35,-12.915,-13.525,-13.54,-8.295,-11.18,-17.725,-13.9,-12.37,-11.7,-11.61,-9.78,-8.465,-10.215,-14.545,-17.59,-18.305,-15.16,-11.99,-12.55,-14.32,-17.39,-17.365,-10.295,-7.905,-10.39
8,4,2014,1,-11.9,-11.095,-8.115,-9.37,-10.315,-3.8,-5.35,-12.915,-13.525,-13.54,-8.295,-11.18,-17.725,-13.9,-12.37,-11.7,-11.61,-9.78,-8.465,-10.215,-14.545,-17.59,-18.305,-15.16,-11.99,-12.55,-14.32,-17.39,-17.365,-10.295,-7.905
8,5,2014,2,-15.265,-11.9,-11.095,-8.115,-9.37,-10.315,-3.8,-5.35,-12.915,-13.525,-13.54,-8.295,-11.18,-17.725,-13.9,-12.37,-11.7,-11.61,-9.78,-8.465,-10.215,-14.545,-17.59,-18.305,-15.16,-11.99,-12.55,-14.32,-17.39,-17.365,-10.295
8,6,2014,3,-10.375,-15.265,-11.9,-11.095,-8.115,-9.37,-10.315,-3.8,-5.35,-12.915,-13.525,-13.54,-8.295,-11.18,-17.725,-13.9,-12.37,-11.7,-11.61,-9.78,-8.465,-10.215,-14.545,-17.59,-18.305,-15.16,-11.99,-12.55,-14.32,-17.39,-17.365
8,7,2014,4,-11.835,-10.375,-15.265,-11.9,-11.095,-8.115,-9.37,-10.315,-3.8,-5.35,-12.915,-13.525,-13.54,-8.295,-11.18,-17.725,-13.9,-12.37,-11.7,-11.61,-9.78,-8.465,-10.215,-14.545,-17.59,-18.305,-15.16,-11.99,-12.55,-14.32,-17.39
8,8,2014,5,-9.185,-11.835,-10.375,-15.265,-11.9,-11.095,-8.115,-9.37,-10.315,-3.8,-5.35,-12.915,-13.525,-13.54,-8.295,-11.18,-17.725,-13.9,-12.37,-11.7,-11.61,-9.78,-8.465,-10.215,-14.545,-17.59,-18.305,-15.16,-11.99,-12.55,-14.32
8,9,2014,6,-10.905,-9.185,-11.835,-10.375,-15.265,-11.9,-11.095,-8.115,-9.37,-10.315,-3.8,-5.35,-12.915,-13.525,-13.54,-8.295,-11.18,-17.725,-13.9,-12.37,-11.7,-11.61,-9.78,-8.465,-10.215,-14.545,-17.59,-18.305,-15.16,-11.99,-12.55
8,10,2014,7,-11.875,-10.905,-9.185,-11.835,-10.375,-15.265,-11.9,-11.095,-8.115,-9.37,-10.315,-3.8,-5.35,-12.915,-13.525,-13.54,-8.295,-11.18,-17.725,-13.9,-12.37,-11.7,-11.61,-9.78,-8.465,-10.215,-14.545,-17.59,-18.305,-15.16,-11.99
8,11,2014,1,-9.2,-11.875,-10.905,-9.185,-11.835,-10.375,-15.265,-11.9,-11.095,-8.115,-9.37,-10.315,-3.8,-5.35,-12.915,-13.525,-13.54,-8.295,-11.18,-17.725,-13.9,-12.37,-11.7,-11.61,-9.78,-8.465,-10.215,-14.545,-17.59,-18.305,-15.16
8,12,2014,2,-8.185,-9.2,-11.875,-10.905,-9.185,-11.835,-10.375,-15.265,-11.9,-11.095,-8.115,-9.37,-10.315,-3.8,-5.35,-12.915,-13.525,-13.54,-8.295,-11.18,-17.725,-13.9,-12.37,-11.7,-11.61,-9.78,-8.465,-10.215,-14.545,-17.59,-18.305
8,13,2014,3,-12.44,-8.185,-9.2,-11.875,-10.905,-9.185,-11.835,-10.375,-15.265,-11.9,-11.095,-8.115,-9.37,-10.315,-3.8,-5.35,-12.915,-13.525,-13.54,-8.295,-11.18,-17.725,-13.9,-12.37,-11.7,-11.61,-9.78,-8.465,-10.215,-14.545,-17.59
8,14,2014,4,-7.83,-12.44,-8.185,-9.2,-11.875,-10.905,-9.185,-11.835,-10.375,-15.265,-11.9,-11.095,-8.115,-9.37,-10.315,-3.8,-5.35,-12.915,-13.525,-13.54,-8.295,-11.18,-17.725,-13.9,-12.37,-11.7,-11.61,-9.78,-8.465,-10.215,-14.545
8,15,2014,5,-5.485,-7.83,-12.44,-8.185,-9.2,-11.875,-10.905,-9.185,-11.835,-10.375,-15.265,-11.9,-11.095,-8.115,-9.37,-10.315,-3.8,-5.35,-12.915,-13.525,-13.54,-8.295,-11.18,-17.725,-13.9,-12.37,-11.7,-11.61,-9.78,-8.465,-10.215
8,16,2014,6,-8.05,-5.485,-7.83,-12.44,-8.185,-9.2,-11.875,-10.905,-9.185,-11.835,-10.375,-15.265,-11.9,-11.095,-8.115,-9.37,-10.315,-3.8,-5.35,-12.915,-13.525,-13.54,-8.295,-11.18,-17.725,-13.9,-12.37,-11.7,-11.61,-9.78,-8.465
8,17,2014,7,-12.38,-8.05,-5.485,-7.83,-12.44,-8.185,-9.2,-11.875,-10.905,-9.185,-11.835,-10.375,-15.265,-11.9,-11.095,-8.115,-9.37,-10.315,-3.8,-5.35,-12.915,-13.525,-13.54,-8.295,-11.18,-17.725,-13.9,-12.37,-11.7,-11.61,-9.78
8,18,2014,1,-11.205,-12.38,-8.05,-5.485,-7.83,-12.44,-8.185,-9.2,-11.875,-10.905,-9.185,-11.835,-10.375,-15.265,-11.9,-11.095,-8.115,-9.37,-10.315,-3.8,-5.35,-12.915,-13.525,-13.54,-8.295,-11.18,-17.725,-13.9,-12.37,-11.7,-11.61
8,19,2014,2,-12.735,-11.205,-12.38,-8.05,-5.485,-7.83,-12.44,-8.185,-9.2,-11.875,-10.905,-9.185,-11.835,-10.375,-15.265,-11.9,-11.095,-8.115,-9.37,-10.315,-3.8,-5.35,-12.915,-13.525,-13.54,-8.295,-11.18,-17.725,-13.9,-12.37,-11.7
8,20,2014,3,-12.95,-12.735,-11.205,-12.38,-8.05,-5.485,-7.83,-12.44,-8.185,-9.2,-11.875,-10.905,-9.185,-11.835,-10.375,-15.265,-11.9,-11.095,-8.115,-9.37,-10.315,-3.8,-5.35,-12.915,-13.525,-13.54,-8.295,-11.18,-17.725,-13.9,-12.37
8,21,2014,4,-13.455,-12.95,-12.735,-11.205,-12.38,-8.05,-5.485,-7.83,-12.44,-8.185,-9.2,-11.875,-10.905,-9.185,-11.835,-10.375,-15.265,-11.9,-11.095,-8.115,-9.37,-10.315,-3.8,-5.35,-12.915,-13.525,-13.54,-8.295,-11.18,-17.725,-13.9
8,22,2014,5,-11.685,-13.455,-12.95,-12.735,-11.205,-12.38,-8.05,-5.485,-7.83,-12.44,-8.185,-9.2,-11.875,-10.905,-9.185,-11.835,-10.375,-15.265,-11.9,-11.095,-8.115,-9.37,-10.315,-3.8,-5.35,-12.915,-13.525,-13.54,-8.295,-11.18,-17.725
8,23,2014,6,-6.955,-11.685,-13.455,-12.95,-12.735,-11.205,-12.38,-8.05,-5.485,-7.83,-12.44,-8.185,-9.2,-11.875,-10.905,-9.185,-11.835,-10.375,-15.265,-11.9,-11.095,-8.115,-9.37,-10.315,-3.8,-5.35,-12.915,-13.525,-13.54,-8.295,-11.18
8,24,2014,7,-8.455,-6.955,-11.685,-13.455,-12.95,-12.735,-11.205,-12.38,-8.05,-5.485,-7.83,-12.44,-8.185,-9.2,-11.875,-10.905,-9.185,-11.835,-10.375,-15.265,-11.9,-11.095,-8.115,-9.37,-10.315,-3.8,-5.35,-12.915,-13.525,-13.54,-8.295
8,25,2014,1,-8.055,-8.455,-6.955,-11.685,-13.455,-12.95,-12.735,-11.205,-12.38,-8.05,-5.485,-7.83,-12.44,-8.185,-9.2,-11.875,-10.905,-9.185,-11.835,-10.375,-15.265,-11.9,-11.095,-8.115,-9.37,-10.315,-3.8,-5.35,-12.915,-13.525,-13.54
8,26,2014,2,-10.145,-8.055,-8.455,-6.955,-11.685,-13.455,-12.95,-12.735,-11.205,-12.38,-8.05,-5.485,-7.83,-12.44,-8.185,-9.2,-11.875,-10.905,-9.185,-11.835,-10.375,-15.265,-11.9,-11.095,-8.115,-9.37,-10.315,-3.8,-5.35,-12.915,-13.525
8,27,2014,3,-11.96,-10.145,-8.055,-8.455,-6.955,-11.685,-13.455,-12.95,-12.735,-11.205,-12.38,-8.05,-5.485,-7.83,-12.44,-8.185,-9.2,-11.875,-10.905,-9.185,-11.835,-10.375,-15.265,-11.9,-11.095,-8.115,-9.37,-10.315,-3.8,-5.35,-12.915
8,28,2014,4,-12.14,-11.96,-10.145,-8.055,-8.455,-6.955,-11.685,-13.455,-12.95,-12.735,-11.205,-12.38,-8.05,-5.485,-7.83,-12.44,-8.185,-9.2,-11.875,-10.905,-9.185,-11.835,-10.375,-15.265,-11.9,-11.095,-8.115,-9.37,-10.315,-3.8,-5.35
8,29,2014,5,-6.085,-12.14,-11.96,-10.145,-8.055,-8.455,-6.955,-11.685,-13.455,-12.95,-12.735,-11.205,-12.38,-8.05,-5.485,-7.83,-12.44,-8.185,-9.2,-11.875,-10.905,-9.185,-11.835,-10.375,-15.265,-11.9,-11.095,-8.115,-9.37,-10.315,-3.8
8,30,2014,6,-10.58,-6.085,-12.14,-11.96,-10.145,-8.055,-8.455,-6.955,-11.685,-13.455,-12.95,-12.735,-11.205,-12.38,-8.05,-5.485,-7.83,-12.44,-8.185,-9.2,-11.875,-10.905,-9.185,-11.835,-10.375,-15.265,-11.9,-11.095,-8.115,-9.37,-10.315
8,31,2014,7,-18.455,-10.58,-6.085,-12.14,-11.96,-10.145,-8.055,-8.455,-6.955,-11.685,-13.455,-12.95,-12.735,-11.205,-12.38,-8.05,-5.485,-7.83,-12.44,-8.185,-9.2,-11.875,-10.905,-9.185,-11.835,-10.375,-15.265,-11.9,-11.095,-8.115,-9.37
9,1,2014,1,-17.225,-18.455,-10.58,-6.085,-12.14,-11.96,-10.145,-8.055,-8.455,-6.955,-11.685,-13.455,-12.95,-12.735,-11.205,-12.38,-8.05,-5.485,-7.83,-12.44,-8.185,-9.2,-11.875,-10.905,-9.185,-11.835,-10.375,-15.265,-11.9,-11.095,-8.115
9,2,2014,2,-18.72,-17.225,-18.455,-10.58,-6.085,-12.14,-11.96,-10.145,-8.055,-8.455,-6.955,-11.685,-13.455,-12.95,-12.735,-11.205,-12.38,-8.05,-5.485,-7.83,-12.44,-8.185,-9.2,-11.875,-10.905,-9.185,-11.835,-10.375,-15.265,-11.9,-11.095
9,3,2014,3,-15.11,-18.72,-17.225,-18.455,-10.58,-6.085,-12.14,-11.96,-10.145,-8.055,-8.455,-6.955,-11.685,-13.455,-12.95,-12.735,-11.205,-12.38,-8.05,-5.485,-7.83,-12.44,-8.185,-9.2,-11.875,-10.905,-9.185,-11.835,-10.375,-15.265,-11.9
9,4,2014,4,-14.295,-15.11,-18.72,-17.225,-18.455,-10.58,-6.085,-12.14,-11.96,-10.145,-8.055,-8.455,-6.955,-11.685,-13.455,-12.95,-12.735,-11.205,-12.38,-8.05,-5.485,-7.83,-12.44,-8.185,-9.2,-11.875,-10.905,-9.185,-11.835,-10.375,-15.265
9,5,2014,5,-17.48,-14.295,-15.11,-18.72,-17.225,-18.455,-10.58,-6.085,-12.14,-11.96,-10.145,-8.055,-8.455,-6.955,-11.685,-13.455,-12.95,-12.735,-11.205,-12.38,-8.05,-5.485,-7.83,-12.44,-8.185,-9.2,-11.875,-10.905,-9.185,-11.835,-10.375
9,6,2014,6,-17.34,-17.48,-14.295,-15.11,-18.72,-17.225,-18.455,-10.58,-6.085,-12.14,-11.96,-10.145,-8.055,-8.455,-6.955,-11.685,-13.455,-12.95,-12.735,-11.205,-12.38,-8.05,-5.485,-7.83,-12.44,-8.185,-9.2,-11.875,-10.905,-9.185,-11.835
9,7,2014,7,-9.92,-17.34,-17.48,-14.295,-15.11,-18.72,-17.225,-18.455,-10.58,-6.085,-12.14,-11.96,-10.145,-8.055,-8.455,-6.955,-11.685,-13.455,-12.95,-12.735,-11.205,-12.38,-8.05,-5.485,-7.83,-12.44,-8.185,-9.2,-11.875,-10.905,-9.185
9,8,2014,1,-6.125,-9.92,-17.34,-17.48,-14.295,-15.11,-18.72,-17.225,-18.455,-10.58,-6.085,-12.14,-11.96,-10.145,-8.055,-8.455,-6.955,-11.685,-13.455,-12.95,-12.735,-11.205,-12.38,-8.05,-5.485,-7.83,-12.44,-8.185,-9.2,-11.875,-10.905
9,9,2014,2,-8.115,-6.125,-9.92,-17.34,-17.48,-14.295,-15.11,-18.72,-17.225,-18.455,-10.58,-6.085,-12.14,-11.96,-10.145,-8.055,-8.455,-6.955,-11.685,-13.455,-12.95,-12.735,-11.205,-12.38,-8.05,-5.485,-7.83,-12.44,-8.185,-9.2,-11.875
9,10,2014,3,-9.3,-8.115,-6.125,-9.92,-17.34,-17.48,-14.295,-15.11,-18.72,-17.225,-18.455,-10.58,-6.085,-12.14,-11.96,-10.145,-8.055,-8.455,-6.955,-11.685,-13.455,-12.95,-12.735,-11.205,-12.38,-8.05,-5.485,-7.83,-12.44,-8.185,-9.2
9,11,2014,4,-14.01,-9.3,-8.115,-6.125,-9.92,-17.34,-17.48,-14.295,-15.11,-18.72,-17.225,-18.455,-10.58,-6.085,-12.14,-11.96,-10.145,-8.055,-8.455,-6.955,-11.685,-13.455,-12.95,-12.735,-11.205,-12.38,-8.05,-5.485,-7.83,-12.44,-8.185
9,12,2014,5,-6.355,-14.01,-9.3,-8.115,-6.125,-9.92,-17.34,-17.48,-14.295,-15.11,-18.72,-17.225,-18.455,-10.58,-6.085,-12.14,-11.96,-10.145,-8.055,-8.455,-6.955,-11.685,-13.455,-12.95,-12.735,-11.205,-12.38,-8.05,-5.485,-7.83,-12.44
9,13,2014,6,-2.03,-6.355,-14.01,-9.3,-8.115,-6.125,-9.92,-17.34,-17.48,-14.295,-15.11,-18.72,-17.225,-18.455,-10.58,-6.085,-12.14,-11.96,-10.145,-8.055,-8.455,-6.955,-11.685,-13.455,-12.95,-12.735,-11.205,-12.38,-8.05,-5.485,-7.83
9,14,2014,7,2.265,-2.03,-6.355,-14.01,-9.3,-8.115,-6.125,-9.92,-17.34,-17.48,-14.295,-15.11,-18.72,-17.225,-18.455,-10.58,-6.085,-12.14,-11.96,-10.145,-8.055,-8.455,-6.955,-11.685,-13.455,-12.95,-12.735,-11.205,-12.38,-8.05,-5.485
9,15,2014,1,-0.64,2.265,-2.03,-6.355,-14.01,-9.3,-8.115,-6.125,-9.92,-17.34,-17.48,-14.295,-15.11,-18.72,-17.225,-18.455,-10.58,-6.085,-12.14,-11.96,-10.145,-8.055,-8.455,-6.955,-11.685,-13.455,-12.95,-12.735,-11.205,-12.38,-8.05
9,16,2014,2,-5.13,-0.64,2.265,-2.03,-6.355,-14.01,-9.3,-8.115,-6.125,-9.92,-17.34,-17.48,-14.295,-15.11,-18.72,-17.225,-18.455,-10.58,-6.085,-12.14,-11.96,-10.145,-8.055,-8.455,-6.955,-11.685,-13.455,-12.95,-12.735,-11.205,-12.38
9,17,2014,3,-0.91,-5.13,-0.64,2.265,-2.03,-6.355,-14.01,-9.3,-8.115,-6.125,-9.92,-17.34,-17.48,-14.295,-15.11,-18.72,-17.225,-18.455,-10.58,-6.085,-12.14,-11.96,-10.145,-8.055,-8.455,-6.955,-11.685,-13.455,-12.95,-12.735,-11.205
9,18,2014,4,-4.82,-0.91,-5.13,-0.64,2.265,-2.03,-6.355,-14.01,-9.3,-8.115,-6.125,-9.92,-17.34,-17.48,-14.295,-15.11,-18.72,-17.225,-18.455,-10.58,-6.085,-12.14,-11.96,-10.145,-8.055,-8.455,-6.955,-11.685,-13.455,-12.95,-12.735
9,19,2014,5,-1.98,-4.82,-0.91,-5.13,-0.64,2.265,-2.03,-6.355,-14.01,-9.3,-8.115,-6.125,-9.92,-17.34,-17.48,-14.295,-15.11,-18.72,-17.225,-18.455,-10.58,-6.085,-12.14,-11.96,-10.145,-8.055,-8.455,-6.955,-11.685,-13.455,-12.95
9,20,2014,6,-6.575,-1.98,-4.82,-0.91,-5.13,-0.64,2.265,-2.03,-6.355,-14.01,-9.3,-8.115,-6.125,-9.92,-17.34,-17.48,-14.295,-15.11,-18.72,-17.225,-18.455,-10.58,-6.085,-12.14,-11.96,-10.145,-8.055,-8.455,-6.955,-11.685,-13.455
9,21,2014,7,-7.72,-6.575,-1.98,-4.82,-0.91,-5.13,-0.64,2.265,-2.03,-6.355,-14.01,-9.3,-8.115,-6.125,-9.92,-17.34,-17.48,-14.295,-15.11,-18.72,-17.225,-18.455,-10.58,-6.085,-12.14,-11.96,-10.145,-8.055,-8.455,-6.955,-11.685
9,22,2014,1,-3.435,-7.72,-6.575,-1.98,-4.82,-0.91,-5.13,-0.64,2.265,-2.03,-6.355,-14.01,-9.3,-8.115,-6.125,-9.92,-17.34,-17.48,-14.295,-15.11,-18.72,-17.225,-18.455,-10.58,-6.085,-12.14,-11.96,-10.145,-8.055,-8.455,-6.955
9,23,2014,2,3.015,-3.435,-7.72,-6.575,-1.98,-4.82,-0.91,-5.13,-0.64,2.265,-2.03,-6.355,-14.01,-9.3,-8.115,-6.125,-9.92,-17.34,-17.48,-14.295,-15.11,-18.72,-17.225,-18.455,-10.58,-6.085,-12.14,-11.96,-10.145,-8.055,-8.455
9,24,2014,3,1.395,3.015,-3.435,-7.72,-6.575,-1.98,-4.82,-0.91,-5.13,-0.64,2.265,-2.03,-6.355,-14.01,-9.3,-8.115,-6.125,-9.92,-17.34,-17.48,-14.295,-15.11,-18.72,-17.225,-18.455,-10.58,-6.085,-12.14,-11.96,-10.145,-8.055
9,25,2014,4,0.75,1.395,3.015,-3.435,-7.72,-6.575,-1.98,-4.82,-0.91,-5.13,-0.64,2.265,-2.03,-6.355,-14.01,-9.3,-8.115,-6.125,-9.92,-17.34,-17.48,-14.295,-15.11,-18.72,-17.225,-18.455,-10.58,-6.085,-12.14,-11.96,-10.145
9,26,2014,5,-3.06,0.75,1.395,3.015,-3.435,-7.72,-6.575,-1.98,-4.82,-0.91,-5.13,-0.64,2.265,-2.03,-6.355,-14.01,-9.3,-8.115,-6.125,-9.92,-17.34,-17.48,-14.295,-15.11,-18.72,-17.225,-18.455,-10.58,-6.085,-12.14,-11.96
9,27,2014,6,-4.385,-3.06,0.75,1.395,3.015,-3.435,-7.72,-6.575,-1.98,-4.82,-0.91,-5.13,-0.64,2.265,-2.03,-6.355,-14.01,-9.3,-8.115,-6.125,-9.92,-17.34,-17.48,-14.295,-15.11,-18.72,-17.225,-18.455,-10.58,-6.085,-12.14
9,28,2014,7,-3.995,-4.385,-3.06,0.75,1.395,3.015,-3.435,-7.72,-6.575,-1.98,-4.82,-0.91,-5.13,-0.64,2.265,-2.03,-6.355,-14.01,-9.3,-8.115,-6.125,-9.92,-17.34,-17.48,-14.295,-15.11,-18.72,-17.225,-18.455,-10.58,-6.085
9,29,2014,1,-2.605,-3.995,-4.385,-3.06,0.75,1.395,3.015,-3.435,-7.72,-6.575,-1.98,-4.82,-0.91,-5.13,-0.64,2.265,-2.03,-6.355,-14.01,-9.3,-8.115,-6.125,-9.92,-17.34,-17.48,-14.295,-15.11,-18.72,-17.225,-18.455,-10.58
9,30,2014,2,-6.1,-2.605,-3.995,-4.385,-3.06,0.75,1.395,3.015,-3.435,-7.72,-6.575,-1.98,-4.82,-0.91,-5.13,-0.64,2.265,-2.03,-6.355,-14.01,-9.3,-8.115,-6.125,-9.92,-17.34,-17.48,-14.295,-15.11,-18.72,-17.225,-18.455
10,1,2014,3,-4.42,-6.1,-2.605,-3.995,-4.385,-3.06,0.75,1.395,3.015,-3.435,-7.72,-6.575,-1.98,-4.82,-0.91,-5.13,-0.64,2.265,-2.03,-6.355,-14.01,-9.3,-8.115,-6.125,-9.92,-17.34,-17.48,-14.295,-15.11,-18.72,-17.225
10,2,2014,4,-2.515,-4.42,-6.1,-2.605,-3.995,-4.385,-3.06,0.75,1.395,3.015,-3.435,-7.72,-6.575,-1.98,-4.82,-0.91,-5.13,-0.64,2.265,-2.03,-6.355,-14.01,-9.3,-8.115,-6.125,-9.92,-17.34,-17.48,-14.295,-15.11,-18.72
10,3,2014,5,-1.705,-2.515,-4.42,-6.1,-2.605,-3.995,-4.385,-3.06,0.75,1.395,3.015,-3.435,-7.72,-6.575,-1.98,-4.82,-0.91,-5.13,-0.64,2.265,-2.03,-6.355,-14.01,-9.3,-8.115,-6.125,-9.92,-17.34,-17.48,-14.295,-15.11
10,4,2014,6,4.42,-1.705,-2.515,-4.42,-6.1,-2.605,-3.995,-4.385,-3.06,0.75,1.395,3.015,-3.435,-7.72,-6.575,-1.98,-4.82,-0.91,-5.13,-0.64,2.265,-2.03,-6.355,-14.01,-9.3,-8.115,-6.125,-9.92,-17.34,-17.48,-14.295
10,5,2014,7,12.02,4.42,-1.705,-2.515,-4.42,-6.1,-2.605,-3.995,-4.385,-3.06,0.75,1.395,3.015,-3.435,-7.72,-6.575,-1.98,-4.82,-0.91,-5.13,-0.64,2.265,-2.03,-6.355,-14.01,-9.3,-8.115,-6.125,-9.92,-17.34,-17.48
10,6,2014,1,3.68,12.02,4.42,-1.705,-2.515,-4.42,-6.1,-2.605,-3.995,-4.385,-3.06,0.75,1.395,3.015,-3.435,-7.72,-6.575,-1.98,-4.82,-0.91,-5.13,-0.64,2.265,-2.03,-6.355,-14.01,-9.3,-8.115,-6.125,-9.92,-17.34
10,7,2014,2,-1.795,3.68,12.02,4.42,-1.705,-2.515,-4.42,-6.1,-2.605,-3.995,-4.385,-3.06,0.75,1.395,3.015,-3.435,-7.72,-6.575,-1.98,-4.82,-0.91,-5.13,-0.64,2.265,-2.03,-6.355,-14.01,-9.3,-8.115,-6.125,-9.92
10,8,2014,3,-2.91,-1.795,3.68,12.02,4.42,-1.705,-2.515,-4.42,-6.1,-2.605,-3.995,-4.385,-3.06,0.75,1.395,3.015,-3.435,-7.72,-6.575,-1.98,-4.82,-0.91,-5.13,-0.64,2.265,-2.03,-6.355,-14.01,-9.3,-8.115,-6.125
10,9,2014,4,2.24,-2.91,-1.795,3.68,12.02,4.42,-1.705,-2.515,-4.42,-6.1,-2.605,-3.995,-4.385,-3.06,0.75,1.395,3.015,-3.435,-7.72,-6.575,-1.98,-4.82,-0.91,-5.13,-0.64,2.265,-2.03,-6.355,-14.01,-9.3,-8.115
10,10,2014,5,4.85,2.24,-2.91,-1.795,3.68,12.02,4.42,-1.705,-2.515,-4.42,-6.1,-2.605,-3.995,-4.385,-3.06,0.75,1.395,3.015,-3.435,-7.72,-6.575,-1.98,-4.82,-0.91,-5.13,-0.64,2.265,-2.03,-6.355,-14.01,-9.3
10,11,2014,6,8.665,4.85,2.24,-2.91,-1.795,3.68,12.02,4.42,-1.705,-2.515,-4.42,-6.1,-2.605,-3.995,-4.385,-3.06,0.75,1.395,3.015,-3.435,-7.72,-6.575,-1.98,-4.82,-0.91,-5.13,-0.64,2.265,-2.03,-6.355,-14.01
10,12,2014,7,9.865,8.665,4.85,2.24,-2.91,-1.795,3.68,12.02,4.42,-1.705,-2.515,-4.42,-6.1,-2.605,-3.995,-4.385,-3.06,0.75,1.395,3.015,-3.435,-7.72,-6.575,-1.98,-4.82,-0.91,-5.13,-0.64,2.265,-2.03,-6.355
10,13,2014,1,2.845,9.865,8.665,4.85,2.24,-2.91,-1.795,3.68,12.02,4.42,-1.705,-2.515,-4.42,-6.1,-2.605,-3.995,-4.385,-3.06,0.75,1.395,3.015,-3.435,-7.72,-6.575,-1.98,-4.82,-0.91,-5.13,-0.64,2.265,-2.03
10,14,2014,2,-6.01,2.845,9.865,8.665,4.85,2.24,-2.91,-1.795,3.68,12.02,4.42,-1.705,-2.515,-4.42,-6.1,-2.605,-3.995,-4.385,-3.06,0.75,1.395,3.015,-3.435,-7.72,-6.575,-1.98,-4.82,-0.91,-5.13,-0.64,2.265
10,15,2014,3,-3.94,-6.01,2.845,9.865,8.665,4.85,2.24,-2.91,-1.795,3.68,12.02,4.42,-1.705,-2.515,-4.42,-6.1,-2.605,-3.995,-4.385,-3.06,0.75,1.395,3.015,-3.435,-7.72,-6.575,-1.98,-4.82,-0.91,-5.13,-0.64
10,16,2014,4,4.06,-3.94,-6.01,2.845,9.865,8.665,4.85,2.24,-2.91,-1.795,3.68,12.02,4.42,-1.705,-2.515,-4.42,-6.1,-2.605,-3.995,-4.385,-3.06,0.75,1.395,3.015,-3.435,-7.72,-6.575,-1.98,-4.82,-0.91,-5.13
10,17,2014,5,2.81,4.06,-3.94,-6.01,2.845,9.865,8.665,4.85,2.24,-2.91,-1.795,3.68,12.02,4.42,-1.705,-2.515,-4.42,-6.1,-2.605,-3.995,-4.385,-3.06,0.75,1.395,3.015,-3.435,-7.72,-6.575,-1.98,-4.82,-0.91
10,18,2014,6,4.44,2.81,4.06,-3.94,-6.01,2.845,9.865,8.665,4.85,2.24,-2.91,-1.795,3.68,12.02,4.42,-1.705,-2.515,-4.42,-6.1,-2.605,-3.995,-4.385,-3.06,0.75,1.395,3.015,-3.435,-7.72,-6.575,-1.98,-4.82
10,19,2014,7,12.865,4.44,2.81,4.06,-3.94,-6.01,2.845,9.865,8.665,4.85,2.24,-2.91,-1.795,3.68,12.02,4.42,-1.705,-2.515,-4.42,-6.1,-2.605,-3.995,-4.385,-3.06,0.75,1.395,3.015,-3.435,-7.72,-6.575,-1.98
10,20,2014,1,11.905,12.865,4.44,2.81,4.06,-3.94,-6.01,2.845,9.865,8.665,4.85,2.24,-2.91,-1.795,3.68,12.02,4.42,-1.705,-2.515,-4.42,-6.1,-2.605,-3.995,-4.385,-3.06,0.75,1.395,3.015,-3.435,-7.72,-6.575
10,21,2014,2,5.27,11.905,12.865,4.44,2.81,4.06,-3.94,-6.01,2.845,9.865,8.665,4.85,2.24,-2.91,-1.795,3.68,12.02,4.42,-1.705,-2.515,-4.42,-6.1,-2.605,-3.995,-4.385,-3.06,0.75,1.395,3.015,-3.435,-7.72
10,22,2014,3,10.19,5.27,11.905,12.865,4.44,2.81,4.06,-3.94,-6.01,2.845,9.865,8.665,4.85,2.24,-2.91,-1.795,3.68,12.02,4.42,-1.705,-2.515,-4.42,-6.1,-2.605,-3.995,-4.385,-3.06,0.75,1.395,3.015,-3.435
10,23,2014,4,7.28,10.19,5.27,11.905,12.865,4.44,2.81,4.06,-3.94,-6.01,2.845,9.865,8.665,4.85,2.24,-2.91,-1.795,3.68,12.02,4.42,-1.705,-2.515,-4.42,-6.1,-2.605,-3.995,-4.385,-3.06,0.75,1.395,3.015
10,24,2014,5,5.37,7.28,10.19,5.27,11.905,12.865,4.44,2.81,4.06,-3.94,-6.01,2.845,9.865,8.665,4.85,2.24,-2.91,-1.795,3.68,12.02,4.42,-1.705,-2.515,-4.42,-6.1,-2.605,-3.995,-4.385,-3.06,0.75,1.395
10,25,2014,6,6.12,5.37,7.28,10.19,5.27,11.905,12.865,4.44,2.81,4.06,-3.94,-6.01,2.845,9.865,8.665,4.85,2.24,-2.91,-1.795,3.68,12.02,4.42,-1.705,-2.515,-4.42,-6.1,-2.605,-3.995,-4.385,-3.06,0.75
10,26,2014,7,3.165,5.55,4.68,7.785,10.175,5.275,11.895,14.025,4.44,2.81,4.06,-3.94,-6.01,2.845,8.155,8.665,4.85,2.24,-2.91,-1.795,3.68,12.02,4.42,-1.705,-2.515,-4.42,-6.1,-2.605,-3.995,-4.385,-3.06
